community_name,ifis_id,kmz_url,extent_name
ADEL,2,https://iowawis.org/layers/inundation/adel/05000.kmz,stage_0ft
ADEL,2,https://iowawis.org/layers/inundation/adel/06000.kmz,stage_0ft
ADEL,2,https://iowawis.org/layers/inundation/adel/07000.kmz,stage_0ft
ADEL,2,https://iowawis.org/layers/inundation/adel/08000.kmz,stage_0ft
ADEL,2,https://iowawis.org/layers/inundation/adel/09000.kmz,stage_0ft
ADEL,2,https://iowawis.org/layers/inundation/adel/10000.kmz,stage_0ft
ADEL,2,https://iowawis.org/layers/inundation/adel/11000.kmz,stage_0ft
ADEL,2,https://iowawis.org/layers/inundation/adel/12000.kmz,stage_0ft
ADEL,2,https://iowawis.org/layers/inundation/adel/13000.kmz,stage_0ft
ADEL,2,https://iowawis.org/layers/inundation/adel/14000.kmz,stage_0ft
ADEL,2,https://iowawis.org/layers/inundation/adel/15000.kmz,stage_0ft
ADEL,2,https://iowawis.org/layers/inundation/adel/16000.kmz,stage_0ft
ADEL,2,https://iowawis.org/layers/inundation/adel/17000.kmz,stage_0ft
ADEL,2,https://iowawis.org/layers/inundation/adel/18000.kmz,stage_0ft
ADEL,2,https://iowawis.org/layers/inundation/adel/19000.kmz,stage_0ft
ADEL,2,https://iowawis.org/layers/inundation/adel/20000.kmz,stage_0ft
ADEL,2,https://iowawis.org/layers/inundation/adel/21000.kmz,stage_0ft
ADEL,2,https://iowawis.org/layers/inundation/adel/22000.kmz,stage_0ft
ADEL,2,https://iowawis.org/layers/inundation/adel/23000.kmz,stage_0ft
ADEL,2,https://iowawis.org/layers/inundation/adel/24000.kmz,stage_0ft
ADEL,2,https://iowawis.org/layers/inundation/adel/25000.kmz,stage_0ft
ADEL,2,https://iowawis.org/layers/inundation/adel/26000.kmz,stage_0ft
ADEL,2,https://iowawis.org/layers/inundation/adel/27000.kmz,stage_0ft
ADEL,2,https://iowawis.org/layers/inundation/adel/28000.kmz,stage_0ft
ADEL,2,https://iowawis.org/layers/inundation/adel/29000.kmz,stage_0ft
ADEL,2,https://iowawis.org/layers/inundation/adel/30000.kmz,stage_0ft
ADEL,2,https://iowawis.org/layers/inundation/adel/31000.kmz,stage_0ft
ADEL,2,https://iowawis.org/layers/inundation/adel/32000.kmz,stage_0ft
ADEL,2,https://iowawis.org/layers/inundation/adel/33000.kmz,stage_0ft
ADEL,2,https://iowawis.org/layers/inundation/adel/34000.kmz,stage_0ft
ADEL,2,https://iowawis.org/layers/inundation/adel/35000.kmz,stage_0ft
ADEL,2,https://iowawis.org/layers/inundation/adel/36000.kmz,stage_0ft
ADEL,2,https://iowawis.org/layers/inundation/adel/37000.kmz,stage_0ft
ADEL,2,https://iowawis.org/layers/inundation/adel/38000.kmz,stage_0ft
ADEL,2,https://iowawis.org/layers/inundation/adel/39000.kmz,stage_0ft
ADEL,2,https://iowawis.org/layers/inundation/adel/40000.kmz,stage_0ft
ADEL,2,https://iowawis.org/layers/inundation/adel/41000.kmz,stage_0ft
ADEL,2,https://iowawis.org/layers/inundation/adel/42000.kmz,stage_0ft
ADEL,2,https://iowawis.org/layers/inundation/adel/43000.kmz,stage_0ft
ADEL,2,https://iowawis.org/layers/inundation/adel/44000.kmz,stage_0ft
ADEL,2,https://iowawis.org/layers/inundation/adel/45000.kmz,stage_0ft
ADEL,2,https://iowawis.org/layers/inundation/adel/46000.kmz,stage_0ft
ADEL,2,https://iowawis.org/layers/inundation/adel/47000.kmz,stage_0ft
ADEL,2,https://iowawis.org/layers/inundation/adel/48000.kmz,stage_0ft
ADEL,2,https://iowawis.org/layers/inundation/adel/49000.kmz,stage_0ft
ADEL,2,https://iowawis.org/layers/inundation/adel/50000.kmz,stage_0ft
ADEL,2,https://iowawis.org/layers/inundation/adel/51000.kmz,stage_0ft
ADEL,2,https://iowawis.org/layers/inundation/adel/52000.kmz,stage_0ft
ADEL,2,https://iowawis.org/layers/inundation//adel/ff002.kmz,flood_2yr
ADEL,2,https://iowawis.org/layers/inundation//adel/ff005.kmz,flood_5yr
ADEL,2,https://iowawis.org/layers/inundation//adel/ff010.kmz,flood_10yr
ADEL,2,https://iowawis.org/layers/inundation//adel/ff025.kmz,flood_25yr
ADEL,2,https://iowawis.org/layers/inundation//adel/ff050.kmz,flood_50yr
ADEL,2,https://iowawis.org/layers/inundation//adel/ff100.kmz,flood_100yr
ADEL,2,https://iowawis.org/layers/inundation//adel/ff200.kmz,flood_200yr
ADEL,2,https://iowawis.org/layers/inundation//adel/ff500.kmz,flood_500yr
DECORAH,585,https://iowawis.org/layers/inundation/decorah/003.0.kmz,stage_3ft
DECORAH,585,https://iowawis.org/layers/inundation/decorah/003.5.kmz,stage_3.5ft
DECORAH,585,https://iowawis.org/layers/inundation/decorah/004.0.kmz,stage_4ft
DECORAH,585,https://iowawis.org/layers/inundation/decorah/004.5.kmz,stage_4.5ft
DECORAH,585,https://iowawis.org/layers/inundation/decorah/005.0.kmz,stage_5ft
DECORAH,585,https://iowawis.org/layers/inundation/decorah/005.5.kmz,stage_5.5ft
DECORAH,585,https://iowawis.org/layers/inundation/decorah/006.0.kmz,stage_6ft
DECORAH,585,https://iowawis.org/layers/inundation/decorah/006.5.kmz,stage_6.5ft
DECORAH,585,https://iowawis.org/layers/inundation/decorah/007.0.kmz,stage_7ft
DECORAH,585,https://iowawis.org/layers/inundation/decorah/007.5.kmz,stage_7.5ft
DECORAH,585,https://iowawis.org/layers/inundation/decorah/008.0.kmz,stage_8ft
DECORAH,585,https://iowawis.org/layers/inundation/decorah/008.5.kmz,stage_8.5ft
DECORAH,585,https://iowawis.org/layers/inundation/decorah/009.0.kmz,stage_9ft
DECORAH,585,https://iowawis.org/layers/inundation/decorah/009.5.kmz,stage_9.5ft
DECORAH,585,https://iowawis.org/layers/inundation/decorah/010.0.kmz,stage_10ft
DECORAH,585,https://iowawis.org/layers/inundation/decorah/010.5.kmz,stage_10.5ft
DECORAH,585,https://iowawis.org/layers/inundation/decorah/011.0.kmz,stage_11ft
DECORAH,585,https://iowawis.org/layers/inundation/decorah/011.5.kmz,stage_11.5ft
DECORAH,585,https://iowawis.org/layers/inundation/decorah/012.0.kmz,stage_12ft
DECORAH,585,https://iowawis.org/layers/inundation/decorah/012.5.kmz,stage_12.5ft
DECORAH,585,https://iowawis.org/layers/inundation/decorah/013.0.kmz,stage_13ft
DECORAH,585,https://iowawis.org/layers/inundation/decorah/013.5.kmz,stage_13.5ft
DECORAH,585,https://iowawis.org/layers/inundation/decorah/014.0.kmz,stage_14ft
DECORAH,585,https://iowawis.org/layers/inundation/decorah/014.5.kmz,stage_14.5ft
DECORAH,585,https://iowawis.org/layers/inundation/decorah/015.0.kmz,stage_15ft
DECORAH,585,https://iowawis.org/layers/inundation/decorah/015.5.kmz,stage_15.5ft
DECORAH,585,https://iowawis.org/layers/inundation/decorah/016.0.kmz,stage_16ft
DECORAH,585,https://iowawis.org/layers/inundation/decorah/016.5.kmz,stage_16.5ft
DECORAH,585,https://iowawis.org/layers/inundation/decorah/017.0.kmz,stage_17ft
DECORAH,585,https://iowawis.org/layers/inundation/decorah/017.5.kmz,stage_17.5ft
DECORAH,585,https://iowawis.org/layers/inundation/decorah/018.0.kmz,stage_18ft
DECORAH,585,https://iowawis.org/layers/inundation/decorah/018.5.kmz,stage_18.5ft
DECORAH,585,https://iowawis.org/layers/inundation/decorah/019.0.kmz,stage_19ft
DECORAH,585,https://iowawis.org/layers/inundation/decorah/019.5.kmz,stage_19.5ft
DECORAH,585,https://iowawis.org/layers/inundation/decorah/020.0.kmz,stage_20ft
DECORAH,585,https://iowawis.org/layers/inundation/decorah/020.5.kmz,stage_20.5ft
DECORAH,585,https://iowawis.org/layers/inundation/decorah/021.0.kmz,stage_21ft
DECORAH,585,https://iowawis.org/layers/inundation/decorah/021.5.kmz,stage_21.5ft
DECORAH,585,https://iowawis.org/layers/inundation/decorah/022.0.kmz,stage_22ft
DECORAH,585,https://iowawis.org/layers/inundation/decorah/ff002.kmz,flood_2yr
DECORAH,585,https://iowawis.org/layers/inundation/decorah/ff005.kmz,flood_5yr
DECORAH,585,https://iowawis.org/layers/inundation/decorah/ff010.kmz,flood_10yr
DECORAH,585,https://iowawis.org/layers/inundation/decorah/ff025.kmz,flood_25yr
DECORAH,585,https://iowawis.org/layers/inundation/decorah/ff050.kmz,flood_50yr
DECORAH,585,https://iowawis.org/layers/inundation/decorah/ff100.kmz,flood_100yr
DECORAH,585,https://iowawis.org/layers/inundation/decorah/ff200.kmz,flood_200yr
DECORAH,585,https://iowawis.org/layers/inundation/decorah/ff500.kmz,flood_500yr
ELKADER,588,https://ifis.iowafloodcenter.org/ifis/layers/inundation/elkader/12p0.kmz,stage_12ft
ELKADER,588,https://ifis.iowafloodcenter.org/ifis/layers/inundation/elkader/12p5.kmz,stage_12.5ft
ELKADER,588,https://ifis.iowafloodcenter.org/ifis/layers/inundation/elkader/13p0.kmz,stage_13ft
ELKADER,588,https://ifis.iowafloodcenter.org/ifis/layers/inundation/elkader/13p5.kmz,stage_13.5ft
ELKADER,588,https://ifis.iowafloodcenter.org/ifis/layers/inundation/elkader/14p0.kmz,stage_14ft
ELKADER,588,https://ifis.iowafloodcenter.org/ifis/layers/inundation/elkader/14p5.kmz,stage_14.5ft
ELKADER,588,https://ifis.iowafloodcenter.org/ifis/layers/inundation/elkader/15p0.kmz,stage_15ft
ELKADER,588,https://ifis.iowafloodcenter.org/ifis/layers/inundation/elkader/15p5.kmz,stage_15.5ft
ELKADER,588,https://ifis.iowafloodcenter.org/ifis/layers/inundation/elkader/16p0.kmz,stage_16ft
ELKADER,588,https://ifis.iowafloodcenter.org/ifis/layers/inundation/elkader/16p5.kmz,stage_16.5ft
ELKADER,588,https://ifis.iowafloodcenter.org/ifis/layers/inundation/elkader/17p0.kmz,stage_17ft
ELKADER,588,https://ifis.iowafloodcenter.org/ifis/layers/inundation/elkader/17p5.kmz,stage_17.5ft
ELKADER,588,https://ifis.iowafloodcenter.org/ifis/layers/inundation/elkader/18p0.kmz,stage_18ft
ELKADER,588,https://ifis.iowafloodcenter.org/ifis/layers/inundation/elkader/18p5.kmz,stage_18.5ft
ELKADER,588,https://ifis.iowafloodcenter.org/ifis/layers/inundation/elkader/19p0.kmz,stage_19ft
ELKADER,588,https://ifis.iowafloodcenter.org/ifis/layers/inundation/elkader/19p5.kmz,stage_19.5ft
ELKADER,588,https://ifis.iowafloodcenter.org/ifis/layers/inundation/elkader/20p0.kmz,stage_20ft
ELKADER,588,https://ifis.iowafloodcenter.org/ifis/layers/inundation/elkader/20p5.kmz,stage_20.5ft
ELKADER,588,https://ifis.iowafloodcenter.org/ifis/layers/inundation/elkader/21p0.kmz,stage_21ft
ELKADER,588,https://ifis.iowafloodcenter.org/ifis/layers/inundation/elkader/21p5.kmz,stage_21.5ft
ELKADER,588,https://ifis.iowafloodcenter.org/ifis/layers/inundation/elkader/22p0.kmz,stage_22ft
ELKADER,588,https://ifis.iowafloodcenter.org/ifis/layers/inundation/elkader/22p5.kmz,stage_22.5ft
ELKADER,588,https://ifis.iowafloodcenter.org/ifis/layers/inundation/elkader/23p0.kmz,stage_23ft
ELKADER,588,https://ifis.iowafloodcenter.org/ifis/layers/inundation/elkader/23p5.kmz,stage_23.5ft
ELKADER,588,https://ifis.iowafloodcenter.org/ifis/layers/inundation/elkader/24p0.kmz,stage_24ft
ELKADER,588,https://ifis.iowafloodcenter.org/ifis/layers/inundation/elkader/24p5.kmz,stage_24.5ft
ELKADER,588,https://ifis.iowafloodcenter.org/ifis/layers/inundation/elkader/25p0.kmz,stage_25ft
ELKADER,588,https://ifis.iowafloodcenter.org/ifis/layers/inundation/elkader/25p5.kmz,stage_25.5ft
ELKADER,588,https://ifis.iowafloodcenter.org/ifis/layers/inundation/elkader/26p0.kmz,stage_26ft
ELKADER,588,https://ifis.iowafloodcenter.org/ifis/layers/inundation/elkader/26p5.kmz,stage_26.5ft
ELKADER,588,https://ifis.iowafloodcenter.org/ifis/layers/inundation/elkader/27p0.kmz,stage_27ft
ELKADER,588,https://ifis.iowafloodcenter.org/ifis/layers/inundation/elkader/27p5.kmz,stage_27.5ft
ELKADER,588,https://ifis.iowafloodcenter.org/ifis/layers/inundation/elkader/28p0.kmz,stage_28ft
ELKADER,588,https://ifis.iowafloodcenter.org/ifis/layers/inundation/elkader/28p5.kmz,stage_28.5ft
ELKADER,588,https://ifis.iowafloodcenter.org/ifis/layers/inundation/elkader/29p0.kmz,stage_29ft
ELKADER,588,https://ifis.iowafloodcenter.org/ifis/layers/inundation/elkader/29p5.kmz,stage_29.5ft
ELKADER,588,https://ifis.iowafloodcenter.org/ifis/layers/inundation/elkader/30p0.kmz,stage_30ft
ELKADER,588,https://ifis.iowafloodcenter.org/ifis/layers/inundation/elkader/30p5.kmz,stage_30.5ft
ELKADER,588,https://ifis.iowafloodcenter.org/ifis/layers/inundation/elkader/31p0.kmz,stage_31ft
ELKADER,588,https://ifis.iowafloodcenter.org/ifis/layers/inundation/elkader/31p5.kmz,stage_31.5ft
ELKADER,588,https://ifis.iowafloodcenter.org/ifis/layers/inundation/elkader/32p0.kmz,stage_32ft
ELKADER,588,https://ifis.iowafloodcenter.org/ifis/layers/inundation/elkader/32p5.kmz,stage_32.5ft
ELKADER,588,https://ifis.iowafloodcenter.org/ifis/layers/inundation/elkader/33p0.kmz,stage_33ft
ELKADER,588,https://ifis.iowafloodcenter.org/ifis/layers/inundation/elkader/ff010.kmz,flood_10yr
ELKADER,588,https://ifis.iowafloodcenter.org/ifis/layers/inundation/elkader/ff025.kmz,flood_25yr
ELKADER,588,https://ifis.iowafloodcenter.org/ifis/layers/inundation/elkader/ff050.kmz,flood_50yr
ELKADER,588,https://ifis.iowafloodcenter.org/ifis/layers/inundation/elkader/ff100.kmz,flood_100yr
ELKADER,588,https://ifis.iowafloodcenter.org/ifis/layers/inundation/elkader/ff500.kmz,flood_500yr
MANCHESTER,590,https://ifis.iowafloodcenter.org/ifis/layers/inundation/manchester/16p0.kmz,stage_16ft
MANCHESTER,590,https://ifis.iowafloodcenter.org/ifis/layers/inundation/manchester/18p0.kmz,stage_18ft
MANCHESTER,590,https://ifis.iowafloodcenter.org/ifis/layers/inundation/manchester/20p0.kmz,stage_20ft
MANCHESTER,590,https://ifis.iowafloodcenter.org/ifis/layers/inundation/manchester/22p0.kmz,stage_22ft
MANCHESTER,590,https://ifis.iowafloodcenter.org/ifis/layers/inundation/manchester/24p0.kmz,stage_24ft
MANCHESTER,590,https://ifis.iowafloodcenter.org/ifis/layers/inundation/manchester/ff100.kmz,flood_100yr
MANCHESTER,590,https://ifis.iowafloodcenter.org/ifis/layers/inundation/manchester/ff500.kmz,flood_500yr
MAQUOKETA,591,,stage_20ft
MAQUOKETA,591,,stage_20.5ft
MAQUOKETA,591,,stage_21ft
MAQUOKETA,591,,stage_21.5ft
MAQUOKETA,591,,stage_22ft
MAQUOKETA,591,,stage_22.5ft
MAQUOKETA,591,,stage_23ft
MAQUOKETA,591,,stage_23.5ft
MAQUOKETA,591,,stage_24ft
MAQUOKETA,591,,stage_24.5ft
MAQUOKETA,591,,stage_25ft
MAQUOKETA,591,,stage_25.5ft
MAQUOKETA,591,,stage_26ft
MAQUOKETA,591,,stage_26.5ft
MAQUOKETA,591,,stage_27ft
MAQUOKETA,591,,stage_27.5ft
MAQUOKETA,591,,stage_28ft
MAQUOKETA,591,,stage_28.5ft
MAQUOKETA,591,,stage_29ft
MAQUOKETA,591,,stage_29.5ft
MAQUOKETA,591,,stage_30ft
MAQUOKETA,591,,stage_30.5ft
MAQUOKETA,591,,stage_31ft
MAQUOKETA,591,,stage_31.5ft
MAQUOKETA,591,,stage_32ft
MAQUOKETA,591,,stage_32.5ft
MAQUOKETA,591,,stage_33ft
MAQUOKETA,591,,stage_33.5ft
MAQUOKETA,591,,stage_34ft
MAQUOKETA,591,,stage_34.5ft
MAQUOKETA,591,,stage_35ft
MAQUOKETA,591,,stage_35.5ft
MAQUOKETA,591,29.7/25400/19.9/17970,flood_10yr
MAQUOKETA,591,32.2/32950/22.3/24580,flood_25yr
MAQUOKETA,591,33.2/38800/23.6/29920,flood_50yr
MAQUOKETA,591,34/44750/24/35850,flood_100yr
MAQUOKETA,591,34.4/50850/24.3/42350,flood_200yr
MAQUOKETA,591,35/59160/24.6/52130,flood_500yr
INDEPENDENCE,592,https://iowawis.org/layers/inundation/independence/009.0.kmz,stage_9ft
INDEPENDENCE,592,https://iowawis.org/layers/inundation/independence/009.5.kmz,stage_9.5ft
INDEPENDENCE,592,https://iowawis.org/layers/inundation/independence/010.0.kmz,stage_10ft
INDEPENDENCE,592,https://iowawis.org/layers/inundation/independence/010.5.kmz,stage_10.5ft
INDEPENDENCE,592,https://iowawis.org/layers/inundation/independence/011.0.kmz,stage_11ft
INDEPENDENCE,592,https://iowawis.org/layers/inundation/independence/011.5.kmz,stage_11.5ft
INDEPENDENCE,592,https://iowawis.org/layers/inundation/independence/012.0.kmz,stage_12ft
INDEPENDENCE,592,https://iowawis.org/layers/inundation/independence/012.5.kmz,stage_12.5ft
INDEPENDENCE,592,https://iowawis.org/layers/inundation/independence/013.0.kmz,stage_13ft
INDEPENDENCE,592,https://iowawis.org/layers/inundation/independence/013.5.kmz,stage_13.5ft
INDEPENDENCE,592,https://iowawis.org/layers/inundation/independence/014.0.kmz,stage_14ft
INDEPENDENCE,592,https://iowawis.org/layers/inundation/independence/014.5.kmz,stage_14.5ft
INDEPENDENCE,592,https://iowawis.org/layers/inundation/independence/015.0.kmz,stage_15ft
INDEPENDENCE,592,https://iowawis.org/layers/inundation/independence/015.5.kmz,stage_15.5ft
INDEPENDENCE,592,https://iowawis.org/layers/inundation/independence/016.0.kmz,stage_16ft
INDEPENDENCE,592,https://iowawis.org/layers/inundation/independence/016.5.kmz,stage_16.5ft
INDEPENDENCE,592,https://iowawis.org/layers/inundation/independence/017.0.kmz,stage_17ft
INDEPENDENCE,592,https://iowawis.org/layers/inundation/independence/017.5.kmz,stage_17.5ft
INDEPENDENCE,592,https://iowawis.org/layers/inundation/independence/018.0.kmz,stage_18ft
INDEPENDENCE,592,https://iowawis.org/layers/inundation/independence/018.5.kmz,stage_18.5ft
INDEPENDENCE,592,https://iowawis.org/layers/inundation/independence/019.0.kmz,stage_19ft
INDEPENDENCE,592,https://iowawis.org/layers/inundation/independence/019.5.kmz,stage_19.5ft
INDEPENDENCE,592,https://iowawis.org/layers/inundation/independence/020.0.kmz,stage_20ft
INDEPENDENCE,592,https://iowawis.org/layers/inundation/independence/020.5.kmz,stage_20.5ft
INDEPENDENCE,592,https://iowawis.org/layers/inundation/independence/021.0.kmz,stage_21ft
INDEPENDENCE,592,https://iowawis.org/layers/inundation/independence/021.5.kmz,stage_21.5ft
INDEPENDENCE,592,https://iowawis.org/layers/inundation/independence/022.0.kmz,stage_22ft
INDEPENDENCE,592,https://iowawis.org/layers/inundation/independence/022.5.kmz,stage_22.5ft
INDEPENDENCE,592,https://iowawis.org/layers/inundation/independence/023.0.kmz,stage_23ft
INDEPENDENCE,592,https://iowawis.org/layers/inundation/independence/023.5.kmz,stage_23.5ft
INDEPENDENCE,592,https://iowawis.org/layers/inundation/independence/024.0.kmz,stage_24ft
INDEPENDENCE,592,https://iowawis.org/layers/inundation/independence/024.5.kmz,stage_24.5ft
INDEPENDENCE,592,https://iowawis.org/layers/inundation/independence/025.0.kmz,stage_25ft
INDEPENDENCE,592,https://iowawis.org/layers/inundation/independence/025.5.kmz,stage_25.5ft
INDEPENDENCE,592,https://iowawis.org/layers/inundation/independence/026.0.kmz,stage_26ft
INDEPENDENCE,592,https://iowawis.org/layers/inundation/independence/026.5.kmz,stage_26.5ft
INDEPENDENCE,592,https://iowawis.org/layers/inundation/independence/027.0.kmz,stage_27ft
INDEPENDENCE,592,https://iowawis.org/layers/inundation/independence/027.5.kmz,stage_27.5ft
INDEPENDENCE,592,https://iowawis.org/layers/inundation/independence/028.0.kmz,stage_28ft
INDEPENDENCE,592,https://iowawis.org/layers/inundation/independence/028.5.kmz,stage_28.5ft
INDEPENDENCE,592,https://iowawis.org/layers/inundation/independence/029.0.kmz,stage_29ft
INDEPENDENCE,592,https://iowawis.org/layers/inundation/independence/029.5.kmz,stage_29.5ft
INDEPENDENCE,592,https://iowawis.org/layers/inundation/independence/ff010.0.kmz,flood_10yr
INDEPENDENCE,592,https://iowawis.org/layers/inundation/independence/ff025.0.kmz,flood_25yr
INDEPENDENCE,592,https://iowawis.org/layers/inundation/independence/ff050.0.kmz,flood_50yr
INDEPENDENCE,592,https://iowawis.org/layers/inundation/independence/ff100.0.kmz,flood_100yr
INDEPENDENCE,592,https://iowawis.org/layers/inundation/independence/ff500.0.kmz,flood_500yr
IOWA CITY,598,https://iowawis.org/layers/inundation/iowa_city/017.0.kmz,stage_17ft
IOWA CITY,598,https://iowawis.org/layers/inundation/iowa_city/017.5.kmz,stage_17.5ft
IOWA CITY,598,https://iowawis.org/layers/inundation/iowa_city/018.0.kmz,stage_18ft
IOWA CITY,598,https://iowawis.org/layers/inundation/iowa_city/018.5.kmz,stage_18.5ft
IOWA CITY,598,https://iowawis.org/layers/inundation/iowa_city/019.0.kmz,stage_19ft
IOWA CITY,598,https://iowawis.org/layers/inundation/iowa_city/019.5.kmz,stage_19.5ft
IOWA CITY,598,https://iowawis.org/layers/inundation/iowa_city/020.0.kmz,stage_20ft
IOWA CITY,598,https://iowawis.org/layers/inundation/iowa_city/020.5.kmz,stage_20.5ft
IOWA CITY,598,https://iowawis.org/layers/inundation/iowa_city/021.0.kmz,stage_21ft
IOWA CITY,598,https://iowawis.org/layers/inundation/iowa_city/021.5.kmz,stage_21.5ft
IOWA CITY,598,https://iowawis.org/layers/inundation/iowa_city/022.0.kmz,stage_22ft
IOWA CITY,598,https://iowawis.org/layers/inundation/iowa_city/022.5.kmz,stage_22.5ft
IOWA CITY,598,https://iowawis.org/layers/inundation/iowa_city/023.0.kmz,stage_23ft
IOWA CITY,598,https://iowawis.org/layers/inundation/iowa_city/023.5.kmz,stage_23.5ft
IOWA CITY,598,https://iowawis.org/layers/inundation/iowa_city/024.0.kmz,stage_24ft
IOWA CITY,598,https://iowawis.org/layers/inundation/iowa_city/024.5.kmz,stage_24.5ft
IOWA CITY,598,https://iowawis.org/layers/inundation/iowa_city/025.0.kmz,stage_25ft
IOWA CITY,598,https://iowawis.org/layers/inundation/iowa_city/025.5.kmz,stage_25.5ft
IOWA CITY,598,https://iowawis.org/layers/inundation/iowa_city/026.0.kmz,stage_26ft
IOWA CITY,598,https://iowawis.org/layers/inundation/iowa_city/026.5.kmz,stage_26.5ft
IOWA CITY,598,https://iowawis.org/layers/inundation/iowa_city/027.0.kmz,stage_27ft
IOWA CITY,598,https://iowawis.org/layers/inundation/iowa_city/027.5.kmz,stage_27.5ft
IOWA CITY,598,https://iowawis.org/layers/inundation/iowa_city/028.0.kmz,stage_28ft
IOWA CITY,598,https://iowawis.org/layers/inundation/iowa_city/028.5.kmz,stage_28.5ft
IOWA CITY,598,https://iowawis.org/layers/inundation/iowa_city/029.0.kmz,stage_29ft
IOWA CITY,598,https://iowawis.org/layers/inundation/iowa_city/029.5.kmz,stage_29.5ft
IOWA CITY,598,https://iowawis.org/layers/inundation/iowa_city/030.0.kmz,stage_30ft
IOWA CITY,598,https://iowawis.org/layers/inundation/iowa_city/030.5.kmz,stage_30.5ft
IOWA CITY,598,https://iowawis.org/layers/inundation/iowa_city/031.0.kmz,stage_31ft
IOWA CITY,598,https://iowawis.org/layers/inundation/iowa_city/031.5.kmz,stage_31.5ft
IOWA CITY,598,https://iowawis.org/layers/inundation/iowa_city/032.0.kmz,stage_32ft
IOWA CITY,598,https://iowawis.org/layers/inundation/iowa_city/032.5.kmz,stage_32.5ft
IOWA CITY,598,https://iowawis.org/layers/inundation/iowa_city/033.0.kmz,stage_33ft
IOWA CITY,598,https://iowawis.org/layers/inundation/iowa_city/033.5.kmz,stage_33.5ft
IOWA CITY,598,https://iowawis.org/layers/inundation/iowa_city/034.0.kmz,stage_34ft
IOWA CITY,598,https://iowawis.org/layers/inundation/iowa_city/ff010.0.kmz,flood_10yr
IOWA CITY,598,https://iowawis.org/layers/inundation/iowa_city/ff025.0.kmz,flood_25yr
IOWA CITY,598,https://iowawis.org/layers/inundation/iowa_city/ff050.0.kmz,flood_50yr
IOWA CITY,598,https://iowawis.org/layers/inundation/iowa_city/ff100.0.kmz,flood_100yr
IOWA CITY,598,https://iowawis.org/layers/inundation/iowa_city/ff200.0.kmz,flood_200yr
IOWA CITY,598,https://iowawis.org/layers/inundation/iowa_city/ff500.0.kmz,flood_500yr
HILLS,600,https://iowawis.org/layers/inundation/hills/010.0.kmz,stage_10ft
HILLS,600,https://iowawis.org/layers/inundation/hills/010.5.kmz,stage_10.5ft
HILLS,600,https://iowawis.org/layers/inundation/hills/011.0.kmz,stage_11ft
HILLS,600,https://iowawis.org/layers/inundation/hills/011.5.kmz,stage_11.5ft
HILLS,600,https://iowawis.org/layers/inundation/hills/012.0.kmz,stage_12ft
HILLS,600,https://iowawis.org/layers/inundation/hills/012.5.kmz,stage_12.5ft
HILLS,600,https://iowawis.org/layers/inundation/hills/013.0.kmz,stage_13ft
HILLS,600,https://iowawis.org/layers/inundation/hills/013.5.kmz,stage_13.5ft
HILLS,600,https://iowawis.org/layers/inundation/hills/014.0.kmz,stage_14ft
HILLS,600,https://iowawis.org/layers/inundation/hills/014.5.kmz,stage_14.5ft
HILLS,600,https://iowawis.org/layers/inundation/hills/015.0.kmz,stage_15ft
HILLS,600,https://iowawis.org/layers/inundation/hills/015.5.kmz,stage_15.5ft
HILLS,600,https://iowawis.org/layers/inundation/hills/016.0.kmz,stage_16ft
HILLS,600,https://iowawis.org/layers/inundation/hills/016.5.kmz,stage_16.5ft
HILLS,600,https://iowawis.org/layers/inundation/hills/017.0.kmz,stage_17ft
HILLS,600,https://iowawis.org/layers/inundation/hills/017.5.kmz,stage_17.5ft
HILLS,600,https://iowawis.org/layers/inundation/hills/018.0.kmz,stage_18ft
HILLS,600,https://iowawis.org/layers/inundation/hills/018.5.kmz,stage_18.5ft
HILLS,600,https://iowawis.org/layers/inundation/hills/019.0.kmz,stage_19ft
HILLS,600,https://iowawis.org/layers/inundation/hills/019.5.kmz,stage_19.5ft
HILLS,600,https://iowawis.org/layers/inundation/hills/020.0.kmz,stage_20ft
HILLS,600,https://iowawis.org/layers/inundation/hills/020.5.kmz,stage_20.5ft
HILLS,600,https://iowawis.org/layers/inundation/hills/021.0.kmz,stage_21ft
HILLS,600,https://iowawis.org/layers/inundation/hills/021.5.kmz,stage_21.5ft
HILLS,600,https://iowawis.org/layers/inundation/hills/022.0.kmz,stage_22ft
HILLS,600,https://iowawis.org/layers/inundation/hills/022.5.kmz,stage_22.5ft
HILLS,600,https://iowawis.org/layers/inundation/hills/023.0.kmz,stage_23ft
HILLS,600,https://iowawis.org/layers/inundation/hills/023.5.kmz,stage_23.5ft
HILLS,600,https://iowawis.org/layers/inundation/hills/024.0.kmz,stage_24ft
HILLS,600,https://iowawis.org/layers/inundation/hills/024.5.kmz,stage_24.5ft
HILLS,600,https://iowawis.org/layers/inundation/hills/025.0.kmz,stage_25ft
HILLS,600,https://iowawis.org/layers/inundation/hills/025.5.kmz,stage_25.5ft
HILLS,600,https://iowawis.org/layers/inundation/hills/ff010.0.kmz,flood_10yr
HILLS,600,https://iowawis.org/layers/inundation/hills/ff025.0.kmz,flood_25yr
HILLS,600,https://iowawis.org/layers/inundation/hills/ff050.0.kmz,flood_50yr
HILLS,600,https://iowawis.org/layers/inundation/hills/ff100.0.kmz,flood_100yr
HILLS,600,https://iowawis.org/layers/inundation/hills/ff500.0.kmz,flood_500yr
CHARLES CITY,601,https://iowawis.org/layers/inundation/charles_city/005.5.kmz,stage_5.5ft
CHARLES CITY,601,https://iowawis.org/layers/inundation/charles_city/006.0.kmz,stage_6ft
CHARLES CITY,601,https://iowawis.org/layers/inundation/charles_city/006.5.kmz,stage_6.5ft
CHARLES CITY,601,https://iowawis.org/layers/inundation/charles_city/007.0.kmz,stage_7ft
CHARLES CITY,601,https://iowawis.org/layers/inundation/charles_city/007.5.kmz,stage_7.5ft
CHARLES CITY,601,https://iowawis.org/layers/inundation/charles_city/008.0.kmz,stage_8ft
CHARLES CITY,601,https://iowawis.org/layers/inundation/charles_city/008.5.kmz,stage_8.5ft
CHARLES CITY,601,https://iowawis.org/layers/inundation/charles_city/009.0.kmz,stage_9ft
CHARLES CITY,601,https://iowawis.org/layers/inundation/charles_city/009.5.kmz,stage_9.5ft
CHARLES CITY,601,https://iowawis.org/layers/inundation/charles_city/010.0.kmz,stage_10ft
CHARLES CITY,601,https://iowawis.org/layers/inundation/charles_city/010.5.kmz,stage_10.5ft
CHARLES CITY,601,https://iowawis.org/layers/inundation/charles_city/011.0.kmz,stage_11ft
CHARLES CITY,601,https://iowawis.org/layers/inundation/charles_city/011.5.kmz,stage_11.5ft
CHARLES CITY,601,https://iowawis.org/layers/inundation/charles_city/012.0.kmz,stage_12ft
CHARLES CITY,601,https://iowawis.org/layers/inundation/charles_city/012.5.kmz,stage_12.5ft
CHARLES CITY,601,https://iowawis.org/layers/inundation/charles_city/013.0.kmz,stage_13ft
CHARLES CITY,601,https://iowawis.org/layers/inundation/charles_city/013.5.kmz,stage_13.5ft
CHARLES CITY,601,https://iowawis.org/layers/inundation/charles_city/014.0.kmz,stage_14ft
CHARLES CITY,601,https://iowawis.org/layers/inundation/charles_city/014.5.kmz,stage_14.5ft
CHARLES CITY,601,https://iowawis.org/layers/inundation/charles_city/015.0.kmz,stage_15ft
CHARLES CITY,601,https://iowawis.org/layers/inundation/charles_city/015.5.kmz,stage_15.5ft
CHARLES CITY,601,https://iowawis.org/layers/inundation/charles_city/016.0.kmz,stage_16ft
CHARLES CITY,601,https://iowawis.org/layers/inundation/charles_city/016.5.kmz,stage_16.5ft
CHARLES CITY,601,https://iowawis.org/layers/inundation/charles_city/017.0.kmz,stage_17ft
CHARLES CITY,601,https://iowawis.org/layers/inundation/charles_city/017.5.kmz,stage_17.5ft
CHARLES CITY,601,https://iowawis.org/layers/inundation/charles_city/018.0.kmz,stage_18ft
CHARLES CITY,601,https://iowawis.org/layers/inundation/charles_city/018.5.kmz,stage_18.5ft
CHARLES CITY,601,https://iowawis.org/layers/inundation/charles_city/019.0.kmz,stage_19ft
CHARLES CITY,601,https://iowawis.org/layers/inundation/charles_city/019.5.kmz,stage_19.5ft
CHARLES CITY,601,https://iowawis.org/layers/inundation/charles_city/020.0.kmz,stage_20ft
CHARLES CITY,601,https://iowawis.org/layers/inundation/charles_city/020.5.kmz,stage_20.5ft
CHARLES CITY,601,https://iowawis.org/layers/inundation/charles_city/021.0.kmz,stage_21ft
CHARLES CITY,601,https://iowawis.org/layers/inundation/charles_city/021.5.kmz,stage_21.5ft
CHARLES CITY,601,https://iowawis.org/layers/inundation/charles_city/022.0.kmz,stage_22ft
CHARLES CITY,601,https://iowawis.org/layers/inundation/charles_city/022.5.kmz,stage_22.5ft
CHARLES CITY,601,https://iowawis.org/layers/inundation/charles_city/023.0.kmz,stage_23ft
CHARLES CITY,601,https://iowawis.org/layers/inundation/charles_city/023.5.kmz,stage_23.5ft
CHARLES CITY,601,https://iowawis.org/layers/inundation/charles_city/024.0.kmz,stage_24ft
CHARLES CITY,601,https://iowawis.org/layers/inundation/charles_city/024.5.kmz,stage_24.5ft
CHARLES CITY,601,https://iowawis.org/layers/inundation/charles_city/025.0.kmz,stage_25ft
CHARLES CITY,601,https://iowawis.org/layers/inundation/charles_city/025.5.kmz,stage_25.5ft
CHARLES CITY,601,https://iowawis.org/layers/inundation/charles_city/026.0.kmz,stage_26ft
CHARLES CITY,601,https://iowawis.org/layers/inundation/charles_city/026.5.kmz,stage_26.5ft
CHARLES CITY,601,https://iowawis.org/layers/inundation/charles_city/027.0.kmz,stage_27ft
CHARLES CITY,601,https://iowawis.org/layers/inundation/charles_city/027.5.kmz,stage_27.5ft
CHARLES CITY,601,https://iowawis.org/layers/inundation/charles_city/028.0.kmz,stage_28ft
CHARLES CITY,601,https://iowawis.org/layers/inundation/charles_city/028.5.kmz,stage_28.5ft
CHARLES CITY,601,https://iowawis.org/layers/inundation/charles_city/ff010.0.kmz,flood_10yr
CHARLES CITY,601,https://iowawis.org/layers/inundation/charles_city/ff025.0.kmz,flood_25yr
CHARLES CITY,601,https://iowawis.org/layers/inundation/charles_city/ff050.0.kmz,flood_50yr
CHARLES CITY,601,https://iowawis.org/layers/inundation/charles_city/ff100.0.kmz,flood_100yr
CHARLES CITY,601,https://iowawis.org/layers/inundation/charles_city/ff500.0.kmz,flood_500yr
WAVERLY,602,https://iowawis.org/layers/inundation/waverly/005.400.kmz,stage_5.4ft
WAVERLY,602,https://iowawis.org/layers/inundation/waverly/005.40.kmz,stage_5.4ft
WAVERLY,602,https://iowawis.org/layers/inundation/waverly/005.4.kmz,stage_5.4ft
WAVERLY,602,https://iowawis.org/layers/inundation/waverly/006.0.kmz,stage_6ft
WAVERLY,602,https://iowawis.org/layers/inundation/waverly/006.7.kmz,stage_6.7ft
WAVERLY,602,https://iowawis.org/layers/inundation/waverly/007.4.kmz,stage_7.4ft
WAVERLY,602,https://iowawis.org/layers/inundation/waverly/008.0.kmz,stage_8ft
WAVERLY,602,https://iowawis.org/layers/inundation/waverly/008.5.kmz,stage_8.5ft
WAVERLY,602,https://iowawis.org/layers/inundation/waverly/009.0.kmz,stage_9ft
WAVERLY,602,https://iowawis.org/layers/inundation/waverly/009.5.kmz,stage_9.5ft
WAVERLY,602,https://iowawis.org/layers/inundation/waverly/010.0.kmz,stage_10ft
WAVERLY,602,https://iowawis.org/layers/inundation/waverly/010.4.kmz,stage_10.4ft
WAVERLY,602,https://iowawis.org/layers/inundation/waverly/010.7.kmz,stage_10.7ft
WAVERLY,602,https://iowawis.org/layers/inundation/waverly/011.1.kmz,stage_11.1ft
WAVERLY,602,https://iowawis.org/layers/inundation/waverly/011.5.kmz,stage_11.5ft
WAVERLY,602,https://iowawis.org/layers/inundation/waverly/011.8.kmz,stage_11.8ft
WAVERLY,602,https://iowawis.org/layers/inundation/waverly/012.1.kmz,stage_12.1ft
WAVERLY,602,https://iowawis.org/layers/inundation/waverly/012.4.kmz,stage_12.4ft
WAVERLY,602,https://iowawis.org/layers/inundation/waverly/012.7.kmz,stage_12.7ft
WAVERLY,602,https://iowawis.org/layers/inundation/waverly/013.0.kmz,stage_13ft
WAVERLY,602,https://iowawis.org/layers/inundation/waverly/013.3.kmz,stage_13.3ft
WAVERLY,602,https://iowawis.org/layers/inundation/waverly/013.6.kmz,stage_13.6ft
WAVERLY,602,https://iowawis.org/layers/inundation/waverly/013.9.kmz,stage_13.9ft
WAVERLY,602,https://iowawis.org/layers/inundation/waverly/014.2.kmz,stage_14.2ft
WAVERLY,602,https://iowawis.org/layers/inundation/waverly/014.5.kmz,stage_14.5ft
WAVERLY,602,https://iowawis.org/layers/inundation/waverly/014.8.kmz,stage_14.8ft
WAVERLY,602,https://iowawis.org/layers/inundation/waverly/015.0.kmz,stage_15ft
WAVERLY,602,https://iowawis.org/layers/inundation/waverly/015.3.kmz,stage_15.3ft
WAVERLY,602,https://iowawis.org/layers/inundation/waverly/015.5.kmz,stage_15.5ft
WAVERLY,602,https://iowawis.org/layers/inundation/waverly/015.8.kmz,stage_15.8ft
WAVERLY,602,https://iowawis.org/layers/inundation/waverly/016.1.kmz,stage_16.1ft
WAVERLY,602,https://iowawis.org/layers/inundation/waverly/016.4.kmz,stage_16.4ft
WAVERLY,602,https://iowawis.org/layers/inundation/waverly/016.7.kmz,stage_16.7ft
WAVERLY,602,https://iowawis.org/layers/inundation/waverly/017.0.kmz,stage_17ft
WAVERLY,602,https://iowawis.org/layers/inundation/waverly/017.3.kmz,stage_17.3ft
WAVERLY,602,https://iowawis.org/layers/inundation/waverly/017.6.kmz,stage_17.6ft
WAVERLY,602,https://iowawis.org/layers/inundation/waverly/ff010.kmz,flood_10yr
WAVERLY,602,https://iowawis.org/layers/inundation/waverly/ff050.kmz,flood_50yr
WAVERLY,602,https://iowawis.org/layers/inundation/waverly/ff100.kmz,flood_100yr
WAVERLY,602,https://iowawis.org/layers/inundation/waverly/ff500.kmz,flood_500yr
MASON CITY,605,https://ifis.iowafloodcenter.org/ifis/layers/inundation/mason_city/15_07p0.kmz,stage_7ft
MASON CITY,605,https://ifis.iowafloodcenter.org/ifis/layers/inundation/mason_city/15_07p5.kmz,stage_7.5ft
MASON CITY,605,https://ifis.iowafloodcenter.org/ifis/layers/inundation/mason_city/15_08p0.kmz,stage_8ft
MASON CITY,605,https://ifis.iowafloodcenter.org/ifis/layers/inundation/mason_city/15_08p5.kmz,stage_8.5ft
MASON CITY,605,https://ifis.iowafloodcenter.org/ifis/layers/inundation/mason_city/15_09p0.kmz,stage_9ft
MASON CITY,605,https://ifis.iowafloodcenter.org/ifis/layers/inundation/mason_city/15_09p5.kmz,stage_9.5ft
MASON CITY,605,https://ifis.iowafloodcenter.org/ifis/layers/inundation/mason_city/15_10p0.kmz,stage_10ft
MASON CITY,605,https://ifis.iowafloodcenter.org/ifis/layers/inundation/mason_city/15_10p5.kmz,stage_10.5ft
MASON CITY,605,https://ifis.iowafloodcenter.org/ifis/layers/inundation/mason_city/15_11p0.kmz,stage_11ft
MASON CITY,605,https://ifis.iowafloodcenter.org/ifis/layers/inundation/mason_city/15_11p5.kmz,stage_11.5ft
MASON CITY,605,https://ifis.iowafloodcenter.org/ifis/layers/inundation/mason_city/15_12p0.kmz,stage_12ft
MASON CITY,605,https://ifis.iowafloodcenter.org/ifis/layers/inundation/mason_city/15_12p5.kmz,stage_12.5ft
MASON CITY,605,https://ifis.iowafloodcenter.org/ifis/layers/inundation/mason_city/15_13p0.kmz,stage_13ft
MASON CITY,605,https://ifis.iowafloodcenter.org/ifis/layers/inundation/mason_city/15_13p5.kmz,stage_13.5ft
MASON CITY,605,https://ifis.iowafloodcenter.org/ifis/layers/inundation/mason_city/15_14p0.kmz,stage_14ft
MASON CITY,605,https://ifis.iowafloodcenter.org/ifis/layers/inundation/mason_city/15_14p5.kmz,stage_14.5ft
MASON CITY,605,https://ifis.iowafloodcenter.org/ifis/layers/inundation/mason_city/15_15p0.kmz,stage_15ft
MASON CITY,605,https://ifis.iowafloodcenter.org/ifis/layers/inundation/mason_city/15_15p5.kmz,stage_15.5ft
MASON CITY,605,https://ifis.iowafloodcenter.org/ifis/layers/inundation/mason_city/15_16p0.kmz,stage_16ft
MASON CITY,605,https://ifis.iowafloodcenter.org/ifis/layers/inundation/mason_city/15_16p5.kmz,stage_16.5ft
MASON CITY,605,https://ifis.iowafloodcenter.org/ifis/layers/inundation/mason_city/15_17p0.kmz,stage_17ft
MASON CITY,605,https://ifis.iowafloodcenter.org/ifis/layers/inundation/mason_city/15_17p5.kmz,stage_17.5ft
MASON CITY,605,https://ifis.iowafloodcenter.org/ifis/layers/inundation/mason_city/15_18p0.kmz,stage_18ft
MASON CITY,605,https://ifis.iowafloodcenter.org/ifis/layers/inundation/mason_city/15_18p5.kmz,stage_18.5ft
MASON CITY,605,https://ifis.iowafloodcenter.org/ifis/layers/inundation/mason_city/15_19p0.kmz,stage_19ft
MASON CITY,605,https://ifis.iowafloodcenter.org/ifis/layers/inundation/mason_city/15_19p5.kmz,stage_19.5ft
MASON CITY,605,https://ifis.iowafloodcenter.org/ifis/layers/inundation/mason_city/15_20p0.kmz,stage_20ft
MASON CITY,605,https://ifis.iowafloodcenter.org/ifis/layers/inundation/mason_city/15_20p5.kmz,stage_20.5ft
MASON CITY,605,https://ifis.iowafloodcenter.org/ifis/layers/inundation/mason_city/15_21p0.kmz,stage_21ft
MASON CITY,605,https://ifis.iowafloodcenter.org/ifis/layers/inundation/mason_city/15_21p5.kmz,stage_21.5ft
MASON CITY,605,https://ifis.iowafloodcenter.org/ifis/layers/inundation/mason_city/15_22p0.kmz,stage_22ft
MASON CITY,605,https://ifis.iowafloodcenter.org/ifis/layers/inundation/mason_city/ff010.kmz,flood_10yr
MASON CITY,605,https://ifis.iowafloodcenter.org/ifis/layers/inundation/mason_city/ff050.kmz,flood_50yr
MASON CITY,605,https://ifis.iowafloodcenter.org/ifis/layers/inundation/mason_city/ff100.kmz,flood_100yr
MASON CITY,605,https://ifis.iowafloodcenter.org/ifis/layers/inundation/mason_city/ff500.kmz,flood_500yr
CLARKSVILLE,606,https://iowawis.org/layers/inundation/clarksville/009.0.kmz,stage_9ft
CLARKSVILLE,606,https://iowawis.org/layers/inundation/clarksville/009.5.kmz,stage_9.5ft
CLARKSVILLE,606,https://iowawis.org/layers/inundation/clarksville/010.0.kmz,stage_10ft
CLARKSVILLE,606,https://iowawis.org/layers/inundation/clarksville/010.5.kmz,stage_10.5ft
CLARKSVILLE,606,https://iowawis.org/layers/inundation/clarksville/011.0.kmz,stage_11ft
CLARKSVILLE,606,https://iowawis.org/layers/inundation/clarksville/011.5.kmz,stage_11.5ft
CLARKSVILLE,606,https://iowawis.org/layers/inundation/clarksville/012.0.kmz,stage_12ft
CLARKSVILLE,606,https://iowawis.org/layers/inundation/clarksville/012.5.kmz,stage_12.5ft
CLARKSVILLE,606,https://iowawis.org/layers/inundation/clarksville/013.0.kmz,stage_13ft
CLARKSVILLE,606,https://iowawis.org/layers/inundation/clarksville/013.5.kmz,stage_13.5ft
CLARKSVILLE,606,https://iowawis.org/layers/inundation/clarksville/014.0.kmz,stage_14ft
CLARKSVILLE,606,https://iowawis.org/layers/inundation/clarksville/014.5.kmz,stage_14.5ft
CLARKSVILLE,606,https://iowawis.org/layers/inundation/clarksville/015.0.kmz,stage_15ft
CLARKSVILLE,606,https://iowawis.org/layers/inundation/clarksville/015.5.kmz,stage_15.5ft
CLARKSVILLE,606,https://iowawis.org/layers/inundation/clarksville/016.0.kmz,stage_16ft
CLARKSVILLE,606,https://iowawis.org/layers/inundation/clarksville/016.5.kmz,stage_16.5ft
CLARKSVILLE,606,https://iowawis.org/layers/inundation/clarksville/017.0.kmz,stage_17ft
CLARKSVILLE,606,https://iowawis.org/layers/inundation/clarksville/017.5.kmz,stage_17.5ft
CLARKSVILLE,606,https://iowawis.org/layers/inundation/clarksville/018.0.kmz,stage_18ft
CLARKSVILLE,606,https://iowawis.org/layers/inundation/clarksville/018.5.kmz,stage_18.5ft
CLARKSVILLE,606,https://iowawis.org/layers/inundation/clarksville/019.0.kmz,stage_19ft
CLARKSVILLE,606,https://iowawis.org/layers/inundation/clarksville/019.5.kmz,stage_19.5ft
CLARKSVILLE,606,https://iowawis.org/layers/inundation/clarksville/020.0.kmz,stage_20ft
CLARKSVILLE,606,https://iowawis.org/layers/inundation/clarksville/020.5.kmz,stage_20.5ft
CLARKSVILLE,606,https://iowawis.org/layers/inundation/clarksville/ff010.kmz,flood_10yr
CLARKSVILLE,606,https://iowawis.org/layers/inundation/clarksville/ff025.kmz,flood_25yr
CLARKSVILLE,606,https://iowawis.org/layers/inundation/clarksville/ff050.kmz,flood_50yr
CLARKSVILLE,606,https://iowawis.org/layers/inundation/clarksville/ff100.kmz,flood_100yr
CLARKSVILLE,606,https://iowawis.org/layers/inundation/clarksville/ff200.kmz,flood_200yr
CLARKSVILLE,606,https://iowawis.org/layers/inundation/clarksville/ff500.kmz,flood_500yr
NEW HARTFORD,607,https://iowawis.org/layers/inundation/new_hartford/03.0.kmz,stage_3ft
NEW HARTFORD,607,https://iowawis.org/layers/inundation/new_hartford/03.5.kmz,stage_3.5ft
NEW HARTFORD,607,https://iowawis.org/layers/inundation/new_hartford/04.0.kmz,stage_4ft
NEW HARTFORD,607,https://iowawis.org/layers/inundation/new_hartford/04.5.kmz,stage_4.5ft
NEW HARTFORD,607,https://iowawis.org/layers/inundation/new_hartford/05.0.kmz,stage_5ft
NEW HARTFORD,607,https://iowawis.org/layers/inundation/new_hartford/05.5.kmz,stage_5.5ft
NEW HARTFORD,607,https://iowawis.org/layers/inundation/new_hartford/06.0.kmz,stage_6ft
NEW HARTFORD,607,https://iowawis.org/layers/inundation/new_hartford/06.5.kmz,stage_6.5ft
NEW HARTFORD,607,https://iowawis.org/layers/inundation/new_hartford/07.0.kmz,stage_7ft
NEW HARTFORD,607,https://iowawis.org/layers/inundation/new_hartford/07.5.kmz,stage_7.5ft
NEW HARTFORD,607,https://iowawis.org/layers/inundation/new_hartford/08.0.kmz,stage_8ft
NEW HARTFORD,607,https://iowawis.org/layers/inundation/new_hartford/08.5.kmz,stage_8.5ft
NEW HARTFORD,607,https://iowawis.org/layers/inundation/new_hartford/09.0.kmz,stage_9ft
NEW HARTFORD,607,https://iowawis.org/layers/inundation/new_hartford/09.5.kmz,stage_9.5ft
NEW HARTFORD,607,https://iowawis.org/layers/inundation/new_hartford/10.0.kmz,stage_10ft
NEW HARTFORD,607,https://iowawis.org/layers/inundation/new_hartford/10.5.kmz,stage_10.5ft
NEW HARTFORD,607,https://iowawis.org/layers/inundation/new_hartford/11.0.kmz,stage_11ft
NEW HARTFORD,607,https://iowawis.org/layers/inundation/new_hartford/11.5.kmz,stage_11.5ft
NEW HARTFORD,607,https://iowawis.org/layers/inundation/new_hartford/12.0.kmz,stage_12ft
NEW HARTFORD,607,https://iowawis.org/layers/inundation/new_hartford/12.5.kmz,stage_12.5ft
NEW HARTFORD,607,https://iowawis.org/layers/inundation/new_hartford/13.0.kmz,stage_13ft
NEW HARTFORD,607,https://iowawis.org/layers/inundation/new_hartford/13.5.kmz,stage_13.5ft
NEW HARTFORD,607,https://iowawis.org/layers/inundation/new_hartford/14.0.kmz,stage_14ft
NEW HARTFORD,607,https://iowawis.org/layers/inundation/new_hartford/14.5.kmz,stage_14.5ft
NEW HARTFORD,607,https://iowawis.org/layers/inundation/new_hartford/15.0.kmz,stage_15ft
NEW HARTFORD,607,https://iowawis.org/layers/inundation/new_hartford/15.5.kmz,stage_15.5ft
NEW HARTFORD,607,https://iowawis.org/layers/inundation/new_hartford/16.0.kmz,stage_16ft
NEW HARTFORD,607,https://iowawis.org/layers/inundation/new_hartford/16.5.kmz,stage_16.5ft
NEW HARTFORD,607,https://iowawis.org/layers/inundation/new_hartford/ff002.kmz,flood_2yr
NEW HARTFORD,607,https://iowawis.org/layers/inundation/new_hartford/ff005.kmz,flood_4yr
NEW HARTFORD,607,https://iowawis.org/layers/inundation/new_hartford/ff010.kmz,flood_10yr
NEW HARTFORD,607,https://iowawis.org/layers/inundation/new_hartford/ff025.kmz,flood_20yr
NEW HARTFORD,607,https://iowawis.org/layers/inundation/new_hartford/ff050.kmz,flood_50yr
NEW HARTFORD,607,https://iowawis.org/layers/inundation/new_hartford/ff100.kmz,flood_100yr
NEW HARTFORD,607,https://iowawis.org/layers/inundation/new_hartford/ff200.kmz,flood_200yr
NEW HARTFORD,607,https://iowawis.org/layers/inundation/new_hartford/ff500.kmz,flood_500yr
CEDAR FALLS,608,https://iowawis.org/layers/inundation/cedar_falls/082.0.kmz,stage_82ft
CEDAR FALLS,608,https://iowawis.org/layers/inundation/cedar_falls/082.5.kmz,stage_82.5ft
CEDAR FALLS,608,https://iowawis.org/layers/inundation/cedar_falls/083.0.kmz,stage_83ft
CEDAR FALLS,608,https://iowawis.org/layers/inundation/cedar_falls/083.5.kmz,stage_83.5ft
CEDAR FALLS,608,https://iowawis.org/layers/inundation/cedar_falls/084.0.kmz,stage_84ft
CEDAR FALLS,608,https://iowawis.org/layers/inundation/cedar_falls/084.5.kmz,stage_84.5ft
CEDAR FALLS,608,https://iowawis.org/layers/inundation/cedar_falls/085.0.kmz,stage_85ft
CEDAR FALLS,608,https://iowawis.org/layers/inundation/cedar_falls/085.5.kmz,stage_85.5ft
CEDAR FALLS,608,https://iowawis.org/layers/inundation/cedar_falls/086.0.kmz,stage_86ft
CEDAR FALLS,608,https://iowawis.org/layers/inundation/cedar_falls/086.5.kmz,stage_86.5ft
CEDAR FALLS,608,https://iowawis.org/layers/inundation/cedar_falls/087.0.kmz,stage_87ft
CEDAR FALLS,608,https://iowawis.org/layers/inundation/cedar_falls/087.5.kmz,stage_87.5ft
CEDAR FALLS,608,https://iowawis.org/layers/inundation/cedar_falls/088.0.kmz,stage_88ft
CEDAR FALLS,608,https://iowawis.org/layers/inundation/cedar_falls/088.5.kmz,stage_88.5ft
CEDAR FALLS,608,https://iowawis.org/layers/inundation/cedar_falls/089.0.kmz,stage_89ft
CEDAR FALLS,608,https://iowawis.org/layers/inundation/cedar_falls/089.5.kmz,stage_89.5ft
CEDAR FALLS,608,https://iowawis.org/layers/inundation/cedar_falls/090.0.kmz,stage_90ft
CEDAR FALLS,608,https://iowawis.org/layers/inundation/cedar_falls/090.5.kmz,stage_90.5ft
CEDAR FALLS,608,https://iowawis.org/layers/inundation/cedar_falls/091.0.kmz,stage_91ft
CEDAR FALLS,608,https://iowawis.org/layers/inundation/cedar_falls/091.5.kmz,stage_91.5ft
CEDAR FALLS,608,https://iowawis.org/layers/inundation/cedar_falls/092.0.kmz,stage_92ft
CEDAR FALLS,608,https://iowawis.org/layers/inundation/cedar_falls/092.5.kmz,stage_92.5ft
CEDAR FALLS,608,https://iowawis.org/layers/inundation/cedar_falls/093.0.kmz,stage_93ft
CEDAR FALLS,608,https://iowawis.org/layers/inundation/cedar_falls/093.5.kmz,stage_93.5ft
CEDAR FALLS,608,https://iowawis.org/layers/inundation/cedar_falls/094.0.kmz,stage_94ft
CEDAR FALLS,608,https://iowawis.org/layers/inundation/cedar_falls/094.5.kmz,stage_94.5ft
CEDAR FALLS,608,https://iowawis.org/layers/inundation/cedar_falls/095.0.kmz,stage_95ft
CEDAR FALLS,608,https://iowawis.org/layers/inundation/cedar_falls/095.5.kmz,stage_95.5ft
CEDAR FALLS,608,https://iowawis.org/layers/inundation/cedar_falls/096.0.kmz,stage_96ft
CEDAR FALLS,608,https://iowawis.org/layers/inundation/cedar_falls/096.5.kmz,stage_96.5ft
CEDAR FALLS,608,https://iowawis.org/layers/inundation/cedar_falls/097.0.kmz,stage_97ft
CEDAR FALLS,608,https://iowawis.org/layers/inundation/cedar_falls/097.5.kmz,stage_97.5ft
CEDAR FALLS,608,https://iowawis.org/layers/inundation/cedar_falls/098.0.kmz,stage_98ft
CEDAR FALLS,608,https://iowawis.org/layers/inundation/cedar_falls/098.5.kmz,stage_98.5ft
CEDAR FALLS,608,https://iowawis.org/layers/inundation/cedar_falls/099.0.kmz,stage_99ft
CEDAR FALLS,608,https://iowawis.org/layers/inundation/cedar_falls/099.5.kmz,stage_99.5ft
CEDAR FALLS,608,https://iowawis.org/layers/inundation/cedar_falls/100.0.kmz,stage_100ft
CEDAR FALLS,608,https://iowawis.org/layers/inundation/cedar_falls/100.5.kmz,stage_100.5ft
CEDAR FALLS,608,https://iowawis.org/layers/inundation/cedar_falls/101.0.kmz,stage_101ft
CEDAR FALLS,608,https://iowawis.org/layers/inundation/cedar_falls/101.5.kmz,stage_101.5ft
CEDAR FALLS,608,https://iowawis.org/layers/inundation/cedar_falls/102.0.kmz,stage_102ft
CEDAR FALLS,608,https://iowawis.org/layers/inundation/cedar_falls/102.5.kmz,stage_102.5ft
CEDAR FALLS,608,https://iowawis.org/layers/inundation/cedar_falls/103.0.kmz,stage_103ft
CEDAR FALLS,608,https://iowawis.org/layers/inundation/cedar_falls/103.5.kmz,stage_103.5ft
CEDAR FALLS,608,https://iowawis.org/layers/inundation/cedar_falls/104.0.kmz,stage_104ft
CEDAR FALLS,608,https://iowawis.org/layers/inundation/cedar_falls/104.5.kmz,stage_104.5ft
CEDAR FALLS,608,https://iowawis.org/layers/inundation/cedar_falls/ff010.kmz,flood_10yr
CEDAR FALLS,608,https://iowawis.org/layers/inundation/cedar_falls/ff025.kmz,flood_25yr
CEDAR FALLS,608,https://iowawis.org/layers/inundation/cedar_falls/ff050.kmz,flood_50yr
CEDAR FALLS,608,https://iowawis.org/layers/inundation/cedar_falls/ff100.kmz,flood_100yr
CEDAR FALLS,608,https://iowawis.org/layers/inundation/cedar_falls/ff200.kmz,flood_200yr
CEDAR FALLS,608,https://iowawis.org/layers/inundation/cedar_falls/ff500.kmz,flood_500yr
WATERLOO,609,https://iowawis.org/layers/inundation/waterloo/007.0.kmz,stage_7ft
WATERLOO,609,https://iowawis.org/layers/inundation/waterloo/007.5.kmz,stage_7.5ft
WATERLOO,609,https://iowawis.org/layers/inundation/waterloo/008.0.kmz,stage_8ft
WATERLOO,609,https://iowawis.org/layers/inundation/waterloo/008.5.kmz,stage_8.5ft
WATERLOO,609,https://iowawis.org/layers/inundation/waterloo/009.0.kmz,stage_9ft
WATERLOO,609,https://iowawis.org/layers/inundation/waterloo/009.5.kmz,stage_9.5ft
WATERLOO,609,https://iowawis.org/layers/inundation/waterloo/010.0.kmz,stage_10ft
WATERLOO,609,https://iowawis.org/layers/inundation/waterloo/010.5.kmz,stage_10.5ft
WATERLOO,609,https://iowawis.org/layers/inundation/waterloo/011.0.kmz,stage_11ft
WATERLOO,609,https://iowawis.org/layers/inundation/waterloo/011.5.kmz,stage_11.5ft
WATERLOO,609,https://iowawis.org/layers/inundation/waterloo/012.0.kmz,stage_12ft
WATERLOO,609,https://iowawis.org/layers/inundation/waterloo/012.5.kmz,stage_12.5ft
WATERLOO,609,https://iowawis.org/layers/inundation/waterloo/013.0.kmz,stage_13ft
WATERLOO,609,https://iowawis.org/layers/inundation/waterloo/013.5.kmz,stage_13.5ft
WATERLOO,609,https://iowawis.org/layers/inundation/waterloo/014.0.kmz,stage_14ft
WATERLOO,609,https://iowawis.org/layers/inundation/waterloo/014.5.kmz,stage_14.5ft
WATERLOO,609,https://iowawis.org/layers/inundation/waterloo/015.0.kmz,stage_15ft
WATERLOO,609,https://iowawis.org/layers/inundation/waterloo/015.5.kmz,stage_15.5ft
WATERLOO,609,https://iowawis.org/layers/inundation/waterloo/016.0.kmz,stage_16ft
WATERLOO,609,https://iowawis.org/layers/inundation/waterloo/016.5.kmz,stage_16.5ft
WATERLOO,609,https://iowawis.org/layers/inundation/waterloo/017.0.kmz,stage_17ft
WATERLOO,609,https://iowawis.org/layers/inundation/waterloo/017.5.kmz,stage_17.5ft
WATERLOO,609,https://iowawis.org/layers/inundation/waterloo/018.0.kmz,stage_18ft
WATERLOO,609,https://iowawis.org/layers/inundation/waterloo/018.5.kmz,stage_18.5ft
WATERLOO,609,https://iowawis.org/layers/inundation/waterloo/019.0.kmz,stage_19ft
WATERLOO,609,https://iowawis.org/layers/inundation/waterloo/019.5.kmz,stage_19.5ft
WATERLOO,609,https://iowawis.org/layers/inundation/waterloo/020.0.kmz,stage_20ft
WATERLOO,609,https://iowawis.org/layers/inundation/waterloo/020.5.kmz,stage_20.5ft
WATERLOO,609,https://iowawis.org/layers/inundation/waterloo/021.0.kmz,stage_21ft
WATERLOO,609,https://iowawis.org/layers/inundation/waterloo/021.5.kmz,stage_21.5ft
WATERLOO,609,https://iowawis.org/layers/inundation/waterloo/022.0.kmz,stage_22ft
WATERLOO,609,https://iowawis.org/layers/inundation/waterloo/022.5.kmz,stage_22.5ft
WATERLOO,609,https://iowawis.org/layers/inundation/waterloo/023.0.kmz,stage_23ft
WATERLOO,609,https://iowawis.org/layers/inundation/waterloo/023.5.kmz,stage_23.5ft
WATERLOO,609,https://iowawis.org/layers/inundation/waterloo/024.0.kmz,stage_24ft
WATERLOO,609,https://iowawis.org/layers/inundation/waterloo/024.5.kmz,stage_24.5ft
WATERLOO,609,https://iowawis.org/layers/inundation/waterloo/025.0.kmz,stage_25ft
WATERLOO,609,https://iowawis.org/layers/inundation/waterloo/025.5.kmz,stage_25.5ft
WATERLOO,609,https://iowawis.org/layers/inundation/waterloo/026.0.kmz,stage_26ft
WATERLOO,609,https://iowawis.org/layers/inundation/waterloo/026.5.kmz,stage_26.5ft
WATERLOO,609,https://iowawis.org/layers/inundation/waterloo/027.0.kmz,stage_27ft
WATERLOO,609,https://iowawis.org/layers/inundation/waterloo/027.5.kmz,stage_27.5ft
WATERLOO,609,https://iowawis.org/layers/inundation/waterloo/028.0.kmz,stage_28ft
WATERLOO,609,https://iowawis.org/layers/inundation/waterloo/028.5.kmz,stage_28.5ft
WATERLOO,609,https://iowawis.org/layers/inundation/waterloo/029.0.kmz,stage_29ft
WATERLOO,609,https://iowawis.org/layers/inundation/waterloo/029.5.kmz,stage_29.5ft
WATERLOO,609,https://iowawis.org/layers/inundation/waterloo/030.0.kmz,stage_30ft
WATERLOO,609,https://iowawis.org/layers/inundation/waterloo/030.5.kmz,stage_30.5ft
WATERLOO,609,https://iowawis.org/layers/inundation/waterloo/031.0.kmz,stage_31ft
WATERLOO,609,https://iowawis.org/layers/inundation/waterloo/ff010.kmz,flood_10yr
WATERLOO,609,https://iowawis.org/layers/inundation/waterloo/ff025.kmz,flood_25yr
WATERLOO,609,https://iowawis.org/layers/inundation/waterloo/ff050.kmz,flood_50yr
WATERLOO,609,https://iowawis.org/layers/inundation/waterloo/ff100.kmz,flood_100yr
WATERLOO,609,https://iowawis.org/layers/inundation/waterloo/ff500.kmz,flood_500yr
VINTON,610,https://ifis.iowafloodcenter.org/ifis/layers/inundation/vinton/02.0.kmz,stage_2ft
VINTON,610,https://ifis.iowafloodcenter.org/ifis/layers/inundation/vinton/02.5.kmz,stage_2.5ft
VINTON,610,https://ifis.iowafloodcenter.org/ifis/layers/inundation/vinton/03.0.kmz,stage_3ft
VINTON,610,https://ifis.iowafloodcenter.org/ifis/layers/inundation/vinton/03.5.kmz,stage_3.5ft
VINTON,610,https://ifis.iowafloodcenter.org/ifis/layers/inundation/vinton/04.0.kmz,stage_4ft
VINTON,610,https://ifis.iowafloodcenter.org/ifis/layers/inundation/vinton/04.5.kmz,stage_4.5ft
VINTON,610,https://ifis.iowafloodcenter.org/ifis/layers/inundation/vinton/05.0.kmz,stage_5ft
VINTON,610,https://ifis.iowafloodcenter.org/ifis/layers/inundation/vinton/05.5.kmz,stage_5.5ft
VINTON,610,https://ifis.iowafloodcenter.org/ifis/layers/inundation/vinton/06.0.kmz,stage_6ft
VINTON,610,https://ifis.iowafloodcenter.org/ifis/layers/inundation/vinton/06.5.kmz,stage_6.5ft
VINTON,610,https://ifis.iowafloodcenter.org/ifis/layers/inundation/vinton/07.0.kmz,stage_7ft
VINTON,610,https://ifis.iowafloodcenter.org/ifis/layers/inundation/vinton/07.5.kmz,stage_7.5ft
VINTON,610,https://ifis.iowafloodcenter.org/ifis/layers/inundation/vinton/08.0.kmz,stage_8ft
VINTON,610,https://ifis.iowafloodcenter.org/ifis/layers/inundation/vinton/08.5.kmz,stage_8.5ft
VINTON,610,https://ifis.iowafloodcenter.org/ifis/layers/inundation/vinton/09.0.kmz,stage_9ft
VINTON,610,https://ifis.iowafloodcenter.org/ifis/layers/inundation/vinton/09.5.kmz,stage_9.5ft
VINTON,610,https://ifis.iowafloodcenter.org/ifis/layers/inundation/vinton/10.0.kmz,stage_10ft
VINTON,610,https://ifis.iowafloodcenter.org/ifis/layers/inundation/vinton/10.5.kmz,stage_10.5ft
VINTON,610,https://ifis.iowafloodcenter.org/ifis/layers/inundation/vinton/11.0.kmz,stage_11ft
VINTON,610,https://ifis.iowafloodcenter.org/ifis/layers/inundation/vinton/11.5.kmz,stage_11.5ft
VINTON,610,https://ifis.iowafloodcenter.org/ifis/layers/inundation/vinton/12.0.kmz,stage_12ft
VINTON,610,https://ifis.iowafloodcenter.org/ifis/layers/inundation/vinton/12.5.kmz,stage_12.5ft
VINTON,610,https://ifis.iowafloodcenter.org/ifis/layers/inundation/vinton/13.0.kmz,stage_13ft
VINTON,610,https://ifis.iowafloodcenter.org/ifis/layers/inundation/vinton/13.5.kmz,stage_13.5ft
VINTON,610,https://ifis.iowafloodcenter.org/ifis/layers/inundation/vinton/14.0.kmz,stage_14ft
VINTON,610,https://ifis.iowafloodcenter.org/ifis/layers/inundation/vinton/14.5.kmz,stage_14.5ft
VINTON,610,https://ifis.iowafloodcenter.org/ifis/layers/inundation/vinton/15.0.kmz,stage_15ft
VINTON,610,https://ifis.iowafloodcenter.org/ifis/layers/inundation/vinton/15.5.kmz,stage_15.5ft
VINTON,610,https://ifis.iowafloodcenter.org/ifis/layers/inundation/vinton/16.0.kmz,stage_16ft
VINTON,610,https://ifis.iowafloodcenter.org/ifis/layers/inundation/vinton/16.5.kmz,stage_16.5ft
VINTON,610,https://ifis.iowafloodcenter.org/ifis/layers/inundation/vinton/17.0.kmz,stage_17ft
VINTON,610,https://ifis.iowafloodcenter.org/ifis/layers/inundation/vinton/17.5.kmz,stage_17.5ft
VINTON,610,https://ifis.iowafloodcenter.org/ifis/layers/inundation/vinton/18.0.kmz,stage_18ft
VINTON,610,https://ifis.iowafloodcenter.org/ifis/layers/inundation/vinton/18.5.kmz,stage_18.5ft
VINTON,610,https://ifis.iowafloodcenter.org/ifis/layers/inundation/vinton/19.0.kmz,stage_19ft
VINTON,610,https://ifis.iowafloodcenter.org/ifis/layers/inundation/vinton/19.5.kmz,stage_19.5ft
VINTON,610,https://ifis.iowafloodcenter.org/ifis/layers/inundation/vinton/20.0.kmz,stage_20ft
VINTON,610,https://ifis.iowafloodcenter.org/ifis/layers/inundation/vinton/20.5.kmz,stage_20.5ft
VINTON,610,https://ifis.iowafloodcenter.org/ifis/layers/inundation/vinton/21.0.kmz,stage_21ft
VINTON,610,https://ifis.iowafloodcenter.org/ifis/layers/inundation/vinton/21.5.kmz,stage_21.5ft
VINTON,610,https://ifis.iowafloodcenter.org/ifis/layers/inundation/vinton/22.0.kmz,stage_22ft
VINTON,610,https://ifis.iowafloodcenter.org/ifis/layers/inundation/vinton/22.5.kmz,stage_22.5ft
VINTON,610,https://ifis.iowafloodcenter.org/ifis/layers/inundation/vinton/23.0.kmz,stage_23ft
VINTON,610,https://ifis.iowafloodcenter.org/ifis/layers/inundation/vinton/23.5.kmz,stage_23.5ft
VINTON,610,https://ifis.iowafloodcenter.org/ifis/layers/inundation/vinton/24.0.kmz,stage_24ft
VINTON,610,https://ifis.iowafloodcenter.org/ifis/layers/inundation/vinton/24.5.kmz,stage_24.5ft
VINTON,610,https://ifis.iowafloodcenter.org/ifis/layers/inundation/vinton/25.0.kmz,stage_25ft
VINTON,610,https://ifis.iowafloodcenter.org/ifis/layers/inundation/vinton/25.5.kmz,stage_25.5ft
VINTON,610,https://ifis.iowafloodcenter.org/ifis/layers/inundation/vinton/26.0.kmz,stage_26ft
VINTON,610,https://ifis.iowafloodcenter.org/ifis/layers/inundation/vinton/26.5.kmz,stage_26.5ft
VINTON,610,https://ifis.iowafloodcenter.org/ifis/layers/inundation/vinton/27.0.kmz,stage_27ft
VINTON,610,https://ifis.iowafloodcenter.org/ifis/layers/inundation/vinton/27.5.kmz,stage_27.5ft
VINTON,610,https://ifis.iowafloodcenter.org/ifis/layers/inundation/vinton/28.0.kmz,stage_28ft
VINTON,610,https://ifis.iowafloodcenter.org/ifis/layers/inundation/vinton/ff002.kmz,flood_2yr
VINTON,610,https://ifis.iowafloodcenter.org/ifis/layers/inundation/vinton/ff005.kmz,flood_5yr
VINTON,610,https://ifis.iowafloodcenter.org/ifis/layers/inundation/vinton/ff010.kmz,flood_10yr
VINTON,610,https://ifis.iowafloodcenter.org/ifis/layers/inundation/vinton/ff025.kmz,flood_25yr
VINTON,610,https://ifis.iowafloodcenter.org/ifis/layers/inundation/vinton/ff050.kmz,flood_50yr
VINTON,610,https://ifis.iowafloodcenter.org/ifis/layers/inundation/vinton/ff100.kmz,flood_100yr
VINTON,610,https://ifis.iowafloodcenter.org/ifis/layers/inundation/vinton/ff200.kmz,flood_200yr
VINTON,610,https://ifis.iowafloodcenter.org/ifis/layers/inundation/vinton/ff500.kmz,flood_500yr
PALO,611,https://iowawis.org/layers/inundation/palo/004.0.kmz,stage_4ft
PALO,611,https://iowawis.org/layers/inundation/palo/004.5.kmz,stage_4.5ft
PALO,611,https://iowawis.org/layers/inundation/palo/005.0.kmz,stage_5ft
PALO,611,https://iowawis.org/layers/inundation/palo/005.5.kmz,stage_5.5ft
PALO,611,https://iowawis.org/layers/inundation/palo/006.0.kmz,stage_6ft
PALO,611,https://iowawis.org/layers/inundation/palo/006.5.kmz,stage_6.5ft
PALO,611,https://iowawis.org/layers/inundation/palo/007.0.kmz,stage_7ft
PALO,611,https://iowawis.org/layers/inundation/palo/007.5.kmz,stage_7.5ft
PALO,611,https://iowawis.org/layers/inundation/palo/008.0.kmz,stage_8ft
PALO,611,https://iowawis.org/layers/inundation/palo/008.5.kmz,stage_8.5ft
PALO,611,https://iowawis.org/layers/inundation/palo/009.0.kmz,stage_9ft
PALO,611,https://iowawis.org/layers/inundation/palo/009.5.kmz,stage_9.5ft
PALO,611,https://iowawis.org/layers/inundation/palo/010.0.kmz,stage_10ft
PALO,611,https://iowawis.org/layers/inundation/palo/010.5.kmz,stage_10.5ft
PALO,611,https://iowawis.org/layers/inundation/palo/011.0.kmz,stage_11ft
PALO,611,https://iowawis.org/layers/inundation/palo/011.5.kmz,stage_11.5ft
PALO,611,https://iowawis.org/layers/inundation/palo/012.0.kmz,stage_12ft
PALO,611,https://iowawis.org/layers/inundation/palo/012.5.kmz,stage_12.5ft
PALO,611,https://iowawis.org/layers/inundation/palo/013.0.kmz,stage_13ft
PALO,611,https://iowawis.org/layers/inundation/palo/013.5.kmz,stage_13.5ft
PALO,611,https://iowawis.org/layers/inundation/palo/014.0.kmz,stage_14ft
PALO,611,https://iowawis.org/layers/inundation/palo/014.5.kmz,stage_14.5ft
PALO,611,https://iowawis.org/layers/inundation/palo/015.0.kmz,stage_15ft
PALO,611,https://iowawis.org/layers/inundation/palo/015.5.kmz,stage_15.5ft
PALO,611,https://iowawis.org/layers/inundation/palo/016.0.kmz,stage_16ft
PALO,611,https://iowawis.org/layers/inundation/palo/016.5.kmz,stage_16.5ft
PALO,611,https://iowawis.org/layers/inundation/palo/017.0.kmz,stage_17ft
PALO,611,https://iowawis.org/layers/inundation/palo/017.5.kmz,stage_17.5ft
PALO,611,https://iowawis.org/layers/inundation/palo/018.0.kmz,stage_18ft
PALO,611,https://iowawis.org/layers/inundation/palo/018.5.kmz,stage_18.5ft
PALO,611,https://iowawis.org/layers/inundation/palo/019.0.kmz,stage_19ft
PALO,611,https://iowawis.org/layers/inundation/palo/019.5.kmz,stage_19.5ft
PALO,611,https://iowawis.org/layers/inundation/palo/020.0.kmz,stage_20ft
PALO,611,https://iowawis.org/layers/inundation/palo/020.5.kmz,stage_20.5ft
PALO,611,https://iowawis.org/layers/inundation/palo/021.0.kmz,stage_21ft
PALO,611,https://iowawis.org/layers/inundation/palo/021.5.kmz,stage_21.5ft
PALO,611,https://iowawis.org/layers/inundation/palo/ff002.kmz,flood_2yr
PALO,611,https://iowawis.org/layers/inundation/palo/ff005.kmz,flood_5yr
PALO,611,https://iowawis.org/layers/inundation/palo/ff010.kmz,flood_10yr
PALO,611,https://iowawis.org/layers/inundation/palo/ff020.kmz,flood_25yr
PALO,611,https://iowawis.org/layers/inundation/palo/ff050.kmz,flood_50yr
PALO,611,https://iowawis.org/layers/inundation/palo/ff100.kmz,flood_100yr
PALO,611,https://iowawis.org/layers/inundation/palo/ff200.kmz,flood_200yr
PALO,611,https://iowawis.org/layers/inundation/palo/ff500.kmz,flood_500yr
CEDAR RAPIDS,612,https://iowawis.org/layers/inundation/cedar_rapids_bridges/005.0.kmz,stage_5ft
CEDAR RAPIDS,612,https://iowawis.org/layers/inundation/cedar_rapids_bridges/005.5.kmz,stage_5.5ft
CEDAR RAPIDS,612,https://iowawis.org/layers/inundation/cedar_rapids_bridges/006.0.kmz,stage_6ft
CEDAR RAPIDS,612,https://iowawis.org/layers/inundation/cedar_rapids_bridges/006.5.kmz,stage_6.5ft
CEDAR RAPIDS,612,https://iowawis.org/layers/inundation/cedar_rapids_bridges/007.0.kmz,stage_7ft
CEDAR RAPIDS,612,https://iowawis.org/layers/inundation/cedar_rapids_bridges/007.5.kmz,stage_7.5ft
CEDAR RAPIDS,612,https://iowawis.org/layers/inundation/cedar_rapids_bridges/008.0.kmz,stage_8ft
CEDAR RAPIDS,612,https://iowawis.org/layers/inundation/cedar_rapids_bridges/008.5.kmz,stage_8.5ft
CEDAR RAPIDS,612,https://iowawis.org/layers/inundation/cedar_rapids_bridges/009.0.kmz,stage_9ft
CEDAR RAPIDS,612,https://iowawis.org/layers/inundation/cedar_rapids_bridges/009.5.kmz,stage_9.5ft
CEDAR RAPIDS,612,https://iowawis.org/layers/inundation/cedar_rapids_bridges/010.0.kmz,stage_10ft
CEDAR RAPIDS,612,https://iowawis.org/layers/inundation/cedar_rapids_bridges/010.5.kmz,stage_10.5ft
CEDAR RAPIDS,612,https://iowawis.org/layers/inundation/cedar_rapids_bridges/011.0.kmz,stage_11ft
CEDAR RAPIDS,612,https://iowawis.org/layers/inundation/cedar_rapids_bridges/011.5.kmz,stage_11.5ft
CEDAR RAPIDS,612,https://iowawis.org/layers/inundation/cedar_rapids_bridges/012.0.kmz,stage_12ft
CEDAR RAPIDS,612,https://iowawis.org/layers/inundation/cedar_rapids_bridges/012.5.kmz,stage_12.5ft
CEDAR RAPIDS,612,https://iowawis.org/layers/inundation/cedar_rapids_bridges/013.0.kmz,stage_13ft
CEDAR RAPIDS,612,https://iowawis.org/layers/inundation/cedar_rapids_bridges/013.5.kmz,stage_13.5ft
CEDAR RAPIDS,612,https://iowawis.org/layers/inundation/cedar_rapids_bridges/014.0.kmz,stage_14ft
CEDAR RAPIDS,612,https://iowawis.org/layers/inundation/cedar_rapids_bridges/014.5.kmz,stage_14.5ft
CEDAR RAPIDS,612,https://iowawis.org/layers/inundation/cedar_rapids_bridges/015.0.kmz,stage_15ft
CEDAR RAPIDS,612,https://iowawis.org/layers/inundation/cedar_rapids_bridges/015.5.kmz,stage_15.5ft
CEDAR RAPIDS,612,https://iowawis.org/layers/inundation/cedar_rapids_bridges/016.0.kmz,stage_16ft
CEDAR RAPIDS,612,https://iowawis.org/layers/inundation/cedar_rapids_bridges/016.5.kmz,stage_16.5ft
CEDAR RAPIDS,612,https://iowawis.org/layers/inundation/cedar_rapids_bridges/017.0.kmz,stage_17ft
CEDAR RAPIDS,612,https://iowawis.org/layers/inundation/cedar_rapids_bridges/017.5.kmz,stage_17.5ft
CEDAR RAPIDS,612,https://iowawis.org/layers/inundation/cedar_rapids_bridges/018.0.kmz,stage_18ft
CEDAR RAPIDS,612,https://iowawis.org/layers/inundation/cedar_rapids_bridges/018.5.kmz,stage_18.5ft
CEDAR RAPIDS,612,https://iowawis.org/layers/inundation/cedar_rapids_bridges/019.0.kmz,stage_19ft
CEDAR RAPIDS,612,https://iowawis.org/layers/inundation/cedar_rapids_bridges/019.5.kmz,stage_19.5ft
CEDAR RAPIDS,612,https://iowawis.org/layers/inundation/cedar_rapids_bridges/020.0.kmz,stage_20ft
CEDAR RAPIDS,612,https://iowawis.org/layers/inundation/cedar_rapids_bridges/020.5.kmz,stage_20.5ft
CEDAR RAPIDS,612,https://iowawis.org/layers/inundation/cedar_rapids_bridges/021.0.kmz,stage_21ft
CEDAR RAPIDS,612,https://iowawis.org/layers/inundation/cedar_rapids_bridges/021.5.kmz,stage_21.5ft
CEDAR RAPIDS,612,https://iowawis.org/layers/inundation/cedar_rapids_bridges/022.0.kmz,stage_22ft
CEDAR RAPIDS,612,https://iowawis.org/layers/inundation/cedar_rapids_bridges/022.5.kmz,stage_22.5ft
CEDAR RAPIDS,612,https://iowawis.org/layers/inundation/cedar_rapids_bridges/023.0.kmz,stage_23ft
CEDAR RAPIDS,612,https://iowawis.org/layers/inundation/cedar_rapids_bridges/023.5.kmz,stage_23.5ft
CEDAR RAPIDS,612,https://iowawis.org/layers/inundation/cedar_rapids_bridges/024.0.kmz,stage_24ft
CEDAR RAPIDS,612,https://iowawis.org/layers/inundation/cedar_rapids_bridges/024.5.kmz,stage_24.5ft
CEDAR RAPIDS,612,https://iowawis.org/layers/inundation/cedar_rapids_bridges/025.0.kmz,stage_25ft
CEDAR RAPIDS,612,https://iowawis.org/layers/inundation/cedar_rapids_bridges/025.5.kmz,stage_25.5ft
CEDAR RAPIDS,612,https://iowawis.org/layers/inundation/cedar_rapids_bridges/026.0.kmz,stage_26ft
CEDAR RAPIDS,612,https://iowawis.org/layers/inundation/cedar_rapids_bridges/026.5.kmz,stage_26.5ft
CEDAR RAPIDS,612,https://iowawis.org/layers/inundation/cedar_rapids_bridges/027.0.kmz,stage_27ft
CEDAR RAPIDS,612,https://iowawis.org/layers/inundation/cedar_rapids_bridges/027.5.kmz,stage_27.5ft
CEDAR RAPIDS,612,https://iowawis.org/layers/inundation/cedar_rapids_bridges/028.0.kmz,stage_28ft
CEDAR RAPIDS,612,https://iowawis.org/layers/inundation/cedar_rapids_bridges/028.5.kmz,stage_28.5ft
CEDAR RAPIDS,612,https://iowawis.org/layers/inundation/cedar_rapids_bridges/029.0.kmz,stage_29ft
CEDAR RAPIDS,612,https://iowawis.org/layers/inundation/cedar_rapids_bridges/029.5.kmz,stage_29.5ft
CEDAR RAPIDS,612,https://iowawis.org/layers/inundation/cedar_rapids_bridges/030.0.kmz,stage_30ft
CEDAR RAPIDS,612,https://iowawis.org/layers/inundation/cedar_rapids_bridges/030.5.kmz,stage_30.5ft
CEDAR RAPIDS,612,https://iowawis.org/layers/inundation/cedar_rapids_bridges/031.0.kmz,stage_31ft
CEDAR RAPIDS,612,https://iowawis.org/layers/inundation/cedar_rapids_bridges/031.5.kmz,stage_31.5ft
CEDAR RAPIDS,612,https://iowawis.org/layers/inundation/cedar_rapids_bridges/032.0.kmz,stage_32ft
CEDAR RAPIDS,612,https://iowawis.org/layers/inundation/cedar_rapids_bridges/032.5.kmz,stage_32.5ft
CEDAR RAPIDS,612,https://iowawis.org/layers/inundation/cedar_rapids_bridges/033.0.kmz,stage_33ft
CEDAR RAPIDS,612,https://iowawis.org/layers/inundation/cedar_rapids_bridges/033.5.kmz,stage_33.5ft
CEDAR RAPIDS,612,https://iowawis.org/layers/inundation/cedar_rapids_bridges/034.0.kmz,stage_34ft
CEDAR RAPIDS,612,https://iowawis.org/layers/inundation/cedar_rapids_bridges/034.5.kmz,stage_34.5ft
CEDAR RAPIDS,612,https://iowawis.org/layers/inundation/cedar_rapids_bridges/ff010.kmz,flood_10yr
CEDAR RAPIDS,612,https://iowawis.org/layers/inundation/cedar_rapids_bridges/ff025.kmz,flood_25yr
CEDAR RAPIDS,612,https://iowawis.org/layers/inundation/cedar_rapids_bridges/ff050.kmz,flood_50yr
CEDAR RAPIDS,612,https://iowawis.org/layers/inundation/cedar_rapids_bridges/ff100.kmz,flood_100yr
CEDAR RAPIDS,612,https://iowawis.org/layers/inundation/cedar_rapids_bridges/ff500.kmz,flood_500yr
OAKVILLE,615,https://ifis.iowafloodcenter.org/ifis/layers/inundation/releases_oakville/stage_10.kmz,stage_10ft
OAKVILLE,615,https://ifis.iowafloodcenter.org/ifis/layers/inundation/releases_oakville/stage_11.kmz,stage_11ft
OAKVILLE,615,https://ifis.iowafloodcenter.org/ifis/layers/inundation/releases_oakville/stage_12.kmz,stage_12ft
OAKVILLE,615,https://ifis.iowafloodcenter.org/ifis/layers/inundation/releases_oakville/stage_13.kmz,stage_13ft
OAKVILLE,615,https://ifis.iowafloodcenter.org/ifis/layers/inundation/releases_oakville/stage_14.kmz,stage_14ft
OAKVILLE,615,https://ifis.iowafloodcenter.org/ifis/layers/inundation/releases_oakville/stage_15.kmz,stage_15ft
OAKVILLE,615,https://ifis.iowafloodcenter.org/ifis/layers/inundation/releases_oakville/stage_16.kmz,stage_16ft
OAKVILLE,615,https://ifis.iowafloodcenter.org/ifis/layers/inundation/releases_oakville/stage_17.kmz,stage_17ft
OAKVILLE,615,https://ifis.iowafloodcenter.org/ifis/layers/inundation/releases_oakville/stage_18.kmz,stage_18ft
OAKVILLE,615,https://ifis.iowafloodcenter.org/ifis/layers/inundation/releases_oakville/stage_19.kmz,stage_19ft
OAKVILLE,615,https://ifis.iowafloodcenter.org/ifis/layers/inundation/releases_oakville/stage_20.kmz,stage_20ft
OAKVILLE,615,https://ifis.iowafloodcenter.org/ifis/layers/inundation/releases_oakville/stage_21.kmz,stage_21ft
OAKVILLE,615,https://ifis.iowafloodcenter.org/ifis/layers/inundation/releases_oakville/stage_22.kmz,stage_22ft
OAKVILLE,615,https://ifis.iowafloodcenter.org/ifis/layers/inundation/releases_oakville/stage_23.kmz,stage_23ft
OAKVILLE,615,https://ifis.iowafloodcenter.org/ifis/layers/inundation/releases_oakville/stage_24.kmz,stage_24ft
AMES,618,,stage_7ft
AMES,618,,stage_7.5ft
AMES,618,,stage_8ft
AMES,618,,stage_8.5ft
AMES,618,,stage_9ft
AMES,618,,stage_9.5ft
AMES,618,,stage_10ft
AMES,618,,stage_10.5ft
AMES,618,,stage_11ft
AMES,618,,stage_11.5ft
AMES,618,,stage_12ft
AMES,618,,stage_12.5ft
AMES,618,,stage_13ft
AMES,618,,stage_13.5ft
AMES,618,,stage_14ft
AMES,618,,stage_14.5ft
AMES,618,,stage_15ft
AMES,618,,stage_15.5ft
AMES,618,,stage_16ft
AMES,618,,stage_16.5ft
AMES,618,,stage_17ft
AMES,618,,stage_17.5ft
AMES,618,,stage_18ft
AMES,618,,stage_18.5ft
AMES,618,,stage_19ft
AMES,618,,stage_19.5ft
AMES,618,,stage_20ft
AMES,618,,stage_20.5ft
AMES,618,,stage_21ft
AMES,618,,stage_21.5ft
AMES,618,,stage_22ft
AMES,618,,stage_22.5ft
AMES,618,10.09/3200/7.21/2900,flood_2yr
AMES,618,12.41/5300/10.58/5700,flood_5yr
AMES,618,13.8/6800/13.09/8200,flood_10yr
AMES,618,15.45/8800/15.15/12200,flood_25yr
AMES,618,16.54/10200/16.34/15800,flood_50yr
AMES,618,17.52/11600/17.5/20000,flood_100yr
AMES,618,18.52/13100/18.5/24900,flood_200yr
AMES,618,19.64/14900/18.5/32600,flood_500yr
ESTHERVILLE,623,https://iowawis.org/layers/inundation/estherville/005.0.kmz,stage_5ft
ESTHERVILLE,623,https://iowawis.org/layers/inundation/estherville/005.5.kmz,stage_5.5ft
ESTHERVILLE,623,https://iowawis.org/layers/inundation/estherville/006.0.kmz,stage_6ft
ESTHERVILLE,623,https://iowawis.org/layers/inundation/estherville/006.5.kmz,stage_6.5ft
ESTHERVILLE,623,https://iowawis.org/layers/inundation/estherville/007.0.kmz,stage_7ft
ESTHERVILLE,623,https://iowawis.org/layers/inundation/estherville/007.5.kmz,stage_7.5ft
ESTHERVILLE,623,https://iowawis.org/layers/inundation/estherville/008.0.kmz,stage_8ft
ESTHERVILLE,623,https://iowawis.org/layers/inundation/estherville/008.5.kmz,stage_8.5ft
ESTHERVILLE,623,https://iowawis.org/layers/inundation/estherville/009.0.kmz,stage_9ft
ESTHERVILLE,623,https://iowawis.org/layers/inundation/estherville/009.5.kmz,stage_9.5ft
ESTHERVILLE,623,https://iowawis.org/layers/inundation/estherville/010.0.kmz,stage_10ft
ESTHERVILLE,623,https://iowawis.org/layers/inundation/estherville/010.5.kmz,stage_10.5ft
ESTHERVILLE,623,https://iowawis.org/layers/inundation/estherville/011.0.kmz,stage_11ft
ESTHERVILLE,623,https://iowawis.org/layers/inundation/estherville/011.5.kmz,stage_11.5ft
ESTHERVILLE,623,https://iowawis.org/layers/inundation/estherville/012.0.kmz,stage_12ft
ESTHERVILLE,623,https://iowawis.org/layers/inundation/estherville/012.5.kmz,stage_12.5ft
ESTHERVILLE,623,https://iowawis.org/layers/inundation/estherville/013.0.kmz,stage_13ft
ESTHERVILLE,623,https://iowawis.org/layers/inundation/estherville/013.5.kmz,stage_13.5ft
ESTHERVILLE,623,https://iowawis.org/layers/inundation/estherville/014.0.kmz,stage_14ft
ESTHERVILLE,623,https://iowawis.org/layers/inundation/estherville/014.5.kmz,stage_14.5ft
ESTHERVILLE,623,https://iowawis.org/layers/inundation/estherville/015.0.kmz,stage_15ft
ESTHERVILLE,623,https://iowawis.org/layers/inundation/estherville/015.5.kmz,stage_15.5ft
ESTHERVILLE,623,https://iowawis.org/layers/inundation/estherville/016.0.kmz,stage_16ft
ESTHERVILLE,623,https://iowawis.org/layers/inundation/estherville/016.5.kmz,stage_16.5ft
ESTHERVILLE,623,https://iowawis.org/layers/inundation/estherville/017.0.kmz,stage_17ft
ESTHERVILLE,623,https://iowawis.org/layers/inundation/estherville/017.5.kmz,stage_17.5ft
ESTHERVILLE,623,https://iowawis.org/layers/inundation/estherville/018.0.kmz,stage_18ft
ESTHERVILLE,623,https://iowawis.org/layers/inundation/estherville/018.5.kmz,stage_18.5ft
ESTHERVILLE,623,https://iowawis.org/layers/inundation/estherville/019.0.kmz,stage_19ft
ESTHERVILLE,623,https://iowawis.org/layers/inundation/estherville/019.5.kmz,stage_19.5ft
ESTHERVILLE,623,https://iowawis.org/layers/inundation/estherville/ff002.kmz,flood_2yr
ESTHERVILLE,623,https://iowawis.org/layers/inundation/estherville/ff005.kmz,flood_5yr
ESTHERVILLE,623,https://iowawis.org/layers/inundation/estherville/ff010.kmz,flood_10yr
ESTHERVILLE,623,https://iowawis.org/layers/inundation/estherville/ff025.kmz,flood_25yr
ESTHERVILLE,623,https://iowawis.org/layers/inundation/estherville/ff050.kmz,flood_50yr
ESTHERVILLE,623,https://iowawis.org/layers/inundation/estherville/ff100.kmz,flood_100yr
ESTHERVILLE,623,https://iowawis.org/layers/inundation/estherville/ff200.kmz,flood_200yr
ESTHERVILLE,623,https://iowawis.org/layers/inundation/estherville/ff500.kmz,flood_500yr
HUMBOLDT,625,https://iowawis.org/layers/inundation/humboldt/006.0.kmz,stage_6ft
HUMBOLDT,625,https://iowawis.org/layers/inundation/humboldt/006.5.kmz,stage_6.5ft
HUMBOLDT,625,https://iowawis.org/layers/inundation/humboldt/007.0.kmz,stage_7ft
HUMBOLDT,625,https://iowawis.org/layers/inundation/humboldt/007.5.kmz,stage_7.5ft
HUMBOLDT,625,https://iowawis.org/layers/inundation/humboldt/008.0.kmz,stage_8ft
HUMBOLDT,625,https://iowawis.org/layers/inundation/humboldt/008.5.kmz,stage_8.5ft
HUMBOLDT,625,https://iowawis.org/layers/inundation/humboldt/009.0.kmz,stage_9ft
HUMBOLDT,625,https://iowawis.org/layers/inundation/humboldt/009.5.kmz,stage_9.5ft
HUMBOLDT,625,https://iowawis.org/layers/inundation/humboldt/010.0.kmz,stage_10ft
HUMBOLDT,625,https://iowawis.org/layers/inundation/humboldt/010.5.kmz,stage_10.5ft
HUMBOLDT,625,https://iowawis.org/layers/inundation/humboldt/011.0.kmz,stage_11ft
HUMBOLDT,625,https://iowawis.org/layers/inundation/humboldt/011.5.kmz,stage_11.5ft
HUMBOLDT,625,https://iowawis.org/layers/inundation/humboldt/012.0.kmz,stage_12ft
HUMBOLDT,625,https://iowawis.org/layers/inundation/humboldt/012.5.kmz,stage_12.5ft
HUMBOLDT,625,https://iowawis.org/layers/inundation/humboldt/013.0.kmz,stage_13ft
HUMBOLDT,625,https://iowawis.org/layers/inundation/humboldt/013.5.kmz,stage_13.5ft
HUMBOLDT,625,https://iowawis.org/layers/inundation/humboldt/014.0.kmz,stage_14ft
HUMBOLDT,625,https://iowawis.org/layers/inundation/humboldt/014.5.kmz,stage_14.5ft
HUMBOLDT,625,https://iowawis.org/layers/inundation/humboldt/015.0.kmz,stage_15ft
HUMBOLDT,625,https://iowawis.org/layers/inundation/humboldt/015.5.kmz,stage_15.5ft
HUMBOLDT,625,https://iowawis.org/layers/inundation/humboldt/016.0.kmz,stage_16ft
HUMBOLDT,625,https://iowawis.org/layers/inundation/humboldt/016.5.kmz,stage_16.5ft
HUMBOLDT,625,https://iowawis.org/layers/inundation/humboldt/017.0.kmz,stage_17ft
HUMBOLDT,625,https://iowawis.org/layers/inundation/humboldt/017.5.kmz,stage_17.5ft
HUMBOLDT,625,https://iowawis.org/layers/inundation/humboldt/018.0.kmz,stage_18ft
HUMBOLDT,625,https://iowawis.org/layers/inundation/humboldt/ff010.0.kmz,flood_10yr
HUMBOLDT,625,https://iowawis.org/layers/inundation/humboldt/ff025.0.kmz,flood_25yr
HUMBOLDT,625,https://iowawis.org/layers/inundation/humboldt/ff050.0.kmz,flood_50yr
HUMBOLDT,625,https://iowawis.org/layers/inundation/humboldt/ff100.0.kmz,flood_100yr
HUMBOLDT,625,https://iowawis.org/layers/inundation/humboldt/ff500.0.kmz,flood_500yr
FORT DODGE,628,https://iowawis.org/layers/inundation/fort_dodge/004.5.kmz,stage_4.5ft
FORT DODGE,628,https://iowawis.org/layers/inundation/fort_dodge/005.0.kmz,stage_5ft
FORT DODGE,628,https://iowawis.org/layers/inundation/fort_dodge/005.5.kmz,stage_5.5ft
FORT DODGE,628,https://iowawis.org/layers/inundation/fort_dodge/006.0.kmz,stage_6ft
FORT DODGE,628,https://iowawis.org/layers/inundation/fort_dodge/006.5.kmz,stage_6.5ft
FORT DODGE,628,https://iowawis.org/layers/inundation/fort_dodge/007.0.kmz,stage_7ft
FORT DODGE,628,https://iowawis.org/layers/inundation/fort_dodge/007.5.kmz,stage_7.5ft
FORT DODGE,628,https://iowawis.org/layers/inundation/fort_dodge/008.0.kmz,stage_8ft
FORT DODGE,628,https://iowawis.org/layers/inundation/fort_dodge/008.5.kmz,stage_8.5ft
FORT DODGE,628,https://iowawis.org/layers/inundation/fort_dodge/009.0.kmz,stage_9ft
FORT DODGE,628,https://iowawis.org/layers/inundation/fort_dodge/009.5.kmz,stage_9.5ft
FORT DODGE,628,https://iowawis.org/layers/inundation/fort_dodge/010.0.kmz,stage_10ft
FORT DODGE,628,https://iowawis.org/layers/inundation/fort_dodge/010.5.kmz,stage_10.5ft
FORT DODGE,628,https://iowawis.org/layers/inundation/fort_dodge/011.0.kmz,stage_11ft
FORT DODGE,628,https://iowawis.org/layers/inundation/fort_dodge/011.5.kmz,stage_11.5ft
FORT DODGE,628,https://iowawis.org/layers/inundation/fort_dodge/012.0.kmz,stage_12ft
FORT DODGE,628,https://iowawis.org/layers/inundation/fort_dodge/012.5.kmz,stage_12.5ft
FORT DODGE,628,https://iowawis.org/layers/inundation/fort_dodge/013.0.kmz,stage_13ft
FORT DODGE,628,https://iowawis.org/layers/inundation/fort_dodge/013.5.kmz,stage_13.5ft
FORT DODGE,628,https://iowawis.org/layers/inundation/fort_dodge/014.0.kmz,stage_14ft
FORT DODGE,628,https://iowawis.org/layers/inundation/fort_dodge/014.5.kmz,stage_14.5ft
FORT DODGE,628,https://iowawis.org/layers/inundation/fort_dodge/015.0.kmz,stage_15ft
FORT DODGE,628,https://iowawis.org/layers/inundation/fort_dodge/015.5.kmz,stage_15.5ft
FORT DODGE,628,https://iowawis.org/layers/inundation/fort_dodge/016.0.kmz,stage_16ft
FORT DODGE,628,https://iowawis.org/layers/inundation/fort_dodge/016.5.kmz,stage_16.5ft
FORT DODGE,628,https://iowawis.org/layers/inundation/fort_dodge/017.0.kmz,stage_17ft
FORT DODGE,628,https://iowawis.org/layers/inundation/fort_dodge/017.5.kmz,stage_17.5ft
FORT DODGE,628,https://iowawis.org/layers/inundation/fort_dodge/018.0.kmz,stage_18ft
FORT DODGE,628,https://iowawis.org/layers/inundation/fort_dodge/018.5.kmz,stage_18.5ft
FORT DODGE,628,https://iowawis.org/layers/inundation/fort_dodge/019.0.kmz,stage_19ft
FORT DODGE,628,https://iowawis.org/layers/inundation/fort_dodge/019.5.kmz,stage_19.5ft
FORT DODGE,628,https://iowawis.org/layers/inundation/fort_dodge/020.0.kmz,stage_20ft
FORT DODGE,628,https://iowawis.org/layers/inundation/fort_dodge/020.5.kmz,stage_20.5ft
FORT DODGE,628,https://iowawis.org/layers/inundation/fort_dodge/021.0.kmz,stage_21ft
FORT DODGE,628,https://iowawis.org/layers/inundation/fort_dodge/021.5.kmz,stage_21.5ft
FORT DODGE,628,https://iowawis.org/layers/inundation/fort_dodge/022.0.kmz,stage_22ft
FORT DODGE,628,https://iowawis.org/layers/inundation/fort_dodge/022.5.kmz,stage_22.5ft
FORT DODGE,628,https://iowawis.org/layers/inundation/fort_dodge/023.0.kmz,stage_23ft
FORT DODGE,628,https://iowawis.org/layers/inundation/fort_dodge/023.5.kmz,stage_23.5ft
FORT DODGE,628,https://iowawis.org/layers/inundation/fort_dodge/024.0.kmz,stage_24ft
FORT DODGE,628,https://iowawis.org/layers/inundation/fort_dodge/024.5.kmz,stage_24.5ft
FORT DODGE,628,https://iowawis.org/layers/inundation/fort_dodge/025.0.kmz,stage_25ft
FORT DODGE,628,https://iowawis.org/layers/inundation/fort_dodge/025.5.kmz,stage_25.5ft
FORT DODGE,628,https://iowawis.org/layers/inundation/fort_dodge/026.0.kmz,stage_26ft
FORT DODGE,628,https://iowawis.org/layers/inundation/fort_dodge/ff010.kmz,flood_10yr
FORT DODGE,628,https://iowawis.org/layers/inundation/fort_dodge/ff025.kmz,flood_25yr
FORT DODGE,628,https://iowawis.org/layers/inundation/fort_dodge/ff050.kmz,flood_50yr
FORT DODGE,628,https://iowawis.org/layers/inundation/fort_dodge/ff100.kmz,flood_100yr
FORT DODGE,628,https://iowawis.org/layers/inundation/fort_dodge/ff200.kmz,flood_200yr
FORT DODGE,628,https://iowawis.org/layers/inundation/fort_dodge/ff500.kmz,flood_500yr
DES MOINES,639,https://ifis.iowafloodcenter.org/ifis/layers/inundation/des_moines/dm_19p0.kmz,stage_19ft
DES MOINES,639,https://ifis.iowafloodcenter.org/ifis/layers/inundation/des_moines/dm_19p5.kmz,stage_19.5ft
DES MOINES,639,https://ifis.iowafloodcenter.org/ifis/layers/inundation/des_moines/dm_20p0.kmz,stage_20ft
DES MOINES,639,https://ifis.iowafloodcenter.org/ifis/layers/inundation/des_moines/dm_20p5.kmz,stage_20.5ft
DES MOINES,639,https://ifis.iowafloodcenter.org/ifis/layers/inundation/des_moines/dm_21p0.kmz,stage_21ft
DES MOINES,639,https://ifis.iowafloodcenter.org/ifis/layers/inundation/des_moines/dm_21p5.kmz,stage_21.5ft
DES MOINES,639,https://ifis.iowafloodcenter.org/ifis/layers/inundation/des_moines/dm_22p0.kmz,stage_22ft
DES MOINES,639,https://ifis.iowafloodcenter.org/ifis/layers/inundation/des_moines/dm_22p5.kmz,stage_22.5ft
DES MOINES,639,https://ifis.iowafloodcenter.org/ifis/layers/inundation/des_moines/dm_23p0.kmz,stage_23ft
DES MOINES,639,https://ifis.iowafloodcenter.org/ifis/layers/inundation/des_moines/dm_23p5.kmz,stage_23.5ft
DES MOINES,639,https://ifis.iowafloodcenter.org/ifis/layers/inundation/des_moines/dm_24p0.kmz,stage_24ft
DES MOINES,639,https://ifis.iowafloodcenter.org/ifis/layers/inundation/des_moines/dm_24p5.kmz,stage_24.5ft
DES MOINES,639,https://ifis.iowafloodcenter.org/ifis/layers/inundation/des_moines/dm_25p0.kmz,stage_25ft
DES MOINES,639,https://ifis.iowafloodcenter.org/ifis/layers/inundation/des_moines/dm_25p5.kmz,stage_25.5ft
DES MOINES,639,https://ifis.iowafloodcenter.org/ifis/layers/inundation/des_moines/dm_26p0.kmz,stage_26ft
DES MOINES,639,https://ifis.iowafloodcenter.org/ifis/layers/inundation/des_moines/dm_26p5.kmz,stage_26.5ft
DES MOINES,639,https://ifis.iowafloodcenter.org/ifis/layers/inundation/des_moines/dm_27p0.kmz,stage_27ft
DES MOINES,639,https://ifis.iowafloodcenter.org/ifis/layers/inundation/des_moines/dm_27p5.kmz,stage_27.5ft
DES MOINES,639,https://ifis.iowafloodcenter.org/ifis/layers/inundation/des_moines/dm_28p0.kmz,stage_28ft
DES MOINES,639,https://ifis.iowafloodcenter.org/ifis/layers/inundation/des_moines/dm_28p5.kmz,stage_28.5ft
DES MOINES,639,https://ifis.iowafloodcenter.org/ifis/layers/inundation/des_moines/dm_29p0.kmz,stage_29ft
DES MOINES,639,https://ifis.iowafloodcenter.org/ifis/layers/inundation/des_moines/dm_29p5.kmz,stage_29.5ft
DES MOINES,639,https://ifis.iowafloodcenter.org/ifis/layers/inundation/des_moines/dm_30p0.kmz,stage_30ft
DES MOINES,639,https://ifis.iowafloodcenter.org/ifis/layers/inundation/des_moines/dm_30p5.kmz,stage_30.5ft
DES MOINES,639,https://ifis.iowafloodcenter.org/ifis/layers/inundation/des_moines/dm_31p0.kmz,stage_31ft
DES MOINES,639,https://ifis.iowafloodcenter.org/ifis/layers/inundation/des_moines/dm_31p5.kmz,stage_31.5ft
DES MOINES,639,https://ifis.iowafloodcenter.org/ifis/layers/inundation/des_moines/dm_32p0.kmz,stage_32ft
DES MOINES,639,https://ifis.iowafloodcenter.org/ifis/layers/inundation/des_moines/dm_32p5.kmz,stage_32.5ft
DES MOINES,639,https://ifis.iowafloodcenter.org/ifis/layers/inundation/des_moines/dm_33p0.kmz,stage_33ft
DES MOINES,639,https://ifis.iowafloodcenter.org/ifis/layers/inundation/des_moines/dm_33p5.kmz,stage_33.5ft
DES MOINES,639,https://ifis.iowafloodcenter.org/ifis/layers/inundation/des_moines/dm_34p0.kmz,stage_34ft
DES MOINES,639,https://ifis.iowafloodcenter.org/ifis/layers/inundation/des_moines/dm_34p5.kmz,stage_34.5ft
DES MOINES,639,https://ifis.iowafloodcenter.org/ifis/layers/inundation/des_moines/dm_35p0.kmz,stage_35ft
DES MOINES,639,https://ifis.iowafloodcenter.org/ifis/layers/inundation/des_moines/dm_35p5.kmz,stage_35.5ft
DES MOINES,639,https://ifis.iowafloodcenter.org/ifis/layers/inundation/des_moines/dm_36p0.kmz,stage_36ft
DES MOINES,639,https://ifis.iowafloodcenter.org/ifis/layers/inundation/des_moines/dm_36p5.kmz,stage_36.5ft
DES MOINES,639,https://ifis.iowafloodcenter.org/ifis/layers/inundation/des_moines/dm_37p0.kmz,stage_37ft
DES MOINES,639,https://ifis.iowafloodcenter.org/ifis/layers/inundation/des_moines/dm_37p5.kmz,stage_37.5ft
DES MOINES,639,https://ifis.iowafloodcenter.org/ifis/layers/inundation/des_moines/dm_38p0.kmz,stage_38ft
DES MOINES,639,https://ifis.iowafloodcenter.org/ifis/layers/inundation/des_moines/dm_38p5.kmz,stage_38.5ft
DES MOINES,639,https://ifis.iowafloodcenter.org/ifis/layers/inundation/des_moines/dm_39p0.kmz,stage_39ft
DES MOINES,639,https://ifis.iowafloodcenter.org/ifis/layers/inundation/des_moines/dm_39p5.kmz,stage_39.5ft
DES MOINES,639,https://ifis.iowafloodcenter.org/ifis/layers/inundation/des_moines/dm_40p0.kmz,stage_40ft
DES MOINES,639,https://ifis.iowafloodcenter.org/ifis/layers/inundation/des_moines/ff005.kmz,flood_5yr
DES MOINES,639,https://ifis.iowafloodcenter.org/ifis/layers/inundation/des_moines/ff010.kmz,flood_10yr
DES MOINES,639,https://ifis.iowafloodcenter.org/ifis/layers/inundation/des_moines/ff050.kmz,flood_50yr
DES MOINES,639,https://ifis.iowafloodcenter.org/ifis/layers/inundation/des_moines/ff100.kmz,flood_100yr
DES MOINES,639,https://ifis.iowafloodcenter.org/ifis/layers/inundation/des_moines/ff200.kmz,flood_200yr
DES MOINES,639,https://ifis.iowafloodcenter.org/ifis/layers/inundation/des_moines/ff500.kmz,flood_500yr
OTTUMWA,645,https://iowawis.org/layers/inundation/ottumwa/009.0.kmz,stage_9ft
OTTUMWA,645,https://iowawis.org/layers/inundation/ottumwa/009.5.kmz,stage_9.5ft
OTTUMWA,645,https://iowawis.org/layers/inundation/ottumwa/010.0.kmz,stage_10ft
OTTUMWA,645,https://iowawis.org/layers/inundation/ottumwa/010.5.kmz,stage_10.5ft
OTTUMWA,645,https://iowawis.org/layers/inundation/ottumwa/011.0.kmz,stage_11ft
OTTUMWA,645,https://iowawis.org/layers/inundation/ottumwa/011.5.kmz,stage_11.5ft
OTTUMWA,645,https://iowawis.org/layers/inundation/ottumwa/012.0.kmz,stage_12ft
OTTUMWA,645,https://iowawis.org/layers/inundation/ottumwa/012.5.kmz,stage_12.5ft
OTTUMWA,645,https://iowawis.org/layers/inundation/ottumwa/013.0.kmz,stage_13ft
OTTUMWA,645,https://iowawis.org/layers/inundation/ottumwa/013.5.kmz,stage_13.5ft
OTTUMWA,645,https://iowawis.org/layers/inundation/ottumwa/014.0.kmz,stage_14ft
OTTUMWA,645,https://iowawis.org/layers/inundation/ottumwa/014.5.kmz,stage_14.5ft
OTTUMWA,645,https://iowawis.org/layers/inundation/ottumwa/015.0.kmz,stage_15ft
OTTUMWA,645,https://iowawis.org/layers/inundation/ottumwa/015.5.kmz,stage_15.5ft
OTTUMWA,645,https://iowawis.org/layers/inundation/ottumwa/016.0.kmz,stage_16ft
OTTUMWA,645,https://iowawis.org/layers/inundation/ottumwa/016.5.kmz,stage_16.5ft
OTTUMWA,645,https://iowawis.org/layers/inundation/ottumwa/017.0.kmz,stage_17ft
OTTUMWA,645,https://iowawis.org/layers/inundation/ottumwa/017.5.kmz,stage_17.5ft
OTTUMWA,645,https://iowawis.org/layers/inundation/ottumwa/018.0.kmz,stage_18ft
OTTUMWA,645,https://iowawis.org/layers/inundation/ottumwa/018.5.kmz,stage_18.5ft
OTTUMWA,645,https://iowawis.org/layers/inundation/ottumwa/019.0.kmz,stage_19ft
OTTUMWA,645,https://iowawis.org/layers/inundation/ottumwa/019.5.kmz,stage_19.5ft
OTTUMWA,645,https://iowawis.org/layers/inundation/ottumwa/020.0.kmz,stage_20ft
OTTUMWA,645,https://iowawis.org/layers/inundation/ottumwa/020.5.kmz,stage_20.5ft
OTTUMWA,645,https://iowawis.org/layers/inundation/ottumwa/021.0.kmz,stage_21ft
OTTUMWA,645,https://iowawis.org/layers/inundation/ottumwa/021.5.kmz,stage_21.5ft
OTTUMWA,645,https://iowawis.org/layers/inundation/ottumwa/022.0.kmz,stage_22ft
OTTUMWA,645,https://iowawis.org/layers/inundation/ottumwa/022.5.kmz,stage_22.5ft
OTTUMWA,645,https://iowawis.org/layers/inundation/ottumwa/ff010.kmz,flood_10yr
OTTUMWA,645,https://iowawis.org/layers/inundation/ottumwa/ff050.kmz,flood_50yr
OTTUMWA,645,https://iowawis.org/layers/inundation/ottumwa/ff100.kmz,flood_100yr
OTTUMWA,645,https://iowawis.org/layers/inundation/ottumwa/ff200.kmz,flood_200yr
OTTUMWA,645,https://iowawis.org/layers/inundation/ottumwa/ff500.kmz,flood_500yr
ROCK RAPIDS,648,https://iowawis.org/layers/inundation/rock_rapids/16.0.kmz,stage_16ft
ROCK RAPIDS,648,https://iowawis.org/layers/inundation/rock_rapids/16.5.kmz,stage_16.5ft
ROCK RAPIDS,648,https://iowawis.org/layers/inundation/rock_rapids/17.0.kmz,stage_17ft
ROCK RAPIDS,648,https://iowawis.org/layers/inundation/rock_rapids/17.5.kmz,stage_17.5ft
ROCK RAPIDS,648,https://iowawis.org/layers/inundation/rock_rapids/18.0.kmz,stage_18ft
ROCK RAPIDS,648,https://iowawis.org/layers/inundation/rock_rapids/18.5.kmz,stage_18.5ft
ROCK RAPIDS,648,https://iowawis.org/layers/inundation/rock_rapids/19.0.kmz,stage_19ft
ROCK RAPIDS,648,https://iowawis.org/layers/inundation/rock_rapids/19.5.kmz,stage_19.5ft
ROCK RAPIDS,648,https://iowawis.org/layers/inundation/rock_rapids/20.0.kmz,stage_20ft
ROCK RAPIDS,648,https://iowawis.org/layers/inundation/rock_rapids/20.5.kmz,stage_20.5ft
ROCK RAPIDS,648,https://iowawis.org/layers/inundation/rock_rapids/21.0.kmz,stage_21ft
ROCK RAPIDS,648,https://iowawis.org/layers/inundation/rock_rapids/21.5.kmz,stage_21.5ft
ROCK RAPIDS,648,https://iowawis.org/layers/inundation/rock_rapids/22.0.kmz,stage_22ft
ROCK RAPIDS,648,https://iowawis.org/layers/inundation/rock_rapids/22.5.kmz,stage_22.5ft
ROCK RAPIDS,648,https://iowawis.org/layers/inundation/rock_rapids/23.0.kmz,stage_23ft
ROCK RAPIDS,648,https://iowawis.org/layers/inundation/rock_rapids/23.5.kmz,stage_23.5ft
ROCK RAPIDS,648,https://iowawis.org/layers/inundation/rock_rapids/24.0.kmz,stage_24ft
ROCK RAPIDS,648,https://iowawis.org/layers/inundation/rock_rapids/24.5.kmz,stage_24.5ft
ROCK RAPIDS,648,https://iowawis.org/layers/inundation/rock_rapids/25.0.kmz,stage_25ft
ROCK RAPIDS,648,https://iowawis.org/layers/inundation/rock_rapids/25.5.kmz,stage_25.5ft
ROCK RAPIDS,648,https://iowawis.org/layers/inundation/rock_rapids/26.0.kmz,stage_26ft
ROCK RAPIDS,648,https://iowawis.org/layers/inundation/rock_rapids/26.5.kmz,stage_26.5ft
ROCK RAPIDS,648,https://iowawis.org/layers/inundation/rock_rapids/27.0.kmz,stage_27ft
ROCK RAPIDS,648,https://iowawis.org/layers/inundation/rock_rapids/27.5.kmz,stage_27.5ft
ROCK RAPIDS,648,https://iowawis.org/layers/inundation/rock_rapids/28.0.kmz,stage_28ft
ROCK RAPIDS,648,https://iowawis.org/layers/inundation/rock_rapids/28.5.kmz,stage_28.5ft
ROCK RAPIDS,648,https://iowawis.org/layers/inundation/rock_rapids/29.0.kmz,stage_29ft
ROCK RAPIDS,648,https://iowawis.org/layers/inundation/rock_rapids/29.5.kmz,stage_29.5ft
ROCK RAPIDS,648,https://iowawis.org/layers/inundation/rock_rapids/30.0.kmz,stage_30ft
ROCK RAPIDS,648,https://iowawis.org/layers/inundation/rock_rapids/30.5.kmz,stage_30.5ft
ROCK RAPIDS,648,https://iowawis.org/layers/inundation/rock_rapids/31.0.kmz,stage_31ft
ROCK RAPIDS,648,https://iowawis.org/layers/inundation/rock_rapids/31.5.kmz,stage_31.5ft
ROCK RAPIDS,648,https://iowawis.org/layers/inundation/rock_rapids/32.0.kmz,stage_32ft
ROCK RAPIDS,648,https://iowawis.org/layers/inundation/rock_rapids/32.5.kmz,stage_32.5ft
ROCK RAPIDS,648,https://iowawis.org/layers/inundation/rock_rapids/ff000.kmz,flood_5yr
ROCK RAPIDS,648,https://iowawis.org/layers/inundation/rock_rapids/ff010.kmz,flood_10yr
ROCK RAPIDS,648,https://iowawis.org/layers/inundation/rock_rapids/ff020.kmz,flood_20yr
ROCK RAPIDS,648,https://iowawis.org/layers/inundation/rock_rapids/ff050.kmz,flood_50yr
ROCK RAPIDS,648,https://iowawis.org/layers/inundation/rock_rapids/ff100.kmz,flood_100yr
ROCK RAPIDS,648,https://iowawis.org/layers/inundation/rock_rapids/ff200.kmz,flood_200yr
ROCK RAPIDS,648,https://iowawis.org/layers/inundation/rock_rapids/ff500.kmz,flood_500yr
ROCK VALLEY,649,https://iowawis.org/layers/inundation/rock_valley_2d/07.0.kmz,stage_7ft
ROCK VALLEY,649,https://iowawis.org/layers/inundation/rock_valley_2d/07.5.kmz,stage_7.5ft
ROCK VALLEY,649,https://iowawis.org/layers/inundation/rock_valley_2d/08.0.kmz,stage_8ft
ROCK VALLEY,649,https://iowawis.org/layers/inundation/rock_valley_2d/08.5.kmz,stage_8.5ft
ROCK VALLEY,649,https://iowawis.org/layers/inundation/rock_valley_2d/09.0.kmz,stage_9ft
ROCK VALLEY,649,https://iowawis.org/layers/inundation/rock_valley_2d/09.5.kmz,stage_9.5ft
ROCK VALLEY,649,https://iowawis.org/layers/inundation/rock_valley_2d/10.0.kmz,stage_10ft
ROCK VALLEY,649,https://iowawis.org/layers/inundation/rock_valley_2d/10.5.kmz,stage_10.5ft
ROCK VALLEY,649,https://iowawis.org/layers/inundation/rock_valley_2d/11.0.kmz,stage_11ft
ROCK VALLEY,649,https://iowawis.org/layers/inundation/rock_valley_2d/11.5.kmz,stage_11.5ft
ROCK VALLEY,649,https://iowawis.org/layers/inundation/rock_valley_2d/12.0.kmz,stage_12ft
ROCK VALLEY,649,https://iowawis.org/layers/inundation/rock_valley_2d/12.5.kmz,stage_12.5ft
ROCK VALLEY,649,https://iowawis.org/layers/inundation/rock_valley_2d/13.0.kmz,stage_13ft
ROCK VALLEY,649,https://iowawis.org/layers/inundation/rock_valley_2d/13.5.kmz,stage_13.5ft
ROCK VALLEY,649,https://iowawis.org/layers/inundation/rock_valley_2d/14.0.kmz,stage_14ft
ROCK VALLEY,649,https://iowawis.org/layers/inundation/rock_valley_2d/14.5.kmz,stage_14.5ft
ROCK VALLEY,649,https://iowawis.org/layers/inundation/rock_valley_2d/15.0.kmz,stage_15ft
ROCK VALLEY,649,https://iowawis.org/layers/inundation/rock_valley_2d/15.5.kmz,stage_15.5ft
ROCK VALLEY,649,https://iowawis.org/layers/inundation/rock_valley_2d/16.0.kmz,stage_16ft
ROCK VALLEY,649,https://iowawis.org/layers/inundation/rock_valley_2d/16.5.kmz,stage_16.5ft
ROCK VALLEY,649,https://iowawis.org/layers/inundation/rock_valley_2d/17.0.kmz,stage_17ft
ROCK VALLEY,649,https://iowawis.org/layers/inundation/rock_valley_2d/17.5.kmz,stage_17.5ft
ROCK VALLEY,649,https://iowawis.org/layers/inundation/rock_valley_2d/18.0.kmz,stage_18ft
ROCK VALLEY,649,https://iowawis.org/layers/inundation/rock_valley_2d/18.5.kmz,stage_18.5ft
ROCK VALLEY,649,https://iowawis.org/layers/inundation/rock_valley_2d/19.0.kmz,stage_19ft
ROCK VALLEY,649,https://iowawis.org/layers/inundation/rock_valley_2d/19.5.kmz,stage_19.5ft
ROCK VALLEY,649,https://iowawis.org/layers/inundation/rock_valley_2d/20.0.kmz,stage_20ft
ROCK VALLEY,649,https://iowawis.org/layers/inundation/rock_valley_2d/20.5.kmz,stage_20.5ft
ROCK VALLEY,649,https://iowawis.org/layers/inundation/rock_valley_2d/21.0.kmz,stage_21ft
ROCK VALLEY,649,https://iowawis.org/layers/inundation/rock_valley_2d/21.5.kmz,stage_21.5ft
ROCK VALLEY,649,https://iowawis.org/layers/inundation/rock_valley_2d/22.0.kmz,stage_22ft
ROCK VALLEY,649,https://iowawis.org/layers/inundation/rock_valley_2d/22.5.kmz,stage_22.5ft
ROCK VALLEY,649,https://iowawis.org/layers/inundation/rock_valley_2d/23.0.kmz,stage_23ft
ROCK VALLEY,649,https://iowawis.org/layers/inundation/rock_valley_2d/23.5.kmz,stage_23.5ft
ROCK VALLEY,649,https://iowawis.org/layers/inundation/rock_valley_2d/24.0.kmz,stage_24ft
ROCK VALLEY,649,https://iowawis.org/layers/inundation/rock_valley_2d/24.5.kmz,stage_24.5ft
ROCK VALLEY,649,https://iowawis.org/layers/inundation/rock_valley_2d/25.0.kmz,stage_25ft
ROCK VALLEY,649,https://iowawis.org/layers/inundation/rock_valley_2d/25.5.kmz,stage_25.5ft
ROCK VALLEY,649,https://iowawis.org/layers/inundation/rock_valley_2d/26.0.kmz,stage_26ft
ROCK VALLEY,649,https://iowawis.org/layers/inundation/rock_valley_2d/26.5.kmz,stage_26.5ft
ROCK VALLEY,649,https://iowawis.org/layers/inundation/rock_valley_2d/27.0.kmz,stage_27ft
ROCK VALLEY,649,https://iowawis.org/layers/inundation/rock_valley_2d/27.5.kmz,stage_27.5ft
ROCK VALLEY,649,https://iowawis.org/layers/inundation/rock_valley_2d/28.0.kmz,stage_28ft
ROCK VALLEY,649,https://iowawis.org/layers/inundation/rock_valley_2d/28.5.kmz,stage_28.5ft
ROCK VALLEY,649,https://iowawis.org/layers/inundation/rock_valley_2d/29.0.kmz,stage_29ft
ROCK VALLEY,649,https://iowawis.org/layers/inundation/rock_valley_2d/29.5.kmz,stage_29.5ft
ROCK VALLEY,649,https://iowawis.org/layers/inundation/rock_valley_2d/30.0.kmz,stage_30ft
ROCK VALLEY,649,https://iowawis.org/layers/inundation/rock_valley_2d/ff0002.kmz,flood_2yr
ROCK VALLEY,649,https://iowawis.org/layers/inundation/rock_valley_2d/ff0005.kmz,flood_5yr
ROCK VALLEY,649,https://iowawis.org/layers/inundation/rock_valley_2d/ff0010.kmz,flood_10yr
ROCK VALLEY,649,https://iowawis.org/layers/inundation/rock_valley_2d/ff0025.kmz,flood_25yr
ROCK VALLEY,649,https://iowawis.org/layers/inundation/rock_valley_2d/ff0050.kmz,flood_50yr
ROCK VALLEY,649,https://iowawis.org/layers/inundation/rock_valley_2d/ff0100.kmz,flood_100yr
ROCK VALLEY,649,https://iowawis.org/layers/inundation/rock_valley_2d/ff0200.kmz,flood_200yr
ROCK VALLEY,649,https://iowawis.org/layers/inundation/rock_valley_2d/ff0500.kmz,flood_500yr
ROCK VALLEY,649,https://iowawis.org/layers/inundation/rock_valley_2d/ff1000.kmz,flood_1000yr
RED OAK,666,,stage_9ft
RED OAK,666,,stage_9.5ft
RED OAK,666,,stage_10ft
RED OAK,666,,stage_10.5ft
RED OAK,666,,stage_11ft
RED OAK,666,,stage_11.5ft
RED OAK,666,,stage_12ft
RED OAK,666,,stage_12.5ft
RED OAK,666,,stage_13ft
RED OAK,666,,stage_13.5ft
RED OAK,666,,stage_14ft
RED OAK,666,,stage_14.5ft
RED OAK,666,,stage_15ft
RED OAK,666,,stage_15.5ft
RED OAK,666,,stage_16ft
RED OAK,666,,stage_16.5ft
RED OAK,666,,stage_17ft
RED OAK,666,,stage_17.5ft
RED OAK,666,,stage_18ft
RED OAK,666,,stage_18.5ft
RED OAK,666,,stage_19ft
RED OAK,666,,stage_19.5ft
RED OAK,666,,stage_20ft
RED OAK,666,,stage_20.5ft
RED OAK,666,,stage_21ft
RED OAK,666,,stage_21.5ft
RED OAK,666,,stage_22ft
RED OAK,666,,stage_22.5ft
RED OAK,666,,stage_23ft
RED OAK,666,,stage_23.5ft
RED OAK,666,,stage_24ft
RED OAK,666,,stage_24.5ft
RED OAK,666,,stage_25ft
RED OAK,666,,stage_25.5ft
RED OAK,666,,stage_26ft
RED OAK,666,,stage_26.5ft
RED OAK,666,,stage_27ft
RED OAK,666,,stage_27.5ft
RED OAK,666,,stage_28ft
RED OAK,666,,stage_28.5ft
RED OAK,666,,stage_29ft
RED OAK,666,,stage_29.5ft
RED OAK,666,22.6/22881/3.39/2250,flood_10yr
RED OAK,666,24.8/29081/4.33/3310,flood_25yr
RED OAK,666,26.1/33615/5.14/4280,flood_50yr
RED OAK,666,26.8/38147/6.03/5360,flood_100yr
RED OAK,666,27.4/42611/7/6580,flood_200yr
RED OAK,666,28.1/48483/8.41/8380,flood_500yr
BELLEVUE,676,https://ifis.iowafloodcenter.org/ifis/layers/inundation/mississippi_pool_12/071.0k.kmz,stage_11.8ft
BELLEVUE,676,https://ifis.iowafloodcenter.org/ifis/layers/inundation/mississippi_pool_12/077.0k.kmz,stage_11.8ft
BELLEVUE,676,https://ifis.iowafloodcenter.org/ifis/layers/inundation/mississippi_pool_12/083.0k.kmz,stage_11.8ft
BELLEVUE,676,https://ifis.iowafloodcenter.org/ifis/layers/inundation/mississippi_pool_12/089.0k.kmz,stage_11.8ft
BELLEVUE,676,https://ifis.iowafloodcenter.org/ifis/layers/inundation/mississippi_pool_12/095.0k.kmz,stage_11.8ft
BELLEVUE,676,https://ifis.iowafloodcenter.org/ifis/layers/inundation/mississippi_pool_12/099.0k.kmz,stage_11.8ft
BELLEVUE,676,https://ifis.iowafloodcenter.org/ifis/layers/inundation/mississippi_pool_12/101.0k.kmz,stage_11.99ft
BELLEVUE,676,https://ifis.iowafloodcenter.org/ifis/layers/inundation/mississippi_pool_12/107.0k.kmz,stage_12.49ft
BELLEVUE,676,https://ifis.iowafloodcenter.org/ifis/layers/inundation/mississippi_pool_12/114.0k.kmz,stage_12.99ft
BELLEVUE,676,https://ifis.iowafloodcenter.org/ifis/layers/inundation/mississippi_pool_12/120.0k.kmz,stage_13.49ft
BELLEVUE,676,https://ifis.iowafloodcenter.org/ifis/layers/inundation/mississippi_pool_12/126.0k.kmz,stage_13.99ft
BELLEVUE,676,https://ifis.iowafloodcenter.org/ifis/layers/inundation/mississippi_pool_12/132.0k.kmz,stage_14.49ft
BELLEVUE,676,https://ifis.iowafloodcenter.org/ifis/layers/inundation/mississippi_pool_12/139.0k.kmz,stage_14.99ft
BELLEVUE,676,https://ifis.iowafloodcenter.org/ifis/layers/inundation/mississippi_pool_12/146.0k.kmz,stage_15.49ft
BELLEVUE,676,https://ifis.iowafloodcenter.org/ifis/layers/inundation/mississippi_pool_12/153.0k.kmz,stage_15.99ft
BELLEVUE,676,https://ifis.iowafloodcenter.org/ifis/layers/inundation/mississippi_pool_12/160.0k.kmz,stage_16.49ft
BELLEVUE,676,https://ifis.iowafloodcenter.org/ifis/layers/inundation/mississippi_pool_12/166.0k.kmz,stage_16.99ft
BELLEVUE,676,https://ifis.iowafloodcenter.org/ifis/layers/inundation/mississippi_pool_12/174.0k.kmz,stage_17.49ft
BELLEVUE,676,https://ifis.iowafloodcenter.org/ifis/layers/inundation/mississippi_pool_12/182.0k.kmz,stage_17.99ft
BELLEVUE,676,https://ifis.iowafloodcenter.org/ifis/layers/inundation/mississippi_pool_12/190.0k.kmz,stage_18.49ft
BELLEVUE,676,https://ifis.iowafloodcenter.org/ifis/layers/inundation/mississippi_pool_12/198.0k.kmz,stage_18.99ft
BELLEVUE,676,https://ifis.iowafloodcenter.org/ifis/layers/inundation/mississippi_pool_12/206.0k.kmz,stage_19.49ft
BELLEVUE,676,https://ifis.iowafloodcenter.org/ifis/layers/inundation/mississippi_pool_12/214.0k.kmz,stage_19.99ft
BELLEVUE,676,https://ifis.iowafloodcenter.org/ifis/layers/inundation/mississippi_pool_12/222.0k.kmz,stage_20.49ft
BELLEVUE,676,https://ifis.iowafloodcenter.org/ifis/layers/inundation/mississippi_pool_12/230.0k.kmz,stage_20.99ft
BELLEVUE,676,https://ifis.iowafloodcenter.org/ifis/layers/inundation/mississippi_pool_12/242.0k.kmz,stage_21.49ft
BELLEVUE,676,https://ifis.iowafloodcenter.org/ifis/layers/inundation/mississippi_pool_12/254.0k.kmz,stage_21.99ft
BELLEVUE,676,https://ifis.iowafloodcenter.org/ifis/layers/inundation/mississippi_pool_12/265.0k.kmz,stage_22.49ft
BELLEVUE,676,https://ifis.iowafloodcenter.org/ifis/layers/inundation/mississippi_pool_12/275.0k.kmz,stage_22.99ft
BELLEVUE,676,https://ifis.iowafloodcenter.org/ifis/layers/inundation/mississippi_pool_12/292.0k.kmz,stage_23.49ft
BELLEVUE,676,https://ifis.iowafloodcenter.org/ifis/layers/inundation/mississippi_pool_12/307.0k.kmz,stage_23.99ft
BELLEVUE,676,https://ifis.iowafloodcenter.org/ifis/layers/inundation/mississippi_pool_12/320.0k.kmz,stage_24.49ft
BELLEVUE,676,https://ifis.iowafloodcenter.org/ifis/layers/inundation/mississippi_pool_12/333.0k.kmz,stage_24.99ft
BELLEVUE,676,https://ifis.iowafloodcenter.org/ifis/layers/inundation/mississippi_pool_12/347.0k.kmz,stage_25.49ft
BELLEVUE,676,https://ifis.iowafloodcenter.org/ifis/layers/inundation/mississippi_pool_12/ff002.kmz,flood_2yr
BELLEVUE,676,https://ifis.iowafloodcenter.org/ifis/layers/inundation/mississippi_pool_12/ff005.kmz,flood_5yr
BELLEVUE,676,https://ifis.iowafloodcenter.org/ifis/layers/inundation/mississippi_pool_12/ff010.kmz,flood_10yr
BELLEVUE,676,https://ifis.iowafloodcenter.org/ifis/layers/inundation/mississippi_pool_12/ff025.kmz,flood_25yr
BELLEVUE,676,https://ifis.iowafloodcenter.org/ifis/layers/inundation/mississippi_pool_12/ff050.kmz,flood_50yr
BELLEVUE,676,https://ifis.iowafloodcenter.org/ifis/layers/inundation/mississippi_pool_12/ff100.kmz,flood_100yr
BELLEVUE,676,https://ifis.iowafloodcenter.org/ifis/layers/inundation/mississippi_pool_12/ff200.kmz,flood_200yr
BELLEVUE,676,https://ifis.iowafloodcenter.org/ifis/layers/inundation/mississippi_pool_12/ff500.kmz,flood_500yr
COLUMBUS JUNCTION,679,,stage_11ft
COLUMBUS JUNCTION,679,,stage_11.5ft
COLUMBUS JUNCTION,679,,stage_12ft
COLUMBUS JUNCTION,679,,stage_12.5ft
COLUMBUS JUNCTION,679,,stage_13ft
COLUMBUS JUNCTION,679,,stage_13.5ft
COLUMBUS JUNCTION,679,,stage_14ft
COLUMBUS JUNCTION,679,,stage_14.5ft
COLUMBUS JUNCTION,679,,stage_15ft
COLUMBUS JUNCTION,679,,stage_15.5ft
COLUMBUS JUNCTION,679,,stage_16ft
COLUMBUS JUNCTION,679,,stage_16.5ft
COLUMBUS JUNCTION,679,,stage_17ft
COLUMBUS JUNCTION,679,,stage_17.5ft
COLUMBUS JUNCTION,679,,stage_18ft
COLUMBUS JUNCTION,679,,stage_18.5ft
COLUMBUS JUNCTION,679,,stage_19ft
COLUMBUS JUNCTION,679,,stage_19.5ft
COLUMBUS JUNCTION,679,,stage_20ft
COLUMBUS JUNCTION,679,,stage_20.5ft
COLUMBUS JUNCTION,679,16.8/59900/17.7/21750,flood_10yr
COLUMBUS JUNCTION,679,17.8/76400/19.5/30220,flood_25yr
COLUMBUS JUNCTION,679,18.4/88600/20/33120,flood_50yr
COLUMBUS JUNCTION,679,19/101000/23.1/53380,flood_100yr
COLUMBUS JUNCTION,679,20.2/128000/25.8/76050,flood_500yr
CAMANCHE,680,https://iowawis.org/layers/inundation/camanche/010.0.kmz,stage_10ft
CAMANCHE,680,https://iowawis.org/layers/inundation/camanche/010.5.kmz,stage_10.5ft
CAMANCHE,680,https://iowawis.org/layers/inundation/camanche/011.0.kmz,stage_11ft
CAMANCHE,680,https://iowawis.org/layers/inundation/camanche/011.5.kmz,stage_11.5ft
CAMANCHE,680,https://iowawis.org/layers/inundation/camanche/012.0.kmz,stage_12ft
CAMANCHE,680,https://iowawis.org/layers/inundation/camanche/012.5.kmz,stage_12.5ft
CAMANCHE,680,https://iowawis.org/layers/inundation/camanche/013.0.kmz,stage_13ft
CAMANCHE,680,https://iowawis.org/layers/inundation/camanche/013.5.kmz,stage_13.5ft
CAMANCHE,680,https://iowawis.org/layers/inundation/camanche/014.0.kmz,stage_14ft
CAMANCHE,680,https://iowawis.org/layers/inundation/camanche/014.5.kmz,stage_14.5ft
CAMANCHE,680,https://iowawis.org/layers/inundation/camanche/015.0.kmz,stage_15ft
CAMANCHE,680,https://iowawis.org/layers/inundation/camanche/015.5.kmz,stage_15.5ft
CAMANCHE,680,https://iowawis.org/layers/inundation/camanche/016.0.kmz,stage_16ft
CAMANCHE,680,https://iowawis.org/layers/inundation/camanche/016.5.kmz,stage_16.5ft
CAMANCHE,680,https://iowawis.org/layers/inundation/camanche/017.0.kmz,stage_17ft
CAMANCHE,680,https://iowawis.org/layers/inundation/camanche/017.5.kmz,stage_17.5ft
CAMANCHE,680,https://iowawis.org/layers/inundation/camanche/018.0.kmz,stage_18ft
CAMANCHE,680,https://iowawis.org/layers/inundation/camanche/018.5.kmz,stage_18.5ft
CAMANCHE,680,https://iowawis.org/layers/inundation/camanche/019.0.kmz,stage_19ft
CAMANCHE,680,https://iowawis.org/layers/inundation/camanche/019.5.kmz,stage_19.5ft
CAMANCHE,680,https://iowawis.org/layers/inundation/camanche/020.0.kmz,stage_20ft
CAMANCHE,680,https://iowawis.org/layers/inundation/camanche/020.5.kmz,stage_20.5ft
CAMANCHE,680,https://iowawis.org/layers/inundation/camanche/021.0.kmz,stage_21ft
CAMANCHE,680,https://iowawis.org/layers/inundation/camanche/021.5.kmz,stage_21.5ft
CAMANCHE,680,https://iowawis.org/layers/inundation/camanche/022.0.kmz,stage_22ft
CAMANCHE,680,https://iowawis.org/layers/inundation/camanche/022.5.kmz,stage_22.5ft
CAMANCHE,680,https://iowawis.org/layers/inundation/camanche/023.0.kmz,stage_23ft
CAMANCHE,680,https://iowawis.org/layers/inundation/camanche/023.5.kmz,stage_23.5ft
CAMANCHE,680,https://iowawis.org/layers/inundation/camanche/024.0.kmz,stage_24ft
CAMANCHE,680,https://iowawis.org/layers/inundation/camanche/024.5.kmz,stage_24.5ft
CAMANCHE,680,https://iowawis.org/layers/inundation/camanche/025.0.kmz,stage_25ft
CAMANCHE,680,https://iowawis.org/layers/inundation/camanche/025.5.kmz,stage_25.5ft
CAMANCHE,680,https://iowawis.org/layers/inundation/camanche/026.0.kmz,stage_26ft
CAMANCHE,680,https://iowawis.org/layers/inundation/camanche/026.5.kmz,stage_26.5ft
CAMANCHE,680,https://iowawis.org/layers/inundation/camanche/ff002.kmz,flood_2yr
CAMANCHE,680,https://iowawis.org/layers/inundation/camanche/ff005.kmz,flood_5yr
CAMANCHE,680,https://iowawis.org/layers/inundation/camanche/ff010.kmz,flood_10yr
CAMANCHE,680,https://iowawis.org/layers/inundation/camanche/ff025.kmz,flood_25yr
CAMANCHE,680,https://iowawis.org/layers/inundation/camanche/ff050.kmz,flood_50yr
CAMANCHE,680,https://iowawis.org/layers/inundation/camanche/ff100.kmz,flood_100yr
CAMANCHE,680,https://iowawis.org/layers/inundation/camanche/ff200.kmz,flood_200yr
CAMANCHE,680,https://iowawis.org/layers/inundation/camanche/ff500.kmz,flood_500yr
DUBUQUE,683,https://ifis.iowafloodcenter.org/ifis/layers/inundation/mississippi_pool_11/071.0k.kmz,stage_14.8ft
DUBUQUE,683,https://ifis.iowafloodcenter.org/ifis/layers/inundation/mississippi_pool_11/077.0k.kmz,stage_14.8ft
DUBUQUE,683,https://ifis.iowafloodcenter.org/ifis/layers/inundation/mississippi_pool_11/083.0k.kmz,stage_14.8ft
DUBUQUE,683,https://ifis.iowafloodcenter.org/ifis/layers/inundation/mississippi_pool_11/089.0k.kmz,stage_14.8ft
DUBUQUE,683,https://ifis.iowafloodcenter.org/ifis/layers/inundation/mississippi_pool_11/095.0k.kmz,stage_14.8ft
DUBUQUE,683,https://ifis.iowafloodcenter.org/ifis/layers/inundation/mississippi_pool_11/101.0k.kmz,stage_14.8ft
DUBUQUE,683,https://ifis.iowafloodcenter.org/ifis/layers/inundation/mississippi_pool_11/107.0k.kmz,stage_14.8ft
DUBUQUE,683,https://ifis.iowafloodcenter.org/ifis/layers/inundation/mississippi_pool_11/113.0k.kmz,stage_14.8ft
DUBUQUE,683,https://ifis.iowafloodcenter.org/ifis/layers/inundation/mississippi_pool_11/119.0k.kmz,stage_14.8ft
DUBUQUE,683,https://ifis.iowafloodcenter.org/ifis/layers/inundation/mississippi_pool_11/125.0k.kmz,stage_14.8ft
DUBUQUE,683,https://ifis.iowafloodcenter.org/ifis/layers/inundation/mississippi_pool_11/131.0k.kmz,stage_14.8ft
DUBUQUE,683,https://ifis.iowafloodcenter.org/ifis/layers/inundation/mississippi_pool_11/137.0k.kmz,stage_14.8ft
DUBUQUE,683,https://ifis.iowafloodcenter.org/ifis/layers/inundation/mississippi_pool_11/141.0k.kmz,stage_14.8ft
DUBUQUE,683,https://ifis.iowafloodcenter.org/ifis/layers/inundation/mississippi_pool_11/143.0k.kmz,stage_14.97ft
DUBUQUE,683,https://ifis.iowafloodcenter.org/ifis/layers/inundation/mississippi_pool_11/149.0k.kmz,stage_15.47ft
DUBUQUE,683,https://ifis.iowafloodcenter.org/ifis/layers/inundation/mississippi_pool_11/155.0k.kmz,stage_15.97ft
DUBUQUE,683,https://ifis.iowafloodcenter.org/ifis/layers/inundation/mississippi_pool_11/162.0k.kmz,stage_16.47ft
DUBUQUE,683,https://ifis.iowafloodcenter.org/ifis/layers/inundation/mississippi_pool_11/168.0k.kmz,stage_16.97ft
DUBUQUE,683,https://ifis.iowafloodcenter.org/ifis/layers/inundation/mississippi_pool_11/175.0k.kmz,stage_17.47ft
DUBUQUE,683,https://ifis.iowafloodcenter.org/ifis/layers/inundation/mississippi_pool_11/182.0k.kmz,stage_17.97ft
DUBUQUE,683,https://ifis.iowafloodcenter.org/ifis/layers/inundation/mississippi_pool_11/189.0k.kmz,stage_18.47ft
DUBUQUE,683,https://ifis.iowafloodcenter.org/ifis/layers/inundation/mississippi_pool_11/196.0k.kmz,stage_18.97ft
DUBUQUE,683,https://ifis.iowafloodcenter.org/ifis/layers/inundation/mississippi_pool_11/204.0k.kmz,stage_19.47ft
DUBUQUE,683,https://ifis.iowafloodcenter.org/ifis/layers/inundation/mississippi_pool_11/211.0k.kmz,stage_19.97ft
DUBUQUE,683,https://ifis.iowafloodcenter.org/ifis/layers/inundation/mississippi_pool_11/218.0k.kmz,stage_20.47ft
DUBUQUE,683,https://ifis.iowafloodcenter.org/ifis/layers/inundation/mississippi_pool_11/225.0k.kmz,stage_20.97ft
DUBUQUE,683,https://ifis.iowafloodcenter.org/ifis/layers/inundation/mississippi_pool_11/234.0k.kmz,stage_21.47ft
DUBUQUE,683,https://ifis.iowafloodcenter.org/ifis/layers/inundation/mississippi_pool_11/243.0k.kmz,stage_21.97ft
DUBUQUE,683,https://ifis.iowafloodcenter.org/ifis/layers/inundation/mississippi_pool_11/253.0k.kmz,stage_22.47ft
DUBUQUE,683,https://ifis.iowafloodcenter.org/ifis/layers/inundation/mississippi_pool_11/263.0k.kmz,stage_22.97ft
DUBUQUE,683,https://ifis.iowafloodcenter.org/ifis/layers/inundation/mississippi_pool_11/272.0k.kmz,stage_23.47ft
DUBUQUE,683,https://ifis.iowafloodcenter.org/ifis/layers/inundation/mississippi_pool_11/282.0k.kmz,stage_23.97ft
DUBUQUE,683,https://ifis.iowafloodcenter.org/ifis/layers/inundation/mississippi_pool_11/291.0k.kmz,stage_24.47ft
DUBUQUE,683,https://ifis.iowafloodcenter.org/ifis/layers/inundation/mississippi_pool_11/301.0k.kmz,stage_24.97ft
DUBUQUE,683,https://ifis.iowafloodcenter.org/ifis/layers/inundation/mississippi_pool_11/312.0k.kmz,stage_25.47ft
DUBUQUE,683,https://ifis.iowafloodcenter.org/ifis/layers/inundation/mississippi_pool_11/322.0k.kmz,stage_25.97ft
DUBUQUE,683,https://ifis.iowafloodcenter.org/ifis/layers/inundation/mississippi_pool_11/332.0k.kmz,stage_26.47ft
DUBUQUE,683,https://ifis.iowafloodcenter.org/ifis/layers/inundation/mississippi_pool_11/ff002.kmz,flood_2yr
DUBUQUE,683,https://ifis.iowafloodcenter.org/ifis/layers/inundation/mississippi_pool_11/ff005.kmz,flood_5yr
DUBUQUE,683,https://ifis.iowafloodcenter.org/ifis/layers/inundation/mississippi_pool_11/ff010.kmz,flood_10yr
DUBUQUE,683,https://ifis.iowafloodcenter.org/ifis/layers/inundation/mississippi_pool_11/ff025.kmz,flood_25yr
DUBUQUE,683,https://ifis.iowafloodcenter.org/ifis/layers/inundation/mississippi_pool_11/ff050.kmz,flood_50yr
DUBUQUE,683,https://ifis.iowafloodcenter.org/ifis/layers/inundation/mississippi_pool_11/ff100.kmz,flood_100yr
DUBUQUE,683,https://ifis.iowafloodcenter.org/ifis/layers/inundation/mississippi_pool_11/ff200.kmz,flood_200yr
DUBUQUE,683,https://ifis.iowafloodcenter.org/ifis/layers/inundation/mississippi_pool_11/ff500.kmz,flood_500yr
KEOKUK,685,https://ifis.iowafloodcenter.org/ifis/layers/inundation/mississippi_pool_19/090.0k.kmz,stage_40.37ft
KEOKUK,685,https://ifis.iowafloodcenter.org/ifis/layers/inundation/mississippi_pool_19/100.0k.kmz,stage_40.37ft
KEOKUK,685,https://ifis.iowafloodcenter.org/ifis/layers/inundation/mississippi_pool_19/110.0k.kmz,stage_40.37ft
KEOKUK,685,https://ifis.iowafloodcenter.org/ifis/layers/inundation/mississippi_pool_19/120.0k.kmz,stage_40.37ft
KEOKUK,685,https://ifis.iowafloodcenter.org/ifis/layers/inundation/mississippi_pool_19/130.0k.kmz,stage_40.37ft
KEOKUK,685,https://ifis.iowafloodcenter.org/ifis/layers/inundation/mississippi_pool_19/140.0k.kmz,stage_40.37ft
KEOKUK,685,https://ifis.iowafloodcenter.org/ifis/layers/inundation/mississippi_pool_19/150.0k.kmz,stage_40.37ft
KEOKUK,685,https://ifis.iowafloodcenter.org/ifis/layers/inundation/mississippi_pool_19/160.0k.kmz,stage_40.37ft
KEOKUK,685,https://ifis.iowafloodcenter.org/ifis/layers/inundation/mississippi_pool_19/170.0k.kmz,stage_40.37ft
KEOKUK,685,https://ifis.iowafloodcenter.org/ifis/layers/inundation/mississippi_pool_19/180.0k.kmz,stage_40.37ft
KEOKUK,685,https://ifis.iowafloodcenter.org/ifis/layers/inundation/mississippi_pool_19/190.0k.kmz,stage_40.37ft
KEOKUK,685,https://ifis.iowafloodcenter.org/ifis/layers/inundation/mississippi_pool_19/200.0k.kmz,stage_40.37ft
KEOKUK,685,https://ifis.iowafloodcenter.org/ifis/layers/inundation/mississippi_pool_19/210.0k.kmz,stage_40.37ft
KEOKUK,685,https://ifis.iowafloodcenter.org/ifis/layers/inundation/mississippi_pool_19/220.0k.kmz,stage_40.37ft
KEOKUK,685,https://ifis.iowafloodcenter.org/ifis/layers/inundation/mississippi_pool_19/230.0k.kmz,stage_40.37ft
KEOKUK,685,https://ifis.iowafloodcenter.org/ifis/layers/inundation/mississippi_pool_19/240.0k.kmz,stage_40.37ft
KEOKUK,685,https://ifis.iowafloodcenter.org/ifis/layers/inundation/mississippi_pool_19/250.0k.kmz,stage_40.37ft
KEOKUK,685,https://ifis.iowafloodcenter.org/ifis/layers/inundation/mississippi_pool_19/260.0k.kmz,stage_40.37ft
KEOKUK,685,https://ifis.iowafloodcenter.org/ifis/layers/inundation/mississippi_pool_19/270.0k.kmz,stage_40.37ft
KEOKUK,685,https://ifis.iowafloodcenter.org/ifis/layers/inundation/mississippi_pool_19/280.0k.kmz,stage_40.37ft
KEOKUK,685,https://ifis.iowafloodcenter.org/ifis/layers/inundation/mississippi_pool_19/290.0k.kmz,stage_40.37ft
KEOKUK,685,https://ifis.iowafloodcenter.org/ifis/layers/inundation/mississippi_pool_19/300.0k.kmz,stage_40.37ft
KEOKUK,685,https://ifis.iowafloodcenter.org/ifis/layers/inundation/mississippi_pool_19/310.0k.kmz,stage_40.37ft
KEOKUK,685,https://ifis.iowafloodcenter.org/ifis/layers/inundation/mississippi_pool_19/320.0k.kmz,stage_40.37ft
KEOKUK,685,https://ifis.iowafloodcenter.org/ifis/layers/inundation/mississippi_pool_19/330.0k.kmz,stage_40.37ft
KEOKUK,685,https://ifis.iowafloodcenter.org/ifis/layers/inundation/mississippi_pool_19/340.0k.kmz,stage_40.37ft
KEOKUK,685,https://ifis.iowafloodcenter.org/ifis/layers/inundation/mississippi_pool_19/350.0k.kmz,stage_40.37ft
KEOKUK,685,https://ifis.iowafloodcenter.org/ifis/layers/inundation/mississippi_pool_19/360.0k.kmz,stage_40.37ft
KEOKUK,685,https://ifis.iowafloodcenter.org/ifis/layers/inundation/mississippi_pool_19/370.0k.kmz,stage_40.37ft
KEOKUK,685,https://ifis.iowafloodcenter.org/ifis/layers/inundation/mississippi_pool_19/380.0k.kmz,stage_40.37ft
KEOKUK,685,https://ifis.iowafloodcenter.org/ifis/layers/inundation/mississippi_pool_19/390.0k.kmz,stage_40.37ft
KEOKUK,685,https://ifis.iowafloodcenter.org/ifis/layers/inundation/mississippi_pool_19/400.0k.kmz,stage_40.37ft
KEOKUK,685,https://ifis.iowafloodcenter.org/ifis/layers/inundation/mississippi_pool_19/410.0k.kmz,stage_40.37ft
KEOKUK,685,https://ifis.iowafloodcenter.org/ifis/layers/inundation/mississippi_pool_19/420.0k.kmz,stage_40.37ft
KEOKUK,685,https://ifis.iowafloodcenter.org/ifis/layers/inundation/mississippi_pool_19/430.0k.kmz,stage_40.37ft
KEOKUK,685,https://ifis.iowafloodcenter.org/ifis/layers/inundation/mississippi_pool_19/440.0k.kmz,stage_40.37ft
KEOKUK,685,https://ifis.iowafloodcenter.org/ifis/layers/inundation/mississippi_pool_19/450.0k.kmz,stage_40.37ft
KEOKUK,685,https://ifis.iowafloodcenter.org/ifis/layers/inundation/mississippi_pool_19/ff002.kmz,flood_2yr
KEOKUK,685,https://ifis.iowafloodcenter.org/ifis/layers/inundation/mississippi_pool_19/ff005.kmz,flood_5yr
KEOKUK,685,https://ifis.iowafloodcenter.org/ifis/layers/inundation/mississippi_pool_19/ff010.kmz,flood_10yr
KEOKUK,685,https://ifis.iowafloodcenter.org/ifis/layers/inundation/mississippi_pool_19/ff025.kmz,flood_25yr
KEOKUK,685,https://ifis.iowafloodcenter.org/ifis/layers/inundation/mississippi_pool_19/ff050.kmz,flood_50yr
KEOKUK,685,https://ifis.iowafloodcenter.org/ifis/layers/inundation/mississippi_pool_19/ff100.kmz,flood_100yr
KEOKUK,685,https://ifis.iowafloodcenter.org/ifis/layers/inundation/mississippi_pool_19/ff200.kmz,flood_200yr
KEOKUK,685,https://ifis.iowafloodcenter.org/ifis/layers/inundation/mississippi_pool_19/ff500.kmz,flood_500yr
FULTON,686,https://ifis.iowafloodcenter.org/ifis/layers/inundation/mississippi_pool_13/068.0k.kmz,stage_14.3ft
FULTON,686,https://ifis.iowafloodcenter.org/ifis/layers/inundation/mississippi_pool_13/075.0k.kmz,stage_14.3ft
FULTON,686,https://ifis.iowafloodcenter.org/ifis/layers/inundation/mississippi_pool_13/082.0k.kmz,stage_14.3ft
FULTON,686,https://ifis.iowafloodcenter.org/ifis/layers/inundation/mississippi_pool_13/089.0k.kmz,stage_14.3ft
FULTON,686,https://ifis.iowafloodcenter.org/ifis/layers/inundation/mississippi_pool_13/096.0k.kmz,stage_14.3ft
FULTON,686,https://ifis.iowafloodcenter.org/ifis/layers/inundation/mississippi_pool_13/103.0k.kmz,stage_14.3ft
FULTON,686,https://ifis.iowafloodcenter.org/ifis/layers/inundation/mississippi_pool_13/110.0k.kmz,stage_14.3ft
FULTON,686,https://ifis.iowafloodcenter.org/ifis/layers/inundation/mississippi_pool_13/117.0k.kmz,stage_14.3ft
FULTON,686,https://ifis.iowafloodcenter.org/ifis/layers/inundation/mississippi_pool_13/124.0k.kmz,stage_14.3ft
FULTON,686,https://ifis.iowafloodcenter.org/ifis/layers/inundation/mississippi_pool_13/131.0k.kmz,stage_14.3ft
FULTON,686,https://ifis.iowafloodcenter.org/ifis/layers/inundation/mississippi_pool_13/137.0k.kmz,stage_14.3ft
FULTON,686,https://ifis.iowafloodcenter.org/ifis/layers/inundation/mississippi_pool_13/138.0k.kmz,stage_14.41ft
FULTON,686,https://ifis.iowafloodcenter.org/ifis/layers/inundation/mississippi_pool_13/145.0k.kmz,stage_14.91ft
FULTON,686,https://ifis.iowafloodcenter.org/ifis/layers/inundation/mississippi_pool_13/152.0k.kmz,stage_15.41ft
FULTON,686,https://ifis.iowafloodcenter.org/ifis/layers/inundation/mississippi_pool_13/158.0k.kmz,stage_15.91ft
FULTON,686,https://ifis.iowafloodcenter.org/ifis/layers/inundation/mississippi_pool_13/165.0k.kmz,stage_16.41ft
FULTON,686,https://ifis.iowafloodcenter.org/ifis/layers/inundation/mississippi_pool_13/171.0k.kmz,stage_16.91ft
FULTON,686,https://ifis.iowafloodcenter.org/ifis/layers/inundation/mississippi_pool_13/178.0k.kmz,stage_17.41ft
FULTON,686,https://ifis.iowafloodcenter.org/ifis/layers/inundation/mississippi_pool_13/184.0k.kmz,stage_17.91ft
FULTON,686,https://ifis.iowafloodcenter.org/ifis/layers/inundation/mississippi_pool_13/191.0k.kmz,stage_18.41ft
FULTON,686,https://ifis.iowafloodcenter.org/ifis/layers/inundation/mississippi_pool_13/197.0k.kmz,stage_18.91ft
FULTON,686,https://ifis.iowafloodcenter.org/ifis/layers/inundation/mississippi_pool_13/204.0k.kmz,stage_19.41ft
FULTON,686,https://ifis.iowafloodcenter.org/ifis/layers/inundation/mississippi_pool_13/211.0k.kmz,stage_19.91ft
FULTON,686,https://ifis.iowafloodcenter.org/ifis/layers/inundation/mississippi_pool_13/217.0k.kmz,stage_20.41ft
FULTON,686,https://ifis.iowafloodcenter.org/ifis/layers/inundation/mississippi_pool_13/224.0k.kmz,stage_20.91ft
FULTON,686,https://ifis.iowafloodcenter.org/ifis/layers/inundation/mississippi_pool_13/231.0k.kmz,stage_21.41ft
FULTON,686,https://ifis.iowafloodcenter.org/ifis/layers/inundation/mississippi_pool_13/238.0k.kmz,stage_21.91ft
FULTON,686,https://ifis.iowafloodcenter.org/ifis/layers/inundation/mississippi_pool_13/246.0k.kmz,stage_22.41ft
FULTON,686,https://ifis.iowafloodcenter.org/ifis/layers/inundation/mississippi_pool_13/253.0k.kmz,stage_22.91ft
FULTON,686,https://ifis.iowafloodcenter.org/ifis/layers/inundation/mississippi_pool_13/261.0k.kmz,stage_23.41ft
FULTON,686,https://ifis.iowafloodcenter.org/ifis/layers/inundation/mississippi_pool_13/270.0k.kmz,stage_23.91ft
FULTON,686,https://ifis.iowafloodcenter.org/ifis/layers/inundation/mississippi_pool_13/278.0k.kmz,stage_24.41ft
FULTON,686,https://ifis.iowafloodcenter.org/ifis/layers/inundation/mississippi_pool_13/288.0k.kmz,stage_24.91ft
FULTON,686,https://ifis.iowafloodcenter.org/ifis/layers/inundation/mississippi_pool_13/297.0k.kmz,stage_25.41ft
FULTON,686,https://ifis.iowafloodcenter.org/ifis/layers/inundation/mississippi_pool_13/307.0k.kmz,stage_25.91ft
FULTON,686,https://ifis.iowafloodcenter.org/ifis/layers/inundation/mississippi_pool_13/320.0k.kmz,stage_26.41ft
FULTON,686,https://ifis.iowafloodcenter.org/ifis/layers/inundation/mississippi_pool_13/333.0k.kmz,stage_26.91ft
FULTON,686,https://ifis.iowafloodcenter.org/ifis/layers/inundation/mississippi_pool_13/346.0k.kmz,stage_27.41ft
FULTON,686,https://ifis.iowafloodcenter.org/ifis/layers/inundation/mississippi_pool_13/359.0k.kmz,stage_27.91ft
FULTON,686,https://ifis.iowafloodcenter.org/ifis/layers/inundation/mississippi_pool_13/ff002.kmz,flood_2yr
FULTON,686,https://ifis.iowafloodcenter.org/ifis/layers/inundation/mississippi_pool_13/ff005.kmz,flood_5yr
FULTON,686,https://ifis.iowafloodcenter.org/ifis/layers/inundation/mississippi_pool_13/ff010.kmz,flood_10yr
FULTON,686,https://ifis.iowafloodcenter.org/ifis/layers/inundation/mississippi_pool_13/ff025.kmz,flood_25yr
FULTON,686,https://ifis.iowafloodcenter.org/ifis/layers/inundation/mississippi_pool_13/ff050.kmz,flood_50yr
FULTON,686,https://ifis.iowafloodcenter.org/ifis/layers/inundation/mississippi_pool_13/ff100.kmz,flood_100yr
FULTON,686,https://ifis.iowafloodcenter.org/ifis/layers/inundation/mississippi_pool_13/ff200.kmz,flood_200yr
FULTON,686,https://ifis.iowafloodcenter.org/ifis/layers/inundation/mississippi_pool_13/ff500.kmz,flood_500yr
GLADSTONE,689,https://ifis.iowafloodcenter.org/ifis/layers/inundation/mississippi_pool_18/085.0k.kmz,stage_9.52ft
GLADSTONE,689,https://ifis.iowafloodcenter.org/ifis/layers/inundation/mississippi_pool_18/095.0k.kmz,stage_9.52ft
GLADSTONE,689,https://ifis.iowafloodcenter.org/ifis/layers/inundation/mississippi_pool_18/105.0k.kmz,stage_9.52ft
GLADSTONE,689,https://ifis.iowafloodcenter.org/ifis/layers/inundation/mississippi_pool_18/115.0k.kmz,stage_9.52ft
GLADSTONE,689,https://ifis.iowafloodcenter.org/ifis/layers/inundation/mississippi_pool_18/125.0k.kmz,stage_9.52ft
GLADSTONE,689,https://ifis.iowafloodcenter.org/ifis/layers/inundation/mississippi_pool_18/135.0k.kmz,stage_9.52ft
GLADSTONE,689,https://ifis.iowafloodcenter.org/ifis/layers/inundation/mississippi_pool_18/142.0k.kmz,stage_9.52ft
GLADSTONE,689,https://ifis.iowafloodcenter.org/ifis/layers/inundation/mississippi_pool_18/145.0k.kmz,stage_9.7ft
GLADSTONE,689,https://ifis.iowafloodcenter.org/ifis/layers/inundation/mississippi_pool_18/155.0k.kmz,stage_10.2ft
GLADSTONE,689,https://ifis.iowafloodcenter.org/ifis/layers/inundation/mississippi_pool_18/164.0k.kmz,stage_10.7ft
GLADSTONE,689,https://ifis.iowafloodcenter.org/ifis/layers/inundation/mississippi_pool_18/173.0k.kmz,stage_11.2ft
GLADSTONE,689,https://ifis.iowafloodcenter.org/ifis/layers/inundation/mississippi_pool_18/182.0k.kmz,stage_11.7ft
GLADSTONE,689,https://ifis.iowafloodcenter.org/ifis/layers/inundation/mississippi_pool_18/192.0k.kmz,stage_12.2ft
GLADSTONE,689,https://ifis.iowafloodcenter.org/ifis/layers/inundation/mississippi_pool_18/202.0k.kmz,stage_12.7ft
GLADSTONE,689,https://ifis.iowafloodcenter.org/ifis/layers/inundation/mississippi_pool_18/211.0k.kmz,stage_13.2ft
GLADSTONE,689,https://ifis.iowafloodcenter.org/ifis/layers/inundation/mississippi_pool_18/221.0k.kmz,stage_13.7ft
GLADSTONE,689,https://ifis.iowafloodcenter.org/ifis/layers/inundation/mississippi_pool_18/231.0k.kmz,stage_14.2ft
GLADSTONE,689,https://ifis.iowafloodcenter.org/ifis/layers/inundation/mississippi_pool_18/240.0k.kmz,stage_14.7ft
GLADSTONE,689,https://ifis.iowafloodcenter.org/ifis/layers/inundation/mississippi_pool_18/250.0k.kmz,stage_15.2ft
GLADSTONE,689,https://ifis.iowafloodcenter.org/ifis/layers/inundation/mississippi_pool_18/260.0k.kmz,stage_15.7ft
GLADSTONE,689,https://ifis.iowafloodcenter.org/ifis/layers/inundation/mississippi_pool_18/270.0k.kmz,stage_16.2ft
GLADSTONE,689,https://ifis.iowafloodcenter.org/ifis/layers/inundation/mississippi_pool_18/280.0k.kmz,stage_16.7ft
GLADSTONE,689,https://ifis.iowafloodcenter.org/ifis/layers/inundation/mississippi_pool_18/290.0k.kmz,stage_17.2ft
GLADSTONE,689,https://ifis.iowafloodcenter.org/ifis/layers/inundation/mississippi_pool_18/300.0k.kmz,stage_17.7ft
GLADSTONE,689,https://ifis.iowafloodcenter.org/ifis/layers/inundation/mississippi_pool_18/311.0k.kmz,stage_18.2ft
GLADSTONE,689,https://ifis.iowafloodcenter.org/ifis/layers/inundation/mississippi_pool_18/321.0k.kmz,stage_18.7ft
GLADSTONE,689,https://ifis.iowafloodcenter.org/ifis/layers/inundation/mississippi_pool_18/333.0k.kmz,stage_19.2ft
GLADSTONE,689,https://ifis.iowafloodcenter.org/ifis/layers/inundation/mississippi_pool_18/345.0k.kmz,stage_19.7ft
GLADSTONE,689,https://ifis.iowafloodcenter.org/ifis/layers/inundation/mississippi_pool_18/360.0k.kmz,stage_20.2ft
GLADSTONE,689,https://ifis.iowafloodcenter.org/ifis/layers/inundation/mississippi_pool_18/376.0k.kmz,stage_20.7ft
GLADSTONE,689,https://ifis.iowafloodcenter.org/ifis/layers/inundation/mississippi_pool_18/399.0k.kmz,stage_21.2ft
GLADSTONE,689,https://ifis.iowafloodcenter.org/ifis/layers/inundation/mississippi_pool_18/421.0k.kmz,stage_21.7ft
GLADSTONE,689,https://ifis.iowafloodcenter.org/ifis/layers/inundation/mississippi_pool_18/ff002.kmz,flood_2yr
GLADSTONE,689,https://ifis.iowafloodcenter.org/ifis/layers/inundation/mississippi_pool_18/ff005.kmz,flood_5yr
GLADSTONE,689,https://ifis.iowafloodcenter.org/ifis/layers/inundation/mississippi_pool_18/ff010.kmz,flood_10yr
GLADSTONE,689,https://ifis.iowafloodcenter.org/ifis/layers/inundation/mississippi_pool_18/ff025.kmz,flood_25yr
GLADSTONE,689,https://ifis.iowafloodcenter.org/ifis/layers/inundation/mississippi_pool_18/ff050.kmz,flood_50yr
GLADSTONE,689,https://ifis.iowafloodcenter.org/ifis/layers/inundation/mississippi_pool_18/ff100.kmz,flood_100yr
GLADSTONE,689,https://ifis.iowafloodcenter.org/ifis/layers/inundation/mississippi_pool_18/ff200.kmz,flood_200yr
GLADSTONE,689,https://ifis.iowafloodcenter.org/ifis/layers/inundation/mississippi_pool_18/ff500.kmz,flood_500yr
GLADSTONE,689,https://ifis.iowafloodcenter.org/ifis/layers/inundation/mississippi_pool_18/444.0k.kmz,flood_0yr
ILLINOIS CITY,693,https://ifis.iowafloodcenter.org/ifis/layers/inundation/mississippi_pool_16/090.0k.kmz,stage_11.38ft
ILLINOIS CITY,693,https://ifis.iowafloodcenter.org/ifis/layers/inundation/mississippi_pool_16/095.0k.kmz,stage_11.38ft
ILLINOIS CITY,693,https://ifis.iowafloodcenter.org/ifis/layers/inundation/mississippi_pool_16/100.0k.kmz,stage_11.38ft
ILLINOIS CITY,693,https://ifis.iowafloodcenter.org/ifis/layers/inundation/mississippi_pool_16/105.0k.kmz,stage_11.38ft
ILLINOIS CITY,693,https://ifis.iowafloodcenter.org/ifis/layers/inundation/mississippi_pool_16/110.0k.kmz,stage_11.38ft
ILLINOIS CITY,693,https://ifis.iowafloodcenter.org/ifis/layers/inundation/mississippi_pool_16/115.0k.kmz,stage_11.38ft
ILLINOIS CITY,693,https://ifis.iowafloodcenter.org/ifis/layers/inundation/mississippi_pool_16/120.0k.kmz,stage_11.38ft
ILLINOIS CITY,693,https://ifis.iowafloodcenter.org/ifis/layers/inundation/mississippi_pool_16/125.0k.kmz,stage_11.38ft
ILLINOIS CITY,693,https://ifis.iowafloodcenter.org/ifis/layers/inundation/mississippi_pool_16/130.0k.kmz,stage_11.38ft
ILLINOIS CITY,693,https://ifis.iowafloodcenter.org/ifis/layers/inundation/mississippi_pool_16/136.0k.kmz,stage_11.91ft
ILLINOIS CITY,693,https://ifis.iowafloodcenter.org/ifis/layers/inundation/mississippi_pool_16/142.0k.kmz,stage_12.41ft
ILLINOIS CITY,693,https://ifis.iowafloodcenter.org/ifis/layers/inundation/mississippi_pool_16/148.0k.kmz,stage_12.91ft
ILLINOIS CITY,693,https://ifis.iowafloodcenter.org/ifis/layers/inundation/mississippi_pool_16/154.0k.kmz,stage_13.41ft
ILLINOIS CITY,693,https://ifis.iowafloodcenter.org/ifis/layers/inundation/mississippi_pool_16/160.0k.kmz,stage_13.91ft
ILLINOIS CITY,693,https://ifis.iowafloodcenter.org/ifis/layers/inundation/mississippi_pool_16/167.0k.kmz,stage_14.41ft
ILLINOIS CITY,693,https://ifis.iowafloodcenter.org/ifis/layers/inundation/mississippi_pool_16/174.0k.kmz,stage_14.91ft
ILLINOIS CITY,693,https://ifis.iowafloodcenter.org/ifis/layers/inundation/mississippi_pool_16/180.0k.kmz,stage_15.41ft
ILLINOIS CITY,693,https://ifis.iowafloodcenter.org/ifis/layers/inundation/mississippi_pool_16/187.0k.kmz,stage_15.91ft
ILLINOIS CITY,693,https://ifis.iowafloodcenter.org/ifis/layers/inundation/mississippi_pool_16/194.0k.kmz,stage_16.41ft
ILLINOIS CITY,693,https://ifis.iowafloodcenter.org/ifis/layers/inundation/mississippi_pool_16/201.0k.kmz,stage_16.91ft
ILLINOIS CITY,693,https://ifis.iowafloodcenter.org/ifis/layers/inundation/mississippi_pool_16/210.0k.kmz,stage_17.41ft
ILLINOIS CITY,693,https://ifis.iowafloodcenter.org/ifis/layers/inundation/mississippi_pool_16/219.0k.kmz,stage_17.91ft
ILLINOIS CITY,693,https://ifis.iowafloodcenter.org/ifis/layers/inundation/mississippi_pool_16/228.0k.kmz,stage_18.41ft
ILLINOIS CITY,693,https://ifis.iowafloodcenter.org/ifis/layers/inundation/mississippi_pool_16/235.0k.kmz,stage_18.91ft
ILLINOIS CITY,693,https://ifis.iowafloodcenter.org/ifis/layers/inundation/mississippi_pool_16/242.0k.kmz,stage_19.41ft
ILLINOIS CITY,693,https://ifis.iowafloodcenter.org/ifis/layers/inundation/mississippi_pool_16/250.0k.kmz,stage_19.91ft
ILLINOIS CITY,693,https://ifis.iowafloodcenter.org/ifis/layers/inundation/mississippi_pool_16/257.0k.kmz,stage_20.41ft
ILLINOIS CITY,693,https://ifis.iowafloodcenter.org/ifis/layers/inundation/mississippi_pool_16/265.0k.kmz,stage_20.91ft
ILLINOIS CITY,693,https://ifis.iowafloodcenter.org/ifis/layers/inundation/mississippi_pool_16/272.0k.kmz,stage_21.41ft
ILLINOIS CITY,693,https://ifis.iowafloodcenter.org/ifis/layers/inundation/mississippi_pool_16/280.0k.kmz,stage_21.91ft
ILLINOIS CITY,693,https://ifis.iowafloodcenter.org/ifis/layers/inundation/mississippi_pool_16/287.0k.kmz,stage_22.41ft
ILLINOIS CITY,693,https://ifis.iowafloodcenter.org/ifis/layers/inundation/mississippi_pool_16/295.0k.kmz,stage_22.91ft
ILLINOIS CITY,693,https://ifis.iowafloodcenter.org/ifis/layers/inundation/mississippi_pool_16/303.0k.kmz,stage_23.41ft
ILLINOIS CITY,693,https://ifis.iowafloodcenter.org/ifis/layers/inundation/mississippi_pool_16/311.0k.kmz,stage_23.91ft
ILLINOIS CITY,693,https://ifis.iowafloodcenter.org/ifis/layers/inundation/mississippi_pool_16/319.0k.kmz,stage_24.41ft
ILLINOIS CITY,693,https://ifis.iowafloodcenter.org/ifis/layers/inundation/mississippi_pool_16/332.0k.kmz,stage_24.91ft
ILLINOIS CITY,693,https://ifis.iowafloodcenter.org/ifis/layers/inundation/mississippi_pool_16/344.0k.kmz,stage_25.41ft
ILLINOIS CITY,693,https://ifis.iowafloodcenter.org/ifis/layers/inundation/mississippi_pool_16/359.0k.kmz,stage_25.91ft
ILLINOIS CITY,693,https://ifis.iowafloodcenter.org/ifis/layers/inundation/mississippi_pool_16/374.0k.kmz,stage_26.41ft
ILLINOIS CITY,693,https://ifis.iowafloodcenter.org/ifis/layers/inundation/mississippi_pool_16/379.0k.kmz,stage_26.91ft
ILLINOIS CITY,693,https://ifis.iowafloodcenter.org/ifis/layers/inundation/mississippi_pool_16/ff002.kmz,flood_2yr
ILLINOIS CITY,693,https://ifis.iowafloodcenter.org/ifis/layers/inundation/mississippi_pool_16/ff005.kmz,flood_5yr
ILLINOIS CITY,693,https://ifis.iowafloodcenter.org/ifis/layers/inundation/mississippi_pool_16/ff010.kmz,flood_10yr
ILLINOIS CITY,693,https://ifis.iowafloodcenter.org/ifis/layers/inundation/mississippi_pool_16/ff025.kmz,flood_25yr
ILLINOIS CITY,693,https://ifis.iowafloodcenter.org/ifis/layers/inundation/mississippi_pool_16/ff050.kmz,flood_50yr
ILLINOIS CITY,693,https://ifis.iowafloodcenter.org/ifis/layers/inundation/mississippi_pool_16/ff100.kmz,flood_100yr
ILLINOIS CITY,693,https://ifis.iowafloodcenter.org/ifis/layers/inundation/mississippi_pool_16/ff200.kmz,flood_200yr
ILLINOIS CITY,693,https://ifis.iowafloodcenter.org/ifis/layers/inundation/mississippi_pool_16/ff500.kmz,flood_500yr
LECLAIRE,696,https://ifis.iowafloodcenter.org/ifis/layers/inundation/mississippi_pool_14/081.0k.kmz,stage_14.84ft
LECLAIRE,696,https://ifis.iowafloodcenter.org/ifis/layers/inundation/mississippi_pool_14/087.0k.kmz,stage_14.84ft
LECLAIRE,696,https://ifis.iowafloodcenter.org/ifis/layers/inundation/mississippi_pool_14/093.0k.kmz,stage_14.84ft
LECLAIRE,696,https://ifis.iowafloodcenter.org/ifis/layers/inundation/mississippi_pool_14/099.0k.kmz,stage_14.84ft
LECLAIRE,696,https://ifis.iowafloodcenter.org/ifis/layers/inundation/mississippi_pool_14/105.0k.kmz,stage_14.84ft
LECLAIRE,696,https://ifis.iowafloodcenter.org/ifis/layers/inundation/mississippi_pool_14/111.0k.kmz,stage_14.84ft
LECLAIRE,696,https://ifis.iowafloodcenter.org/ifis/layers/inundation/mississippi_pool_14/117.0k.kmz,stage_14.84ft
LECLAIRE,696,https://ifis.iowafloodcenter.org/ifis/layers/inundation/mississippi_pool_14/123.0k.kmz,stage_14.84ft
LECLAIRE,696,https://ifis.iowafloodcenter.org/ifis/layers/inundation/mississippi_pool_14/129.0k.kmz,stage_14.84ft
LECLAIRE,696,https://ifis.iowafloodcenter.org/ifis/layers/inundation/mississippi_pool_14/135.0k.kmz,stage_14.84ft
LECLAIRE,696,https://ifis.iowafloodcenter.org/ifis/layers/inundation/mississippi_pool_14/141.0k.kmz,stage_14.84ft
LECLAIRE,696,https://ifis.iowafloodcenter.org/ifis/layers/inundation/mississippi_pool_14/147.0k.kmz,stage_14.84ft
LECLAIRE,696,https://ifis.iowafloodcenter.org/ifis/layers/inundation/mississippi_pool_14/153.0k.kmz,stage_14.84ft
LECLAIRE,696,https://ifis.iowafloodcenter.org/ifis/layers/inundation/mississippi_pool_14/159.0k.kmz,stage_14.84ft
LECLAIRE,696,https://ifis.iowafloodcenter.org/ifis/layers/inundation/mississippi_pool_14/165.0k.kmz,stage_14.84ft
LECLAIRE,696,https://ifis.iowafloodcenter.org/ifis/layers/inundation/mississippi_pool_14/171.0k.kmz,stage_14.84ft
LECLAIRE,696,https://ifis.iowafloodcenter.org/ifis/layers/inundation/mississippi_pool_14/177.0k.kmz,stage_14.84ft
LECLAIRE,696,https://ifis.iowafloodcenter.org/ifis/layers/inundation/mississippi_pool_14/183.0k.kmz,stage_14.84ft
LECLAIRE,696,https://ifis.iowafloodcenter.org/ifis/layers/inundation/mississippi_pool_14/189.0k.kmz,stage_14.84ft
LECLAIRE,696,https://ifis.iowafloodcenter.org/ifis/layers/inundation/mississippi_pool_14/195.0k.kmz,stage_14.84ft
LECLAIRE,696,https://ifis.iowafloodcenter.org/ifis/layers/inundation/mississippi_pool_14/201.0k.kmz,stage_14.84ft
LECLAIRE,696,https://ifis.iowafloodcenter.org/ifis/layers/inundation/mississippi_pool_14/203.0k.kmz,stage_14.84ft
LECLAIRE,696,https://ifis.iowafloodcenter.org/ifis/layers/inundation/mississippi_pool_14/207.0k.kmz,stage_15.07ft
LECLAIRE,696,https://ifis.iowafloodcenter.org/ifis/layers/inundation/mississippi_pool_14/216.0k.kmz,stage_15.57ft
LECLAIRE,696,https://ifis.iowafloodcenter.org/ifis/layers/inundation/mississippi_pool_14/225.0k.kmz,stage_16.07ft
LECLAIRE,696,https://ifis.iowafloodcenter.org/ifis/layers/inundation/mississippi_pool_14/234.0k.kmz,stage_16.57ft
LECLAIRE,696,https://ifis.iowafloodcenter.org/ifis/layers/inundation/mississippi_pool_14/243.0k.kmz,stage_17.07ft
LECLAIRE,696,https://ifis.iowafloodcenter.org/ifis/layers/inundation/mississippi_pool_14/249.0k.kmz,stage_17.57ft
LECLAIRE,696,https://ifis.iowafloodcenter.org/ifis/layers/inundation/mississippi_pool_14/255.0k.kmz,stage_18.07ft
LECLAIRE,696,https://ifis.iowafloodcenter.org/ifis/layers/inundation/mississippi_pool_14/261.0k.kmz,stage_18.57ft
LECLAIRE,696,https://ifis.iowafloodcenter.org/ifis/layers/inundation/mississippi_pool_14/267.0k.kmz,stage_19.07ft
LECLAIRE,696,https://ifis.iowafloodcenter.org/ifis/layers/inundation/mississippi_pool_14/274.0k.kmz,stage_19.57ft
LECLAIRE,696,https://ifis.iowafloodcenter.org/ifis/layers/inundation/mississippi_pool_14/281.0k.kmz,stage_20.07ft
LECLAIRE,696,https://ifis.iowafloodcenter.org/ifis/layers/inundation/mississippi_pool_14/288.0k.kmz,stage_20.57ft
LECLAIRE,696,https://ifis.iowafloodcenter.org/ifis/layers/inundation/mississippi_pool_14/296.0k.kmz,stage_21.07ft
LECLAIRE,696,https://ifis.iowafloodcenter.org/ifis/layers/inundation/mississippi_pool_14/305.0k.kmz,stage_21.57ft
LECLAIRE,696,https://ifis.iowafloodcenter.org/ifis/layers/inundation/mississippi_pool_14/314.0k.kmz,stage_22.07ft
LECLAIRE,696,https://ifis.iowafloodcenter.org/ifis/layers/inundation/mississippi_pool_14/322.0k.kmz,stage_22.57ft
LECLAIRE,696,https://ifis.iowafloodcenter.org/ifis/layers/inundation/mississippi_pool_14/331.0k.kmz,stage_23.07ft
LECLAIRE,696,https://ifis.iowafloodcenter.org/ifis/layers/inundation/mississippi_pool_14/339.0k.kmz,stage_23.57ft
LECLAIRE,696,https://ifis.iowafloodcenter.org/ifis/layers/inundation/mississippi_pool_14/348.0k.kmz,stage_24.07ft
LECLAIRE,696,https://ifis.iowafloodcenter.org/ifis/layers/inundation/mississippi_pool_14/ff002.kmz,flood_2yr
LECLAIRE,696,https://ifis.iowafloodcenter.org/ifis/layers/inundation/mississippi_pool_14/ff005.kmz,flood_5yr
LECLAIRE,696,https://ifis.iowafloodcenter.org/ifis/layers/inundation/mississippi_pool_14/ff010.kmz,flood_10yr
LECLAIRE,696,https://ifis.iowafloodcenter.org/ifis/layers/inundation/mississippi_pool_14/ff025.kmz,flood_25yr
LECLAIRE,696,https://ifis.iowafloodcenter.org/ifis/layers/inundation/mississippi_pool_14/ff050.kmz,flood_50yr
LECLAIRE,696,https://ifis.iowafloodcenter.org/ifis/layers/inundation/mississippi_pool_14/ff100.kmz,flood_100yr
LECLAIRE,696,https://ifis.iowafloodcenter.org/ifis/layers/inundation/mississippi_pool_14/ff200.kmz,flood_200yr
LECLAIRE,696,https://ifis.iowafloodcenter.org/ifis/layers/inundation/mississippi_pool_14/ff500.kmz,flood_500yr
