EVENT_ID,CZ_NAME_STR,BEGIN_LOCATION,BEGIN_DATE,BEGIN_TIME,EVENT_TYPE,MAGNITUDE,TOR_F_SCALE,DEATHS_DIRECT,INJURIES_DIRECT,DAMAGE_PROPERTY_NUM,DAMAGE_CROPS_NUM,STATE_ABBR,CZ_TIMEZONE,MAGNITUDE_TYPE,EPISODE_ID,CZ_TYPE,CZ_FIPS,WFO,INJURIES_INDIRECT,DEATHS_INDIRECT,SOURCE,FLOOD_CAUSE,TOR_LENGTH,TOR_WIDTH,BEGIN_RANGE,BEGIN_AZIMUTH,END_RANGE,END_AZIMUTH,END_LOCATION,END_DATE,END_TIME,BEGIN_LAT,BEGIN_LON,END_LAT,END_LON,EVENT_NARRATIVE,EPISODE_NARRATIVE,ABSOLUTE_ROWNUMBER,,,,,,,,,,,,,
5540507,POLK (ZONE), ,2/9/1996,600,Flood, , ,0,0,0,0,IA,CST, ,2403189,Z,60,DMX,0,0, , , , , , , , , ,2/12/1996,1800, , , , ,,"Though precipitation in Iowa during the month o February was light, scattered flooding was obseved in Iowa for the first time since July of 1995.  All of the flooding resulted from significant melting of the extensive snow cover in Iowa between the 7th and the 10th of the month.  Some of the high water conditions were enhanced by ice jams.  Damage was minor, as as the flooding.  The Iowa River at Marshalltown crested about a foot and one half above flood stage on the 11th due to melting and ice action.  The Raccoon River at Van Meter crested nearly 2 feet above flood stage.  This was partly due to the melting and partly due to ice action.  Minor flooding was observed along the South Skunk River at Oskaloosa and the Cedar Creek at Bussey.",1,,,,,,,,,,,,,
5540510,MARION (ZONE), ,2/9/1996,600,Flood, , ,0,0,0,0,IA,CST, ,2403189,Z,74,DMX,0,0, , , , , , , , , ,2/12/1996,1800, , , , ,,"Though precipitation in Iowa during the month o February was light, scattered flooding was obseved in Iowa for the first time since July of 1995.  All of the flooding resulted from significant melting of the extensive snow cover in Iowa between the 7th and the 10th of the month.  Some of the high water conditions were enhanced by ice jams.  Damage was minor, as as the flooding.  The Iowa River at Marshalltown crested about a foot and one half above flood stage on the 11th due to melting and ice action.  The Raccoon River at Van Meter crested nearly 2 feet above flood stage.  This was partly due to the melting and partly due to ice action.  Minor flooding was observed along the South Skunk River at Oskaloosa and the Cedar Creek at Bussey.",2,,,,,,,,,,,,,
5540511,MAHASKA (ZONE), ,2/9/1996,600,Flood, , ,0,0,50000,0,IA,CST, ,2403189,Z,75,DMX,0,0, , , , , , , , , ,2/12/1996,1800, , , , ,,"Though precipitation in Iowa during the month o February was light, scattered flooding was obseved in Iowa for the first time since July of 1995.  All of the flooding resulted from significant melting of the extensive snow cover in Iowa between the 7th and the 10th of the month.  Some of the high water conditions were enhanced by ice jams.  Damage was minor, as as the flooding.  The Iowa River at Marshalltown crested about a foot and one half above flood stage on the 11th due to melting and ice action.  The Raccoon River at Van Meter crested nearly 2 feet above flood stage.  This was partly due to the melting and partly due to ice action.  Minor flooding was observed along the South Skunk River at Oskaloosa and the Cedar Creek at Bussey.",3,,,,,,,,,,,,,
5540506,DALLAS (ZONE), ,2/9/1996,600,Flood, , ,0,0,0,0,IA,CST, ,2403189,Z,59,DMX,0,0, , , , , , , , , ,2/12/1996,1800, , , , ,,"Though precipitation in Iowa during the month o February was light, scattered flooding was obseved in Iowa for the first time since July of 1995.  All of the flooding resulted from significant melting of the extensive snow cover in Iowa between the 7th and the 10th of the month.  Some of the high water conditions were enhanced by ice jams.  Damage was minor, as as the flooding.  The Iowa River at Marshalltown crested about a foot and one half above flood stage on the 11th due to melting and ice action.  The Raccoon River at Van Meter crested nearly 2 feet above flood stage.  This was partly due to the melting and partly due to ice action.  Minor flooding was observed along the South Skunk River at Oskaloosa and the Cedar Creek at Bussey.",4,,,,,,,,,,,,,
5540508,JASPER (ZONE), ,2/9/1996,600,Flood, , ,0,0,0,0,IA,CST, ,2403189,Z,61,DMX,0,0, , , , , , , , , ,2/12/1996,1800, , , , ,,"Though precipitation in Iowa during the month o February was light, scattered flooding was obseved in Iowa for the first time since July of 1995.  All of the flooding resulted from significant melting of the extensive snow cover in Iowa between the 7th and the 10th of the month.  Some of the high water conditions were enhanced by ice jams.  Damage was minor, as as the flooding.  The Iowa River at Marshalltown crested about a foot and one half above flood stage on the 11th due to melting and ice action.  The Raccoon River at Van Meter crested nearly 2 feet above flood stage.  This was partly due to the melting and partly due to ice action.  Minor flooding was observed along the South Skunk River at Oskaloosa and the Cedar Creek at Bussey.",5,,,,,,,,,,,,,
5540503,STORY (ZONE), ,2/9/1996,600,Flood, , ,0,0,0,0,IA,CST, ,2403189,Z,48,DMX,0,0, , , , , , , , , ,2/12/1996,1800, , , , ,,"Though precipitation in Iowa during the month o February was light, scattered flooding was obseved in Iowa for the first time since July of 1995.  All of the flooding resulted from significant melting of the extensive snow cover in Iowa between the 7th and the 10th of the month.  Some of the high water conditions were enhanced by ice jams.  Damage was minor, as as the flooding.  The Iowa River at Marshalltown crested about a foot and one half above flood stage on the 11th due to melting and ice action.  The Raccoon River at Van Meter crested nearly 2 feet above flood stage.  This was partly due to the melting and partly due to ice action.  Minor flooding was observed along the South Skunk River at Oskaloosa and the Cedar Creek at Bussey.",6,,,,,,,,,,,,,
5540504,MARSHALL (ZONE), ,2/9/1996,600,Flood, , ,0,0,0,0,IA,CST, ,2403189,Z,49,DMX,0,0, , , , , , , , , ,2/12/1996,1800, , , , ,,"Though precipitation in Iowa during the month o February was light, scattered flooding was obseved in Iowa for the first time since July of 1995.  All of the flooding resulted from significant melting of the extensive snow cover in Iowa between the 7th and the 10th of the month.  Some of the high water conditions were enhanced by ice jams.  Damage was minor, as as the flooding.  The Iowa River at Marshalltown crested about a foot and one half above flood stage on the 11th due to melting and ice action.  The Raccoon River at Van Meter crested nearly 2 feet above flood stage.  This was partly due to the melting and partly due to ice action.  Minor flooding was observed along the South Skunk River at Oskaloosa and the Cedar Creek at Bussey.",7,,,,,,,,,,,,,
5540502,BOONE (ZONE), ,2/9/1996,600,Flood, , ,0,0,0,0,IA,CST, ,2403189,Z,47,DMX,0,0, , , , , , , , , ,2/12/1996,1800, , , , ,,"Though precipitation in Iowa during the month o February was light, scattered flooding was obseved in Iowa for the first time since July of 1995.  All of the flooding resulted from significant melting of the extensive snow cover in Iowa between the 7th and the 10th of the month.  Some of the high water conditions were enhanced by ice jams.  Damage was minor, as as the flooding.  The Iowa River at Marshalltown crested about a foot and one half above flood stage on the 11th due to melting and ice action.  The Raccoon River at Van Meter crested nearly 2 feet above flood stage.  This was partly due to the melting and partly due to ice action.  Minor flooding was observed along the South Skunk River at Oskaloosa and the Cedar Creek at Bussey.",8,,,,,,,,,,,,,
5540501,GREENE (ZONE), ,2/9/1996,600,Flood, , ,0,0,0,0,IA,CST, ,2403189,Z,46,DMX,0,0, , , , , , , , , ,2/12/1996,1800, , , , ,,"Though precipitation in Iowa during the month o February was light, scattered flooding was obseved in Iowa for the first time since July of 1995.  All of the flooding resulted from significant melting of the extensive snow cover in Iowa between the 7th and the 10th of the month.  Some of the high water conditions were enhanced by ice jams.  Damage was minor, as as the flooding.  The Iowa River at Marshalltown crested about a foot and one half above flood stage on the 11th due to melting and ice action.  The Raccoon River at Van Meter crested nearly 2 feet above flood stage.  This was partly due to the melting and partly due to ice action.  Minor flooding was observed along the South Skunk River at Oskaloosa and the Cedar Creek at Bussey.",9,,,,,,,,,,,,,
5540505,TAMA (ZONE), ,2/9/1996,600,Flood, , ,0,0,0,0,IA,CST, ,2403189,Z,50,DMX,0,0, , , , , , , , , ,2/12/1996,1800, , , , ,,"Though precipitation in Iowa during the month o February was light, scattered flooding was obseved in Iowa for the first time since July of 1995.  All of the flooding resulted from significant melting of the extensive snow cover in Iowa between the 7th and the 10th of the month.  Some of the high water conditions were enhanced by ice jams.  Damage was minor, as as the flooding.  The Iowa River at Marshalltown crested about a foot and one half above flood stage on the 11th due to melting and ice action.  The Raccoon River at Van Meter crested nearly 2 feet above flood stage.  This was partly due to the melting and partly due to ice action.  Minor flooding was observed along the South Skunk River at Oskaloosa and the Cedar Creek at Bussey.",10,,,,,,,,,,,,,
5540509,POWESHIEK (ZONE), ,2/9/1996,600,Flood, , ,0,0,0,0,IA,CST, ,2403189,Z,62,DMX,0,0, , , , , , , , , ,2/12/1996,1800, , , , ,,"Though precipitation in Iowa during the month o February was light, scattered flooding was obseved in Iowa for the first time since July of 1995.  All of the flooding resulted from significant melting of the extensive snow cover in Iowa between the 7th and the 10th of the month.  Some of the high water conditions were enhanced by ice jams.  Damage was minor, as as the flooding.  The Iowa River at Marshalltown crested about a foot and one half above flood stage on the 11th due to melting and ice action.  The Raccoon River at Van Meter crested nearly 2 feet above flood stage.  This was partly due to the melting and partly due to ice action.  Minor flooding was observed along the South Skunk River at Oskaloosa and the Cedar Creek at Bussey.",11,,,,,,,,,,,,,
5544248,CASS CO.,ATLANTIC,5/8/1996,2245,Flood, , ,0,0,50000,0,IA,CST, ,2032354,C,29,DMX,0,0, , , , , , , , ,ATLANTIC,5/9/1996,200, , , , ,,,12,,,,,,,,,,,,,
5544249,UNION CO.,CRESTON,5/8/1996,2245,Flood, , ,0,0,50000,0,IA,CST, ,2032355,C,175,DMX,0,0, , , , , , , , ,CRESTON,5/9/1996,200, , , , ,,"Thunderstorms producing heavy rainfall moved over the southwest Iowa Counties if Cass, Taylor, and Union.  Repeat thunderstorms produced quick rainfall amounts of 1 to 3 inches on top of ground that was quite saturated.  Most of the rain ran off, filling streams and causing urban flooding problems.",13,,,,,,,,,,,,,
5544250,TAYLOR CO.,BEDFORD,5/8/1996,2245,Flood, , ,0,0,50000,0,IA,CST, ,2032356,C,173,DMX,0,0, , , , , , , , ,BEDFORD,5/9/1996,200, , , , ,,,14,,,,,,,,,,,,,
5569867,VAN BUREN CO.,KEOSAUQUA,5/8/1996,2300,Flash Flood, , ,0,0,0,0,IA,CST, ,2052146,C,177,DVN,0,0, , , , , , , , ,KEOSAUQUA,5/9/1996,800, , , , ,,,15,,,,,,,,,,,,,
5545086,MAHASKA CO.,OSKALOOSA,5/9/1996,0,Flash Flood, , ,0,0,500000,0,IA,CST, ,2032441,C,123,DMX,0,0, , , , , , , , ,OSKALOOSA,5/9/1996,400, , , , ,,"Heavy rainfall occurred in Mahaska County as thunderstorms rolled across.  Rainfall amounts ranged from 3 inches ove the southern part of the county, upwards to 8 inches over the north.  All of the rain fall in a few hours time.  Many basements were flooded in the town of Oskaloosa.  Flash flooding was widespread across the county.  Highway 92 was closed for a time as water overtopped the highway.",16,,,,,,,,,,,,,
5544661,POLK (ZONE), ,5/9/1996,600,Flood, , ,0,0,0,0,IA,CST, ,1005164,Z,60,DMX,0,0, , , , , , , , , ,5/13/1996,1800, , , , ,,Heavy rains returned to Iowa again this month with thunderstorms widespread over the state.  The south half of Iowa received the heaviest rainfall.  The passage of the seasons first organized mesoscale convective complex.  Several inches of rain fell in less than 6 hours.  The heavy rains pushed many of the rivers and streams across southern Iowa out of their banks.  Damage was minor as the rivers did not exceed flood stage by a great deal.,17,,,,,,,,,,,,,
5544662,JASPER (ZONE), ,5/9/1996,600,Flood, , ,0,0,0,0,IA,CST, ,1005164,Z,61,DMX,0,0, , , , , , , , , ,5/13/1996,1800, , , , ,,Heavy rains returned to Iowa again this month with thunderstorms widespread over the state.  The south half of Iowa received the heaviest rainfall.  The passage of the seasons first organized mesoscale convective complex.  Several inches of rain fell in less than 6 hours.  The heavy rains pushed many of the rivers and streams across southern Iowa out of their banks.  Damage was minor as the rivers did not exceed flood stage by a great deal.,18,,,,,,,,,,,,,
5544663,POWESHIEK (ZONE), ,5/9/1996,600,Flood, , ,0,0,0,0,IA,CST, ,1005164,Z,62,DMX,0,0, , , , , , , , , ,5/13/1996,1800, , , , ,,Heavy rains returned to Iowa again this month with thunderstorms widespread over the state.  The south half of Iowa received the heaviest rainfall.  The passage of the seasons first organized mesoscale convective complex.  Several inches of rain fell in less than 6 hours.  The heavy rains pushed many of the rivers and streams across southern Iowa out of their banks.  Damage was minor as the rivers did not exceed flood stage by a great deal.,19,,,,,,,,,,,,,
5544664,MADISON (ZONE), ,5/9/1996,600,Flood, , ,0,0,0,0,IA,CST, ,1005164,Z,72,DMX,0,0, , , , , , , , , ,5/13/1996,1800, , , , ,,Heavy rains returned to Iowa again this month with thunderstorms widespread over the state.  The south half of Iowa received the heaviest rainfall.  The passage of the seasons first organized mesoscale convective complex.  Several inches of rain fell in less than 6 hours.  The heavy rains pushed many of the rivers and streams across southern Iowa out of their banks.  Damage was minor as the rivers did not exceed flood stage by a great deal.,20,,,,,,,,,,,,,
5544674,TAYLOR (ZONE), ,5/9/1996,600,Flood, , ,0,0,0,0,IA,CST, ,1005164,Z,92,DMX,0,0, , , , , , , , , ,5/13/1996,1800, , , , ,,Heavy rains returned to Iowa again this month with thunderstorms widespread over the state.  The south half of Iowa received the heaviest rainfall.  The passage of the seasons first organized mesoscale convective complex.  Several inches of rain fell in less than 6 hours.  The heavy rains pushed many of the rivers and streams across southern Iowa out of their banks.  Damage was minor as the rivers did not exceed flood stage by a great deal.,21,,,,,,,,,,,,,
5544665,WARREN (ZONE), ,5/9/1996,600,Flood, , ,0,0,0,0,IA,CST, ,1005164,Z,73,DMX,0,0, , , , , , , , , ,5/13/1996,1800, , , , ,,Heavy rains returned to Iowa again this month with thunderstorms widespread over the state.  The south half of Iowa received the heaviest rainfall.  The passage of the seasons first organized mesoscale convective complex.  Several inches of rain fell in less than 6 hours.  The heavy rains pushed many of the rivers and streams across southern Iowa out of their banks.  Damage was minor as the rivers did not exceed flood stage by a great deal.,22,,,,,,,,,,,,,
5544672,MONROE (ZONE), ,5/9/1996,600,Flood, , ,0,0,0,0,IA,CST, ,1005164,Z,85,DMX,0,0, , , , , , , , , ,5/13/1996,1800, , , , ,,Heavy rains returned to Iowa again this month with thunderstorms widespread over the state.  The south half of Iowa received the heaviest rainfall.  The passage of the seasons first organized mesoscale convective complex.  Several inches of rain fell in less than 6 hours.  The heavy rains pushed many of the rivers and streams across southern Iowa out of their banks.  Damage was minor as the rivers did not exceed flood stage by a great deal.,23,,,,,,,,,,,,,
5544673,WAPELLO (ZONE), ,5/9/1996,600,Flood, , ,0,0,0,0,IA,CST, ,1005164,Z,86,DMX,0,0, , , , , , , , , ,5/13/1996,1800, , , , ,,Heavy rains returned to Iowa again this month with thunderstorms widespread over the state.  The south half of Iowa received the heaviest rainfall.  The passage of the seasons first organized mesoscale convective complex.  Several inches of rain fell in less than 6 hours.  The heavy rains pushed many of the rivers and streams across southern Iowa out of their banks.  Damage was minor as the rivers did not exceed flood stage by a great deal.,24,,,,,,,,,,,,,
5544668,ADAMS (ZONE), ,5/9/1996,600,Flood, , ,0,0,0,0,IA,CST, ,1005164,Z,81,DMX,0,0, , , , , , , , , ,5/13/1996,1800, , , , ,,Heavy rains returned to Iowa again this month with thunderstorms widespread over the state.  The south half of Iowa received the heaviest rainfall.  The passage of the seasons first organized mesoscale convective complex.  Several inches of rain fell in less than 6 hours.  The heavy rains pushed many of the rivers and streams across southern Iowa out of their banks.  Damage was minor as the rivers did not exceed flood stage by a great deal.,25,,,,,,,,,,,,,
5544675,RINGGOLD (ZONE), ,5/9/1996,600,Flood, , ,0,0,0,0,IA,CST, ,1005164,Z,93,DMX,0,0, , , , , , , , , ,5/13/1996,1800, , , , ,,Heavy rains returned to Iowa again this month with thunderstorms widespread over the state.  The south half of Iowa received the heaviest rainfall.  The passage of the seasons first organized mesoscale convective complex.  Several inches of rain fell in less than 6 hours.  The heavy rains pushed many of the rivers and streams across southern Iowa out of their banks.  Damage was minor as the rivers did not exceed flood stage by a great deal.,26,,,,,,,,,,,,,
5544676,DECATUR (ZONE), ,5/9/1996,600,Flood, , ,0,0,0,0,IA,CST, ,1005164,Z,94,DMX,0,0, , , , , , , , , ,5/13/1996,1800, , , , ,,Heavy rains returned to Iowa again this month with thunderstorms widespread over the state.  The south half of Iowa received the heaviest rainfall.  The passage of the seasons first organized mesoscale convective complex.  Several inches of rain fell in less than 6 hours.  The heavy rains pushed many of the rivers and streams across southern Iowa out of their banks.  Damage was minor as the rivers did not exceed flood stage by a great deal.,27,,,,,,,,,,,,,
5544677,WAYNE (ZONE), ,5/9/1996,600,Flood, , ,0,0,0,0,IA,CST, ,1005164,Z,95,DMX,0,0, , , , , , , , , ,5/13/1996,1800, , , , ,,Heavy rains returned to Iowa again this month with thunderstorms widespread over the state.  The south half of Iowa received the heaviest rainfall.  The passage of the seasons first organized mesoscale convective complex.  Several inches of rain fell in less than 6 hours.  The heavy rains pushed many of the rivers and streams across southern Iowa out of their banks.  Damage was minor as the rivers did not exceed flood stage by a great deal.,28,,,,,,,,,,,,,
5544678,APPANOOSE (ZONE), ,5/9/1996,600,Flood, , ,0,0,0,0,IA,CST, ,1005164,Z,96,DMX,0,0, , , , , , , , , ,5/13/1996,1800, , , , ,,Heavy rains returned to Iowa again this month with thunderstorms widespread over the state.  The south half of Iowa received the heaviest rainfall.  The passage of the seasons first organized mesoscale convective complex.  Several inches of rain fell in less than 6 hours.  The heavy rains pushed many of the rivers and streams across southern Iowa out of their banks.  Damage was minor as the rivers did not exceed flood stage by a great deal.,29,,,,,,,,,,,,,
5544679,DAVIS (ZONE), ,5/9/1996,600,Flood, , ,0,0,100000,50000,IA,CST, ,1005164,Z,97,DMX,0,0, , , , , , , , , ,5/13/1996,1800, , , , ,,Heavy rains returned to Iowa again this month with thunderstorms widespread over the state.  The south half of Iowa received the heaviest rainfall.  The passage of the seasons first organized mesoscale convective complex.  Several inches of rain fell in less than 6 hours.  The heavy rains pushed many of the rivers and streams across southern Iowa out of their banks.  Damage was minor as the rivers did not exceed flood stage by a great deal.,30,,,,,,,,,,,,,
5544670,CLARKE (ZONE), ,5/9/1996,600,Flood, , ,0,0,0,0,IA,CST, ,1005164,Z,83,DMX,0,0, , , , , , , , , ,5/13/1996,1800, , , , ,,Heavy rains returned to Iowa again this month with thunderstorms widespread over the state.  The south half of Iowa received the heaviest rainfall.  The passage of the seasons first organized mesoscale convective complex.  Several inches of rain fell in less than 6 hours.  The heavy rains pushed many of the rivers and streams across southern Iowa out of their banks.  Damage was minor as the rivers did not exceed flood stage by a great deal.,31,,,,,,,,,,,,,
5544671,LUCAS (ZONE), ,5/9/1996,600,Flood, , ,0,0,0,0,IA,CST, ,1005164,Z,84,DMX,0,0, , , , , , , , , ,5/13/1996,1800, , , , ,,Heavy rains returned to Iowa again this month with thunderstorms widespread over the state.  The south half of Iowa received the heaviest rainfall.  The passage of the seasons first organized mesoscale convective complex.  Several inches of rain fell in less than 6 hours.  The heavy rains pushed many of the rivers and streams across southern Iowa out of their banks.  Damage was minor as the rivers did not exceed flood stage by a great deal.,32,,,,,,,,,,,,,
5544669,UNION (ZONE), ,5/9/1996,600,Flood, , ,0,0,0,0,IA,CST, ,1005164,Z,82,DMX,0,0, , , , , , , , , ,5/13/1996,1800, , , , ,,Heavy rains returned to Iowa again this month with thunderstorms widespread over the state.  The south half of Iowa received the heaviest rainfall.  The passage of the seasons first organized mesoscale convective complex.  Several inches of rain fell in less than 6 hours.  The heavy rains pushed many of the rivers and streams across southern Iowa out of their banks.  Damage was minor as the rivers did not exceed flood stage by a great deal.,33,,,,,,,,,,,,,
5544667,MAHASKA (ZONE), ,5/9/1996,600,Flood, , ,0,0,0,0,IA,CST, ,1005164,Z,75,DMX,0,0, , , , , , , , , ,5/13/1996,1800, , , , ,,Heavy rains returned to Iowa again this month with thunderstorms widespread over the state.  The south half of Iowa received the heaviest rainfall.  The passage of the seasons first organized mesoscale convective complex.  Several inches of rain fell in less than 6 hours.  The heavy rains pushed many of the rivers and streams across southern Iowa out of their banks.  Damage was minor as the rivers did not exceed flood stage by a great deal.,34,,,,,,,,,,,,,
5544666,MARION (ZONE), ,5/9/1996,600,Flood, , ,0,0,0,0,IA,CST, ,1005164,Z,74,DMX,0,0, , , , , , , , , ,5/13/1996,1800, , , , ,,Heavy rains returned to Iowa again this month with thunderstorms widespread over the state.  The south half of Iowa received the heaviest rainfall.  The passage of the seasons first organized mesoscale convective complex.  Several inches of rain fell in less than 6 hours.  The heavy rains pushed many of the rivers and streams across southern Iowa out of their banks.  Damage was minor as the rivers did not exceed flood stage by a great deal.,35,,,,,,,,,,,,,
5544251,MAHASKA CO.,OSKALOOSA,5/9/1996,1600,Flood, , ,0,0,50000,0,IA,CST, ,2032357,C,123,DMX,0,0, , , , , , , , ,OSKALOOSA,5/9/1996,1800, , , , ,,Heavy thunderstorm erupted over the same areas that received heavy rainfall during the previous morning.  Rainfall of 2 inches in about an hour produced urban flooding and caused streams to overflow their banks.,36,,,,,,,,,,,,,
5557831,BENTON (ZONE), ,5/9/1996,2000,Flood, , ,0,0,0,0,IA,CST, ,2041446,Z,51,DVN,0,0, , , , , , , , , ,5/10/1996,400, , , , ,,"During the evening of May 9 and into the morning of May 10, urban flooding and county road washouts occurred across a large area of eastern Iowa and northwest Illinois.  Estimates to repair county roads which were washed out or otherwise damaged by the heavy rainfall ranged from $300,000 to $500,000 per county.  While roads in urban areas sustained less damage from the rainfall, a number of them became impassable when creeks overflowed their banks.  Area basements were flooded, but those damage estimates are not available.  Iowa Governor Terry Brandstad declared 12 iowa Counties State Disaster Areas due to flooding damage.",37,,,,,,,,,,,,,
5557832,LINN (ZONE), ,5/9/1996,2000,Flood, , ,0,0,0,0,IA,CST, ,2041446,Z,52,DVN,0,0, , , , , , , , , ,5/10/1996,400, , , , ,,"During the evening of May 9 and into the morning of May 10, urban flooding and county road washouts occurred across a large area of eastern Iowa and northwest Illinois.  Estimates to repair county roads which were washed out or otherwise damaged by the heavy rainfall ranged from $300,000 to $500,000 per county.  While roads in urban areas sustained less damage from the rainfall, a number of them became impassable when creeks overflowed their banks.  Area basements were flooded, but those damage estimates are not available.  Iowa Governor Terry Brandstad declared 12 iowa Counties State Disaster Areas due to flooding damage.",38,,,,,,,,,,,,,
5557823,MUSCATINE (ZONE), ,5/9/1996,2000,Flood, , ,0,0,0,0,IA,CST, ,2041446,Z,67,DVN,0,0, , , , , , , , , ,5/10/1996,400, , , , ,,"During the evening of May 9 and into the morning of May 10, urban flooding and county road washouts occurred across a large area of eastern Iowa and northwest Illinois.  Estimates to repair county roads which were washed out or otherwise damaged by the heavy rainfall ranged from $300,000 to $500,000 per county.  While roads in urban areas sustained less damage from the rainfall, a number of them became impassable when creeks overflowed their banks.  Area basements were flooded, but those damage estimates are not available.  Iowa Governor Terry Brandstad declared 12 iowa Counties State Disaster Areas due to flooding damage.",39,,,,,,,,,,,,,
5557827,LOUISA (ZONE), ,5/9/1996,2000,Flood, , ,0,0,0,0,IA,CST, ,2041446,Z,78,DVN,0,0, , , , , , , , , ,5/10/1996,400, , , , ,,"During the evening of May 9 and into the morning of May 10, urban flooding and county road washouts occurred across a large area of eastern Iowa and northwest Illinois.  Estimates to repair county roads which were washed out or otherwise damaged by the heavy rainfall ranged from $300,000 to $500,000 per county.  While roads in urban areas sustained less damage from the rainfall, a number of them became impassable when creeks overflowed their banks.  Area basements were flooded, but those damage estimates are not available.  Iowa Governor Terry Brandstad declared 12 iowa Counties State Disaster Areas due to flooding damage.",40,,,,,,,,,,,,,
5557822,JOHNSON (ZONE), ,5/9/1996,2000,Flood, , ,0,0,0,0,IA,CST, ,2041446,Z,64,DVN,0,0, , , , , , , , , ,5/10/1996,400, , , , ,,"During the evening of May 9 and into the morning of May 10, urban flooding and county road washouts occurred across a large area of eastern Iowa and northwest Illinois.  Estimates to repair county roads which were washed out or otherwise damaged by the heavy rainfall ranged from $300,000 to $500,000 per county.  While roads in urban areas sustained less damage from the rainfall, a number of them became impassable when creeks overflowed their banks.  Area basements were flooded, but those damage estimates are not available.  Iowa Governor Terry Brandstad declared 12 iowa Counties State Disaster Areas due to flooding damage.",41,,,,,,,,,,,,,
5557824,SCOTT (ZONE), ,5/9/1996,2000,Flood, , ,0,0,0,0,IA,CST, ,2041446,Z,68,DVN,0,0, , , , , , , , , ,5/10/1996,400, , , , ,,"During the evening of May 9 and into the morning of May 10, urban flooding and county road washouts occurred across a large area of eastern Iowa and northwest Illinois.  Estimates to repair county roads which were washed out or otherwise damaged by the heavy rainfall ranged from $300,000 to $500,000 per county.  While roads in urban areas sustained less damage from the rainfall, a number of them became impassable when creeks overflowed their banks.  Area basements were flooded, but those damage estimates are not available.  Iowa Governor Terry Brandstad declared 12 iowa Counties State Disaster Areas due to flooding damage.",42,,,,,,,,,,,,,
5557825,KEOKUK (ZONE), ,5/9/1996,2000,Flood, , ,0,0,0,0,IA,CST, ,2041446,Z,76,DVN,0,0, , , , , , , , , ,5/10/1996,400, , , , ,,"During the evening of May 9 and into the morning of May 10, urban flooding and county road washouts occurred across a large area of eastern Iowa and northwest Illinois.  Estimates to repair county roads which were washed out or otherwise damaged by the heavy rainfall ranged from $300,000 to $500,000 per county.  While roads in urban areas sustained less damage from the rainfall, a number of them became impassable when creeks overflowed their banks.  Area basements were flooded, but those damage estimates are not available.  Iowa Governor Terry Brandstad declared 12 iowa Counties State Disaster Areas due to flooding damage.",43,,,,,,,,,,,,,
5557821,IOWA (ZONE), ,5/9/1996,2000,Flood, , ,0,0,0,0,IA,CST, ,2041446,Z,63,DVN,0,0, , , , , , , , , ,5/10/1996,400, , , , ,,"During the evening of May 9 and into the morning of May 10, urban flooding and county road washouts occurred across a large area of eastern Iowa and northwest Illinois.  Estimates to repair county roads which were washed out or otherwise damaged by the heavy rainfall ranged from $300,000 to $500,000 per county.  While roads in urban areas sustained less damage from the rainfall, a number of them became impassable when creeks overflowed their banks.  Area basements were flooded, but those damage estimates are not available.  Iowa Governor Terry Brandstad declared 12 iowa Counties State Disaster Areas due to flooding damage.",44,,,,,,,,,,,,,
5557829,VAN BUREN (ZONE), ,5/9/1996,2000,Flood, , ,0,0,0,0,IA,CST, ,2041446,Z,98,DVN,0,0, , , , , , , , , ,5/10/1996,400, , , , ,,"During the evening of May 9 and into the morning of May 10, urban flooding and county road washouts occurred across a large area of eastern Iowa and northwest Illinois.  Estimates to repair county roads which were washed out or otherwise damaged by the heavy rainfall ranged from $300,000 to $500,000 per county.  While roads in urban areas sustained less damage from the rainfall, a number of them became impassable when creeks overflowed their banks.  Area basements were flooded, but those damage estimates are not available.  Iowa Governor Terry Brandstad declared 12 iowa Counties State Disaster Areas due to flooding damage.",45,,,,,,,,,,,,,
5557830,LEE (ZONE), ,5/9/1996,2000,Flood, , ,0,0,0,0,IA,CST, ,2041446,Z,99,DVN,0,0, , , , , , , , , ,5/10/1996,400, , , , ,,"During the evening of May 9 and into the morning of May 10, urban flooding and county road washouts occurred across a large area of eastern Iowa and northwest Illinois.  Estimates to repair county roads which were washed out or otherwise damaged by the heavy rainfall ranged from $300,000 to $500,000 per county.  While roads in urban areas sustained less damage from the rainfall, a number of them became impassable when creeks overflowed their banks.  Area basements were flooded, but those damage estimates are not available.  Iowa Governor Terry Brandstad declared 12 iowa Counties State Disaster Areas due to flooding damage.",46,,,,,,,,,,,,,
5569868,WASHINGTON CO.,WASHINGTON,5/9/1996,2000,Flash Flood, , ,0,0,0,0,IA,CST, ,2052147,C,183,DVN,0,0, , , , , , , , ,WASHINGTON,5/10/1996,800, , , , ,,,47,,,,,,,,,,,,,
5557826,WASHINGTON (ZONE), ,5/9/1996,2000,Flood, , ,0,0,0,0,IA,CST, ,2041446,Z,77,DVN,0,0, , , , , , , , , ,5/10/1996,400, , , , ,,"During the evening of May 9 and into the morning of May 10, urban flooding and county road washouts occurred across a large area of eastern Iowa and northwest Illinois.  Estimates to repair county roads which were washed out or otherwise damaged by the heavy rainfall ranged from $300,000 to $500,000 per county.  While roads in urban areas sustained less damage from the rainfall, a number of them became impassable when creeks overflowed their banks.  Area basements were flooded, but those damage estimates are not available.  Iowa Governor Terry Brandstad declared 12 iowa Counties State Disaster Areas due to flooding damage.",48,,,,,,,,,,,,,
5557828,DES MOINES (ZONE), ,5/9/1996,2000,Flood, , ,0,0,0,0,IA,CST, ,2041446,Z,89,DVN,0,0, , , , , , , , , ,5/10/1996,400, , , , ,,"During the evening of May 9 and into the morning of May 10, urban flooding and county road washouts occurred across a large area of eastern Iowa and northwest Illinois.  Estimates to repair county roads which were washed out or otherwise damaged by the heavy rainfall ranged from $300,000 to $500,000 per county.  While roads in urban areas sustained less damage from the rainfall, a number of them became impassable when creeks overflowed their banks.  Area basements were flooded, but those damage estimates are not available.  Iowa Governor Terry Brandstad declared 12 iowa Counties State Disaster Areas due to flooding damage.",49,,,,,,,,,,,,,
5557833,JEFFERSON (ZONE), ,5/9/1996,2000,Flood, , ,0,0,0,0,IA,CST, ,2041446,Z,87,DVN,0,0, , , , , , , , , ,5/10/1996,400, , , , ,,"During the evening of May 9 and into the morning of May 10, urban flooding and county road washouts occurred across a large area of eastern Iowa and northwest Illinois.  Estimates to repair county roads which were washed out or otherwise damaged by the heavy rainfall ranged from $300,000 to $500,000 per county.  While roads in urban areas sustained less damage from the rainfall, a number of them became impassable when creeks overflowed their banks.  Area basements were flooded, but those damage estimates are not available.  Iowa Governor Terry Brandstad declared 12 iowa Counties State Disaster Areas due to flooding damage.",50,,,,,,,,,,,,,
5557834,HENRY (ZONE), ,5/9/1996,2000,Flood, , ,0,0,0,0,IA,CST, ,2041446,Z,88,DVN,0,0, , , , , , , , , ,5/10/1996,400, , , , ,,"During the evening of May 9 and into the morning of May 10, urban flooding and county road washouts occurred across a large area of eastern Iowa and northwest Illinois.  Estimates to repair county roads which were washed out or otherwise damaged by the heavy rainfall ranged from $300,000 to $500,000 per county.  While roads in urban areas sustained less damage from the rainfall, a number of them became impassable when creeks overflowed their banks.  Area basements were flooded, but those damage estimates are not available.  Iowa Governor Terry Brandstad declared 12 iowa Counties State Disaster Areas due to flooding damage.",51,,,,,,,,,,,,,
5544253,MADISON CO.,WINTERSET,5/9/1996,2100,Flood, , ,0,0,75000,0,IA,CST, ,2032359,C,121,DMX,0,0, , , , , , , , ,WINTERSET,5/10/1996,600, , , , ,,,52,,,,,,,,,,,,,
5544254,DALLAS CO.,DALLAS CENTER,5/9/1996,2100,Flood, , ,0,0,50000,0,IA,CST, ,2032360,C,49,DMX,0,0, , , , , , , , ,DALLAS CENTER,5/10/1996,600, , , , ,,,53,,,,,,,,,,,,,
5544255,JASPER CO.,NEWTON,5/9/1996,2100,Flood, , ,0,0,50000,0,IA,CST, ,2032361,C,99,DMX,0,0, , , , , , , , ,NEWTON,5/10/1996,600, , , , ,,,54,,,,,,,,,,,,,
5544256,WARREN CO.,INDIANOLA,5/9/1996,2100,Flood, , ,0,0,100000,0,IA,CST, ,2032362,C,181,DMX,0,0, , , , , , , , ,INDIANOLA,5/10/1996,600, , , , ,,"Thunderstorms fired up during the evening hours as the warm front that had become stationary over Iowa began to turn into a cold front.  At the same time, a stronger cold front was sinking toward the area from the northwest.  The first counties affected by urban flooding were Polk, Madison, Warren, Dallas, and Jasper Counties.  Heavy rainfall of 1 to 3 inches in less than 2 hours time was common.  An additional 1 to 2 inches of rain fell in several areas, making the flooding worse.  Most small steams went over their banks and urban flooding in cities was widespread.  Some roads, mainly county highways, were closed as they became overtopped with water.",55,,,,,,,,,,,,,
5544252,POLK CO.,DES MOINES,5/9/1996,2100,Flood, , ,0,0,200000,0,IA,CST, ,2032358,C,153,DMX,0,0, , , , , , , , ,DES MOINES,5/10/1996,600, , , , ,,,56,,,,,,,,,,,,,
5544257,MAHASKA CO.,OSKALOOSA,5/9/1996,2200,Flood, , ,0,0,50000,0,IA,CST, ,2032363,C,123,DMX,0,0, , , , , , , , ,OSKALOOSA,5/10/1996,500, , , , ,,,57,,,,,,,,,,,,,
5544258,MARION CO.,KNOXVILLE,5/9/1996,2330,Flood, , ,0,0,50000,0,IA,CST, ,2032364,C,125,DMX,0,0, , , , , , , , ,KNOXVILLE,5/10/1996,600, , , , ,,,58,,,,,,,,,,,,,
5544259,POWESHIEK CO.,MONTEZUMA,5/9/1996,2330,Flood, , ,0,0,50000,0,IA,CST, ,2032365,C,157,DMX,0,0, , , , , , , , ,MONTEZUMA,5/10/1996,600, , , , ,,"As the night progressed, the area of thunderstorms continued to expand.  Additional rains of 1 to 2 inches in an hour or two fell on Mahaska County, causing flooding there.  In additional, the quick 1 to 3 inch rains mentioned previous over central Iowa spread into Poweshiek and Marion Counties causing the urban and small stream area to expand into those counties as well.",59,,,,,,,,,,,,,
5544265,WARREN (ZONE), ,5/10/1996,400,Flood, , ,0,0,0,0,IA,CST, ,2032368,Z,73,DMX,0,0, , , , , , , , , ,5/11/1996,2359, , , , ,,"Heavy rainfall from the previous few days, and especially of the previous night created the most significant flooding in Iowa in the past two years.  Two day rainfall totals of 3 to 5 inches were common, with some unofficial reports in excess of 8 inches.  The soil became saturated by three days of heavy rainfall causing rivers to rise.  Flooding was reported along the Raccoon, Middle, North, Thompson, and Chariton River Basins for example.  Most of the flooding was minor with rivers only a couple feet over flood stage.  The Smaller streams like the North River topped out about 6 feet over flood stage.  Several county roads were overtopped by the flood waters, however no major damage was reported from the flooding.",60,,,,,,,,,,,,,
5544266,MARION (ZONE), ,5/10/1996,400,Flood, , ,0,0,0,0,IA,CST, ,2032368,Z,74,DMX,0,0, , , , , , , , , ,5/11/1996,2359, , , , ,,"Heavy rainfall from the previous few days, and especially of the previous night created the most significant flooding in Iowa in the past two years.  Two day rainfall totals of 3 to 5 inches were common, with some unofficial reports in excess of 8 inches.  The soil became saturated by three days of heavy rainfall causing rivers to rise.  Flooding was reported along the Raccoon, Middle, North, Thompson, and Chariton River Basins for example.  Most of the flooding was minor with rivers only a couple feet over flood stage.  The Smaller streams like the North River topped out about 6 feet over flood stage.  Several county roads were overtopped by the flood waters, however no major damage was reported from the flooding.",61,,,,,,,,,,,,,
5544269,DECATUR (ZONE), ,5/10/1996,400,Flood, , ,0,0,100000,0,IA,CST, ,2032368,Z,94,DMX,0,0, , , , , , , , , ,5/11/1996,2359, , , , ,,"Heavy rainfall from the previous few days, and especially of the previous night created the most significant flooding in Iowa in the past two years.  Two day rainfall totals of 3 to 5 inches were common, with some unofficial reports in excess of 8 inches.  The soil became saturated by three days of heavy rainfall causing rivers to rise.  Flooding was reported along the Raccoon, Middle, North, Thompson, and Chariton River Basins for example.  Most of the flooding was minor with rivers only a couple feet over flood stage.  The Smaller streams like the North River topped out about 6 feet over flood stage.  Several county roads were overtopped by the flood waters, however no major damage was reported from the flooding.",62,,,,,,,,,,,,,
5544267,LUCAS (ZONE), ,5/10/1996,400,Flood, , ,0,0,0,0,IA,CST, ,2032368,Z,84,DMX,0,0, , , , , , , , , ,5/11/1996,2359, , , , ,,"Heavy rainfall from the previous few days, and especially of the previous night created the most significant flooding in Iowa in the past two years.  Two day rainfall totals of 3 to 5 inches were common, with some unofficial reports in excess of 8 inches.  The soil became saturated by three days of heavy rainfall causing rivers to rise.  Flooding was reported along the Raccoon, Middle, North, Thompson, and Chariton River Basins for example.  Most of the flooding was minor with rivers only a couple feet over flood stage.  The Smaller streams like the North River topped out about 6 feet over flood stage.  Several county roads were overtopped by the flood waters, however no major damage was reported from the flooding.",63,,,,,,,,,,,,,
5544268,TAYLOR (ZONE), ,5/10/1996,400,Flood, , ,0,0,0,0,IA,CST, ,2032368,Z,92,DMX,0,0, , , , , , , , , ,5/11/1996,2359, , , , ,,"Heavy rainfall from the previous few days, and especially of the previous night created the most significant flooding in Iowa in the past two years.  Two day rainfall totals of 3 to 5 inches were common, with some unofficial reports in excess of 8 inches.  The soil became saturated by three days of heavy rainfall causing rivers to rise.  Flooding was reported along the Raccoon, Middle, North, Thompson, and Chariton River Basins for example.  Most of the flooding was minor with rivers only a couple feet over flood stage.  The Smaller streams like the North River topped out about 6 feet over flood stage.  Several county roads were overtopped by the flood waters, however no major damage was reported from the flooding.",64,,,,,,,,,,,,,
5544262,DALLAS (ZONE), ,5/10/1996,400,Flood, , ,0,0,0,0,IA,CST, ,2032368,Z,59,DMX,0,0, , , , , , , , , ,5/11/1996,2359, , , , ,,"Heavy rainfall from the previous few days, and especially of the previous night created the most significant flooding in Iowa in the past two years.  Two day rainfall totals of 3 to 5 inches were common, with some unofficial reports in excess of 8 inches.  The soil became saturated by three days of heavy rainfall causing rivers to rise.  Flooding was reported along the Raccoon, Middle, North, Thompson, and Chariton River Basins for example.  Most of the flooding was minor with rivers only a couple feet over flood stage.  The Smaller streams like the North River topped out about 6 feet over flood stage.  Several county roads were overtopped by the flood waters, however no major damage was reported from the flooding.",65,,,,,,,,,,,,,
5544263,POLK (ZONE), ,5/10/1996,400,Flood, , ,0,0,0,0,IA,CST, ,2032368,Z,60,DMX,0,0, , , , , , , , , ,5/11/1996,2359, , , , ,,"Heavy rainfall from the previous few days, and especially of the previous night created the most significant flooding in Iowa in the past two years.  Two day rainfall totals of 3 to 5 inches were common, with some unofficial reports in excess of 8 inches.  The soil became saturated by three days of heavy rainfall causing rivers to rise.  Flooding was reported along the Raccoon, Middle, North, Thompson, and Chariton River Basins for example.  Most of the flooding was minor with rivers only a couple feet over flood stage.  The Smaller streams like the North River topped out about 6 feet over flood stage.  Several county roads were overtopped by the flood waters, however no major damage was reported from the flooding.",66,,,,,,,,,,,,,
5544264,MADISON (ZONE), ,5/10/1996,400,Flood, , ,0,0,0,0,IA,CST, ,2032368,Z,72,DMX,0,0, , , , , , , , , ,5/11/1996,2359, , , , ,,"Heavy rainfall from the previous few days, and especially of the previous night created the most significant flooding in Iowa in the past two years.  Two day rainfall totals of 3 to 5 inches were common, with some unofficial reports in excess of 8 inches.  The soil became saturated by three days of heavy rainfall causing rivers to rise.  Flooding was reported along the Raccoon, Middle, North, Thompson, and Chariton River Basins for example.  Most of the flooding was minor with rivers only a couple feet over flood stage.  The Smaller streams like the North River topped out about 6 feet over flood stage.  Several county roads were overtopped by the flood waters, however no major damage was reported from the flooding.",67,,,,,,,,,,,,,
5544692,ADAMS (ZONE), ,5/23/1996,1500,Flood, , ,0,0,0,0,IA,CST, ,2032426,Z,81,DMX,0,0, , , , , , , , , ,5/24/1996,2300, , , , ,,"The month of May continued wet with a continued series of mesoscale convective systems moving over the state.  Heavy rains had given the state a break during the middle of the month, but resumed again during the later part of the month.  Heavy rains once again affected mostly the south half of Iowa, with flooding occurring in many rivers and streams.  The flooding was more serious this time as the soils were more saturated.  Many acres of farmland were under water, but only for a relatively short period of time.",68,,,,,,,,,,,,,
5544689,WARREN (ZONE), ,5/23/1996,1500,Flood, , ,0,0,0,0,IA,CST, ,2032426,Z,73,DMX,0,0, , , , , , , , , ,5/24/1996,2300, , , , ,,"The month of May continued wet with a continued series of mesoscale convective systems moving over the state.  Heavy rains had given the state a break during the middle of the month, but resumed again during the later part of the month.  Heavy rains once again affected mostly the south half of Iowa, with flooding occurring in many rivers and streams.  The flooding was more serious this time as the soils were more saturated.  Many acres of farmland were under water, but only for a relatively short period of time.",69,,,,,,,,,,,,,
5544693,UNION (ZONE), ,5/23/1996,1500,Flood, , ,0,0,0,0,IA,CST, ,2032426,Z,82,DMX,0,0, , , , , , , , , ,5/24/1996,2300, , , , ,,"The month of May continued wet with a continued series of mesoscale convective systems moving over the state.  Heavy rains had given the state a break during the middle of the month, but resumed again during the later part of the month.  Heavy rains once again affected mostly the south half of Iowa, with flooding occurring in many rivers and streams.  The flooding was more serious this time as the soils were more saturated.  Many acres of farmland were under water, but only for a relatively short period of time.",70,,,,,,,,,,,,,
5544694,CLARKE (ZONE), ,5/23/1996,1500,Flood, , ,0,0,0,0,IA,CST, ,2032426,Z,83,DMX,0,0, , , , , , , , , ,5/24/1996,2300, , , , ,,"The month of May continued wet with a continued series of mesoscale convective systems moving over the state.  Heavy rains had given the state a break during the middle of the month, but resumed again during the later part of the month.  Heavy rains once again affected mostly the south half of Iowa, with flooding occurring in many rivers and streams.  The flooding was more serious this time as the soils were more saturated.  Many acres of farmland were under water, but only for a relatively short period of time.",71,,,,,,,,,,,,,
5544687,ADAIR (ZONE), ,5/23/1996,1500,Flood, , ,0,0,0,0,IA,CST, ,2032426,Z,71,DMX,0,0, , , , , , , , , ,5/24/1996,2300, , , , ,,"The month of May continued wet with a continued series of mesoscale convective systems moving over the state.  Heavy rains had given the state a break during the middle of the month, but resumed again during the later part of the month.  Heavy rains once again affected mostly the south half of Iowa, with flooding occurring in many rivers and streams.  The flooding was more serious this time as the soils were more saturated.  Many acres of farmland were under water, but only for a relatively short period of time.",72,,,,,,,,,,,,,
5544688,MADISON (ZONE), ,5/23/1996,1500,Flood, , ,0,0,0,0,IA,CST, ,2032426,Z,72,DMX,0,0, , , , , , , , , ,5/24/1996,2300, , , , ,,"The month of May continued wet with a continued series of mesoscale convective systems moving over the state.  Heavy rains had given the state a break during the middle of the month, but resumed again during the later part of the month.  Heavy rains once again affected mostly the south half of Iowa, with flooding occurring in many rivers and streams.  The flooding was more serious this time as the soils were more saturated.  Many acres of farmland were under water, but only for a relatively short period of time.",73,,,,,,,,,,,,,
5544698,TAYLOR (ZONE), ,5/23/1996,1500,Flood, , ,0,0,0,0,IA,CST, ,2032426,Z,92,DMX,0,0, , , , , , , , , ,5/24/1996,2300, , , , ,,"The month of May continued wet with a continued series of mesoscale convective systems moving over the state.  Heavy rains had given the state a break during the middle of the month, but resumed again during the later part of the month.  Heavy rains once again affected mostly the south half of Iowa, with flooding occurring in many rivers and streams.  The flooding was more serious this time as the soils were more saturated.  Many acres of farmland were under water, but only for a relatively short period of time.",74,,,,,,,,,,,,,
5544695,LUCAS (ZONE), ,5/23/1996,1500,Flood, , ,0,0,0,0,IA,CST, ,2032426,Z,84,DMX,0,0, , , , , , , , , ,5/24/1996,2300, , , , ,,"The month of May continued wet with a continued series of mesoscale convective systems moving over the state.  Heavy rains had given the state a break during the middle of the month, but resumed again during the later part of the month.  Heavy rains once again affected mostly the south half of Iowa, with flooding occurring in many rivers and streams.  The flooding was more serious this time as the soils were more saturated.  Many acres of farmland were under water, but only for a relatively short period of time.",75,,,,,,,,,,,,,
5544696,MONROE (ZONE), ,5/23/1996,1500,Flood, , ,0,0,0,0,IA,CST, ,2032426,Z,85,DMX,0,0, , , , , , , , , ,5/24/1996,2300, , , , ,,"The month of May continued wet with a continued series of mesoscale convective systems moving over the state.  Heavy rains had given the state a break during the middle of the month, but resumed again during the later part of the month.  Heavy rains once again affected mostly the south half of Iowa, with flooding occurring in many rivers and streams.  The flooding was more serious this time as the soils were more saturated.  Many acres of farmland were under water, but only for a relatively short period of time.",76,,,,,,,,,,,,,
5544697,WAPELLO (ZONE), ,5/23/1996,1500,Flood, , ,0,0,0,0,IA,CST, ,2032426,Z,86,DMX,0,0, , , , , , , , , ,5/24/1996,2300, , , , ,,"The month of May continued wet with a continued series of mesoscale convective systems moving over the state.  Heavy rains had given the state a break during the middle of the month, but resumed again during the later part of the month.  Heavy rains once again affected mostly the south half of Iowa, with flooding occurring in many rivers and streams.  The flooding was more serious this time as the soils were more saturated.  Many acres of farmland were under water, but only for a relatively short period of time.",77,,,,,,,,,,,,,
5544685,POWESHIEK (ZONE), ,5/23/1996,1500,Flood, , ,0,0,0,0,IA,CST, ,2032426,Z,62,DMX,0,0, , , , , , , , , ,5/24/1996,2300, , , , ,,"The month of May continued wet with a continued series of mesoscale convective systems moving over the state.  Heavy rains had given the state a break during the middle of the month, but resumed again during the later part of the month.  Heavy rains once again affected mostly the south half of Iowa, with flooding occurring in many rivers and streams.  The flooding was more serious this time as the soils were more saturated.  Many acres of farmland were under water, but only for a relatively short period of time.",78,,,,,,,,,,,,,
5544686,CASS (ZONE), ,5/23/1996,1500,Flood, , ,0,0,0,0,IA,CST, ,2032426,Z,70,DMX,0,0, , , , , , , , , ,5/24/1996,2300, , , , ,,"The month of May continued wet with a continued series of mesoscale convective systems moving over the state.  Heavy rains had given the state a break during the middle of the month, but resumed again during the later part of the month.  Heavy rains once again affected mostly the south half of Iowa, with flooding occurring in many rivers and streams.  The flooding was more serious this time as the soils were more saturated.  Many acres of farmland were under water, but only for a relatively short period of time.",79,,,,,,,,,,,,,
5544703,DAVIS (ZONE), ,5/23/1996,1500,Flood, , ,0,0,250000,75000,IA,CST, ,2032426,Z,97,DMX,0,0, , , , , , , , , ,5/24/1996,2300, , , , ,,"The month of May continued wet with a continued series of mesoscale convective systems moving over the state.  Heavy rains had given the state a break during the middle of the month, but resumed again during the later part of the month.  Heavy rains once again affected mostly the south half of Iowa, with flooding occurring in many rivers and streams.  The flooding was more serious this time as the soils were more saturated.  Many acres of farmland were under water, but only for a relatively short period of time.",80,,,,,,,,,,,,,
5544702,APPANOOSE (ZONE), ,5/23/1996,1500,Flood, , ,0,0,0,0,IA,CST, ,2032426,Z,96,DMX,0,0, , , , , , , , , ,5/24/1996,2300, , , , ,,"The month of May continued wet with a continued series of mesoscale convective systems moving over the state.  Heavy rains had given the state a break during the middle of the month, but resumed again during the later part of the month.  Heavy rains once again affected mostly the south half of Iowa, with flooding occurring in many rivers and streams.  The flooding was more serious this time as the soils were more saturated.  Many acres of farmland were under water, but only for a relatively short period of time.",81,,,,,,,,,,,,,
5544701,WAYNE (ZONE), ,5/23/1996,1500,Flood, , ,0,0,0,0,IA,CST, ,2032426,Z,95,DMX,0,0, , , , , , , , , ,5/24/1996,2300, , , , ,,"The month of May continued wet with a continued series of mesoscale convective systems moving over the state.  Heavy rains had given the state a break during the middle of the month, but resumed again during the later part of the month.  Heavy rains once again affected mostly the south half of Iowa, with flooding occurring in many rivers and streams.  The flooding was more serious this time as the soils were more saturated.  Many acres of farmland were under water, but only for a relatively short period of time.",82,,,,,,,,,,,,,
5544699,RINGGOLD (ZONE), ,5/23/1996,1500,Flood, , ,0,0,0,0,IA,CST, ,2032426,Z,93,DMX,0,0, , , , , , , , , ,5/24/1996,2300, , , , ,,"The month of May continued wet with a continued series of mesoscale convective systems moving over the state.  Heavy rains had given the state a break during the middle of the month, but resumed again during the later part of the month.  Heavy rains once again affected mostly the south half of Iowa, with flooding occurring in many rivers and streams.  The flooding was more serious this time as the soils were more saturated.  Many acres of farmland were under water, but only for a relatively short period of time.",83,,,,,,,,,,,,,
5544682,DALLAS (ZONE), ,5/23/1996,1500,Flood, , ,0,0,0,0,IA,CST, ,2032426,Z,59,DMX,0,0, , , , , , , , , ,5/24/1996,2300, , , , ,,"The month of May continued wet with a continued series of mesoscale convective systems moving over the state.  Heavy rains had given the state a break during the middle of the month, but resumed again during the later part of the month.  Heavy rains once again affected mostly the south half of Iowa, with flooding occurring in many rivers and streams.  The flooding was more serious this time as the soils were more saturated.  Many acres of farmland were under water, but only for a relatively short period of time.",84,,,,,,,,,,,,,
5544683,POLK (ZONE), ,5/23/1996,1500,Flood, , ,0,0,0,0,IA,CST, ,2032426,Z,60,DMX,0,0, , , , , , , , , ,5/24/1996,2300, , , , ,,"The month of May continued wet with a continued series of mesoscale convective systems moving over the state.  Heavy rains had given the state a break during the middle of the month, but resumed again during the later part of the month.  Heavy rains once again affected mostly the south half of Iowa, with flooding occurring in many rivers and streams.  The flooding was more serious this time as the soils were more saturated.  Many acres of farmland were under water, but only for a relatively short period of time.",85,,,,,,,,,,,,,
5544691,MAHASKA (ZONE), ,5/23/1996,1500,Flood, , ,0,0,0,0,IA,CST, ,2032426,Z,75,DMX,0,0, , , , , , , , , ,5/24/1996,2300, , , , ,,"The month of May continued wet with a continued series of mesoscale convective systems moving over the state.  Heavy rains had given the state a break during the middle of the month, but resumed again during the later part of the month.  Heavy rains once again affected mostly the south half of Iowa, with flooding occurring in many rivers and streams.  The flooding was more serious this time as the soils were more saturated.  Many acres of farmland were under water, but only for a relatively short period of time.",86,,,,,,,,,,,,,
5544690,MARION (ZONE), ,5/23/1996,1500,Flood, , ,0,0,0,0,IA,CST, ,2032426,Z,74,DMX,0,0, , , , , , , , , ,5/24/1996,2300, , , , ,,"The month of May continued wet with a continued series of mesoscale convective systems moving over the state.  Heavy rains had given the state a break during the middle of the month, but resumed again during the later part of the month.  Heavy rains once again affected mostly the south half of Iowa, with flooding occurring in many rivers and streams.  The flooding was more serious this time as the soils were more saturated.  Many acres of farmland were under water, but only for a relatively short period of time.",87,,,,,,,,,,,,,
5544680,AUDUBON (ZONE), ,5/23/1996,1500,Flood, , ,0,0,0,0,IA,CST, ,2032426,Z,57,DMX,0,0, , , , , , , , , ,5/24/1996,2300, , , , ,,"The month of May continued wet with a continued series of mesoscale convective systems moving over the state.  Heavy rains had given the state a break during the middle of the month, but resumed again during the later part of the month.  Heavy rains once again affected mostly the south half of Iowa, with flooding occurring in many rivers and streams.  The flooding was more serious this time as the soils were more saturated.  Many acres of farmland were under water, but only for a relatively short period of time.",88,,,,,,,,,,,,,
5544681,GUTHRIE (ZONE), ,5/23/1996,1500,Flood, , ,0,0,0,0,IA,CST, ,2032426,Z,58,DMX,0,0, , , , , , , , , ,5/24/1996,2300, , , , ,,"The month of May continued wet with a continued series of mesoscale convective systems moving over the state.  Heavy rains had given the state a break during the middle of the month, but resumed again during the later part of the month.  Heavy rains once again affected mostly the south half of Iowa, with flooding occurring in many rivers and streams.  The flooding was more serious this time as the soils were more saturated.  Many acres of farmland were under water, but only for a relatively short period of time.",89,,,,,,,,,,,,,
5544684,JASPER (ZONE), ,5/23/1996,1500,Flood, , ,0,0,0,0,IA,CST, ,2032426,Z,61,DMX,0,0, , , , , , , , , ,5/24/1996,2300, , , , ,,"The month of May continued wet with a continued series of mesoscale convective systems moving over the state.  Heavy rains had given the state a break during the middle of the month, but resumed again during the later part of the month.  Heavy rains once again affected mostly the south half of Iowa, with flooding occurring in many rivers and streams.  The flooding was more serious this time as the soils were more saturated.  Many acres of farmland were under water, but only for a relatively short period of time.",90,,,,,,,,,,,,,
5544700,DECATUR (ZONE), ,5/23/1996,1500,Flood, , ,0,0,0,0,IA,CST, ,2032426,Z,94,DMX,0,0, , , , , , , , , ,5/24/1996,2300, , , , ,,"The month of May continued wet with a continued series of mesoscale convective systems moving over the state.  Heavy rains had given the state a break during the middle of the month, but resumed again during the later part of the month.  Heavy rains once again affected mostly the south half of Iowa, with flooding occurring in many rivers and streams.  The flooding was more serious this time as the soils were more saturated.  Many acres of farmland were under water, but only for a relatively short period of time.",91,,,,,,,,,,,,,
5544487,POLK CO.,DES MOINES,5/24/1996,230,Flash Flood, , ,0,0,300000,50000,IA,CST, ,2032421,C,153,DMX,0,0, , , , , , , , ,DES MOINES,5/24/1996,1000, , , , ,,"A mesoscale convective complex developed over eastern Nebraska and advanced into Iowa during the early morning hours.  The problem was with the heavy rainfall.  A narrow band of heavy rain fell across parts of central Iowa.  Polk County recorded between 2 and 3 1/2 inches of rain in a two hour period between 0200 and 0400 CST. Similar heavy rainfall amounts occurred over the south half of both Adair and Cass Counties.  Rainfall amounts across Adair and Cass Counties were in the 2 to as much as 6 inch range.  Flash and urban flooding was reported in all three counties.  Damage was somewhat limited, but flooded basements were widespread as small creeks and streams flooded.",92,,,,,,,,,,,,,
5544488,ADAIR CO.,GREENFIELD,5/24/1996,500,Flash Flood, , ,0,0,75000,50000,IA,CST, ,2032422,C,1,DMX,0,0, , , , , , , , ,GREENFIELD,5/24/1996,1100, , , , ,,,93,,,,,,,,,,,,,
5544489,CASS CO.,ATLANTIC,5/24/1996,500,Flash Flood, , ,0,0,75000,50000,IA,CST, ,1005160,C,29,DMX,0,0, , , , , , , , ,ATLANTIC,5/24/1996,1100, , , , ,,,94,,,,,,,,,,,,,
5544708,JASPER (ZONE), ,5/26/1996,1200,Flood, , ,0,0,0,0,IA,CST, ,2032427,Z,61,DMX,0,0, , , , , , , , , ,5/31/1996,2359, , , , ,,"Another round of mesoscale convective complexes rolled through the state during the final week of the month.  Some areas received several inches of rain over a 2 night period.  Flooding became more widespread as monthly totals exceeded 10 inches at many locations.  Rivers flooded across most locations across the south third of the state, with flooding being more scattered across the rest of the south half.  Agricultural flooding became more of a problem as most of the seasons crops had been planted.  With the flooding lasting several days, fields were drown out by the flood waters.",95,,,,,,,,,,,,,
5544871,DAVIS (ZONE), ,5/26/1996,1200,Flood, , ,0,0,400000,100000,IA,CST, ,2032427,Z,97,DMX,0,0, , , , , , , , , ,5/31/1996,2359, , , , ,,"Another round of mesoscale convective complexes rolled through the state during the final week of the month.  Some areas received several inches of rain over a 2 night period.  Flooding became more widespread as monthly totals exceeded 10 inches at many locations.  Rivers flooded across most locations across the south third of the state, with flooding being more scattered across the rest of the south half.  Agricultural flooding became more of a problem as most of the seasons crops had been planted.  With the flooding lasting several days, fields were drown out by the flood waters.",96,,,,,,,,,,,,,
5544709,POWESHIEK (ZONE), ,5/26/1996,1200,Flood, , ,0,0,0,0,IA,CST, ,2032427,Z,62,DMX,0,0, , , , , , , , , ,5/31/1996,2359, , , , ,,"Another round of mesoscale convective complexes rolled through the state during the final week of the month.  Some areas received several inches of rain over a 2 night period.  Flooding became more widespread as monthly totals exceeded 10 inches at many locations.  Rivers flooded across most locations across the south third of the state, with flooding being more scattered across the rest of the south half.  Agricultural flooding became more of a problem as most of the seasons crops had been planted.  With the flooding lasting several days, fields were drown out by the flood waters.",97,,,,,,,,,,,,,
5544707,POLK (ZONE), ,5/26/1996,1200,Flood, , ,0,0,0,0,IA,CST, ,2032427,Z,60,DMX,0,0, , , , , , , , , ,5/31/1996,2359, , , , ,,"Another round of mesoscale convective complexes rolled through the state during the final week of the month.  Some areas received several inches of rain over a 2 night period.  Flooding became more widespread as monthly totals exceeded 10 inches at many locations.  Rivers flooded across most locations across the south third of the state, with flooding being more scattered across the rest of the south half.  Agricultural flooding became more of a problem as most of the seasons crops had been planted.  With the flooding lasting several days, fields were drown out by the flood waters.",98,,,,,,,,,,,,,
5544725,WAYNE (ZONE), ,5/26/1996,1200,Flood, , ,0,0,0,0,IA,CST, ,2032427,Z,95,DMX,0,0, , , , , , , , , ,5/31/1996,2359, , , , ,,"Another round of mesoscale convective complexes rolled through the state during the final week of the month.  Some areas received several inches of rain over a 2 night period.  Flooding became more widespread as monthly totals exceeded 10 inches at many locations.  Rivers flooded across most locations across the south third of the state, with flooding being more scattered across the rest of the south half.  Agricultural flooding became more of a problem as most of the seasons crops had been planted.  With the flooding lasting several days, fields were drown out by the flood waters.",99,,,,,,,,,,,,,
5544726,APPANOOSE (ZONE), ,5/26/1996,1200,Flood, , ,0,0,0,0,IA,CST, ,2032427,Z,96,DMX,0,0, , , , , , , , , ,5/31/1996,2359, , , , ,,"Another round of mesoscale convective complexes rolled through the state during the final week of the month.  Some areas received several inches of rain over a 2 night period.  Flooding became more widespread as monthly totals exceeded 10 inches at many locations.  Rivers flooded across most locations across the south third of the state, with flooding being more scattered across the rest of the south half.  Agricultural flooding became more of a problem as most of the seasons crops had been planted.  With the flooding lasting several days, fields were drown out by the flood waters.",100,,,,,,,,,,,,,
5544711,ADAIR (ZONE), ,5/26/1996,1200,Flood, , ,0,0,0,0,IA,CST, ,2032427,Z,71,DMX,0,0, , , , , , , , , ,5/31/1996,2359, , , , ,,"Another round of mesoscale convective complexes rolled through the state during the final week of the month.  Some areas received several inches of rain over a 2 night period.  Flooding became more widespread as monthly totals exceeded 10 inches at many locations.  Rivers flooded across most locations across the south third of the state, with flooding being more scattered across the rest of the south half.  Agricultural flooding became more of a problem as most of the seasons crops had been planted.  With the flooding lasting several days, fields were drown out by the flood waters.",101,,,,,,,,,,,,,
5544717,UNION (ZONE), ,5/26/1996,1200,Flood, , ,0,0,0,0,IA,CST, ,2032427,Z,82,DMX,0,0, , , , , , , , , ,5/31/1996,2359, , , , ,,"Another round of mesoscale convective complexes rolled through the state during the final week of the month.  Some areas received several inches of rain over a 2 night period.  Flooding became more widespread as monthly totals exceeded 10 inches at many locations.  Rivers flooded across most locations across the south third of the state, with flooding being more scattered across the rest of the south half.  Agricultural flooding became more of a problem as most of the seasons crops had been planted.  With the flooding lasting several days, fields were drown out by the flood waters.",102,,,,,,,,,,,,,
5544718,CLARKE (ZONE), ,5/26/1996,1200,Flood, , ,0,0,0,0,IA,CST, ,2032427,Z,83,DMX,0,0, , , , , , , , , ,5/31/1996,2359, , , , ,,"Another round of mesoscale convective complexes rolled through the state during the final week of the month.  Some areas received several inches of rain over a 2 night period.  Flooding became more widespread as monthly totals exceeded 10 inches at many locations.  Rivers flooded across most locations across the south third of the state, with flooding being more scattered across the rest of the south half.  Agricultural flooding became more of a problem as most of the seasons crops had been planted.  With the flooding lasting several days, fields were drown out by the flood waters.",103,,,,,,,,,,,,,
5544719,LUCAS (ZONE), ,5/26/1996,1200,Flood, , ,0,0,0,0,IA,CST, ,2032427,Z,84,DMX,0,0, , , , , , , , , ,5/31/1996,2359, , , , ,,"Another round of mesoscale convective complexes rolled through the state during the final week of the month.  Some areas received several inches of rain over a 2 night period.  Flooding became more widespread as monthly totals exceeded 10 inches at many locations.  Rivers flooded across most locations across the south third of the state, with flooding being more scattered across the rest of the south half.  Agricultural flooding became more of a problem as most of the seasons crops had been planted.  With the flooding lasting several days, fields were drown out by the flood waters.",104,,,,,,,,,,,,,
5544712,MADISON (ZONE), ,5/26/1996,1200,Flood, , ,0,0,0,0,IA,CST, ,2032427,Z,72,DMX,0,0, , , , , , , , , ,5/31/1996,2359, , , , ,,"Another round of mesoscale convective complexes rolled through the state during the final week of the month.  Some areas received several inches of rain over a 2 night period.  Flooding became more widespread as monthly totals exceeded 10 inches at many locations.  Rivers flooded across most locations across the south third of the state, with flooding being more scattered across the rest of the south half.  Agricultural flooding became more of a problem as most of the seasons crops had been planted.  With the flooding lasting several days, fields were drown out by the flood waters.",105,,,,,,,,,,,,,
5544715,MAHASKA (ZONE), ,5/26/1996,1200,Flood, , ,0,0,0,0,IA,CST, ,2032427,Z,75,DMX,0,0, , , , , , , , , ,5/31/1996,2359, , , , ,,"Another round of mesoscale convective complexes rolled through the state during the final week of the month.  Some areas received several inches of rain over a 2 night period.  Flooding became more widespread as monthly totals exceeded 10 inches at many locations.  Rivers flooded across most locations across the south third of the state, with flooding being more scattered across the rest of the south half.  Agricultural flooding became more of a problem as most of the seasons crops had been planted.  With the flooding lasting several days, fields were drown out by the flood waters.",106,,,,,,,,,,,,,
5544716,ADAMS (ZONE), ,5/26/1996,1200,Flood, , ,0,0,0,0,IA,CST, ,2032427,Z,81,DMX,0,0, , , , , , , , , ,5/31/1996,2359, , , , ,,"Another round of mesoscale convective complexes rolled through the state during the final week of the month.  Some areas received several inches of rain over a 2 night period.  Flooding became more widespread as monthly totals exceeded 10 inches at many locations.  Rivers flooded across most locations across the south third of the state, with flooding being more scattered across the rest of the south half.  Agricultural flooding became more of a problem as most of the seasons crops had been planted.  With the flooding lasting several days, fields were drown out by the flood waters.",107,,,,,,,,,,,,,
5544713,WARREN (ZONE), ,5/26/1996,1200,Flood, , ,0,0,0,0,IA,CST, ,2032427,Z,73,DMX,0,0, , , , , , , , , ,5/31/1996,2359, , , , ,,"Another round of mesoscale convective complexes rolled through the state during the final week of the month.  Some areas received several inches of rain over a 2 night period.  Flooding became more widespread as monthly totals exceeded 10 inches at many locations.  Rivers flooded across most locations across the south third of the state, with flooding being more scattered across the rest of the south half.  Agricultural flooding became more of a problem as most of the seasons crops had been planted.  With the flooding lasting several days, fields were drown out by the flood waters.",108,,,,,,,,,,,,,
5544714,MARION (ZONE), ,5/26/1996,1200,Flood, , ,0,0,0,0,IA,CST, ,2032427,Z,74,DMX,0,0, , , , , , , , , ,5/31/1996,2359, , , , ,,"Another round of mesoscale convective complexes rolled through the state during the final week of the month.  Some areas received several inches of rain over a 2 night period.  Flooding became more widespread as monthly totals exceeded 10 inches at many locations.  Rivers flooded across most locations across the south third of the state, with flooding being more scattered across the rest of the south half.  Agricultural flooding became more of a problem as most of the seasons crops had been planted.  With the flooding lasting several days, fields were drown out by the flood waters.",109,,,,,,,,,,,,,
5544704,AUDUBON (ZONE), ,5/26/1996,1200,Flood, , ,0,0,0,0,IA,CST, ,2032427,Z,57,DMX,0,0, , , , , , , , , ,5/31/1996,2359, , , , ,,"Another round of mesoscale convective complexes rolled through the state during the final week of the month.  Some areas received several inches of rain over a 2 night period.  Flooding became more widespread as monthly totals exceeded 10 inches at many locations.  Rivers flooded across most locations across the south third of the state, with flooding being more scattered across the rest of the south half.  Agricultural flooding became more of a problem as most of the seasons crops had been planted.  With the flooding lasting several days, fields were drown out by the flood waters.",110,,,,,,,,,,,,,
5544705,GUTHRIE (ZONE), ,5/26/1996,1200,Flood, , ,0,0,0,0,IA,CST, ,2032427,Z,58,DMX,0,0, , , , , , , , , ,5/31/1996,2359, , , , ,,"Another round of mesoscale convective complexes rolled through the state during the final week of the month.  Some areas received several inches of rain over a 2 night period.  Flooding became more widespread as monthly totals exceeded 10 inches at many locations.  Rivers flooded across most locations across the south third of the state, with flooding being more scattered across the rest of the south half.  Agricultural flooding became more of a problem as most of the seasons crops had been planted.  With the flooding lasting several days, fields were drown out by the flood waters.",111,,,,,,,,,,,,,
5544706,DALLAS (ZONE), ,5/26/1996,1200,Flood, , ,0,0,0,0,IA,CST, ,2032427,Z,59,DMX,0,0, , , , , , , , , ,5/31/1996,2359, , , , ,,"Another round of mesoscale convective complexes rolled through the state during the final week of the month.  Some areas received several inches of rain over a 2 night period.  Flooding became more widespread as monthly totals exceeded 10 inches at many locations.  Rivers flooded across most locations across the south third of the state, with flooding being more scattered across the rest of the south half.  Agricultural flooding became more of a problem as most of the seasons crops had been planted.  With the flooding lasting several days, fields were drown out by the flood waters.",112,,,,,,,,,,,,,
5544710,CASS (ZONE), ,5/26/1996,1200,Flood, , ,0,0,0,0,IA,CST, ,2032427,Z,70,DMX,0,0, , , , , , , , , ,5/31/1996,2359, , , , ,,"Another round of mesoscale convective complexes rolled through the state during the final week of the month.  Some areas received several inches of rain over a 2 night period.  Flooding became more widespread as monthly totals exceeded 10 inches at many locations.  Rivers flooded across most locations across the south third of the state, with flooding being more scattered across the rest of the south half.  Agricultural flooding became more of a problem as most of the seasons crops had been planted.  With the flooding lasting several days, fields were drown out by the flood waters.",113,,,,,,,,,,,,,
5544721,WAPELLO (ZONE), ,5/26/1996,1200,Flood, , ,0,0,0,0,IA,CST, ,2032427,Z,86,DMX,0,0, , , , , , , , , ,5/31/1996,2359, , , , ,,"Another round of mesoscale convective complexes rolled through the state during the final week of the month.  Some areas received several inches of rain over a 2 night period.  Flooding became more widespread as monthly totals exceeded 10 inches at many locations.  Rivers flooded across most locations across the south third of the state, with flooding being more scattered across the rest of the south half.  Agricultural flooding became more of a problem as most of the seasons crops had been planted.  With the flooding lasting several days, fields were drown out by the flood waters.",114,,,,,,,,,,,,,
5544722,TAYLOR (ZONE), ,5/26/1996,1200,Flood, , ,0,0,0,0,IA,CST, ,2032427,Z,92,DMX,0,0, , , , , , , , , ,5/31/1996,2359, , , , ,,"Another round of mesoscale convective complexes rolled through the state during the final week of the month.  Some areas received several inches of rain over a 2 night period.  Flooding became more widespread as monthly totals exceeded 10 inches at many locations.  Rivers flooded across most locations across the south third of the state, with flooding being more scattered across the rest of the south half.  Agricultural flooding became more of a problem as most of the seasons crops had been planted.  With the flooding lasting several days, fields were drown out by the flood waters.",115,,,,,,,,,,,,,
5544723,RINGGOLD (ZONE), ,5/26/1996,1200,Flood, , ,0,0,0,0,IA,CST, ,2032427,Z,93,DMX,0,0, , , , , , , , , ,5/31/1996,2359, , , , ,,"Another round of mesoscale convective complexes rolled through the state during the final week of the month.  Some areas received several inches of rain over a 2 night period.  Flooding became more widespread as monthly totals exceeded 10 inches at many locations.  Rivers flooded across most locations across the south third of the state, with flooding being more scattered across the rest of the south half.  Agricultural flooding became more of a problem as most of the seasons crops had been planted.  With the flooding lasting several days, fields were drown out by the flood waters.",116,,,,,,,,,,,,,
5544720,MONROE (ZONE), ,5/26/1996,1200,Flood, , ,0,0,0,0,IA,CST, ,2032427,Z,85,DMX,0,0, , , , , , , , , ,5/31/1996,2359, , , , ,,"Another round of mesoscale convective complexes rolled through the state during the final week of the month.  Some areas received several inches of rain over a 2 night period.  Flooding became more widespread as monthly totals exceeded 10 inches at many locations.  Rivers flooded across most locations across the south third of the state, with flooding being more scattered across the rest of the south half.  Agricultural flooding became more of a problem as most of the seasons crops had been planted.  With the flooding lasting several days, fields were drown out by the flood waters.",117,,,,,,,,,,,,,
5544724,DECATUR (ZONE), ,5/26/1996,1200,Flood, , ,0,0,0,0,IA,CST, ,2032427,Z,94,DMX,0,0, , , , , , , , , ,5/31/1996,2359, , , , ,,"Another round of mesoscale convective complexes rolled through the state during the final week of the month.  Some areas received several inches of rain over a 2 night period.  Flooding became more widespread as monthly totals exceeded 10 inches at many locations.  Rivers flooded across most locations across the south third of the state, with flooding being more scattered across the rest of the south half.  Agricultural flooding became more of a problem as most of the seasons crops had been planted.  With the flooding lasting several days, fields were drown out by the flood waters.",118,,,,,,,,,,,,,
5553459,SAC CO.,LYTTON,6/16/1996,1000,Flash Flood, , ,0,0,200000,25000,IA,CST, ,2034570,C,161,DMX,0,0, , , , , , , , ,LYTTON,6/16/1996,1500, , , , ,,Thunderstorms fired over northwest Iowa.  The airmass was tropical in nature with precipitable water values around 2 inches and K indices in the lower 40s.  A warm core upper low pressure was approaching the state from the west.  Heavy rainfall resulted.  Storms dropped 5 inches of rain between 0900 and 1000 CST near the town of Lytton.  A bridge was washed out near Schaller and many roads were many roads were under water.,119,,,,,,,,,,,,,
5553460,CALHOUN CO.,ROCKWELL CITY,6/16/1996,1000,Flash Flood, , ,0,0,150000,20000,IA,CST, ,2034571,C,25,DMX,0,0, , , , , , , , ,ROCKWELL CITY,6/16/1996,1500, , , , ,,,120,,,,,,,,,,,,,
5553461,POCAHONTAS CO.,POCAHONTAS,6/16/1996,1400,Flood, , ,0,0,10000,0,IA,CST, ,2034572,C,151,DMX,0,0, , , , , , , , ,POCAHONTAS,6/16/1996,1600, , , , ,,"Thunderstorms refired during the afternoon hours.  The caused repeated flooding in areas where 2 to 3 inches of rain was common during the morning.  Urban flooding became a problem as 1 to 1 1/2 inches of additional rainfall occurred in about an hour in Pocahontas, Sac, and Calhoun Counties.",121,,,,,,,,,,,,,
5553462,CALHOUN CO.,ROCKWELL CITY,6/16/1996,1400,Flood, , ,0,0,10000,0,IA,CST, ,2034573,C,25,DMX,0,0, , , , , , , , ,ROCKWELL CITY,6/16/1996,1600, , , , ,,,122,,,,,,,,,,,,,
5553463,SAC CO.,SAC CITY,6/16/1996,1400,Flood, , ,0,0,10000,0,IA,CST, ,2034574,C,161,DMX,0,0, , , , , , , , ,SAC CITY,6/16/1996,1600, , , , ,,,123,,,,,,,,,,,,,
5553467,BOONE CO.,BOONE,6/16/1996,1830,Flash Flood, , ,0,0,400000,100000,IA,CST, ,2034578,C,15,DMX,0,0, , , , ,5,NE,5,NE,BOONE,6/17/1996,100, , , , ,,,124,,,,,,,,,,,,,
5553468,HAMILTON CO.,JEWELL,6/16/1996,1830,Flash Flood, , ,0,0,200000,100000,IA,CST, ,2034579,C,79,DMX,0,0, , , , , , , , ,JEWELL,6/17/1996,100, , , , ,,,125,,,,,,,,,,,,,
5553469,STORY CO.,STORY CITY,6/16/1996,1900,Flash Flood, , ,0,0,1500000,100000,IA,CST, ,2034580,C,169,DMX,0,0, , , , , , , , ,STORY CITY,6/17/1996,410, , , , ,,,126,,,,,,,,,,,,,
5553470,HARDIN CO.,HUBBARD,6/16/1996,1930,Flash Flood, , ,0,0,200000,100000,IA,CST, ,2034581,C,83,DMX,0,0, , , , , , , , ,HUBBARD,6/17/1996,100, , , , ,,"Intense thunderstorms developed in a very unstable atmosphere.  Precipitable water values were over 2 inches, with K indices in the lower to middle 40s.  Surface temperatures warmed into the lower 80s with dew point readings in the lower to middle 70s.  The rain was tropical in nature as a warm core low at 500 mb was approaching from the west.  Thunderstorms produced copious amounts of rainfall.  Rainfall of 4 to 7 inches was common across northeast Boone, southern Hamilton, northern Story, and southwest Hardin Counties.  Doppler radar precipitation estimates were as high as 8.5 inches in the area.  Officially, the heaviest observed rainfall was 7.83 inches just sousthwest of Jewell.  Nearly 7 inches /6.9/ of that fell in a 2 1/2 hour time period.  Unofficial reports of 8 to 9 inches were received as well.  Most of the rain fell in a three hour period between 1800 and 2100 CST.  Flash flooding was widespread with numerous reports of bridges washed out and roads under water.  Many highways were closed and Interstate 35 was closed for a period of time as well.  Squaw Creek in Ames crested near the all time high.  Crop damage was extensive as well with many fields washed out.  Some of the damage included by county included: 8 homes and 3 businesses heavily damaged north of Ames in Story county.  Fifteen to 20 businesses with damage in the 10s of thousands of dollars in Ames, another 15 to 20 with minor damage.  Damage to roads was estimated at $200,000.  In Boone County, road damage was placed around $200,000.  The Governor of Iowa granted a disaster declaration for Boone, Story, Hardin, and Hamilton Counties.",127,,,,,,,,,,,,,
5553841,GREENE (ZONE), ,6/17/1996,300,Flood, , ,0,0,0,0,IA,CST, ,2034619,Z,46,DMX,0,0, , , , , , , , , ,6/25/1996,600, , , , ,,"The wet weather conditions experienced during the month of May carried into June.  Preliminary information provided by the State Climatologist Harry Hillaker, Iowa Department of Agriculture and Land Stewardship, indicated a statewide rainfall average of 5.04 inches during the month of June.  This is 114% of the normal.  Strong thunderstorms with locally torrential rain moved through parts of central and north central Iowa beginning on the evening of the 16th.  Rainall amounts in excess of 3 inches were common over large parts of the area, with point rainfall as high as 9 inches over the Skunk River and Squaw Creek basins upstream of Ames.  The resulting flood was the third highest flood of record for the Squaw Creek at Ames and the highest flood of record on the Skunk River at Ames.  Hundreds of homes sustained damage with about 10 destroyed.  Some of the damages are listed in this report with the flash flood event rather than the general flood event here.  Total damage in Ames and surrounding areas is believed to be seveal million dollars.",128,,,,,,,,,,,,,
5553843,STORY (ZONE), ,6/17/1996,300,Flood, , ,0,0,0,0,IA,CST, ,2034619,Z,48,DMX,0,0, , , , , , , , , ,6/25/1996,600, , , , ,,"The wet weather conditions experienced during the month of May carried into June.  Preliminary information provided by the State Climatologist Harry Hillaker, Iowa Department of Agriculture and Land Stewardship, indicated a statewide rainfall average of 5.04 inches during the month of June.  This is 114% of the normal.  Strong thunderstorms with locally torrential rain moved through parts of central and north central Iowa beginning on the evening of the 16th.  Rainall amounts in excess of 3 inches were common over large parts of the area, with point rainfall as high as 9 inches over the Skunk River and Squaw Creek basins upstream of Ames.  The resulting flood was the third highest flood of record for the Squaw Creek at Ames and the highest flood of record on the Skunk River at Ames.  Hundreds of homes sustained damage with about 10 destroyed.  Some of the damages are listed in this report with the flash flood event rather than the general flood event here.  Total damage in Ames and surrounding areas is believed to be seveal million dollars.",129,,,,,,,,,,,,,
5553842,BOONE (ZONE), ,6/17/1996,300,Flood, , ,0,0,0,0,IA,CST, ,2034619,Z,47,DMX,0,0, , , , , , , , , ,6/25/1996,600, , , , ,,"The wet weather conditions experienced during the month of May carried into June.  Preliminary information provided by the State Climatologist Harry Hillaker, Iowa Department of Agriculture and Land Stewardship, indicated a statewide rainfall average of 5.04 inches during the month of June.  This is 114% of the normal.  Strong thunderstorms with locally torrential rain moved through parts of central and north central Iowa beginning on the evening of the 16th.  Rainall amounts in excess of 3 inches were common over large parts of the area, with point rainfall as high as 9 inches over the Skunk River and Squaw Creek basins upstream of Ames.  The resulting flood was the third highest flood of record for the Squaw Creek at Ames and the highest flood of record on the Skunk River at Ames.  Hundreds of homes sustained damage with about 10 destroyed.  Some of the damages are listed in this report with the flash flood event rather than the general flood event here.  Total damage in Ames and surrounding areas is believed to be seveal million dollars.",130,,,,,,,,,,,,,
5553851,MARION (ZONE), ,6/17/1996,300,Flood, , ,0,0,0,0,IA,CST, ,2034619,Z,74,DMX,0,0, , , , , , , , , ,6/25/1996,600, , , , ,,"The wet weather conditions experienced during the month of May carried into June.  Preliminary information provided by the State Climatologist Harry Hillaker, Iowa Department of Agriculture and Land Stewardship, indicated a statewide rainfall average of 5.04 inches during the month of June.  This is 114% of the normal.  Strong thunderstorms with locally torrential rain moved through parts of central and north central Iowa beginning on the evening of the 16th.  Rainall amounts in excess of 3 inches were common over large parts of the area, with point rainfall as high as 9 inches over the Skunk River and Squaw Creek basins upstream of Ames.  The resulting flood was the third highest flood of record for the Squaw Creek at Ames and the highest flood of record on the Skunk River at Ames.  Hundreds of homes sustained damage with about 10 destroyed.  Some of the damages are listed in this report with the flash flood event rather than the general flood event here.  Total damage in Ames and surrounding areas is believed to be seveal million dollars.",131,,,,,,,,,,,,,
5553852,MAHASKA (ZONE), ,6/17/1996,300,Flood, , ,0,0,500000,1000000,IA,CST, ,2034619,Z,75,DMX,0,0, , , , , , , , , ,6/25/1996,600, , , , ,,"The wet weather conditions experienced during the month of May carried into June.  Preliminary information provided by the State Climatologist Harry Hillaker, Iowa Department of Agriculture and Land Stewardship, indicated a statewide rainfall average of 5.04 inches during the month of June.  This is 114% of the normal.  Strong thunderstorms with locally torrential rain moved through parts of central and north central Iowa beginning on the evening of the 16th.  Rainall amounts in excess of 3 inches were common over large parts of the area, with point rainfall as high as 9 inches over the Skunk River and Squaw Creek basins upstream of Ames.  The resulting flood was the third highest flood of record for the Squaw Creek at Ames and the highest flood of record on the Skunk River at Ames.  Hundreds of homes sustained damage with about 10 destroyed.  Some of the damages are listed in this report with the flash flood event rather than the general flood event here.  Total damage in Ames and surrounding areas is believed to be seveal million dollars.",132,,,,,,,,,,,,,
5553836,HAMILTON (ZONE), ,6/17/1996,300,Flood, , ,0,0,0,0,IA,CST, ,2034619,Z,36,DMX,0,0, , , , , , , , , ,6/25/1996,600, , , , ,,"The wet weather conditions experienced during the month of May carried into June.  Preliminary information provided by the State Climatologist Harry Hillaker, Iowa Department of Agriculture and Land Stewardship, indicated a statewide rainfall average of 5.04 inches during the month of June.  This is 114% of the normal.  Strong thunderstorms with locally torrential rain moved through parts of central and north central Iowa beginning on the evening of the 16th.  Rainall amounts in excess of 3 inches were common over large parts of the area, with point rainfall as high as 9 inches over the Skunk River and Squaw Creek basins upstream of Ames.  The resulting flood was the third highest flood of record for the Squaw Creek at Ames and the highest flood of record on the Skunk River at Ames.  Hundreds of homes sustained damage with about 10 destroyed.  Some of the damages are listed in this report with the flash flood event rather than the general flood event here.  Total damage in Ames and surrounding areas is believed to be seveal million dollars.",133,,,,,,,,,,,,,
5553837,HARDIN (ZONE), ,6/17/1996,300,Flood, , ,0,0,0,0,IA,CST, ,2034619,Z,37,DMX,0,0, , , , , , , , , ,6/25/1996,600, , , , ,,"The wet weather conditions experienced during the month of May carried into June.  Preliminary information provided by the State Climatologist Harry Hillaker, Iowa Department of Agriculture and Land Stewardship, indicated a statewide rainfall average of 5.04 inches during the month of June.  This is 114% of the normal.  Strong thunderstorms with locally torrential rain moved through parts of central and north central Iowa beginning on the evening of the 16th.  Rainall amounts in excess of 3 inches were common over large parts of the area, with point rainfall as high as 9 inches over the Skunk River and Squaw Creek basins upstream of Ames.  The resulting flood was the third highest flood of record for the Squaw Creek at Ames and the highest flood of record on the Skunk River at Ames.  Hundreds of homes sustained damage with about 10 destroyed.  Some of the damages are listed in this report with the flash flood event rather than the general flood event here.  Total damage in Ames and surrounding areas is believed to be seveal million dollars.",134,,,,,,,,,,,,,
5553693,WEBSTER (ZONE), ,6/17/1996,300,Flood, , ,0,0,0,0,IA,CST, ,2034619,Z,35,DMX,0,0, , , , , , , , , ,6/25/1996,600, , , , ,,"The wet weather conditions experienced during the month of May carried into June.  Preliminary information provided by the State Climatologist Harry Hillaker, Iowa Department of Agriculture and Land Stewardship, indicated a statewide rainfall average of 5.04 inches during the month of June.  This is 114% of the normal.  Strong thunderstorms with locally torrential rain moved through parts of central and north central Iowa beginning on the evening of the 16th.  Rainall amounts in excess of 3 inches were common over large parts of the area, with point rainfall as high as 9 inches over the Skunk River and Squaw Creek basins upstream of Ames.  The resulting flood was the third highest flood of record for the Squaw Creek at Ames and the highest flood of record on the Skunk River at Ames.  Hundreds of homes sustained damage with about 10 destroyed.  Some of the damages are listed in this report with the flash flood event rather than the general flood event here.  Total damage in Ames and surrounding areas is believed to be seveal million dollars.",135,,,,,,,,,,,,,
5553849,JASPER (ZONE), ,6/17/1996,300,Flood, , ,0,0,0,0,IA,CST, ,2034619,Z,61,DMX,0,0, , , , , , , , , ,6/25/1996,600, , , , ,,"The wet weather conditions experienced during the month of May carried into June.  Preliminary information provided by the State Climatologist Harry Hillaker, Iowa Department of Agriculture and Land Stewardship, indicated a statewide rainfall average of 5.04 inches during the month of June.  This is 114% of the normal.  Strong thunderstorms with locally torrential rain moved through parts of central and north central Iowa beginning on the evening of the 16th.  Rainall amounts in excess of 3 inches were common over large parts of the area, with point rainfall as high as 9 inches over the Skunk River and Squaw Creek basins upstream of Ames.  The resulting flood was the third highest flood of record for the Squaw Creek at Ames and the highest flood of record on the Skunk River at Ames.  Hundreds of homes sustained damage with about 10 destroyed.  Some of the damages are listed in this report with the flash flood event rather than the general flood event here.  Total damage in Ames and surrounding areas is believed to be seveal million dollars.",136,,,,,,,,,,,,,
5553846,GUTHRIE (ZONE), ,6/17/1996,300,Flood, , ,0,0,0,0,IA,CST, ,2034619,Z,58,DMX,0,0, , , , , , , , , ,6/25/1996,600, , , , ,,"The wet weather conditions experienced during the month of May carried into June.  Preliminary information provided by the State Climatologist Harry Hillaker, Iowa Department of Agriculture and Land Stewardship, indicated a statewide rainfall average of 5.04 inches during the month of June.  This is 114% of the normal.  Strong thunderstorms with locally torrential rain moved through parts of central and north central Iowa beginning on the evening of the 16th.  Rainall amounts in excess of 3 inches were common over large parts of the area, with point rainfall as high as 9 inches over the Skunk River and Squaw Creek basins upstream of Ames.  The resulting flood was the third highest flood of record for the Squaw Creek at Ames and the highest flood of record on the Skunk River at Ames.  Hundreds of homes sustained damage with about 10 destroyed.  Some of the damages are listed in this report with the flash flood event rather than the general flood event here.  Total damage in Ames and surrounding areas is believed to be seveal million dollars.",137,,,,,,,,,,,,,
5553838,GRUNDY (ZONE), ,6/17/1996,300,Flood, , ,0,0,0,0,IA,CST, ,2034619,Z,38,DMX,0,0, , , , , , , , , ,6/25/1996,600, , , , ,,"The wet weather conditions experienced during the month of May carried into June.  Preliminary information provided by the State Climatologist Harry Hillaker, Iowa Department of Agriculture and Land Stewardship, indicated a statewide rainfall average of 5.04 inches during the month of June.  This is 114% of the normal.  Strong thunderstorms with locally torrential rain moved through parts of central and north central Iowa beginning on the evening of the 16th.  Rainall amounts in excess of 3 inches were common over large parts of the area, with point rainfall as high as 9 inches over the Skunk River and Squaw Creek basins upstream of Ames.  The resulting flood was the third highest flood of record for the Squaw Creek at Ames and the highest flood of record on the Skunk River at Ames.  Hundreds of homes sustained damage with about 10 destroyed.  Some of the damages are listed in this report with the flash flood event rather than the general flood event here.  Total damage in Ames and surrounding areas is believed to be seveal million dollars.",138,,,,,,,,,,,,,
5553844,MARSHALL (ZONE), ,6/17/1996,300,Flood, , ,0,0,0,0,IA,CST, ,2034619,Z,49,DMX,0,0, , , , , , , , , ,6/25/1996,600, , , , ,,"The wet weather conditions experienced during the month of May carried into June.  Preliminary information provided by the State Climatologist Harry Hillaker, Iowa Department of Agriculture and Land Stewardship, indicated a statewide rainfall average of 5.04 inches during the month of June.  This is 114% of the normal.  Strong thunderstorms with locally torrential rain moved through parts of central and north central Iowa beginning on the evening of the 16th.  Rainall amounts in excess of 3 inches were common over large parts of the area, with point rainfall as high as 9 inches over the Skunk River and Squaw Creek basins upstream of Ames.  The resulting flood was the third highest flood of record for the Squaw Creek at Ames and the highest flood of record on the Skunk River at Ames.  Hundreds of homes sustained damage with about 10 destroyed.  Some of the damages are listed in this report with the flash flood event rather than the general flood event here.  Total damage in Ames and surrounding areas is believed to be seveal million dollars.",139,,,,,,,,,,,,,
5553847,DALLAS (ZONE), ,6/17/1996,300,Flood, , ,0,0,0,0,IA,CST, ,2034619,Z,59,DMX,0,0, , , , , , , , , ,6/25/1996,600, , , , ,,"The wet weather conditions experienced during the month of May carried into June.  Preliminary information provided by the State Climatologist Harry Hillaker, Iowa Department of Agriculture and Land Stewardship, indicated a statewide rainfall average of 5.04 inches during the month of June.  This is 114% of the normal.  Strong thunderstorms with locally torrential rain moved through parts of central and north central Iowa beginning on the evening of the 16th.  Rainall amounts in excess of 3 inches were common over large parts of the area, with point rainfall as high as 9 inches over the Skunk River and Squaw Creek basins upstream of Ames.  The resulting flood was the third highest flood of record for the Squaw Creek at Ames and the highest flood of record on the Skunk River at Ames.  Hundreds of homes sustained damage with about 10 destroyed.  Some of the damages are listed in this report with the flash flood event rather than the general flood event here.  Total damage in Ames and surrounding areas is believed to be seveal million dollars.",140,,,,,,,,,,,,,
5553692,CALHOUN (ZONE), ,6/17/1996,300,Flood, , ,0,0,0,0,IA,CST, ,2034619,Z,34,DMX,0,0, , , , , , , , , ,6/25/1996,600, , , , ,,"The wet weather conditions experienced during the month of May carried into June.  Preliminary information provided by the State Climatologist Harry Hillaker, Iowa Department of Agriculture and Land Stewardship, indicated a statewide rainfall average of 5.04 inches during the month of June.  This is 114% of the normal.  Strong thunderstorms with locally torrential rain moved through parts of central and north central Iowa beginning on the evening of the 16th.  Rainall amounts in excess of 3 inches were common over large parts of the area, with point rainfall as high as 9 inches over the Skunk River and Squaw Creek basins upstream of Ames.  The resulting flood was the third highest flood of record for the Squaw Creek at Ames and the highest flood of record on the Skunk River at Ames.  Hundreds of homes sustained damage with about 10 destroyed.  Some of the damages are listed in this report with the flash flood event rather than the general flood event here.  Total damage in Ames and surrounding areas is believed to be seveal million dollars.",141,,,,,,,,,,,,,
5553848,POLK (ZONE), ,6/17/1996,300,Flood, , ,0,0,0,0,IA,CST, ,2034619,Z,60,DMX,0,0, , , , , , , , , ,6/25/1996,600, , , , ,,"The wet weather conditions experienced during the month of May carried into June.  Preliminary information provided by the State Climatologist Harry Hillaker, Iowa Department of Agriculture and Land Stewardship, indicated a statewide rainfall average of 5.04 inches during the month of June.  This is 114% of the normal.  Strong thunderstorms with locally torrential rain moved through parts of central and north central Iowa beginning on the evening of the 16th.  Rainall amounts in excess of 3 inches were common over large parts of the area, with point rainfall as high as 9 inches over the Skunk River and Squaw Creek basins upstream of Ames.  The resulting flood was the third highest flood of record for the Squaw Creek at Ames and the highest flood of record on the Skunk River at Ames.  Hundreds of homes sustained damage with about 10 destroyed.  Some of the damages are listed in this report with the flash flood event rather than the general flood event here.  Total damage in Ames and surrounding areas is believed to be seveal million dollars.",142,,,,,,,,,,,,,
5553850,POWESHIEK (ZONE), ,6/17/1996,300,Flood, , ,0,0,0,0,IA,CST, ,2034619,Z,62,DMX,0,0, , , , , , , , , ,6/25/1996,600, , , , ,,"The wet weather conditions experienced during the month of May carried into June.  Preliminary information provided by the State Climatologist Harry Hillaker, Iowa Department of Agriculture and Land Stewardship, indicated a statewide rainfall average of 5.04 inches during the month of June.  This is 114% of the normal.  Strong thunderstorms with locally torrential rain moved through parts of central and north central Iowa beginning on the evening of the 16th.  Rainall amounts in excess of 3 inches were common over large parts of the area, with point rainfall as high as 9 inches over the Skunk River and Squaw Creek basins upstream of Ames.  The resulting flood was the third highest flood of record for the Squaw Creek at Ames and the highest flood of record on the Skunk River at Ames.  Hundreds of homes sustained damage with about 10 destroyed.  Some of the damages are listed in this report with the flash flood event rather than the general flood event here.  Total damage in Ames and surrounding areas is believed to be seveal million dollars.",143,,,,,,,,,,,,,
5553690,FAYETTE (ZONE), ,6/17/1996,300,Flood, , ,0,0,0,0,IA,CST, ,2034619,Z,29,DMX,0,0, , , , , , , , , ,6/25/1996,600, , , , ,,"The wet weather conditions experienced during the month of May carried into June.  Preliminary information provided by the State Climatologist Harry Hillaker, Iowa Department of Agriculture and Land Stewardship, indicated a statewide rainfall average of 5.04 inches during the month of June.  This is 114% of the normal.  Strong thunderstorms with locally torrential rain moved through parts of central and north central Iowa beginning on the evening of the 16th.  Rainall amounts in excess of 3 inches were common over large parts of the area, with point rainfall as high as 9 inches over the Skunk River and Squaw Creek basins upstream of Ames.  The resulting flood was the third highest flood of record for the Squaw Creek at Ames and the highest flood of record on the Skunk River at Ames.  Hundreds of homes sustained damage with about 10 destroyed.  Some of the damages are listed in this report with the flash flood event rather than the general flood event here.  Total damage in Ames and surrounding areas is believed to be seveal million dollars.",144,,,,,,,,,,,,,
5553691,SAC (ZONE), ,6/17/1996,300,Flood, , ,0,0,0,0,IA,CST, ,2034619,Z,33,DMX,0,0, , , , , , , , , ,6/25/1996,600, , , , ,,"The wet weather conditions experienced during the month of May carried into June.  Preliminary information provided by the State Climatologist Harry Hillaker, Iowa Department of Agriculture and Land Stewardship, indicated a statewide rainfall average of 5.04 inches during the month of June.  This is 114% of the normal.  Strong thunderstorms with locally torrential rain moved through parts of central and north central Iowa beginning on the evening of the 16th.  Rainall amounts in excess of 3 inches were common over large parts of the area, with point rainfall as high as 9 inches over the Skunk River and Squaw Creek basins upstream of Ames.  The resulting flood was the third highest flood of record for the Squaw Creek at Ames and the highest flood of record on the Skunk River at Ames.  Hundreds of homes sustained damage with about 10 destroyed.  Some of the damages are listed in this report with the flash flood event rather than the general flood event here.  Total damage in Ames and surrounding areas is believed to be seveal million dollars.",145,,,,,,,,,,,,,
5553845,TAMA (ZONE), ,6/17/1996,300,Flood, , ,0,0,0,0,IA,CST, ,2034619,Z,50,DMX,0,0, , , , , , , , , ,6/25/1996,600, , , , ,,"The wet weather conditions experienced during the month of May carried into June.  Preliminary information provided by the State Climatologist Harry Hillaker, Iowa Department of Agriculture and Land Stewardship, indicated a statewide rainfall average of 5.04 inches during the month of June.  This is 114% of the normal.  Strong thunderstorms with locally torrential rain moved through parts of central and north central Iowa beginning on the evening of the 16th.  Rainall amounts in excess of 3 inches were common over large parts of the area, with point rainfall as high as 9 inches over the Skunk River and Squaw Creek basins upstream of Ames.  The resulting flood was the third highest flood of record for the Squaw Creek at Ames and the highest flood of record on the Skunk River at Ames.  Hundreds of homes sustained damage with about 10 destroyed.  Some of the damages are listed in this report with the flash flood event rather than the general flood event here.  Total damage in Ames and surrounding areas is believed to be seveal million dollars.",146,,,,,,,,,,,,,
5553839,BLACK HAWK (ZONE), ,6/17/1996,300,Flood, , ,0,0,0,0,IA,CST, ,2034619,Z,39,DMX,0,0, , , , , , , , , ,6/25/1996,600, , , , ,,"The wet weather conditions experienced during the month of May carried into June.  Preliminary information provided by the State Climatologist Harry Hillaker, Iowa Department of Agriculture and Land Stewardship, indicated a statewide rainfall average of 5.04 inches during the month of June.  This is 114% of the normal.  Strong thunderstorms with locally torrential rain moved through parts of central and north central Iowa beginning on the evening of the 16th.  Rainall amounts in excess of 3 inches were common over large parts of the area, with point rainfall as high as 9 inches over the Skunk River and Squaw Creek basins upstream of Ames.  The resulting flood was the third highest flood of record for the Squaw Creek at Ames and the highest flood of record on the Skunk River at Ames.  Hundreds of homes sustained damage with about 10 destroyed.  Some of the damages are listed in this report with the flash flood event rather than the general flood event here.  Total damage in Ames and surrounding areas is believed to be seveal million dollars.",147,,,,,,,,,,,,,
5553840,CARROLL (ZONE), ,6/17/1996,300,Flood, , ,0,0,0,0,IA,CST, ,2034619,Z,45,DMX,0,0, , , , , , , , , ,6/25/1996,600, , , , ,,"The wet weather conditions experienced during the month of May carried into June.  Preliminary information provided by the State Climatologist Harry Hillaker, Iowa Department of Agriculture and Land Stewardship, indicated a statewide rainfall average of 5.04 inches during the month of June.  This is 114% of the normal.  Strong thunderstorms with locally torrential rain moved through parts of central and north central Iowa beginning on the evening of the 16th.  Rainall amounts in excess of 3 inches were common over large parts of the area, with point rainfall as high as 9 inches over the Skunk River and Squaw Creek basins upstream of Ames.  The resulting flood was the third highest flood of record for the Squaw Creek at Ames and the highest flood of record on the Skunk River at Ames.  Hundreds of homes sustained damage with about 10 destroyed.  Some of the damages are listed in this report with the flash flood event rather than the general flood event here.  Total damage in Ames and surrounding areas is believed to be seveal million dollars.",148,,,,,,,,,,,,,
5553474,JASPER (ZONE), ,6/17/1996,400,Flood, , ,0,0,0,0,IA,CST, ,2034582,Z,61,DMX,0,0, , , , , , , , , ,6/20/1996,2100, , , , ,,"The heavy rainfall mentioned above resulted in flooding along the Skunk River.  In fact, the river crested about a foot over the all time record stage at Ames, eclipsing the infamous 1993 flood event.  The flooding closed many road, caused significant damage to houses and businesses located near the river, and flooded out cropland.",149,,,,,,,,,,,,,
5553475,MAHASKA (ZONE), ,6/17/1996,400,Flood, , ,0,0,0,0,IA,CST, ,2034582,Z,75,DMX,0,0, , , , , , , , , ,6/20/1996,2100, , , , ,,"The heavy rainfall mentioned above resulted in flooding along the Skunk River.  In fact, the river crested about a foot over the all time record stage at Ames, eclipsing the infamous 1993 flood event.  The flooding closed many road, caused significant damage to houses and businesses located near the river, and flooded out cropland.",150,,,,,,,,,,,,,
5553471,HAMILTON (ZONE), ,6/17/1996,400,Flood, , ,0,0,0,0,IA,CST, ,2034582,Z,36,DMX,0,0, , , , , , , , , ,6/20/1996,2100, , , , ,,"The heavy rainfall mentioned above resulted in flooding along the Skunk River.  In fact, the river crested about a foot over the all time record stage at Ames, eclipsing the infamous 1993 flood event.  The flooding closed many road, caused significant damage to houses and businesses located near the river, and flooded out cropland.",151,,,,,,,,,,,,,
5553472,BOONE (ZONE), ,6/17/1996,400,Flood, , ,0,0,0,0,IA,CST, ,2034582,Z,47,DMX,0,0, , , , , , , , , ,6/20/1996,2100, , , , ,,"The heavy rainfall mentioned above resulted in flooding along the Skunk River.  In fact, the river crested about a foot over the all time record stage at Ames, eclipsing the infamous 1993 flood event.  The flooding closed many road, caused significant damage to houses and businesses located near the river, and flooded out cropland.",152,,,,,,,,,,,,,
5553473,STORY (ZONE), ,6/17/1996,400,Flood, , ,0,0,1000000,500000,IA,CST, ,2034582,Z,48,DMX,0,0, , , , , , , , , ,6/20/1996,2100, , , , ,,"The heavy rainfall mentioned above resulted in flooding along the Skunk River.  In fact, the river crested about a foot over the all time record stage at Ames, eclipsing the infamous 1993 flood event.  The flooding closed many road, caused significant damage to houses and businesses located near the river, and flooded out cropland.",153,,,,,,,,,,,,,
5561635,IDA (ZONE), ,6/19/1996,1800,Flood, , ,0,0,200000,500000,IA,CST, ,2039189,Z,32,FSD,0,0, , , , , , , , , ,6/22/1996,1800, , , , ,,"Rainfall of 5 to 15 inches during a 30 hour period caused widespread lowland, crop, urban, and river flooding. Rivers and streams including the Big Sioux, Little Sioux, West Fork Little Sioux, and Floyd Rivers were over flood stage for 2 to 6 days. The flooding caused widespread destruction of crops, drowned livestock, flooded and washed out roads, and flooded homes and other buildings, damaging contents.",154,,,,,,,,,,,,,
5561633,CHEROKEE (ZONE), ,6/19/1996,1800,Flood, , ,0,0,200000,500000,IA,CST, ,2039189,Z,21,FSD,0,0, , , , , , , , , ,6/22/1996,1800, , , , ,,"Rainfall of 5 to 15 inches during a 30 hour period caused widespread lowland, crop, urban, and river flooding. Rivers and streams including the Big Sioux, Little Sioux, West Fork Little Sioux, and Floyd Rivers were over flood stage for 2 to 6 days. The flooding caused widespread destruction of crops, drowned livestock, flooded and washed out roads, and flooded homes and other buildings, damaging contents.",155,,,,,,,,,,,,,
5561632,PLYMOUTH (ZONE), ,6/19/1996,1800,Flood, , ,0,0,300000,1000000,IA,CST, ,2039189,Z,20,FSD,0,0, , , , , , , , , ,6/26/1996,1800, , , , ,,"Rainfall of 5 to 15 inches during a 30 hour period caused widespread lowland, crop, urban, and river flooding. Rivers and streams including the Big Sioux, Little Sioux, West Fork Little Sioux, and Floyd Rivers were over flood stage for 2 to 6 days. The flooding caused widespread destruction of crops, drowned livestock, flooded and washed out roads, and flooded homes and other buildings, damaging contents.",156,,,,,,,,,,,,,
5561631,SIOUX (ZONE), ,6/19/1996,1800,Flood, , ,0,0,200000,500000,IA,CST, ,2039189,Z,12,FSD,0,0, , , , , , , , , ,6/24/1996,1800, , , , ,,"Rainfall of 5 to 15 inches during a 30 hour period caused widespread lowland, crop, urban, and river flooding. Rivers and streams including the Big Sioux, Little Sioux, West Fork Little Sioux, and Floyd Rivers were over flood stage for 2 to 6 days. The flooding caused widespread destruction of crops, drowned livestock, flooded and washed out roads, and flooded homes and other buildings, damaging contents.",157,,,,,,,,,,,,,
5561634,WOODBURY (ZONE), ,6/19/1996,1800,Flood, , ,0,0,400000,1000000,IA,CST, ,2039189,Z,31,FSD,0,0, , , , , , , , , ,6/26/1996,1800, , , , ,,"Rainfall of 5 to 15 inches during a 30 hour period caused widespread lowland, crop, urban, and river flooding. Rivers and streams including the Big Sioux, Little Sioux, West Fork Little Sioux, and Floyd Rivers were over flood stage for 2 to 6 days. The flooding caused widespread destruction of crops, drowned livestock, flooded and washed out roads, and flooded homes and other buildings, damaging contents.",158,,,,,,,,,,,,,
5553659,SAC CO.,SAC CITY,6/20/1996,30,Flash Flood, , ,0,0,50000,10000,IA,CST, ,2034603,C,161,DMX,0,0, , , , , , , , ,SAC CITY,6/20/1996,310, , , , ,,"Heavy rainfall over Sac County resulted in flash flooding.  Two inches of rain fall in an hours time over much of the county.  The soil was already saturated from previous rains, thus the rain ran off quickly filling streams and overtopping roads.",159,,,,,,,,,,,,,
5553663,CRAWFORD CO.,DENISON,6/20/1996,800,Flood, , ,0,0,30000,5000,IA,CST, ,2034607,C,47,DMX,0,0, , , , , , , , ,DENISON,6/20/1996,1100, , , , ,,"Heavy rainfall on already saturated soils resulted in widespread urban and small stream flooding over Sac, Carroll, Audubon, and Crawford Counties.  Rainfall in the 1 to 3 inch range was common in a 2 to 3 hour period.",160,,,,,,,,,,,,,
5553660,SAC CO.,SAC CITY,6/20/1996,800,Flood, , ,0,0,30000,5000,IA,CST, ,2034604,C,161,DMX,0,0, , , , , , , , ,SAC CITY,6/20/1996,1100, , , , ,,,161,,,,,,,,,,,,,
5553661,CARROLL CO.,CARROLL,6/20/1996,800,Flood, , ,0,0,30000,5000,IA,CST, ,2034605,C,27,DMX,0,0, , , , , , , , ,CARROLL,6/20/1996,1100, , , , ,,,162,,,,,,,,,,,,,
5553662,AUDUBON CO.,AUDUBON,6/20/1996,800,Flood, , ,0,0,30000,5000,IA,CST, ,2034606,C,9,DMX,0,0, , , , , , , , ,AUDUBON,6/20/1996,1100, , , , ,,,163,,,,,,,,,,,,,
5553664,AUDUBON CO.,AUDUBON,6/20/1996,1200,Flood, , ,0,0,50000,10000,IA,CST, ,2034608,C,9,DMX,0,0, , , , , , , , ,AUDUBON,6/20/1996,1500, , , , ,,"Thunderstorms continued to move, or train, across Audubon County.  With the 1 to 3 inches of rain that had already fallen in the morning, additional heavy rainfall resulted in flash flooding across the county.",164,,,,,,,,,,,,,
5553859,GUTHRIE (ZONE), ,6/20/1996,1800,Flood, , ,0,0,0,0,IA,CST, ,2034620,Z,58,DMX,0,0, , , , , , , , , ,6/28/1996,600, , , , ,,"Another round of heavy thunderstorms occurred on the 20th and afected much of the west third of Iowa including the Raccoon River basin.  This produced minor to moderate flooding on the North Raccoon River which continued to the end of the month.  Virtually the entier basin received heavy rains, which were generally in the 1 to 3 inch range.  The flooding was primarily lowland flooding even though the river rose over 6 feet over flood stage at Jefferson.",165,,,,,,,,,,,,,
5553860,DALLAS (ZONE), ,6/20/1996,1800,Flood, , ,0,0,500000,500000,IA,CST, ,2034620,Z,59,DMX,0,0, , , , , , , , , ,6/28/1996,600, , , , ,,"Another round of heavy thunderstorms occurred on the 20th and afected much of the west third of Iowa including the Raccoon River basin.  This produced minor to moderate flooding on the North Raccoon River which continued to the end of the month.  Virtually the entier basin received heavy rains, which were generally in the 1 to 3 inch range.  The flooding was primarily lowland flooding even though the river rose over 6 feet over flood stage at Jefferson.",166,,,,,,,,,,,,,
5553855,CRAWFORD (ZONE), ,6/20/1996,1800,Flood, , ,0,0,0,0,IA,CST, ,2034620,Z,44,DMX,0,0, , , , , , , , , ,6/28/1996,600, , , , ,,"Another round of heavy thunderstorms occurred on the 20th and afected much of the west third of Iowa including the Raccoon River basin.  This produced minor to moderate flooding on the North Raccoon River which continued to the end of the month.  Virtually the entier basin received heavy rains, which were generally in the 1 to 3 inch range.  The flooding was primarily lowland flooding even though the river rose over 6 feet over flood stage at Jefferson.",167,,,,,,,,,,,,,
5553856,CARROLL (ZONE), ,6/20/1996,1800,Flood, , ,0,0,0,0,IA,CST, ,2034620,Z,45,DMX,0,0, , , , , , , , , ,6/28/1996,600, , , , ,,"Another round of heavy thunderstorms occurred on the 20th and afected much of the west third of Iowa including the Raccoon River basin.  This produced minor to moderate flooding on the North Raccoon River which continued to the end of the month.  Virtually the entier basin received heavy rains, which were generally in the 1 to 3 inch range.  The flooding was primarily lowland flooding even though the river rose over 6 feet over flood stage at Jefferson.",168,,,,,,,,,,,,,
5553854,CALHOUN (ZONE), ,6/20/1996,1800,Flood, , ,0,0,0,0,IA,CST, ,2034620,Z,34,DMX,0,0, , , , , , , , , ,6/28/1996,600, , , , ,,"Another round of heavy thunderstorms occurred on the 20th and afected much of the west third of Iowa including the Raccoon River basin.  This produced minor to moderate flooding on the North Raccoon River which continued to the end of the month.  Virtually the entier basin received heavy rains, which were generally in the 1 to 3 inch range.  The flooding was primarily lowland flooding even though the river rose over 6 feet over flood stage at Jefferson.",169,,,,,,,,,,,,,
5553853,SAC (ZONE), ,6/20/1996,1800,Flood, , ,0,0,0,0,IA,CST, ,2034620,Z,33,DMX,0,0, , , , , , , , , ,6/28/1996,600, , , , ,,"Another round of heavy thunderstorms occurred on the 20th and afected much of the west third of Iowa including the Raccoon River basin.  This produced minor to moderate flooding on the North Raccoon River which continued to the end of the month.  Virtually the entier basin received heavy rains, which were generally in the 1 to 3 inch range.  The flooding was primarily lowland flooding even though the river rose over 6 feet over flood stage at Jefferson.",170,,,,,,,,,,,,,
5553857,GREENE (ZONE), ,6/20/1996,1800,Flood, , ,0,0,0,0,IA,CST, ,2034620,Z,46,DMX,0,0, , , , , , , , , ,6/28/1996,600, , , , ,,"Another round of heavy thunderstorms occurred on the 20th and afected much of the west third of Iowa including the Raccoon River basin.  This produced minor to moderate flooding on the North Raccoon River which continued to the end of the month.  Virtually the entier basin received heavy rains, which were generally in the 1 to 3 inch range.  The flooding was primarily lowland flooding even though the river rose over 6 feet over flood stage at Jefferson.",171,,,,,,,,,,,,,
5553858,AUDUBON (ZONE), ,6/20/1996,1800,Flood, , ,0,0,0,0,IA,CST, ,2034620,Z,57,DMX,0,0, , , , , , , , , ,6/28/1996,600, , , , ,,"Another round of heavy thunderstorms occurred on the 20th and afected much of the west third of Iowa including the Raccoon River basin.  This produced minor to moderate flooding on the North Raccoon River which continued to the end of the month.  Virtually the entier basin received heavy rains, which were generally in the 1 to 3 inch range.  The flooding was primarily lowland flooding even though the river rose over 6 feet over flood stage at Jefferson.",172,,,,,,,,,,,,,
5562445,HARRISON (ZONE), ,6/21/1996,0,Flood, , ,0,0,7500000,24000000,IA,CST, ,2039340,Z,55,OAX,0,0, , , , , , , , , ,6/22/1996,2200, , , , ,,"Harrison County received record flooding along the Boyer River along the entire reach.  From the 19th of June to the 23rd, parts of northwest Iowa upstream from Harrison County was inundated with as much as 13 inches of rain.  Locally, 2 to 5 inches was reported.  The heavy rain to the north traveled downstream, in addition to the locally heavy rains, and resulted in local levee breaks near Woodbine and Missouri Valley.  Extensive damage to crops, roads, bridges, and culverts were reported.",173,,,,,,,,,,,,,
5553666,CRAWFORD CO.,DENISON,6/21/1996,100,Flash Flood, , ,0,0,11000000,150000,IA,CST, ,2034610,C,47,DMX,0,0, , , , , , , , ,DENISON,6/21/1996,900, , , , ,,,174,,,,,,,,,,,,,
5553667,SAC CO.,SAC CITY,6/21/1996,130,Flood, , ,0,0,30000,5000,IA,CST, ,2034611,C,161,DMX,0,0, , , , , , , , ,SAC CITY,6/21/1996,500, , , , ,,,175,,,,,,,,,,,,,
5553665,CARROLL CO.,CARROLL,6/21/1996,130,Flash Flood, , ,0,0,250000,75000,IA,CST, ,2034609,C,27,DMX,0,0, , , , , , , , ,CARROLL,6/21/1996,900, , , , ,,,176,,,,,,,,,,,,,
5553668,CALHOUN CO.,ROCKWELL CITY,6/21/1996,130,Flood, , ,0,0,30000,5000,IA,CST, ,1007499,C,25,DMX,0,0, , , , , , , , ,ROCKWELL CITY,6/21/1996,500, , , , ,,"Thunderstorms continued to develop and move across the same areas.  These repeated thunderstorms dumped copious amounts of rain across Carroll and Crawford Counties.  General amounts of 4 inches were reported over Carroll County, with greater than 6 inch amounts common in Crawford County.  These heavy rains produced widespread flash flooding across both counties.  Roads were overtopped by high water and flooding was widespread.  Soil erosion was very serious in Crawford County.  Estimates put damages in the county at $10 million in soil erosion alone.  Lesser amounts of rain fell in Sac and Calhoun Counties.  Some flooding was reported, mainly in urban areas, but it was not very seriuos.",177,,,,,,,,,,,,,
5563941,MONONA CO.,UTE,6/21/1996,500,Flash Flood, , ,0,0,0,0,IA,CST, ,1021087,C,133,OAX,0,0, , , , , , , , ,UTE,6/21/1996,800, , , , ,,Heavy rains in excess of 6 inches fell over much of eastern Monona County.,178,,,,,,,,,,,,,
5563942,HARRISON CO.,PISGAH,6/21/1996,600,Flash Flood, , ,0,0,0,0,IA,CST, ,1021088,C,85,OAX,0,0, , , , , , , , ,PISGAH,6/21/1996,900, , , , ,,Heavy rains of 2 to 6 inches fell over much of Harrison County.,179,,,,,,,,,,,,,
5563943,SHELBY CO.,HARLAN,6/21/1996,600,Flash Flood, , ,0,0,0,0,IA,CST, ,2047173,C,165,OAX,0,0, , , , , , , , ,HARLAN,6/21/1996,900, , , , ,,Heavy rains of 2 to 5 inches fell over much of northern Shelby County.,180,,,,,,,,,,,,,
5563944,HARRISON CO.,LOGAN,6/21/1996,1100,Flash Flood, , ,0,0,0,0,IA,CST, ,1021090,C,85,OAX,0,0, , , , , , , , ,LOGAN,6/21/1996,2100, , , , ,,"Extensive flooding was occurring around Logan and Missouri River Valley as a result of levees failures.  Torrential rains fell upstream in Crawford and Sac Counties, traveling down the Boyer River.",181,,,,,,,,,,,,,
5563947,PAGE CO.,BRADDYVILLE,6/23/1996,1800,Flash Flood, , ,0,0,0,0,IA,CST, ,1021093,C,145,OAX,0,0, , , , , , , , ,BRADDYVILLE,6/23/1996,2200, , , , ,,Heavy rains of 2 to 6 inches fell over southern Page County.,182,,,,,,,,,,,,,
5557036,HARRISON (ZONE), ,7/16/1996,2000,Flood, , ,0,0,1500000,8000000,IA,CST, ,2043199,Z,55,OAX,0,0, , , , , , , , , ,7/18/1996,1200, , , , ,,"Heavy rains upstream in Monona and Crawford Counties of 5 to nearly 13 inches brought flooding along the entire Boyer River and the Soldier River.  Urban flooding affected Pisgah and Missouri Valley.  Up to 6 inches of rain fell in Harrison County itself.  Damage was substantial to cropland, bridges, county roads, farm fences, and culverts.",183,,,,,,,,,,,,,
5556819,WOODBURY CO.,SIOUX CITY,7/16/1996,2130,Flash Flood, , ,0,0,1000000,0,IA,CST, ,2043139,C,193,FSD,0,0, , , , , , , , ,SIOUX CITY,7/17/1996,300, , , , ,,"Heavy rainfall of 6 to 11.5 inches caused flash flooding of roads including urban areas, as well as creeks and lowlands. Several levee failures were reported along Wolf Creek. Basement flooding and some flooding of ground level floors occurred.",184,,,,,,,,,,,,,
5557035,MONONA (ZONE), ,7/16/1996,2200,Flood, , ,0,0,1500000,27000000,IA,CST, ,2043198,Z,43,OAX,0,0, , , , , , , , , ,7/18/1996,1200, , , , ,,The evening of July 16th thunderstorms produced a large area of 10 plus inches of rain from Monona County into Crawford County.  Over half of Monona County averaged between 8 and 10 inches of rain.  12.75 inches of rain was reported at the Castana Experimental Farm.  Extensive crop damage resulted across the county.  Damage was also done to roads and bridges.,185,,,,,,,,,,,,,
5561788,CRAWFORD CO.,DENISON,7/17/1996,0,Flash Flood, , ,0,0,300000,200000,IA,CST, ,1011756,C,47,DMX,0,0, , , , , , , , ,DENISON,7/17/1996,900, , , , ,,,186,,,,,,,,,,,,,
5561794,CARROLL CO.,CARROLL,7/17/1996,155,Flash Flood, , ,0,0,300000,200000,IA,CST, ,2038563,C,27,DMX,0,0, , , , , , , , ,CARROLL,7/17/1996,900, , , , ,,,187,,,,,,,,,,,,,
5561988,GUTHRIE (ZONE), ,7/17/1996,300,Flood, , ,0,0,0,0,IA,CST, ,2038583,Z,58,DMX,0,0, , , , , , , , , ,7/19/1996,1800, , , , ,,"Dry weather prevailed across Iowa until the 16th and 17th when a strong thunderstorm complex moved through the state.  Heavy rainfall was observed over much of the northwest half of the state, and was particularly heavy over west central Iowa with some locations reporting in excess of 10 inches of rain from the event.  While the average rainfall over the Raccoon River Basin was comparatively light (2 to 3 inches), it did produce minor flooding along most of the rivers reach.  Flooding was primarily limited to agricultural lands with crops being flooded out.  Only very minor property damage was reported.  All of the forecast points along the river receded below flood stage within 72 hours of the onset of the heavy rain.",188,,,,,,,,,,,,,
5561989,DALLAS (ZONE), ,7/17/1996,300,Flood, , ,0,0,25000,100000,IA,CST, ,2038583,Z,59,DMX,0,0, , , , , , , , , ,7/19/1996,1800, , , , ,,"Dry weather prevailed across Iowa until the 16th and 17th when a strong thunderstorm complex moved through the state.  Heavy rainfall was observed over much of the northwest half of the state, and was particularly heavy over west central Iowa with some locations reporting in excess of 10 inches of rain from the event.  While the average rainfall over the Raccoon River Basin was comparatively light (2 to 3 inches), it did produce minor flooding along most of the rivers reach.  Flooding was primarily limited to agricultural lands with crops being flooded out.  Only very minor property damage was reported.  All of the forecast points along the river receded below flood stage within 72 hours of the onset of the heavy rain.",189,,,,,,,,,,,,,
5561987,AUDUBON (ZONE), ,7/17/1996,300,Flood, , ,0,0,0,0,IA,CST, ,2038583,Z,57,DMX,0,0, , , , , , , , , ,7/19/1996,1800, , , , ,,"Dry weather prevailed across Iowa until the 16th and 17th when a strong thunderstorm complex moved through the state.  Heavy rainfall was observed over much of the northwest half of the state, and was particularly heavy over west central Iowa with some locations reporting in excess of 10 inches of rain from the event.  While the average rainfall over the Raccoon River Basin was comparatively light (2 to 3 inches), it did produce minor flooding along most of the rivers reach.  Flooding was primarily limited to agricultural lands with crops being flooded out.  Only very minor property damage was reported.  All of the forecast points along the river receded below flood stage within 72 hours of the onset of the heavy rain.",190,,,,,,,,,,,,,
5561986,GREENE (ZONE), ,7/17/1996,300,Flood, , ,0,0,0,0,IA,CST, ,2038583,Z,46,DMX,0,0, , , , , , , , , ,7/19/1996,1800, , , , ,,"Dry weather prevailed across Iowa until the 16th and 17th when a strong thunderstorm complex moved through the state.  Heavy rainfall was observed over much of the northwest half of the state, and was particularly heavy over west central Iowa with some locations reporting in excess of 10 inches of rain from the event.  While the average rainfall over the Raccoon River Basin was comparatively light (2 to 3 inches), it did produce minor flooding along most of the rivers reach.  Flooding was primarily limited to agricultural lands with crops being flooded out.  Only very minor property damage was reported.  All of the forecast points along the river receded below flood stage within 72 hours of the onset of the heavy rain.",191,,,,,,,,,,,,,
5561984,CALHOUN (ZONE), ,7/17/1996,300,Flood, , ,0,0,0,0,IA,CST, ,2038583,Z,34,DMX,0,0, , , , , , , , , ,7/19/1996,1800, , , , ,,"Dry weather prevailed across Iowa until the 16th and 17th when a strong thunderstorm complex moved through the state.  Heavy rainfall was observed over much of the northwest half of the state, and was particularly heavy over west central Iowa with some locations reporting in excess of 10 inches of rain from the event.  While the average rainfall over the Raccoon River Basin was comparatively light (2 to 3 inches), it did produce minor flooding along most of the rivers reach.  Flooding was primarily limited to agricultural lands with crops being flooded out.  Only very minor property damage was reported.  All of the forecast points along the river receded below flood stage within 72 hours of the onset of the heavy rain.",192,,,,,,,,,,,,,
5561985,CARROLL (ZONE), ,7/17/1996,300,Flood, , ,0,0,0,0,IA,CST, ,2038583,Z,45,DMX,0,0, , , , , , , , , ,7/19/1996,1800, , , , ,,"Dry weather prevailed across Iowa until the 16th and 17th when a strong thunderstorm complex moved through the state.  Heavy rainfall was observed over much of the northwest half of the state, and was particularly heavy over west central Iowa with some locations reporting in excess of 10 inches of rain from the event.  While the average rainfall over the Raccoon River Basin was comparatively light (2 to 3 inches), it did produce minor flooding along most of the rivers reach.  Flooding was primarily limited to agricultural lands with crops being flooded out.  Only very minor property damage was reported.  All of the forecast points along the river receded below flood stage within 72 hours of the onset of the heavy rain.",193,,,,,,,,,,,,,
5561983,SAC (ZONE), ,7/17/1996,300,Flood, , ,0,0,0,0,IA,CST, ,2038583,Z,33,DMX,0,0, , , , , , , , , ,7/19/1996,1800, , , , ,,"Dry weather prevailed across Iowa until the 16th and 17th when a strong thunderstorm complex moved through the state.  Heavy rainfall was observed over much of the northwest half of the state, and was particularly heavy over west central Iowa with some locations reporting in excess of 10 inches of rain from the event.  While the average rainfall over the Raccoon River Basin was comparatively light (2 to 3 inches), it did produce minor flooding along most of the rivers reach.  Flooding was primarily limited to agricultural lands with crops being flooded out.  Only very minor property damage was reported.  All of the forecast points along the river receded below flood stage within 72 hours of the onset of the heavy rain.",194,,,,,,,,,,,,,
5561795,CRAWFORD CO.,DENISON,7/17/1996,900,Flood, , ,0,0,15000,0,IA,CST, ,2038564,C,47,DMX,0,0, , , , , , , , ,DENISON,7/17/1996,1100, , , , ,,,195,,,,,,,,,,,,,
5561796,CARROLL CO.,CARROLL,7/17/1996,900,Flood, , ,0,0,15000,0,IA,CST, ,2038565,C,27,DMX,0,0, , , , , , , , ,CARROLL,7/17/1996,1100, , , , ,,,196,,,,,,,,,,,,,
5561797,POLK CO.,DES MOINES,7/17/1996,900,Flood, , ,0,0,30000,0,IA,CST, ,2038566,C,153,DMX,0,0, , , , , , , , ,DES MOINES,7/17/1996,1100, , , , ,,,197,,,,,,,,,,,,,
5561798,WARREN CO.,INDIANOLA,7/17/1996,900,Flood, , ,0,0,15000,0,IA,CST, ,2038567,C,181,DMX,0,0, , , , , , , , ,INDIANOLA,7/17/1996,1100, , , , ,,,198,,,,,,,,,,,,,
5557627,SAC CO.,SAC CITY,8/4/1996,1930,Flood, , ,0,0,75000,5000,IA,CST, ,2041397,C,161,DMX,0,0, , , , , , , , ,SAC CITY,8/5/1996,15, , , , ,,"A line of heavy thunderstorms developed over west central into northwest Iowa.  Though no severe weather was reported, heavy rainfall occurred.  The thunderstorms trained"" over the same areas for several hours", dropping up to 3 inches of rain per hour at times.  During the period from 1700 CST to 1930 CST, four to five inches of rain fell over much of Sac and Pocahontas Counties.  In spite of the heavy rainfall, flooding was limited to urban and small stream flooding.  Damage was relatively minor," and mostly due to flooded basements.""",199,,,,,,,,,
5557628,POCAHONTAS CO.,POCAHONTAS,8/4/1996,1930,Flood, , ,0,0,75000,5000,IA,CST, ,2041398,C,151,DMX,0,0, , , , , , , , ,POCAHONTAS,8/5/1996,15, , , , ,,,200,,,,,,,,,,,,,
5585532,GRUNDY (ZONE), ,2/18/1997,1800,Flood, , ,0,0,0,0,IA,CST, ,2058039,Z,38,DMX,0,0, , , , , , , , , ,2/24/1997,600, , , , ,,"Iowa was under a deep snow pack with water equivalents ranging from around an inch over the south third of the state to around 5 inches across the north.  A strong warming trend took place as cold air over Iowa was replaces with Chinook air from the Rockies.  Rapid melting of the snow pack took place with as much as 11 inches melting in just one day on the 19th.  Though the warming began on the 18th, the bulk of the melt took place the next day.  Early in the flooding event, flooding was caused as ice choked rivers were unable to handle runoff.  Flooding took place in the upper reaches of many of the states rivers.  By the afternoon of the 19th, flooding was taking place along many of the mainstem rivers.  The most significant flooding was along the Iowa River, where the river crested nearly 4 feet over flood stage.  This flooded a considerable amount of low land area and closed several county roads.  Ice jams caused problems resulting in closed roads at many locations around the state.  To further agrivate the situation, rain began falling ove the southeast third of the state on the 20th.  The heaviest fall during the night of the 20th and early morning of the 21st.  As much as two and one half inches fell over the far south.  Most areas received around an inch.  Flooding continued over the weekend, however with the passage of a cold front and sub-freezing temperatures, flooding gradually abated on the 23rd and 24th.",201,,,,,,,,,,,,,
5585540,TAMA (ZONE), ,2/18/1997,1800,Flood, , ,0,0,0,0,IA,CST, ,2058039,Z,50,DMX,0,0, , , , , , , , , ,2/24/1997,600, , , , ,,"Iowa was under a deep snow pack with water equivalents ranging from around an inch over the south third of the state to around 5 inches across the north.  A strong warming trend took place as cold air over Iowa was replaces with Chinook air from the Rockies.  Rapid melting of the snow pack took place with as much as 11 inches melting in just one day on the 19th.  Though the warming began on the 18th, the bulk of the melt took place the next day.  Early in the flooding event, flooding was caused as ice choked rivers were unable to handle runoff.  Flooding took place in the upper reaches of many of the states rivers.  By the afternoon of the 19th, flooding was taking place along many of the mainstem rivers.  The most significant flooding was along the Iowa River, where the river crested nearly 4 feet over flood stage.  This flooded a considerable amount of low land area and closed several county roads.  Ice jams caused problems resulting in closed roads at many locations around the state.  To further agrivate the situation, rain began falling ove the southeast third of the state on the 20th.  The heaviest fall during the night of the 20th and early morning of the 21st.  As much as two and one half inches fell over the far south.  Most areas received around an inch.  Flooding continued over the weekend, however with the passage of a cold front and sub-freezing temperatures, flooding gradually abated on the 23rd and 24th.",202,,,,,,,,,,,,,
5585529,WEBSTER (ZONE), ,2/18/1997,1800,Flood, , ,0,0,0,0,IA,CST, ,2058039,Z,35,DMX,0,0, , , , , , , , , ,2/24/1997,600, , , , ,,"Iowa was under a deep snow pack with water equivalents ranging from around an inch over the south third of the state to around 5 inches across the north.  A strong warming trend took place as cold air over Iowa was replaces with Chinook air from the Rockies.  Rapid melting of the snow pack took place with as much as 11 inches melting in just one day on the 19th.  Though the warming began on the 18th, the bulk of the melt took place the next day.  Early in the flooding event, flooding was caused as ice choked rivers were unable to handle runoff.  Flooding took place in the upper reaches of many of the states rivers.  By the afternoon of the 19th, flooding was taking place along many of the mainstem rivers.  The most significant flooding was along the Iowa River, where the river crested nearly 4 feet over flood stage.  This flooded a considerable amount of low land area and closed several county roads.  Ice jams caused problems resulting in closed roads at many locations around the state.  To further agrivate the situation, rain began falling ove the southeast third of the state on the 20th.  The heaviest fall during the night of the 20th and early morning of the 21st.  As much as two and one half inches fell over the far south.  Most areas received around an inch.  Flooding continued over the weekend, however with the passage of a cold front and sub-freezing temperatures, flooding gradually abated on the 23rd and 24th.",203,,,,,,,,,,,,,
5590765,FREMONT (ZONE), ,2/18/1997,1800,Flood, , ,0,0,0,0,IA,CST, ,2058428,Z,90,OAX,0,0, , , , , , , , , ,2/28/1997,1200, , , , ,,"Mild temperatures melted snowcover in a short period allowing for a sudden runoff into streams and rivers which were still intact with thicker than normal ice.  The runoff into the streams and rivers was sufficient to break up the ice.  Ice jams formed at many locations causing flooding.  

The more significant flooding occurred along the Boyer river and was aggravated by ice jams at Woodbine downstream to below Logan where considerable agricultural lowlands caught the brunt of the overflows.  State Highway 30 was closed for two days near Woodbine.  

The Nishnabotna river flooded lowlands in Fremont county and entered the city park at Hancock for a brief time.",204,,,,,,,,,,,,,
5586115,POLK (ZONE), ,2/18/1997,1800,Flood, , ,0,0,0,0,IA,CST, ,2058039,Z,60,DMX,0,0, , , , , , , , , ,2/24/1997,600, , , , ,,"Iowa was under a deep snow pack with water equivalents ranging from around an inch over the south third of the state to around 5 inches across the north.  A strong warming trend took place as cold air over Iowa was replaces with Chinook air from the Rockies.  Rapid melting of the snow pack took place with as much as 11 inches melting in just one day on the 19th.  Though the warming began on the 18th, the bulk of the melt took place the next day.  Early in the flooding event, flooding was caused as ice choked rivers were unable to handle runoff.  Flooding took place in the upper reaches of many of the states rivers.  By the afternoon of the 19th, flooding was taking place along many of the mainstem rivers.  The most significant flooding was along the Iowa River, where the river crested nearly 4 feet over flood stage.  This flooded a considerable amount of low land area and closed several county roads.  Ice jams caused problems resulting in closed roads at many locations around the state.  To further agrivate the situation, rain began falling ove the southeast third of the state on the 20th.  The heaviest fall during the night of the 20th and early morning of the 21st.  As much as two and one half inches fell over the far south.  Most areas received around an inch.  Flooding continued over the weekend, however with the passage of a cold front and sub-freezing temperatures, flooding gradually abated on the 23rd and 24th.",205,,,,,,,,,,,,,
5586131,RINGGOLD (ZONE), ,2/18/1997,1800,Flood, , ,0,0,0,0,IA,CST, ,2058039,Z,93,DMX,0,0, , , , , , , , , ,2/24/1997,600, , , , ,,"Iowa was under a deep snow pack with water equivalents ranging from around an inch over the south third of the state to around 5 inches across the north.  A strong warming trend took place as cold air over Iowa was replaces with Chinook air from the Rockies.  Rapid melting of the snow pack took place with as much as 11 inches melting in just one day on the 19th.  Though the warming began on the 18th, the bulk of the melt took place the next day.  Early in the flooding event, flooding was caused as ice choked rivers were unable to handle runoff.  Flooding took place in the upper reaches of many of the states rivers.  By the afternoon of the 19th, flooding was taking place along many of the mainstem rivers.  The most significant flooding was along the Iowa River, where the river crested nearly 4 feet over flood stage.  This flooded a considerable amount of low land area and closed several county roads.  Ice jams caused problems resulting in closed roads at many locations around the state.  To further agrivate the situation, rain began falling ove the southeast third of the state on the 20th.  The heaviest fall during the night of the 20th and early morning of the 21st.  As much as two and one half inches fell over the far south.  Most areas received around an inch.  Flooding continued over the weekend, however with the passage of a cold front and sub-freezing temperatures, flooding gradually abated on the 23rd and 24th.",206,,,,,,,,,,,,,
5585536,GREENE (ZONE), ,2/18/1997,1800,Flood, , ,0,0,0,0,IA,CST, ,2058039,Z,46,DMX,0,0, , , , , , , , , ,2/24/1997,600, , , , ,,"Iowa was under a deep snow pack with water equivalents ranging from around an inch over the south third of the state to around 5 inches across the north.  A strong warming trend took place as cold air over Iowa was replaces with Chinook air from the Rockies.  Rapid melting of the snow pack took place with as much as 11 inches melting in just one day on the 19th.  Though the warming began on the 18th, the bulk of the melt took place the next day.  Early in the flooding event, flooding was caused as ice choked rivers were unable to handle runoff.  Flooding took place in the upper reaches of many of the states rivers.  By the afternoon of the 19th, flooding was taking place along many of the mainstem rivers.  The most significant flooding was along the Iowa River, where the river crested nearly 4 feet over flood stage.  This flooded a considerable amount of low land area and closed several county roads.  Ice jams caused problems resulting in closed roads at many locations around the state.  To further agrivate the situation, rain began falling ove the southeast third of the state on the 20th.  The heaviest fall during the night of the 20th and early morning of the 21st.  As much as two and one half inches fell over the far south.  Most areas received around an inch.  Flooding continued over the weekend, however with the passage of a cold front and sub-freezing temperatures, flooding gradually abated on the 23rd and 24th.",207,,,,,,,,,,,,,
5586130,TAYLOR (ZONE), ,2/18/1997,1800,Flood, , ,0,0,0,0,IA,CST, ,2058039,Z,92,DMX,0,0, , , , , , , , , ,2/24/1997,600, , , , ,,"Iowa was under a deep snow pack with water equivalents ranging from around an inch over the south third of the state to around 5 inches across the north.  A strong warming trend took place as cold air over Iowa was replaces with Chinook air from the Rockies.  Rapid melting of the snow pack took place with as much as 11 inches melting in just one day on the 19th.  Though the warming began on the 18th, the bulk of the melt took place the next day.  Early in the flooding event, flooding was caused as ice choked rivers were unable to handle runoff.  Flooding took place in the upper reaches of many of the states rivers.  By the afternoon of the 19th, flooding was taking place along many of the mainstem rivers.  The most significant flooding was along the Iowa River, where the river crested nearly 4 feet over flood stage.  This flooded a considerable amount of low land area and closed several county roads.  Ice jams caused problems resulting in closed roads at many locations around the state.  To further agrivate the situation, rain began falling ove the southeast third of the state on the 20th.  The heaviest fall during the night of the 20th and early morning of the 21st.  As much as two and one half inches fell over the far south.  Most areas received around an inch.  Flooding continued over the weekend, however with the passage of a cold front and sub-freezing temperatures, flooding gradually abated on the 23rd and 24th.",208,,,,,,,,,,,,,
5586128,MONROE (ZONE), ,2/18/1997,1800,Flood, , ,0,0,0,0,IA,CST, ,2058039,Z,85,DMX,0,0, , , , , , , , , ,2/24/1997,600, , , , ,,"Iowa was under a deep snow pack with water equivalents ranging from around an inch over the south third of the state to around 5 inches across the north.  A strong warming trend took place as cold air over Iowa was replaces with Chinook air from the Rockies.  Rapid melting of the snow pack took place with as much as 11 inches melting in just one day on the 19th.  Though the warming began on the 18th, the bulk of the melt took place the next day.  Early in the flooding event, flooding was caused as ice choked rivers were unable to handle runoff.  Flooding took place in the upper reaches of many of the states rivers.  By the afternoon of the 19th, flooding was taking place along many of the mainstem rivers.  The most significant flooding was along the Iowa River, where the river crested nearly 4 feet over flood stage.  This flooded a considerable amount of low land area and closed several county roads.  Ice jams caused problems resulting in closed roads at many locations around the state.  To further agrivate the situation, rain began falling ove the southeast third of the state on the 20th.  The heaviest fall during the night of the 20th and early morning of the 21st.  As much as two and one half inches fell over the far south.  Most areas received around an inch.  Flooding continued over the weekend, however with the passage of a cold front and sub-freezing temperatures, flooding gradually abated on the 23rd and 24th.",209,,,,,,,,,,,,,
5586123,MAHASKA (ZONE), ,2/18/1997,1800,Flood, , ,0,0,0,0,IA,CST, ,2058039,Z,75,DMX,0,0, , , , , , , , , ,2/24/1997,600, , , , ,,"Iowa was under a deep snow pack with water equivalents ranging from around an inch over the south third of the state to around 5 inches across the north.  A strong warming trend took place as cold air over Iowa was replaces with Chinook air from the Rockies.  Rapid melting of the snow pack took place with as much as 11 inches melting in just one day on the 19th.  Though the warming began on the 18th, the bulk of the melt took place the next day.  Early in the flooding event, flooding was caused as ice choked rivers were unable to handle runoff.  Flooding took place in the upper reaches of many of the states rivers.  By the afternoon of the 19th, flooding was taking place along many of the mainstem rivers.  The most significant flooding was along the Iowa River, where the river crested nearly 4 feet over flood stage.  This flooded a considerable amount of low land area and closed several county roads.  Ice jams caused problems resulting in closed roads at many locations around the state.  To further agrivate the situation, rain began falling ove the southeast third of the state on the 20th.  The heaviest fall during the night of the 20th and early morning of the 21st.  As much as two and one half inches fell over the far south.  Most areas received around an inch.  Flooding continued over the weekend, however with the passage of a cold front and sub-freezing temperatures, flooding gradually abated on the 23rd and 24th.",210,,,,,,,,,,,,,
5585538,STORY (ZONE), ,2/18/1997,1800,Flood, , ,0,0,0,0,IA,CST, ,2058039,Z,48,DMX,0,0, , , , , , , , , ,2/24/1997,600, , , , ,,"Iowa was under a deep snow pack with water equivalents ranging from around an inch over the south third of the state to around 5 inches across the north.  A strong warming trend took place as cold air over Iowa was replaces with Chinook air from the Rockies.  Rapid melting of the snow pack took place with as much as 11 inches melting in just one day on the 19th.  Though the warming began on the 18th, the bulk of the melt took place the next day.  Early in the flooding event, flooding was caused as ice choked rivers were unable to handle runoff.  Flooding took place in the upper reaches of many of the states rivers.  By the afternoon of the 19th, flooding was taking place along many of the mainstem rivers.  The most significant flooding was along the Iowa River, where the river crested nearly 4 feet over flood stage.  This flooded a considerable amount of low land area and closed several county roads.  Ice jams caused problems resulting in closed roads at many locations around the state.  To further agrivate the situation, rain began falling ove the southeast third of the state on the 20th.  The heaviest fall during the night of the 20th and early morning of the 21st.  As much as two and one half inches fell over the far south.  Most areas received around an inch.  Flooding continued over the weekend, however with the passage of a cold front and sub-freezing temperatures, flooding gradually abated on the 23rd and 24th.",211,,,,,,,,,,,,,
5586132,DECATUR (ZONE), ,2/18/1997,1800,Flood, , ,0,0,0,0,IA,CST, ,2058039,Z,94,DMX,0,0, , , , , , , , , ,2/24/1997,600, , , , ,,"Iowa was under a deep snow pack with water equivalents ranging from around an inch over the south third of the state to around 5 inches across the north.  A strong warming trend took place as cold air over Iowa was replaces with Chinook air from the Rockies.  Rapid melting of the snow pack took place with as much as 11 inches melting in just one day on the 19th.  Though the warming began on the 18th, the bulk of the melt took place the next day.  Early in the flooding event, flooding was caused as ice choked rivers were unable to handle runoff.  Flooding took place in the upper reaches of many of the states rivers.  By the afternoon of the 19th, flooding was taking place along many of the mainstem rivers.  The most significant flooding was along the Iowa River, where the river crested nearly 4 feet over flood stage.  This flooded a considerable amount of low land area and closed several county roads.  Ice jams caused problems resulting in closed roads at many locations around the state.  To further agrivate the situation, rain began falling ove the southeast third of the state on the 20th.  The heaviest fall during the night of the 20th and early morning of the 21st.  As much as two and one half inches fell over the far south.  Most areas received around an inch.  Flooding continued over the weekend, however with the passage of a cold front and sub-freezing temperatures, flooding gradually abated on the 23rd and 24th.",212,,,,,,,,,,,,,
5585539,MARSHALL (ZONE), ,2/18/1997,1800,Flood, , ,0,0,0,0,IA,CST, ,2058039,Z,49,DMX,0,0, , , , , , , , , ,2/24/1997,600, , , , ,,"Iowa was under a deep snow pack with water equivalents ranging from around an inch over the south third of the state to around 5 inches across the north.  A strong warming trend took place as cold air over Iowa was replaces with Chinook air from the Rockies.  Rapid melting of the snow pack took place with as much as 11 inches melting in just one day on the 19th.  Though the warming began on the 18th, the bulk of the melt took place the next day.  Early in the flooding event, flooding was caused as ice choked rivers were unable to handle runoff.  Flooding took place in the upper reaches of many of the states rivers.  By the afternoon of the 19th, flooding was taking place along many of the mainstem rivers.  The most significant flooding was along the Iowa River, where the river crested nearly 4 feet over flood stage.  This flooded a considerable amount of low land area and closed several county roads.  Ice jams caused problems resulting in closed roads at many locations around the state.  To further agrivate the situation, rain began falling ove the southeast third of the state on the 20th.  The heaviest fall during the night of the 20th and early morning of the 21st.  As much as two and one half inches fell over the far south.  Most areas received around an inch.  Flooding continued over the weekend, however with the passage of a cold front and sub-freezing temperatures, flooding gradually abated on the 23rd and 24th.",213,,,,,,,,,,,,,
5590770,MILLS (ZONE), ,2/18/1997,1800,Flood, , ,0,0,0,0,IA,CST, ,2058428,Z,79,OAX,0,0, , , , , , , , , ,2/28/1997,1200, , , , ,,"Mild temperatures melted snowcover in a short period allowing for a sudden runoff into streams and rivers which were still intact with thicker than normal ice.  The runoff into the streams and rivers was sufficient to break up the ice.  Ice jams formed at many locations causing flooding.  

The more significant flooding occurred along the Boyer river and was aggravated by ice jams at Woodbine downstream to below Logan where considerable agricultural lowlands caught the brunt of the overflows.  State Highway 30 was closed for two days near Woodbine.  

The Nishnabotna river flooded lowlands in Fremont county and entered the city park at Hancock for a brief time.",214,,,,,,,,,,,,,
5586118,CASS (ZONE), ,2/18/1997,1800,Flood, , ,0,0,0,0,IA,CST, ,2058039,Z,70,DMX,0,0, , , , , , , , , ,2/24/1997,600, , , , ,,"Iowa was under a deep snow pack with water equivalents ranging from around an inch over the south third of the state to around 5 inches across the north.  A strong warming trend took place as cold air over Iowa was replaces with Chinook air from the Rockies.  Rapid melting of the snow pack took place with as much as 11 inches melting in just one day on the 19th.  Though the warming began on the 18th, the bulk of the melt took place the next day.  Early in the flooding event, flooding was caused as ice choked rivers were unable to handle runoff.  Flooding took place in the upper reaches of many of the states rivers.  By the afternoon of the 19th, flooding was taking place along many of the mainstem rivers.  The most significant flooding was along the Iowa River, where the river crested nearly 4 feet over flood stage.  This flooded a considerable amount of low land area and closed several county roads.  Ice jams caused problems resulting in closed roads at many locations around the state.  To further agrivate the situation, rain began falling ove the southeast third of the state on the 20th.  The heaviest fall during the night of the 20th and early morning of the 21st.  As much as two and one half inches fell over the far south.  Most areas received around an inch.  Flooding continued over the weekend, however with the passage of a cold front and sub-freezing temperatures, flooding gradually abated on the 23rd and 24th.",215,,,,,,,,,,,,,
5586113,GUTHRIE (ZONE), ,2/18/1997,1800,Flood, , ,0,0,0,0,IA,CST, ,2058039,Z,58,DMX,0,0, , , , , , , , , ,2/24/1997,600, , , , ,,"Iowa was under a deep snow pack with water equivalents ranging from around an inch over the south third of the state to around 5 inches across the north.  A strong warming trend took place as cold air over Iowa was replaces with Chinook air from the Rockies.  Rapid melting of the snow pack took place with as much as 11 inches melting in just one day on the 19th.  Though the warming began on the 18th, the bulk of the melt took place the next day.  Early in the flooding event, flooding was caused as ice choked rivers were unable to handle runoff.  Flooding took place in the upper reaches of many of the states rivers.  By the afternoon of the 19th, flooding was taking place along many of the mainstem rivers.  The most significant flooding was along the Iowa River, where the river crested nearly 4 feet over flood stage.  This flooded a considerable amount of low land area and closed several county roads.  Ice jams caused problems resulting in closed roads at many locations around the state.  To further agrivate the situation, rain began falling ove the southeast third of the state on the 20th.  The heaviest fall during the night of the 20th and early morning of the 21st.  As much as two and one half inches fell over the far south.  Most areas received around an inch.  Flooding continued over the weekend, however with the passage of a cold front and sub-freezing temperatures, flooding gradually abated on the 23rd and 24th.",216,,,,,,,,,,,,,
5585530,HAMILTON (ZONE), ,2/18/1997,1800,Flood, , ,0,0,0,0,IA,CST, ,2058039,Z,36,DMX,0,0, , , , , , , , , ,2/24/1997,600, , , , ,,"Iowa was under a deep snow pack with water equivalents ranging from around an inch over the south third of the state to around 5 inches across the north.  A strong warming trend took place as cold air over Iowa was replaces with Chinook air from the Rockies.  Rapid melting of the snow pack took place with as much as 11 inches melting in just one day on the 19th.  Though the warming began on the 18th, the bulk of the melt took place the next day.  Early in the flooding event, flooding was caused as ice choked rivers were unable to handle runoff.  Flooding took place in the upper reaches of many of the states rivers.  By the afternoon of the 19th, flooding was taking place along many of the mainstem rivers.  The most significant flooding was along the Iowa River, where the river crested nearly 4 feet over flood stage.  This flooded a considerable amount of low land area and closed several county roads.  Ice jams caused problems resulting in closed roads at many locations around the state.  To further agrivate the situation, rain began falling ove the southeast third of the state on the 20th.  The heaviest fall during the night of the 20th and early morning of the 21st.  As much as two and one half inches fell over the far south.  Most areas received around an inch.  Flooding continued over the weekend, however with the passage of a cold front and sub-freezing temperatures, flooding gradually abated on the 23rd and 24th.",217,,,,,,,,,,,,,
5586124,ADAMS (ZONE), ,2/18/1997,1800,Flood, , ,0,0,0,0,IA,CST, ,2058039,Z,81,DMX,0,0, , , , , , , , , ,2/24/1997,600, , , , ,,"Iowa was under a deep snow pack with water equivalents ranging from around an inch over the south third of the state to around 5 inches across the north.  A strong warming trend took place as cold air over Iowa was replaces with Chinook air from the Rockies.  Rapid melting of the snow pack took place with as much as 11 inches melting in just one day on the 19th.  Though the warming began on the 18th, the bulk of the melt took place the next day.  Early in the flooding event, flooding was caused as ice choked rivers were unable to handle runoff.  Flooding took place in the upper reaches of many of the states rivers.  By the afternoon of the 19th, flooding was taking place along many of the mainstem rivers.  The most significant flooding was along the Iowa River, where the river crested nearly 4 feet over flood stage.  This flooded a considerable amount of low land area and closed several county roads.  Ice jams caused problems resulting in closed roads at many locations around the state.  To further agrivate the situation, rain began falling ove the southeast third of the state on the 20th.  The heaviest fall during the night of the 20th and early morning of the 21st.  As much as two and one half inches fell over the far south.  Most areas received around an inch.  Flooding continued over the weekend, however with the passage of a cold front and sub-freezing temperatures, flooding gradually abated on the 23rd and 24th.",218,,,,,,,,,,,,,
5586129,WAPELLO (ZONE), ,2/18/1997,1800,Flood, , ,0,0,0,0,IA,CST, ,2058039,Z,86,DMX,0,0, , , , , , , , , ,2/24/1997,600, , , , ,,"Iowa was under a deep snow pack with water equivalents ranging from around an inch over the south third of the state to around 5 inches across the north.  A strong warming trend took place as cold air over Iowa was replaces with Chinook air from the Rockies.  Rapid melting of the snow pack took place with as much as 11 inches melting in just one day on the 19th.  Though the warming began on the 18th, the bulk of the melt took place the next day.  Early in the flooding event, flooding was caused as ice choked rivers were unable to handle runoff.  Flooding took place in the upper reaches of many of the states rivers.  By the afternoon of the 19th, flooding was taking place along many of the mainstem rivers.  The most significant flooding was along the Iowa River, where the river crested nearly 4 feet over flood stage.  This flooded a considerable amount of low land area and closed several county roads.  Ice jams caused problems resulting in closed roads at many locations around the state.  To further agrivate the situation, rain began falling ove the southeast third of the state on the 20th.  The heaviest fall during the night of the 20th and early morning of the 21st.  As much as two and one half inches fell over the far south.  Most areas received around an inch.  Flooding continued over the weekend, however with the passage of a cold front and sub-freezing temperatures, flooding gradually abated on the 23rd and 24th.",219,,,,,,,,,,,,,
5586127,LUCAS (ZONE), ,2/18/1997,1800,Flood, , ,0,0,0,0,IA,CST, ,2058039,Z,84,DMX,0,0, , , , , , , , , ,2/24/1997,600, , , , ,,"Iowa was under a deep snow pack with water equivalents ranging from around an inch over the south third of the state to around 5 inches across the north.  A strong warming trend took place as cold air over Iowa was replaces with Chinook air from the Rockies.  Rapid melting of the snow pack took place with as much as 11 inches melting in just one day on the 19th.  Though the warming began on the 18th, the bulk of the melt took place the next day.  Early in the flooding event, flooding was caused as ice choked rivers were unable to handle runoff.  Flooding took place in the upper reaches of many of the states rivers.  By the afternoon of the 19th, flooding was taking place along many of the mainstem rivers.  The most significant flooding was along the Iowa River, where the river crested nearly 4 feet over flood stage.  This flooded a considerable amount of low land area and closed several county roads.  Ice jams caused problems resulting in closed roads at many locations around the state.  To further agrivate the situation, rain began falling ove the southeast third of the state on the 20th.  The heaviest fall during the night of the 20th and early morning of the 21st.  As much as two and one half inches fell over the far south.  Most areas received around an inch.  Flooding continued over the weekend, however with the passage of a cold front and sub-freezing temperatures, flooding gradually abated on the 23rd and 24th.",220,,,,,,,,,,,,,
5585535,CARROLL (ZONE), ,2/18/1997,1800,Flood, , ,0,0,0,0,IA,CST, ,2058039,Z,45,DMX,0,0, , , , , , , , , ,2/24/1997,600, , , , ,,"Iowa was under a deep snow pack with water equivalents ranging from around an inch over the south third of the state to around 5 inches across the north.  A strong warming trend took place as cold air over Iowa was replaces with Chinook air from the Rockies.  Rapid melting of the snow pack took place with as much as 11 inches melting in just one day on the 19th.  Though the warming began on the 18th, the bulk of the melt took place the next day.  Early in the flooding event, flooding was caused as ice choked rivers were unable to handle runoff.  Flooding took place in the upper reaches of many of the states rivers.  By the afternoon of the 19th, flooding was taking place along many of the mainstem rivers.  The most significant flooding was along the Iowa River, where the river crested nearly 4 feet over flood stage.  This flooded a considerable amount of low land area and closed several county roads.  Ice jams caused problems resulting in closed roads at many locations around the state.  To further agrivate the situation, rain began falling ove the southeast third of the state on the 20th.  The heaviest fall during the night of the 20th and early morning of the 21st.  As much as two and one half inches fell over the far south.  Most areas received around an inch.  Flooding continued over the weekend, however with the passage of a cold front and sub-freezing temperatures, flooding gradually abated on the 23rd and 24th.",221,,,,,,,,,,,,,
5586135,DAVIS (ZONE), ,2/18/1997,1800,Flood, , ,0,0,750000,0,IA,CST, ,2058039,Z,97,DMX,0,0, , , , , , , , , ,2/24/1997,600, , , , ,,"Iowa was under a deep snow pack with water equivalents ranging from around an inch over the south third of the state to around 5 inches across the north.  A strong warming trend took place as cold air over Iowa was replaces with Chinook air from the Rockies.  Rapid melting of the snow pack took place with as much as 11 inches melting in just one day on the 19th.  Though the warming began on the 18th, the bulk of the melt took place the next day.  Early in the flooding event, flooding was caused as ice choked rivers were unable to handle runoff.  Flooding took place in the upper reaches of many of the states rivers.  By the afternoon of the 19th, flooding was taking place along many of the mainstem rivers.  The most significant flooding was along the Iowa River, where the river crested nearly 4 feet over flood stage.  This flooded a considerable amount of low land area and closed several county roads.  Ice jams caused problems resulting in closed roads at many locations around the state.  To further agrivate the situation, rain began falling ove the southeast third of the state on the 20th.  The heaviest fall during the night of the 20th and early morning of the 21st.  As much as two and one half inches fell over the far south.  Most areas received around an inch.  Flooding continued over the weekend, however with the passage of a cold front and sub-freezing temperatures, flooding gradually abated on the 23rd and 24th.",222,,,,,,,,,,,,,
5586114,DALLAS (ZONE), ,2/18/1997,1800,Flood, , ,0,0,0,0,IA,CST, ,2058039,Z,59,DMX,0,0, , , , , , , , , ,2/24/1997,600, , , , ,,"Iowa was under a deep snow pack with water equivalents ranging from around an inch over the south third of the state to around 5 inches across the north.  A strong warming trend took place as cold air over Iowa was replaces with Chinook air from the Rockies.  Rapid melting of the snow pack took place with as much as 11 inches melting in just one day on the 19th.  Though the warming began on the 18th, the bulk of the melt took place the next day.  Early in the flooding event, flooding was caused as ice choked rivers were unable to handle runoff.  Flooding took place in the upper reaches of many of the states rivers.  By the afternoon of the 19th, flooding was taking place along many of the mainstem rivers.  The most significant flooding was along the Iowa River, where the river crested nearly 4 feet over flood stage.  This flooded a considerable amount of low land area and closed several county roads.  Ice jams caused problems resulting in closed roads at many locations around the state.  To further agrivate the situation, rain began falling ove the southeast third of the state on the 20th.  The heaviest fall during the night of the 20th and early morning of the 21st.  As much as two and one half inches fell over the far south.  Most areas received around an inch.  Flooding continued over the weekend, however with the passage of a cold front and sub-freezing temperatures, flooding gradually abated on the 23rd and 24th.",223,,,,,,,,,,,,,
5586134,APPANOOSE (ZONE), ,2/18/1997,1800,Flood, , ,0,0,0,0,IA,CST, ,2058039,Z,96,DMX,0,0, , , , , , , , , ,2/24/1997,600, , , , ,,"Iowa was under a deep snow pack with water equivalents ranging from around an inch over the south third of the state to around 5 inches across the north.  A strong warming trend took place as cold air over Iowa was replaces with Chinook air from the Rockies.  Rapid melting of the snow pack took place with as much as 11 inches melting in just one day on the 19th.  Though the warming began on the 18th, the bulk of the melt took place the next day.  Early in the flooding event, flooding was caused as ice choked rivers were unable to handle runoff.  Flooding took place in the upper reaches of many of the states rivers.  By the afternoon of the 19th, flooding was taking place along many of the mainstem rivers.  The most significant flooding was along the Iowa River, where the river crested nearly 4 feet over flood stage.  This flooded a considerable amount of low land area and closed several county roads.  Ice jams caused problems resulting in closed roads at many locations around the state.  To further agrivate the situation, rain began falling ove the southeast third of the state on the 20th.  The heaviest fall during the night of the 20th and early morning of the 21st.  As much as two and one half inches fell over the far south.  Most areas received around an inch.  Flooding continued over the weekend, however with the passage of a cold front and sub-freezing temperatures, flooding gradually abated on the 23rd and 24th.",224,,,,,,,,,,,,,
5586126,CLARKE (ZONE), ,2/18/1997,1800,Flood, , ,0,0,0,0,IA,CST, ,2058039,Z,83,DMX,0,0, , , , , , , , , ,2/24/1997,600, , , , ,,"Iowa was under a deep snow pack with water equivalents ranging from around an inch over the south third of the state to around 5 inches across the north.  A strong warming trend took place as cold air over Iowa was replaces with Chinook air from the Rockies.  Rapid melting of the snow pack took place with as much as 11 inches melting in just one day on the 19th.  Though the warming began on the 18th, the bulk of the melt took place the next day.  Early in the flooding event, flooding was caused as ice choked rivers were unable to handle runoff.  Flooding took place in the upper reaches of many of the states rivers.  By the afternoon of the 19th, flooding was taking place along many of the mainstem rivers.  The most significant flooding was along the Iowa River, where the river crested nearly 4 feet over flood stage.  This flooded a considerable amount of low land area and closed several county roads.  Ice jams caused problems resulting in closed roads at many locations around the state.  To further agrivate the situation, rain began falling ove the southeast third of the state on the 20th.  The heaviest fall during the night of the 20th and early morning of the 21st.  As much as two and one half inches fell over the far south.  Most areas received around an inch.  Flooding continued over the weekend, however with the passage of a cold front and sub-freezing temperatures, flooding gradually abated on the 23rd and 24th.",225,,,,,,,,,,,,,
5586121,WARREN (ZONE), ,2/18/1997,1800,Flood, , ,0,0,0,0,IA,CST, ,2058039,Z,73,DMX,0,0, , , , , , , , , ,2/24/1997,600, , , , ,,"Iowa was under a deep snow pack with water equivalents ranging from around an inch over the south third of the state to around 5 inches across the north.  A strong warming trend took place as cold air over Iowa was replaces with Chinook air from the Rockies.  Rapid melting of the snow pack took place with as much as 11 inches melting in just one day on the 19th.  Though the warming began on the 18th, the bulk of the melt took place the next day.  Early in the flooding event, flooding was caused as ice choked rivers were unable to handle runoff.  Flooding took place in the upper reaches of many of the states rivers.  By the afternoon of the 19th, flooding was taking place along many of the mainstem rivers.  The most significant flooding was along the Iowa River, where the river crested nearly 4 feet over flood stage.  This flooded a considerable amount of low land area and closed several county roads.  Ice jams caused problems resulting in closed roads at many locations around the state.  To further agrivate the situation, rain began falling ove the southeast third of the state on the 20th.  The heaviest fall during the night of the 20th and early morning of the 21st.  As much as two and one half inches fell over the far south.  Most areas received around an inch.  Flooding continued over the weekend, however with the passage of a cold front and sub-freezing temperatures, flooding gradually abated on the 23rd and 24th.",226,,,,,,,,,,,,,
5585528,CALHOUN (ZONE), ,2/18/1997,1800,Flood, , ,0,0,0,0,IA,CST, ,2058039,Z,34,DMX,0,0, , , , , , , , , ,2/24/1997,600, , , , ,,"Iowa was under a deep snow pack with water equivalents ranging from around an inch over the south third of the state to around 5 inches across the north.  A strong warming trend took place as cold air over Iowa was replaces with Chinook air from the Rockies.  Rapid melting of the snow pack took place with as much as 11 inches melting in just one day on the 19th.  Though the warming began on the 18th, the bulk of the melt took place the next day.  Early in the flooding event, flooding was caused as ice choked rivers were unable to handle runoff.  Flooding took place in the upper reaches of many of the states rivers.  By the afternoon of the 19th, flooding was taking place along many of the mainstem rivers.  The most significant flooding was along the Iowa River, where the river crested nearly 4 feet over flood stage.  This flooded a considerable amount of low land area and closed several county roads.  Ice jams caused problems resulting in closed roads at many locations around the state.  To further agrivate the situation, rain began falling ove the southeast third of the state on the 20th.  The heaviest fall during the night of the 20th and early morning of the 21st.  As much as two and one half inches fell over the far south.  Most areas received around an inch.  Flooding continued over the weekend, however with the passage of a cold front and sub-freezing temperatures, flooding gradually abated on the 23rd and 24th.",227,,,,,,,,,,,,,
5585534,CRAWFORD (ZONE), ,2/18/1997,1800,Flood, , ,0,0,0,0,IA,CST, ,2058039,Z,44,DMX,0,0, , , , , , , , , ,2/24/1997,600, , , , ,,"Iowa was under a deep snow pack with water equivalents ranging from around an inch over the south third of the state to around 5 inches across the north.  A strong warming trend took place as cold air over Iowa was replaces with Chinook air from the Rockies.  Rapid melting of the snow pack took place with as much as 11 inches melting in just one day on the 19th.  Though the warming began on the 18th, the bulk of the melt took place the next day.  Early in the flooding event, flooding was caused as ice choked rivers were unable to handle runoff.  Flooding took place in the upper reaches of many of the states rivers.  By the afternoon of the 19th, flooding was taking place along many of the mainstem rivers.  The most significant flooding was along the Iowa River, where the river crested nearly 4 feet over flood stage.  This flooded a considerable amount of low land area and closed several county roads.  Ice jams caused problems resulting in closed roads at many locations around the state.  To further agrivate the situation, rain began falling ove the southeast third of the state on the 20th.  The heaviest fall during the night of the 20th and early morning of the 21st.  As much as two and one half inches fell over the far south.  Most areas received around an inch.  Flooding continued over the weekend, however with the passage of a cold front and sub-freezing temperatures, flooding gradually abated on the 23rd and 24th.",228,,,,,,,,,,,,,
5585533,BLACK HAWK (ZONE), ,2/18/1997,1800,Flood, , ,0,0,0,0,IA,CST, ,2058039,Z,39,DMX,0,0, , , , , , , , , ,2/24/1997,600, , , , ,,"Iowa was under a deep snow pack with water equivalents ranging from around an inch over the south third of the state to around 5 inches across the north.  A strong warming trend took place as cold air over Iowa was replaces with Chinook air from the Rockies.  Rapid melting of the snow pack took place with as much as 11 inches melting in just one day on the 19th.  Though the warming began on the 18th, the bulk of the melt took place the next day.  Early in the flooding event, flooding was caused as ice choked rivers were unable to handle runoff.  Flooding took place in the upper reaches of many of the states rivers.  By the afternoon of the 19th, flooding was taking place along many of the mainstem rivers.  The most significant flooding was along the Iowa River, where the river crested nearly 4 feet over flood stage.  This flooded a considerable amount of low land area and closed several county roads.  Ice jams caused problems resulting in closed roads at many locations around the state.  To further agrivate the situation, rain began falling ove the southeast third of the state on the 20th.  The heaviest fall during the night of the 20th and early morning of the 21st.  As much as two and one half inches fell over the far south.  Most areas received around an inch.  Flooding continued over the weekend, however with the passage of a cold front and sub-freezing temperatures, flooding gradually abated on the 23rd and 24th.",229,,,,,,,,,,,,,
5585531,HARDIN (ZONE), ,2/18/1997,1800,Flood, , ,0,0,0,0,IA,CST, ,2058039,Z,37,DMX,0,0, , , , , , , , , ,2/24/1997,600, , , , ,,"Iowa was under a deep snow pack with water equivalents ranging from around an inch over the south third of the state to around 5 inches across the north.  A strong warming trend took place as cold air over Iowa was replaces with Chinook air from the Rockies.  Rapid melting of the snow pack took place with as much as 11 inches melting in just one day on the 19th.  Though the warming began on the 18th, the bulk of the melt took place the next day.  Early in the flooding event, flooding was caused as ice choked rivers were unable to handle runoff.  Flooding took place in the upper reaches of many of the states rivers.  By the afternoon of the 19th, flooding was taking place along many of the mainstem rivers.  The most significant flooding was along the Iowa River, where the river crested nearly 4 feet over flood stage.  This flooded a considerable amount of low land area and closed several county roads.  Ice jams caused problems resulting in closed roads at many locations around the state.  To further agrivate the situation, rain began falling ove the southeast third of the state on the 20th.  The heaviest fall during the night of the 20th and early morning of the 21st.  As much as two and one half inches fell over the far south.  Most areas received around an inch.  Flooding continued over the weekend, however with the passage of a cold front and sub-freezing temperatures, flooding gradually abated on the 23rd and 24th.",230,,,,,,,,,,,,,
5585537,BOONE (ZONE), ,2/18/1997,1800,Flood, , ,0,0,0,0,IA,CST, ,2058039,Z,47,DMX,0,0, , , , , , , , , ,2/24/1997,600, , , , ,,"Iowa was under a deep snow pack with water equivalents ranging from around an inch over the south third of the state to around 5 inches across the north.  A strong warming trend took place as cold air over Iowa was replaces with Chinook air from the Rockies.  Rapid melting of the snow pack took place with as much as 11 inches melting in just one day on the 19th.  Though the warming began on the 18th, the bulk of the melt took place the next day.  Early in the flooding event, flooding was caused as ice choked rivers were unable to handle runoff.  Flooding took place in the upper reaches of many of the states rivers.  By the afternoon of the 19th, flooding was taking place along many of the mainstem rivers.  The most significant flooding was along the Iowa River, where the river crested nearly 4 feet over flood stage.  This flooded a considerable amount of low land area and closed several county roads.  Ice jams caused problems resulting in closed roads at many locations around the state.  To further agrivate the situation, rain began falling ove the southeast third of the state on the 20th.  The heaviest fall during the night of the 20th and early morning of the 21st.  As much as two and one half inches fell over the far south.  Most areas received around an inch.  Flooding continued over the weekend, however with the passage of a cold front and sub-freezing temperatures, flooding gradually abated on the 23rd and 24th.",231,,,,,,,,,,,,,
5586119,ADAIR (ZONE), ,2/18/1997,1800,Flood, , ,0,0,0,0,IA,CST, ,2058039,Z,71,DMX,0,0, , , , , , , , , ,2/24/1997,600, , , , ,,"Iowa was under a deep snow pack with water equivalents ranging from around an inch over the south third of the state to around 5 inches across the north.  A strong warming trend took place as cold air over Iowa was replaces with Chinook air from the Rockies.  Rapid melting of the snow pack took place with as much as 11 inches melting in just one day on the 19th.  Though the warming began on the 18th, the bulk of the melt took place the next day.  Early in the flooding event, flooding was caused as ice choked rivers were unable to handle runoff.  Flooding took place in the upper reaches of many of the states rivers.  By the afternoon of the 19th, flooding was taking place along many of the mainstem rivers.  The most significant flooding was along the Iowa River, where the river crested nearly 4 feet over flood stage.  This flooded a considerable amount of low land area and closed several county roads.  Ice jams caused problems resulting in closed roads at many locations around the state.  To further agrivate the situation, rain began falling ove the southeast third of the state on the 20th.  The heaviest fall during the night of the 20th and early morning of the 21st.  As much as two and one half inches fell over the far south.  Most areas received around an inch.  Flooding continued over the weekend, however with the passage of a cold front and sub-freezing temperatures, flooding gradually abated on the 23rd and 24th.",232,,,,,,,,,,,,,
5586133,WAYNE (ZONE), ,2/18/1997,1800,Flood, , ,0,0,0,0,IA,CST, ,2058039,Z,95,DMX,0,0, , , , , , , , , ,2/24/1997,600, , , , ,,"Iowa was under a deep snow pack with water equivalents ranging from around an inch over the south third of the state to around 5 inches across the north.  A strong warming trend took place as cold air over Iowa was replaces with Chinook air from the Rockies.  Rapid melting of the snow pack took place with as much as 11 inches melting in just one day on the 19th.  Though the warming began on the 18th, the bulk of the melt took place the next day.  Early in the flooding event, flooding was caused as ice choked rivers were unable to handle runoff.  Flooding took place in the upper reaches of many of the states rivers.  By the afternoon of the 19th, flooding was taking place along many of the mainstem rivers.  The most significant flooding was along the Iowa River, where the river crested nearly 4 feet over flood stage.  This flooded a considerable amount of low land area and closed several county roads.  Ice jams caused problems resulting in closed roads at many locations around the state.  To further agrivate the situation, rain began falling ove the southeast third of the state on the 20th.  The heaviest fall during the night of the 20th and early morning of the 21st.  As much as two and one half inches fell over the far south.  Most areas received around an inch.  Flooding continued over the weekend, however with the passage of a cold front and sub-freezing temperatures, flooding gradually abated on the 23rd and 24th.",233,,,,,,,,,,,,,
5586117,POWESHIEK (ZONE), ,2/18/1997,1800,Flood, , ,0,0,0,0,IA,CST, ,2058039,Z,62,DMX,0,0, , , , , , , , , ,2/24/1997,600, , , , ,,"Iowa was under a deep snow pack with water equivalents ranging from around an inch over the south third of the state to around 5 inches across the north.  A strong warming trend took place as cold air over Iowa was replaces with Chinook air from the Rockies.  Rapid melting of the snow pack took place with as much as 11 inches melting in just one day on the 19th.  Though the warming began on the 18th, the bulk of the melt took place the next day.  Early in the flooding event, flooding was caused as ice choked rivers were unable to handle runoff.  Flooding took place in the upper reaches of many of the states rivers.  By the afternoon of the 19th, flooding was taking place along many of the mainstem rivers.  The most significant flooding was along the Iowa River, where the river crested nearly 4 feet over flood stage.  This flooded a considerable amount of low land area and closed several county roads.  Ice jams caused problems resulting in closed roads at many locations around the state.  To further agrivate the situation, rain began falling ove the southeast third of the state on the 20th.  The heaviest fall during the night of the 20th and early morning of the 21st.  As much as two and one half inches fell over the far south.  Most areas received around an inch.  Flooding continued over the weekend, however with the passage of a cold front and sub-freezing temperatures, flooding gradually abated on the 23rd and 24th.",234,,,,,,,,,,,,,
5586120,MADISON (ZONE), ,2/18/1997,1800,Flood, , ,0,0,0,0,IA,CST, ,2058039,Z,72,DMX,0,0, , , , , , , , , ,2/24/1997,600, , , , ,,"Iowa was under a deep snow pack with water equivalents ranging from around an inch over the south third of the state to around 5 inches across the north.  A strong warming trend took place as cold air over Iowa was replaces with Chinook air from the Rockies.  Rapid melting of the snow pack took place with as much as 11 inches melting in just one day on the 19th.  Though the warming began on the 18th, the bulk of the melt took place the next day.  Early in the flooding event, flooding was caused as ice choked rivers were unable to handle runoff.  Flooding took place in the upper reaches of many of the states rivers.  By the afternoon of the 19th, flooding was taking place along many of the mainstem rivers.  The most significant flooding was along the Iowa River, where the river crested nearly 4 feet over flood stage.  This flooded a considerable amount of low land area and closed several county roads.  Ice jams caused problems resulting in closed roads at many locations around the state.  To further agrivate the situation, rain began falling ove the southeast third of the state on the 20th.  The heaviest fall during the night of the 20th and early morning of the 21st.  As much as two and one half inches fell over the far south.  Most areas received around an inch.  Flooding continued over the weekend, however with the passage of a cold front and sub-freezing temperatures, flooding gradually abated on the 23rd and 24th.",235,,,,,,,,,,,,,
5586125,UNION (ZONE), ,2/18/1997,1800,Flood, , ,0,0,0,0,IA,CST, ,2058039,Z,82,DMX,0,0, , , , , , , , , ,2/24/1997,600, , , , ,,"Iowa was under a deep snow pack with water equivalents ranging from around an inch over the south third of the state to around 5 inches across the north.  A strong warming trend took place as cold air over Iowa was replaces with Chinook air from the Rockies.  Rapid melting of the snow pack took place with as much as 11 inches melting in just one day on the 19th.  Though the warming began on the 18th, the bulk of the melt took place the next day.  Early in the flooding event, flooding was caused as ice choked rivers were unable to handle runoff.  Flooding took place in the upper reaches of many of the states rivers.  By the afternoon of the 19th, flooding was taking place along many of the mainstem rivers.  The most significant flooding was along the Iowa River, where the river crested nearly 4 feet over flood stage.  This flooded a considerable amount of low land area and closed several county roads.  Ice jams caused problems resulting in closed roads at many locations around the state.  To further agrivate the situation, rain began falling ove the southeast third of the state on the 20th.  The heaviest fall during the night of the 20th and early morning of the 21st.  As much as two and one half inches fell over the far south.  Most areas received around an inch.  Flooding continued over the weekend, however with the passage of a cold front and sub-freezing temperatures, flooding gradually abated on the 23rd and 24th.",236,,,,,,,,,,,,,
5586116,JASPER (ZONE), ,2/18/1997,1800,Flood, , ,0,0,0,0,IA,CST, ,2058039,Z,61,DMX,0,0, , , , , , , , , ,2/24/1997,600, , , , ,,"Iowa was under a deep snow pack with water equivalents ranging from around an inch over the south third of the state to around 5 inches across the north.  A strong warming trend took place as cold air over Iowa was replaces with Chinook air from the Rockies.  Rapid melting of the snow pack took place with as much as 11 inches melting in just one day on the 19th.  Though the warming began on the 18th, the bulk of the melt took place the next day.  Early in the flooding event, flooding was caused as ice choked rivers were unable to handle runoff.  Flooding took place in the upper reaches of many of the states rivers.  By the afternoon of the 19th, flooding was taking place along many of the mainstem rivers.  The most significant flooding was along the Iowa River, where the river crested nearly 4 feet over flood stage.  This flooded a considerable amount of low land area and closed several county roads.  Ice jams caused problems resulting in closed roads at many locations around the state.  To further agrivate the situation, rain began falling ove the southeast third of the state on the 20th.  The heaviest fall during the night of the 20th and early morning of the 21st.  As much as two and one half inches fell over the far south.  Most areas received around an inch.  Flooding continued over the weekend, however with the passage of a cold front and sub-freezing temperatures, flooding gradually abated on the 23rd and 24th.",237,,,,,,,,,,,,,
5590767,PAGE (ZONE), ,2/18/1997,1800,Flood, , ,0,0,0,0,IA,CST, ,2058428,Z,91,OAX,0,0, , , , , , , , , ,2/28/1997,1200, , , , ,,"Mild temperatures melted snowcover in a short period allowing for a sudden runoff into streams and rivers which were still intact with thicker than normal ice.  The runoff into the streams and rivers was sufficient to break up the ice.  Ice jams formed at many locations causing flooding.  

The more significant flooding occurred along the Boyer river and was aggravated by ice jams at Woodbine downstream to below Logan where considerable agricultural lowlands caught the brunt of the overflows.  State Highway 30 was closed for two days near Woodbine.  

The Nishnabotna river flooded lowlands in Fremont county and entered the city park at Hancock for a brief time.",238,,,,,,,,,,,,,
5585541,AUDUBON (ZONE), ,2/18/1997,1800,Flood, , ,0,0,0,0,IA,CST, ,2058039,Z,57,DMX,0,0, , , , , , , , , ,2/24/1997,600, , , , ,,"Iowa was under a deep snow pack with water equivalents ranging from around an inch over the south third of the state to around 5 inches across the north.  A strong warming trend took place as cold air over Iowa was replaces with Chinook air from the Rockies.  Rapid melting of the snow pack took place with as much as 11 inches melting in just one day on the 19th.  Though the warming began on the 18th, the bulk of the melt took place the next day.  Early in the flooding event, flooding was caused as ice choked rivers were unable to handle runoff.  Flooding took place in the upper reaches of many of the states rivers.  By the afternoon of the 19th, flooding was taking place along many of the mainstem rivers.  The most significant flooding was along the Iowa River, where the river crested nearly 4 feet over flood stage.  This flooded a considerable amount of low land area and closed several county roads.  Ice jams caused problems resulting in closed roads at many locations around the state.  To further agrivate the situation, rain began falling ove the southeast third of the state on the 20th.  The heaviest fall during the night of the 20th and early morning of the 21st.  As much as two and one half inches fell over the far south.  Most areas received around an inch.  Flooding continued over the weekend, however with the passage of a cold front and sub-freezing temperatures, flooding gradually abated on the 23rd and 24th.",239,,,,,,,,,,,,,
5586122,MARION (ZONE), ,2/18/1997,1800,Flood, , ,0,0,0,0,IA,CST, ,2058039,Z,74,DMX,0,0, , , , , , , , , ,2/24/1997,600, , , , ,,"Iowa was under a deep snow pack with water equivalents ranging from around an inch over the south third of the state to around 5 inches across the north.  A strong warming trend took place as cold air over Iowa was replaces with Chinook air from the Rockies.  Rapid melting of the snow pack took place with as much as 11 inches melting in just one day on the 19th.  Though the warming began on the 18th, the bulk of the melt took place the next day.  Early in the flooding event, flooding was caused as ice choked rivers were unable to handle runoff.  Flooding took place in the upper reaches of many of the states rivers.  By the afternoon of the 19th, flooding was taking place along many of the mainstem rivers.  The most significant flooding was along the Iowa River, where the river crested nearly 4 feet over flood stage.  This flooded a considerable amount of low land area and closed several county roads.  Ice jams caused problems resulting in closed roads at many locations around the state.  To further agrivate the situation, rain began falling ove the southeast third of the state on the 20th.  The heaviest fall during the night of the 20th and early morning of the 21st.  As much as two and one half inches fell over the far south.  Most areas received around an inch.  Flooding continued over the weekend, however with the passage of a cold front and sub-freezing temperatures, flooding gradually abated on the 23rd and 24th.",240,,,,,,,,,,,,,
5590766,MONTGOMERY (ZONE), ,2/18/1997,1800,Flood, , ,0,0,0,0,IA,CST, ,2058428,Z,80,OAX,0,0, , , , , , , , , ,2/28/1997,1200, , , , ,,"Mild temperatures melted snowcover in a short period allowing for a sudden runoff into streams and rivers which were still intact with thicker than normal ice.  The runoff into the streams and rivers was sufficient to break up the ice.  Ice jams formed at many locations causing flooding.  

The more significant flooding occurred along the Boyer river and was aggravated by ice jams at Woodbine downstream to below Logan where considerable agricultural lowlands caught the brunt of the overflows.  State Highway 30 was closed for two days near Woodbine.  

The Nishnabotna river flooded lowlands in Fremont county and entered the city park at Hancock for a brief time.",241,,,,,,,,,,,,,
5590769,POTTAWATTAMIE (ZONE), ,2/18/1997,1800,Flood, , ,0,0,0,0,IA,CST, ,2058428,Z,69,OAX,0,0, , , , , , , , , ,2/28/1997,1200, , , , ,,"Mild temperatures melted snowcover in a short period allowing for a sudden runoff into streams and rivers which were still intact with thicker than normal ice.  The runoff into the streams and rivers was sufficient to break up the ice.  Ice jams formed at many locations causing flooding.  

The more significant flooding occurred along the Boyer river and was aggravated by ice jams at Woodbine downstream to below Logan where considerable agricultural lowlands caught the brunt of the overflows.  State Highway 30 was closed for two days near Woodbine.  

The Nishnabotna river flooded lowlands in Fremont county and entered the city park at Hancock for a brief time.",242,,,,,,,,,,,,,
5590763,MONONA (ZONE), ,2/18/1997,1800,Flood, , ,0,0,0,0,IA,CST, ,2058428,Z,43,OAX,0,0, , , , , , , , , ,2/28/1997,1200, , , , ,,"Mild temperatures melted snowcover in a short period allowing for a sudden runoff into streams and rivers which were still intact with thicker than normal ice.  The runoff into the streams and rivers was sufficient to break up the ice.  Ice jams formed at many locations causing flooding.  

The more significant flooding occurred along the Boyer river and was aggravated by ice jams at Woodbine downstream to below Logan where considerable agricultural lowlands caught the brunt of the overflows.  State Highway 30 was closed for two days near Woodbine.  

The Nishnabotna river flooded lowlands in Fremont county and entered the city park at Hancock for a brief time.",243,,,,,,,,,,,,,
5590764,HARRISON (ZONE), ,2/18/1997,1800,Flood, , ,0,0,0,0,IA,CST, ,2058428,Z,55,OAX,0,0, , , , , , , , , ,2/28/1997,1200, , , , ,,"Mild temperatures melted snowcover in a short period allowing for a sudden runoff into streams and rivers which were still intact with thicker than normal ice.  The runoff into the streams and rivers was sufficient to break up the ice.  Ice jams formed at many locations causing flooding.  

The more significant flooding occurred along the Boyer river and was aggravated by ice jams at Woodbine downstream to below Logan where considerable agricultural lowlands caught the brunt of the overflows.  State Highway 30 was closed for two days near Woodbine.  

The Nishnabotna river flooded lowlands in Fremont county and entered the city park at Hancock for a brief time.",244,,,,,,,,,,,,,
5590768,SHELBY (ZONE), ,2/18/1997,1800,Flood, , ,0,0,0,0,IA,CST, ,2058428,Z,56,OAX,0,0, , , , , , , , , ,2/28/1997,1200, , , , ,,"Mild temperatures melted snowcover in a short period allowing for a sudden runoff into streams and rivers which were still intact with thicker than normal ice.  The runoff into the streams and rivers was sufficient to break up the ice.  Ice jams formed at many locations causing flooding.  

The more significant flooding occurred along the Boyer river and was aggravated by ice jams at Woodbine downstream to below Logan where considerable agricultural lowlands caught the brunt of the overflows.  State Highway 30 was closed for two days near Woodbine.  

The Nishnabotna river flooded lowlands in Fremont county and entered the city park at Hancock for a brief time.",245,,,,,,,,,,,,,
5586136,POLK CO.,DES MOINES,2/19/1997,800,Flash Flood, , ,1,0,30000,0,IA,CST, ,2058040,C,153,DMX,0,0, , , , , , , , ,DES MOINES,2/19/1997,1200, , , , ,,"Significant ice jams took place along the Raccoon River along its lower reaches.  One occurred where the river flows through a gravel pit on the west side of the Des Moines area.  A woman was driving across a flood plain road when one of the ice jams suddenly broke.  The water rose quickly and her vehicle was swept off the road with her in it.  The woman was drown with both her body and vehicle found several hours later in 30 feet of water.  The incident occurred around 0930 CST.  Reports indicate water began to overtop the road about 0810 CST, however reports indicated that the water was not very deep when she first started along the road.",246,,,,,,,,,,,,,
5586137,POLK CO.,DES MOINES,2/19/1997,2100,Flash Flood, , ,0,0,100000,0,IA,CST, ,2058041,C,153,DMX,0,0, , , , , , , , ,DES MOINES,2/20/1997,500, , , , ,,"Ice jams continued along the lower reaches of the Raccoon River.  A major ice jam, 12 miles in length, began at the 63rd street bridge in West Des Moines.  The river went sligtly above flood stage there before it broke free.  The ice flowed down the river where it once again became jamed near the mouth of the river.  It caused a rapid rise in the river level to nearly 2 feet above flood stage.  Roads along the river were closed by the high water and ice.  Heavy equipment needed to be brought in to move the large chunks of ice off the roads before they could be opened.",247,,,,,,,,,,,,,
5589259,JACKSON CO.,COUNTYWIDE,2/20/1997,1600,Flash Flood, , ,0,0,0,0,IA,CST, ,2058970,C,97,DVN,0,0, , , , , , , , ,COUNTYWIDE,2/22/1997,1600, , , , ,,"Heavy rains fell over the area while soils were still partially frozen.  These one-to-three inch rains came as area rivers and streams were running high from snowmelt during the previous week.  Numerous streams and rivers went out of their banks, leaving standing water in the area for several days.",248,,,,,,,,,,,,,
5589273,LEE CO.,COUNTYWIDE,2/20/1997,1600,Flash Flood, , ,0,0,0,0,IA,CST, ,2058970,C,111,DVN,0,0, , , , , , , , ,COUNTYWIDE,2/22/1997,1600, , , , ,,"Heavy rains fell over the area while soils were still partially frozen.  These one-to-three inch rains came as area rivers and streams were running high from snowmelt during the previous week.  Numerous streams and rivers went out of their banks, leaving standing water in the area for several days.",249,,,,,,,,,,,,,
5589261,JOHNSON CO.,COUNTYWIDE,2/20/1997,1600,Flash Flood, , ,0,0,0,0,IA,CST, ,2058970,C,103,DVN,0,0, , , , , , , , ,COUNTYWIDE,2/22/1997,1600, , , , ,,"Heavy rains fell over the area while soils were still partially frozen.  These one-to-three inch rains came as area rivers and streams were running high from snowmelt during the previous week.  Numerous streams and rivers went out of their banks, leaving standing water in the area for several days.",250,,,,,,,,,,,,,
5589263,CLINTON CO.,COUNTYWIDE,2/20/1997,1600,Flash Flood, , ,0,0,0,0,IA,CST, ,2058970,C,45,DVN,0,0, , , , , , , , ,COUNTYWIDE,2/22/1997,1600, , , , ,,"Heavy rains fell over the area while soils were still partially frozen.  These one-to-three inch rains came as area rivers and streams were running high from snowmelt during the previous week.  Numerous streams and rivers went out of their banks, leaving standing water in the area for several days.",251,,,,,,,,,,,,,
5589264,MUSCATINE CO.,COUNTYWIDE,2/20/1997,1600,Flash Flood, , ,0,0,0,0,IA,CST, ,2058970,C,139,DVN,0,0, , , , , , , , ,COUNTYWIDE,2/22/1997,1600, , , , ,,"Heavy rains fell over the area while soils were still partially frozen.  These one-to-three inch rains came as area rivers and streams were running high from snowmelt during the previous week.  Numerous streams and rivers went out of their banks, leaving standing water in the area for several days.",252,,,,,,,,,,,,,
5589254,BUCHANAN CO.,COUNTYWIDE,2/20/1997,1600,Flash Flood, , ,0,0,0,0,IA,CST, ,2058970,C,19,DVN,0,0, , , , , , , , ,COUNTYWIDE,2/22/1997,1600, , , , ,,"Heavy rains fell over the area while soils were still partially frozen.  These one-to-three inch rains came as area rivers and streams were running high from snowmelt during the previous week.  Numerous streams and rivers went out of their banks, leaving standing water in the area for several days.",253,,,,,,,,,,,,,
5589255,DELAWARE CO.,COUNTYWIDE,2/20/1997,1600,Flash Flood, , ,0,0,0,0,IA,CST, ,2058970,C,55,DVN,0,0, , , , , , , , ,COUNTYWIDE,2/22/1997,1600, , , , ,,"Heavy rains fell over the area while soils were still partially frozen.  These one-to-three inch rains came as area rivers and streams were running high from snowmelt during the previous week.  Numerous streams and rivers went out of their banks, leaving standing water in the area for several days.",254,,,,,,,,,,,,,
5589267,WASHINGTON CO.,COUNTYWIDE,2/20/1997,1600,Flash Flood, , ,0,0,0,0,IA,CST, ,2058970,C,183,DVN,0,0, , , , , , , , ,COUNTYWIDE,2/22/1997,1600, , , , ,,"Heavy rains fell over the area while soils were still partially frozen.  These one-to-three inch rains came as area rivers and streams were running high from snowmelt during the previous week.  Numerous streams and rivers went out of their banks, leaving standing water in the area for several days.",255,,,,,,,,,,,,,
5589269,JEFFERSON CO.,COUNTYWIDE,2/20/1997,1600,Flash Flood, , ,0,0,0,0,IA,CST, ,2058970,C,101,DVN,0,0, , , , , , , , ,COUNTYWIDE,2/22/1997,1600, , , , ,,"Heavy rains fell over the area while soils were still partially frozen.  These one-to-three inch rains came as area rivers and streams were running high from snowmelt during the previous week.  Numerous streams and rivers went out of their banks, leaving standing water in the area for several days.",256,,,,,,,,,,,,,
5589270,HENRY CO.,COUNTYWIDE,2/20/1997,1600,Flash Flood, , ,0,0,0,0,IA,CST, ,2058970,C,87,DVN,0,0, , , , , , , , ,COUNTYWIDE,2/22/1997,1600, , , , ,,"Heavy rains fell over the area while soils were still partially frozen.  These one-to-three inch rains came as area rivers and streams were running high from snowmelt during the previous week.  Numerous streams and rivers went out of their banks, leaving standing water in the area for several days.",257,,,,,,,,,,,,,
5589268,LOUISA CO.,COUNTYWIDE,2/20/1997,1600,Flash Flood, , ,0,0,0,0,IA,CST, ,2058970,C,115,DVN,0,0, , , , , , , , ,COUNTYWIDE,2/22/1997,1600, , , , ,,"Heavy rains fell over the area while soils were still partially frozen.  These one-to-three inch rains came as area rivers and streams were running high from snowmelt during the previous week.  Numerous streams and rivers went out of their banks, leaving standing water in the area for several days.",258,,,,,,,,,,,,,
5589271,DES MOINES CO.,COUNTYWIDE,2/20/1997,1600,Flash Flood, , ,0,0,0,0,IA,CST, ,2058970,C,57,DVN,0,0, , , , , , , , ,COUNTYWIDE,2/22/1997,1600, , , , ,,"Heavy rains fell over the area while soils were still partially frozen.  These one-to-three inch rains came as area rivers and streams were running high from snowmelt during the previous week.  Numerous streams and rivers went out of their banks, leaving standing water in the area for several days.",259,,,,,,,,,,,,,
5589272,VAN BUREN CO.,COUNTYWIDE,2/20/1997,1600,Flash Flood, , ,0,0,0,0,IA,CST, ,2058970,C,177,DVN,0,0, , , , , , , , ,COUNTYWIDE,2/22/1997,1600, , , , ,,"Heavy rains fell over the area while soils were still partially frozen.  These one-to-three inch rains came as area rivers and streams were running high from snowmelt during the previous week.  Numerous streams and rivers went out of their banks, leaving standing water in the area for several days.",260,,,,,,,,,,,,,
5589265,SCOTT CO.,COUNTYWIDE,2/20/1997,1600,Flash Flood, , ,0,0,0,0,IA,CST, ,2058970,C,163,DVN,0,0, , , , , , , , ,COUNTYWIDE,2/22/1997,1600, , , , ,,"Heavy rains fell over the area while soils were still partially frozen.  These one-to-three inch rains came as area rivers and streams were running high from snowmelt during the previous week.  Numerous streams and rivers went out of their banks, leaving standing water in the area for several days.",261,,,,,,,,,,,,,
5589266,KEOKUK CO.,COUNTYWIDE,2/20/1997,1600,Flash Flood, , ,0,0,0,0,IA,CST, ,2058970,C,107,DVN,0,0, , , , , , , , ,COUNTYWIDE,2/22/1997,1600, , , , ,,"Heavy rains fell over the area while soils were still partially frozen.  These one-to-three inch rains came as area rivers and streams were running high from snowmelt during the previous week.  Numerous streams and rivers went out of their banks, leaving standing water in the area for several days.",262,,,,,,,,,,,,,
5589256,DUBUQUE CO.,COUNTYWIDE,2/20/1997,1600,Flash Flood, , ,0,0,0,0,IA,CST, ,2058970,C,61,DVN,0,0, , , , , , , , ,COUNTYWIDE,2/22/1997,1600, , , , ,,"Heavy rains fell over the area while soils were still partially frozen.  These one-to-three inch rains came as area rivers and streams were running high from snowmelt during the previous week.  Numerous streams and rivers went out of their banks, leaving standing water in the area for several days.",263,,,,,,,,,,,,,
5589257,LINN CO.,COUNTYWIDE,2/20/1997,1600,Flash Flood, , ,0,0,0,0,IA,CST, ,2058970,C,113,DVN,0,0, , , , , , , , ,COUNTYWIDE,2/22/1997,1600, , , , ,,"Heavy rains fell over the area while soils were still partially frozen.  These one-to-three inch rains came as area rivers and streams were running high from snowmelt during the previous week.  Numerous streams and rivers went out of their banks, leaving standing water in the area for several days.",264,,,,,,,,,,,,,
5589258,JONES CO.,COUNTYWIDE,2/20/1997,1600,Flash Flood, , ,0,0,0,0,IA,CST, ,2058970,C,105,DVN,0,0, , , , , , , , ,COUNTYWIDE,2/22/1997,1600, , , , ,,"Heavy rains fell over the area while soils were still partially frozen.  These one-to-three inch rains came as area rivers and streams were running high from snowmelt during the previous week.  Numerous streams and rivers went out of their banks, leaving standing water in the area for several days.",265,,,,,,,,,,,,,
5589262,CEDAR CO.,COUNTYWIDE,2/20/1997,1600,Flash Flood, , ,0,0,0,0,IA,CST, ,2058970,C,31,DVN,0,0, , , , , , , , ,COUNTYWIDE,2/22/1997,1600, , , , ,,"Heavy rains fell over the area while soils were still partially frozen.  These one-to-three inch rains came as area rivers and streams were running high from snowmelt during the previous week.  Numerous streams and rivers went out of their banks, leaving standing water in the area for several days.",266,,,,,,,,,,,,,
5589260,IOWA CO.,COUNTYWIDE,2/20/1997,1600,Flash Flood, , ,0,0,0,0,IA,CST, ,2058970,C,95,DVN,0,0, , , , , , , , ,COUNTYWIDE,2/22/1997,1600, , , , ,,"Heavy rains fell over the area while soils were still partially frozen.  These one-to-three inch rains came as area rivers and streams were running high from snowmelt during the previous week.  Numerous streams and rivers went out of their banks, leaving standing water in the area for several days.",267,,,,,,,,,,,,,
5590600,WINNEBAGO (ZONE), ,3/9/1997,600,Flood, , ,0,0,0,0,IA,CST, ,2058715,Z,6,DMX,0,0, , , , , , , , , ,3/13/1997,1800, , , , ,,"Temperatures for the month of March were slightly above normal with slightly below normal precipitaton.  Preliminary information provided by the State Climatologist Harry Hillaker of the Iowa Department of Agriculture and Land Stewardship indicated a statewide average of 1.41 inches of precipitation for the month.  This was about 64% of normal.  Although the month was rather dry, there was a good deal of snowpack at the start of the month.  The snow melted in earnest beginning in the second week of the month.  This caused minor to moderate flooding over much of the Iowa and Cedar River basins.  Damage was relatively limited as rivers crested only a foot or two above flood stage.",268,,,,,,,,,,,,,
5590599,KOSSUTH (ZONE), ,3/9/1997,600,Flood, , ,0,0,0,0,IA,CST, ,2058715,Z,5,DMX,0,0, , , , , , , , , ,3/13/1997,1800, , , , ,,"Temperatures for the month of March were slightly above normal with slightly below normal precipitaton.  Preliminary information provided by the State Climatologist Harry Hillaker of the Iowa Department of Agriculture and Land Stewardship indicated a statewide average of 1.41 inches of precipitation for the month.  This was about 64% of normal.  Although the month was rather dry, there was a good deal of snowpack at the start of the month.  The snow melted in earnest beginning in the second week of the month.  This caused minor to moderate flooding over much of the Iowa and Cedar River basins.  Damage was relatively limited as rivers crested only a foot or two above flood stage.",269,,,,,,,,,,,,,
5590602,HANCOCK (ZONE), ,3/9/1997,600,Flood, , ,0,0,0,0,IA,CST, ,2058715,Z,16,DMX,0,0, , , , , , , , , ,3/13/1997,1800, , , , ,,"Temperatures for the month of March were slightly above normal with slightly below normal precipitaton.  Preliminary information provided by the State Climatologist Harry Hillaker of the Iowa Department of Agriculture and Land Stewardship indicated a statewide average of 1.41 inches of precipitation for the month.  This was about 64% of normal.  Although the month was rather dry, there was a good deal of snowpack at the start of the month.  The snow melted in earnest beginning in the second week of the month.  This caused minor to moderate flooding over much of the Iowa and Cedar River basins.  Damage was relatively limited as rivers crested only a foot or two above flood stage.",270,,,,,,,,,,,,,
5590603,CERRO GORDO (ZONE), ,3/9/1997,600,Flood, , ,0,0,0,0,IA,CST, ,2058715,Z,17,DMX,0,0, , , , , , , , , ,3/13/1997,1800, , , , ,,"Temperatures for the month of March were slightly above normal with slightly below normal precipitaton.  Preliminary information provided by the State Climatologist Harry Hillaker of the Iowa Department of Agriculture and Land Stewardship indicated a statewide average of 1.41 inches of precipitation for the month.  This was about 64% of normal.  Although the month was rather dry, there was a good deal of snowpack at the start of the month.  The snow melted in earnest beginning in the second week of the month.  This caused minor to moderate flooding over much of the Iowa and Cedar River basins.  Damage was relatively limited as rivers crested only a foot or two above flood stage.",271,,,,,,,,,,,,,
5590601,WORTH (ZONE), ,3/9/1997,600,Flood, , ,0,0,0,0,IA,CST, ,2058715,Z,7,DMX,0,0, , , , , , , , , ,3/13/1997,1800, , , , ,,"Temperatures for the month of March were slightly above normal with slightly below normal precipitaton.  Preliminary information provided by the State Climatologist Harry Hillaker of the Iowa Department of Agriculture and Land Stewardship indicated a statewide average of 1.41 inches of precipitation for the month.  This was about 64% of normal.  Although the month was rather dry, there was a good deal of snowpack at the start of the month.  The snow melted in earnest beginning in the second week of the month.  This caused minor to moderate flooding over much of the Iowa and Cedar River basins.  Damage was relatively limited as rivers crested only a foot or two above flood stage.",272,,,,,,,,,,,,,
5590606,BUTLER (ZONE), ,3/9/1997,600,Flood, , ,0,0,0,0,IA,CST, ,2058715,Z,27,DMX,0,0, , , , , , , , , ,3/13/1997,1800, , , , ,,"Temperatures for the month of March were slightly above normal with slightly below normal precipitaton.  Preliminary information provided by the State Climatologist Harry Hillaker of the Iowa Department of Agriculture and Land Stewardship indicated a statewide average of 1.41 inches of precipitation for the month.  This was about 64% of normal.  Although the month was rather dry, there was a good deal of snowpack at the start of the month.  The snow melted in earnest beginning in the second week of the month.  This caused minor to moderate flooding over much of the Iowa and Cedar River basins.  Damage was relatively limited as rivers crested only a foot or two above flood stage.",273,,,,,,,,,,,,,
5590609,BLACK HAWK (ZONE), ,3/9/1997,600,Flood, , ,0,0,0,0,IA,CST, ,2058715,Z,39,DMX,0,0, , , , , , , , , ,3/13/1997,1800, , , , ,,"Temperatures for the month of March were slightly above normal with slightly below normal precipitaton.  Preliminary information provided by the State Climatologist Harry Hillaker of the Iowa Department of Agriculture and Land Stewardship indicated a statewide average of 1.41 inches of precipitation for the month.  This was about 64% of normal.  Although the month was rather dry, there was a good deal of snowpack at the start of the month.  The snow melted in earnest beginning in the second week of the month.  This caused minor to moderate flooding over much of the Iowa and Cedar River basins.  Damage was relatively limited as rivers crested only a foot or two above flood stage.",274,,,,,,,,,,,,,
5590607,BREMER (ZONE), ,3/9/1997,600,Flood, , ,0,0,0,0,IA,CST, ,2058715,Z,28,DMX,0,0, , , , , , , , , ,3/13/1997,1800, , , , ,,"Temperatures for the month of March were slightly above normal with slightly below normal precipitaton.  Preliminary information provided by the State Climatologist Harry Hillaker of the Iowa Department of Agriculture and Land Stewardship indicated a statewide average of 1.41 inches of precipitation for the month.  This was about 64% of normal.  Although the month was rather dry, there was a good deal of snowpack at the start of the month.  The snow melted in earnest beginning in the second week of the month.  This caused minor to moderate flooding over much of the Iowa and Cedar River basins.  Damage was relatively limited as rivers crested only a foot or two above flood stage.",275,,,,,,,,,,,,,
5590608,GRUNDY (ZONE), ,3/9/1997,600,Flood, , ,0,0,0,0,IA,CST, ,2058715,Z,38,DMX,0,0, , , , , , , , , ,3/13/1997,1800, , , , ,,"Temperatures for the month of March were slightly above normal with slightly below normal precipitaton.  Preliminary information provided by the State Climatologist Harry Hillaker of the Iowa Department of Agriculture and Land Stewardship indicated a statewide average of 1.41 inches of precipitation for the month.  This was about 64% of normal.  Although the month was rather dry, there was a good deal of snowpack at the start of the month.  The snow melted in earnest beginning in the second week of the month.  This caused minor to moderate flooding over much of the Iowa and Cedar River basins.  Damage was relatively limited as rivers crested only a foot or two above flood stage.",276,,,,,,,,,,,,,
5590604,WRIGHT (ZONE), ,3/9/1997,600,Flood, , ,0,0,0,0,IA,CST, ,2058715,Z,25,DMX,0,0, , , , , , , , , ,3/13/1997,1800, , , , ,,"Temperatures for the month of March were slightly above normal with slightly below normal precipitaton.  Preliminary information provided by the State Climatologist Harry Hillaker of the Iowa Department of Agriculture and Land Stewardship indicated a statewide average of 1.41 inches of precipitation for the month.  This was about 64% of normal.  Although the month was rather dry, there was a good deal of snowpack at the start of the month.  The snow melted in earnest beginning in the second week of the month.  This caused minor to moderate flooding over much of the Iowa and Cedar River basins.  Damage was relatively limited as rivers crested only a foot or two above flood stage.",277,,,,,,,,,,,,,
5590605,FRANKLIN (ZONE), ,3/9/1997,600,Flood, , ,0,0,0,0,IA,CST, ,2058715,Z,26,DMX,0,0, , , , , , , , , ,3/13/1997,1800, , , , ,,"Temperatures for the month of March were slightly above normal with slightly below normal precipitaton.  Preliminary information provided by the State Climatologist Harry Hillaker of the Iowa Department of Agriculture and Land Stewardship indicated a statewide average of 1.41 inches of precipitation for the month.  This was about 64% of normal.  Although the month was rather dry, there was a good deal of snowpack at the start of the month.  The snow melted in earnest beginning in the second week of the month.  This caused minor to moderate flooding over much of the Iowa and Cedar River basins.  Damage was relatively limited as rivers crested only a foot or two above flood stage.",278,,,,,,,,,,,,,
5590610,MARSHALL (ZONE), ,3/9/1997,600,Flood, , ,0,0,0,0,IA,CST, ,2058715,Z,49,DMX,0,0, , , , , , , , , ,3/13/1997,1800, , , , ,,"Temperatures for the month of March were slightly above normal with slightly below normal precipitaton.  Preliminary information provided by the State Climatologist Harry Hillaker of the Iowa Department of Agriculture and Land Stewardship indicated a statewide average of 1.41 inches of precipitation for the month.  This was about 64% of normal.  Although the month was rather dry, there was a good deal of snowpack at the start of the month.  The snow melted in earnest beginning in the second week of the month.  This caused minor to moderate flooding over much of the Iowa and Cedar River basins.  Damage was relatively limited as rivers crested only a foot or two above flood stage.",279,,,,,,,,,,,,,
5590611,TAMA (ZONE), ,3/9/1997,600,Flood, , ,0,0,150000,0,IA,CST, ,2058715,Z,50,DMX,0,0, , , , , , , , , ,3/13/1997,1800, , , , ,,"Temperatures for the month of March were slightly above normal with slightly below normal precipitaton.  Preliminary information provided by the State Climatologist Harry Hillaker of the Iowa Department of Agriculture and Land Stewardship indicated a statewide average of 1.41 inches of precipitation for the month.  This was about 64% of normal.  Although the month was rather dry, there was a good deal of snowpack at the start of the month.  The snow melted in earnest beginning in the second week of the month.  This caused minor to moderate flooding over much of the Iowa and Cedar River basins.  Damage was relatively limited as rivers crested only a foot or two above flood stage.",280,,,,,,,,,,,,,
5592013,OSCEOLA (ZONE), ,3/12/1997,700,Flood, , ,0,0,0,0,IA,CST, ,2061401,Z,2,FSD,0,0, , , , , , , , , ,3/28/1997,700, , , , ,,"Sporadic snowmelt flooding occurred in lowlands including farmland, on small streams, and along the Big Sioux, Floyd, Little Sioux, and Rock Rivers. Aside from some basement flooding, most flooding was to farmland and was not widespread. This damage could not be estimated before spring planting was completed.",281,,,,,,,,,,,,,
5592020,BUENA VISTA (ZONE), ,3/12/1997,700,Flood, , ,0,0,0,0,IA,CST, ,2061401,Z,22,FSD,0,0, , , , , , , , , ,3/28/1997,700, , , , ,,"Sporadic snowmelt flooding occurred in lowlands including farmland, on small streams, and along the Big Sioux, Floyd, Little Sioux, and Rock Rivers. Aside from some basement flooding, most flooding was to farmland and was not widespread. This damage could not be estimated before spring planting was completed.",282,,,,,,,,,,,,,
5592021,WOODBURY (ZONE), ,3/12/1997,700,Flood, , ,0,0,0,0,IA,CST, ,2061401,Z,31,FSD,0,0, , , , , , , , , ,3/31/1997,2359, , , , ,,"Sporadic snowmelt flooding occurred in lowlands including farmland, on small streams, and along the Big Sioux, Floyd, Little Sioux, and Rock Rivers. Aside from some basement flooding, most flooding was to farmland and was not widespread. This damage could not be estimated before spring planting was completed.",283,,,,,,,,,,,,,
5592012,LYON (ZONE), ,3/12/1997,700,Flood, , ,0,0,0,0,IA,CST, ,2061401,Z,1,FSD,0,0, , , , , , , , , ,3/31/1997,2359, , , , ,,"Sporadic snowmelt flooding occurred in lowlands including farmland, on small streams, and along the Big Sioux, Floyd, Little Sioux, and Rock Rivers. Aside from some basement flooding, most flooding was to farmland and was not widespread. This damage could not be estimated before spring planting was completed.",284,,,,,,,,,,,,,
5592017,CLAY (ZONE), ,3/12/1997,700,Flood, , ,0,0,0,0,IA,CST, ,2061401,Z,14,FSD,0,0, , , , , , , , , ,3/28/1997,700, , , , ,,"Sporadic snowmelt flooding occurred in lowlands including farmland, on small streams, and along the Big Sioux, Floyd, Little Sioux, and Rock Rivers. Aside from some basement flooding, most flooding was to farmland and was not widespread. This damage could not be estimated before spring planting was completed.",285,,,,,,,,,,,,,
5592014,DICKINSON (ZONE), ,3/12/1997,700,Flood, , ,0,0,0,0,IA,CST, ,2061401,Z,3,FSD,0,0, , , , , , , , , ,3/28/1997,700, , , , ,,"Sporadic snowmelt flooding occurred in lowlands including farmland, on small streams, and along the Big Sioux, Floyd, Little Sioux, and Rock Rivers. Aside from some basement flooding, most flooding was to farmland and was not widespread. This damage could not be estimated before spring planting was completed.",286,,,,,,,,,,,,,
5592015,SIOUX (ZONE), ,3/12/1997,700,Flood, , ,0,0,0,0,IA,CST, ,2061401,Z,12,FSD,0,0, , , , , , , , , ,3/31/1997,2359, , , , ,,"Sporadic snowmelt flooding occurred in lowlands including farmland, on small streams, and along the Big Sioux, Floyd, Little Sioux, and Rock Rivers. Aside from some basement flooding, most flooding was to farmland and was not widespread. This damage could not be estimated before spring planting was completed.",287,,,,,,,,,,,,,
5592016,O'BRIEN (ZONE), ,3/12/1997,700,Flood, , ,0,0,0,0,IA,CST, ,2061401,Z,13,FSD,0,0, , , , , , , , , ,3/28/1997,700, , , , ,,"Sporadic snowmelt flooding occurred in lowlands including farmland, on small streams, and along the Big Sioux, Floyd, Little Sioux, and Rock Rivers. Aside from some basement flooding, most flooding was to farmland and was not widespread. This damage could not be estimated before spring planting was completed.",288,,,,,,,,,,,,,
5592018,PLYMOUTH (ZONE), ,3/12/1997,700,Flood, , ,0,0,0,0,IA,CST, ,2061401,Z,20,FSD,0,0, , , , , , , , , ,3/31/1997,2359, , , , ,,"Sporadic snowmelt flooding occurred in lowlands including farmland, on small streams, and along the Big Sioux, Floyd, Little Sioux, and Rock Rivers. Aside from some basement flooding, most flooding was to farmland and was not widespread. This damage could not be estimated before spring planting was completed.",289,,,,,,,,,,,,,
5592019,CHEROKEE (ZONE), ,3/12/1997,700,Flood, , ,0,0,0,0,IA,CST, ,2061401,Z,21,FSD,0,0, , , , , , , , , ,3/28/1997,700, , , , ,,"Sporadic snowmelt flooding occurred in lowlands including farmland, on small streams, and along the Big Sioux, Floyd, Little Sioux, and Rock Rivers. Aside from some basement flooding, most flooding was to farmland and was not widespread. This damage could not be estimated before spring planting was completed.",290,,,,,,,,,,,,,
5592022,IDA (ZONE), ,3/12/1997,700,Flood, , ,0,0,0,0,IA,CST, ,2061401,Z,32,FSD,0,0, , , , , , , , , ,3/28/1997,700, , , , ,,"Sporadic snowmelt flooding occurred in lowlands including farmland, on small streams, and along the Big Sioux, Floyd, Little Sioux, and Rock Rivers. Aside from some basement flooding, most flooding was to farmland and was not widespread. This damage could not be estimated before spring planting was completed.",291,,,,,,,,,,,,,
5590616,CERRO GORDO (ZONE), ,3/19/1997,1200,Flood, , ,0,0,0,0,IA,CST, ,2058716,Z,17,DMX,0,0, , , , , , , , , ,3/23/1997,1200, , , , ,,"Another round of warm weather resulted in another minor to moderate rise in river levels around the state.  Flooding took place in many of the same places as during the previous event, however rises were not as strong and no significant damage was reported.",292,,,,,,,,,,,,,
5590617,POCAHONTAS (ZONE), ,3/19/1997,1200,Flood, , ,0,0,0,0,IA,CST, ,2058716,Z,23,DMX,0,0, , , , , , , , , ,3/23/1997,1200, , , , ,,"Another round of warm weather resulted in another minor to moderate rise in river levels around the state.  Flooding took place in many of the same places as during the previous event, however rises were not as strong and no significant damage was reported.",293,,,,,,,,,,,,,
5590618,HUMBOLDT (ZONE), ,3/19/1997,1200,Flood, , ,0,0,0,0,IA,CST, ,2058716,Z,24,DMX,0,0, , , , , , , , , ,3/23/1997,1200, , , , ,,"Another round of warm weather resulted in another minor to moderate rise in river levels around the state.  Flooding took place in many of the same places as during the previous event, however rises were not as strong and no significant damage was reported.",294,,,,,,,,,,,,,
5590615,HANCOCK (ZONE), ,3/19/1997,1200,Flood, , ,0,0,0,0,IA,CST, ,2058716,Z,16,DMX,0,0, , , , , , , , , ,3/23/1997,1200, , , , ,,"Another round of warm weather resulted in another minor to moderate rise in river levels around the state.  Flooding took place in many of the same places as during the previous event, however rises were not as strong and no significant damage was reported.",295,,,,,,,,,,,,,
5590619,WRIGHT (ZONE), ,3/19/1997,1200,Flood, , ,0,0,0,0,IA,CST, ,2058716,Z,25,DMX,0,0, , , , , , , , , ,3/23/1997,1200, , , , ,,"Another round of warm weather resulted in another minor to moderate rise in river levels around the state.  Flooding took place in many of the same places as during the previous event, however rises were not as strong and no significant damage was reported.",296,,,,,,,,,,,,,
5590620,FRANKLIN (ZONE), ,3/19/1997,1200,Flood, , ,0,0,0,0,IA,CST, ,2058716,Z,26,DMX,0,0, , , , , , , , , ,3/23/1997,1200, , , , ,,"Another round of warm weather resulted in another minor to moderate rise in river levels around the state.  Flooding took place in many of the same places as during the previous event, however rises were not as strong and no significant damage was reported.",297,,,,,,,,,,,,,
5590621,BUTLER (ZONE), ,3/19/1997,1200,Flood, , ,0,0,0,0,IA,CST, ,2058716,Z,27,DMX,0,0, , , , , , , , , ,3/23/1997,1200, , , , ,,"Another round of warm weather resulted in another minor to moderate rise in river levels around the state.  Flooding took place in many of the same places as during the previous event, however rises were not as strong and no significant damage was reported.",298,,,,,,,,,,,,,
5590622,BREMER (ZONE), ,3/19/1997,1200,Flood, , ,0,0,0,0,IA,CST, ,2058716,Z,28,DMX,0,0, , , , , , , , , ,3/23/1997,1200, , , , ,,"Another round of warm weather resulted in another minor to moderate rise in river levels around the state.  Flooding took place in many of the same places as during the previous event, however rises were not as strong and no significant damage was reported.",299,,,,,,,,,,,,,
5590623,WEBSTER (ZONE), ,3/19/1997,1200,Flood, , ,0,0,0,0,IA,CST, ,2058716,Z,35,DMX,0,0, , , , , , , , , ,3/23/1997,1200, , , , ,,"Another round of warm weather resulted in another minor to moderate rise in river levels around the state.  Flooding took place in many of the same places as during the previous event, however rises were not as strong and no significant damage was reported.",300,,,,,,,,,,,,,
5590624,HAMILTON (ZONE), ,3/19/1997,1200,Flood, , ,0,0,0,0,IA,CST, ,2058716,Z,36,DMX,0,0, , , , , , , , , ,3/23/1997,1200, , , , ,,"Another round of warm weather resulted in another minor to moderate rise in river levels around the state.  Flooding took place in many of the same places as during the previous event, however rises were not as strong and no significant damage was reported.",301,,,,,,,,,,,,,
5590626,GRUNDY (ZONE), ,3/19/1997,1200,Flood, , ,0,0,0,0,IA,CST, ,2058716,Z,38,DMX,0,0, , , , , , , , , ,3/23/1997,1200, , , , ,,"Another round of warm weather resulted in another minor to moderate rise in river levels around the state.  Flooding took place in many of the same places as during the previous event, however rises were not as strong and no significant damage was reported.",302,,,,,,,,,,,,,
5590627,BLACK HAWK (ZONE), ,3/19/1997,1200,Flood, , ,0,0,0,0,IA,CST, ,2058716,Z,39,DMX,0,0, , , , , , , , , ,3/23/1997,1200, , , , ,,"Another round of warm weather resulted in another minor to moderate rise in river levels around the state.  Flooding took place in many of the same places as during the previous event, however rises were not as strong and no significant damage was reported.",303,,,,,,,,,,,,,
5590628,MARSHALL (ZONE), ,3/19/1997,1200,Flood, , ,0,0,0,0,IA,CST, ,2058716,Z,49,DMX,0,0, , , , , , , , , ,3/23/1997,1200, , , , ,,"Another round of warm weather resulted in another minor to moderate rise in river levels around the state.  Flooding took place in many of the same places as during the previous event, however rises were not as strong and no significant damage was reported.",304,,,,,,,,,,,,,
5590625,HARDIN (ZONE), ,3/19/1997,1200,Flood, , ,0,0,0,0,IA,CST, ,2058716,Z,37,DMX,0,0, , , , , , , , , ,3/23/1997,1200, , , , ,,"Another round of warm weather resulted in another minor to moderate rise in river levels around the state.  Flooding took place in many of the same places as during the previous event, however rises were not as strong and no significant damage was reported.",305,,,,,,,,,,,,,
5590629,TAMA (ZONE), ,3/19/1997,1200,Flood, , ,0,0,50000,0,IA,CST, ,2058716,Z,50,DMX,0,0, , , , , , , , , ,3/23/1997,1200, , , , ,,"Another round of warm weather resulted in another minor to moderate rise in river levels around the state.  Flooding took place in many of the same places as during the previous event, however rises were not as strong and no significant damage was reported.",306,,,,,,,,,,,,,
5590614,WORTH (ZONE), ,3/19/1997,1200,Flood, , ,0,0,0,0,IA,CST, ,2058716,Z,7,DMX,0,0, , , , , , , , , ,3/23/1997,1200, , , , ,,"Another round of warm weather resulted in another minor to moderate rise in river levels around the state.  Flooding took place in many of the same places as during the previous event, however rises were not as strong and no significant damage was reported.",307,,,,,,,,,,,,,
5590613,WINNEBAGO (ZONE), ,3/19/1997,1200,Flood, , ,0,0,0,0,IA,CST, ,2058716,Z,6,DMX,0,0, , , , , , , , , ,3/23/1997,1200, , , , ,,"Another round of warm weather resulted in another minor to moderate rise in river levels around the state.  Flooding took place in many of the same places as during the previous event, however rises were not as strong and no significant damage was reported.",308,,,,,,,,,,,,,
5590612,KOSSUTH (ZONE), ,3/19/1997,1200,Flood, , ,0,0,0,0,IA,CST, ,2058716,Z,5,DMX,0,0, , , , , , , , , ,3/23/1997,1200, , , , ,,"Another round of warm weather resulted in another minor to moderate rise in river levels around the state.  Flooding took place in many of the same places as during the previous event, however rises were not as strong and no significant damage was reported.",309,,,,,,,,,,,,,
5590631,KOSSUTH (ZONE), ,3/24/1997,600,Flood, , ,0,0,0,0,IA,CST, ,2058717,Z,5,DMX,0,0, , , , , , , , , ,3/31/1997,2359, , , , ,,"As the flooding from earlier in the month receded, rapid snowmelt made its presence known again over the upper portions of the Des Moines River basin in southwest Minnesota.  Warm temperatures exacerbated this situation, resulting in flooding in the Estherville and Emmetsburg areas of north central Iowa.  The flooding continued through the rest of the month.  Damage was relatively minor in spite of the rise of several feet above flood stage.  Much of the flooding was confined to agricultural lowlands.",310,,,,,,,,,,,,,
5590634,HUMBOLDT (ZONE), ,3/24/1997,600,Flood, , ,0,0,0,0,IA,CST, ,2058717,Z,24,DMX,0,0, , , , , , , , , ,3/31/1997,2359, , , , ,,"As the flooding from earlier in the month receded, rapid snowmelt made its presence known again over the upper portions of the Des Moines River basin in southwest Minnesota.  Warm temperatures exacerbated this situation, resulting in flooding in the Estherville and Emmetsburg areas of north central Iowa.  The flooding continued through the rest of the month.  Damage was relatively minor in spite of the rise of several feet above flood stage.  Much of the flooding was confined to agricultural lowlands.",311,,,,,,,,,,,,,
5590633,HANCOCK (ZONE), ,3/24/1997,600,Flood, , ,0,0,0,0,IA,CST, ,2058717,Z,16,DMX,0,0, , , , , , , , , ,3/31/1997,2359, , , , ,,"As the flooding from earlier in the month receded, rapid snowmelt made its presence known again over the upper portions of the Des Moines River basin in southwest Minnesota.  Warm temperatures exacerbated this situation, resulting in flooding in the Estherville and Emmetsburg areas of north central Iowa.  The flooding continued through the rest of the month.  Damage was relatively minor in spite of the rise of several feet above flood stage.  Much of the flooding was confined to agricultural lowlands.",312,,,,,,,,,,,,,
5590630,EMMET (ZONE), ,3/24/1997,600,Flood, , ,0,0,50000,0,IA,CST, ,2058717,Z,4,DMX,0,0, , , , , , , , , ,3/31/1997,2359, , , , ,,"As the flooding from earlier in the month receded, rapid snowmelt made its presence known again over the upper portions of the Des Moines River basin in southwest Minnesota.  Warm temperatures exacerbated this situation, resulting in flooding in the Estherville and Emmetsburg areas of north central Iowa.  The flooding continued through the rest of the month.  Damage was relatively minor in spite of the rise of several feet above flood stage.  Much of the flooding was confined to agricultural lowlands.",313,,,,,,,,,,,,,
5590632,PALO ALTO (ZONE), ,3/24/1997,600,Flood, , ,0,0,0,0,IA,CST, ,2058717,Z,15,DMX,0,0, , , , , , , , , ,3/31/1997,2359, , , , ,,"As the flooding from earlier in the month receded, rapid snowmelt made its presence known again over the upper portions of the Des Moines River basin in southwest Minnesota.  Warm temperatures exacerbated this situation, resulting in flooding in the Estherville and Emmetsburg areas of north central Iowa.  The flooding continued through the rest of the month.  Damage was relatively minor in spite of the rise of several feet above flood stage.  Much of the flooding was confined to agricultural lowlands.",314,,,,,,,,,,,,,
5605550,CHEROKEE (ZONE), ,4/1/1997,0,Flood, , ,0,0,0,0,IA,CST, ,2064184,Z,21,FSD,0,0, , , , , , , , , ,4/15/1997,2359, , , , ,,"Snowmelt flooding continued from March in lowlands and along the Big Sioux and Little Sioux Rivers. The flooding along the Big Sioux River continued through the end of April, slowly abating during the last half of the month. Flooding elsewhere abated in early April. Most flooding was to farmland and was not widespread. Estimates of damage were not available because the damage from delayed spring planting could not be assessed.",315,,,,,,,,,,,,,
5605553,IDA (ZONE), ,4/1/1997,0,Flood, , ,0,0,0,0,IA,CST, ,2064184,Z,32,FSD,0,0, , , , , , , , , ,4/15/1997,2359, , , , ,,"Snowmelt flooding continued from March in lowlands and along the Big Sioux and Little Sioux Rivers. The flooding along the Big Sioux River continued through the end of April, slowly abating during the last half of the month. Flooding elsewhere abated in early April. Most flooding was to farmland and was not widespread. Estimates of damage were not available because the damage from delayed spring planting could not be assessed.",316,,,,,,,,,,,,,
5605551,CLAY (ZONE), ,4/1/1997,0,Flood, , ,0,0,0,0,IA,CST, ,2064184,Z,14,FSD,0,0, , , , , , , , , ,4/15/1997,2359, , , , ,,"Snowmelt flooding continued from March in lowlands and along the Big Sioux and Little Sioux Rivers. The flooding along the Big Sioux River continued through the end of April, slowly abating during the last half of the month. Flooding elsewhere abated in early April. Most flooding was to farmland and was not widespread. Estimates of damage were not available because the damage from delayed spring planting could not be assessed.",317,,,,,,,,,,,,,
5605552,DICKINSON (ZONE), ,4/1/1997,0,Flood, , ,0,0,0,0,IA,CST, ,2064184,Z,3,FSD,0,0, , , , , , , , , ,4/15/1997,2359, , , , ,,"Snowmelt flooding continued from March in lowlands and along the Big Sioux and Little Sioux Rivers. The flooding along the Big Sioux River continued through the end of April, slowly abating during the last half of the month. Flooding elsewhere abated in early April. Most flooding was to farmland and was not widespread. Estimates of damage were not available because the damage from delayed spring planting could not be assessed.",318,,,,,,,,,,,,,
5605546,PLYMOUTH (ZONE), ,4/1/1997,0,Flood, , ,0,0,0,0,IA,CST, ,2064184,Z,20,FSD,0,0, , , , , , , , , ,4/30/1997,2359, , , , ,,"Snowmelt flooding continued from March in lowlands and along the Big Sioux and Little Sioux Rivers. The flooding along the Big Sioux River continued through the end of April, slowly abating during the last half of the month. Flooding elsewhere abated in early April. Most flooding was to farmland and was not widespread. Estimates of damage were not available because the damage from delayed spring planting could not be assessed.",319,,,,,,,,,,,,,
5605547,SIOUX (ZONE), ,4/1/1997,0,Flood, , ,0,0,0,0,IA,CST, ,2064184,Z,12,FSD,0,0, , , , , , , , , ,4/30/1997,2359, , , , ,,"Snowmelt flooding continued from March in lowlands and along the Big Sioux and Little Sioux Rivers. The flooding along the Big Sioux River continued through the end of April, slowly abating during the last half of the month. Flooding elsewhere abated in early April. Most flooding was to farmland and was not widespread. Estimates of damage were not available because the damage from delayed spring planting could not be assessed.",320,,,,,,,,,,,,,
5605549,BUENA VISTA (ZONE), ,4/1/1997,0,Flood, , ,0,0,0,0,IA,CST, ,2064184,Z,22,FSD,0,0, , , , , , , , , ,4/15/1997,2359, , , , ,,"Snowmelt flooding continued from March in lowlands and along the Big Sioux and Little Sioux Rivers. The flooding along the Big Sioux River continued through the end of April, slowly abating during the last half of the month. Flooding elsewhere abated in early April. Most flooding was to farmland and was not widespread. Estimates of damage were not available because the damage from delayed spring planting could not be assessed.",321,,,,,,,,,,,,,
5605554,O'BRIEN (ZONE), ,4/1/1997,0,Flood, , ,0,0,0,0,IA,CST, ,2064184,Z,13,FSD,0,0, , , , , , , , , ,4/15/1997,2359, , , , ,,"Snowmelt flooding continued from March in lowlands and along the Big Sioux and Little Sioux Rivers. The flooding along the Big Sioux River continued through the end of April, slowly abating during the last half of the month. Flooding elsewhere abated in early April. Most flooding was to farmland and was not widespread. Estimates of damage were not available because the damage from delayed spring planting could not be assessed.",322,,,,,,,,,,,,,
5605555,OSCEOLA (ZONE), ,4/1/1997,0,Flood, , ,0,0,0,0,IA,CST, ,2064184,Z,2,FSD,0,0, , , , , , , , , ,4/15/1997,2359, , , , ,,"Snowmelt flooding continued from March in lowlands and along the Big Sioux and Little Sioux Rivers. The flooding along the Big Sioux River continued through the end of April, slowly abating during the last half of the month. Flooding elsewhere abated in early April. Most flooding was to farmland and was not widespread. Estimates of damage were not available because the damage from delayed spring planting could not be assessed.",323,,,,,,,,,,,,,
5596217,PALO ALTO (ZONE), ,4/1/1997,0,Flood, , ,0,0,0,0,IA,CST, ,2060488,Z,15,DMX,0,0, , , , , , , , , ,4/10/1997,600, , , , ,,"Preliminary information provided by State Climatologist Harry Hillaker of the Iowa Department of Agriculturena d Land Stewardship indicated a statewide average precipitation of 2.63 inches for the month.  Normal is 3.16 inches.  However, most of the precipitation fell in the form of snow, resulting in the snowiest April since 1982.  The greater part of the April flooding was observed during the first third of the month, with snow melt flooding already underway in earnest over the Des Moines River basin in northern Iowa and southern Minnesota.  This in turn produced significant flooding in the Estherville and Emmetsburg areas in north central Iowa.  Further downstream toward Des Moines, far less serious flooding was observed with only agricultural flooding reported.",324,,,,,,,,,,,,,
5605548,WOODBURY (ZONE), ,4/1/1997,0,Flood, , ,0,0,0,0,IA,CST, ,2064184,Z,31,FSD,0,0, , , , , , , , , ,4/30/1997,2359, , , , ,,"Snowmelt flooding continued from March in lowlands and along the Big Sioux and Little Sioux Rivers. The flooding along the Big Sioux River continued through the end of April, slowly abating during the last half of the month. Flooding elsewhere abated in early April. Most flooding was to farmland and was not widespread. Estimates of damage were not available because the damage from delayed spring planting could not be assessed.",325,,,,,,,,,,,,,
5596215,KOSSUTH (ZONE), ,4/1/1997,0,Flood, , ,0,0,0,0,IA,CST, ,2060488,Z,5,DMX,0,0, , , , , , , , , ,4/10/1997,600, , , , ,,"Preliminary information provided by State Climatologist Harry Hillaker of the Iowa Department of Agriculturena d Land Stewardship indicated a statewide average precipitation of 2.63 inches for the month.  Normal is 3.16 inches.  However, most of the precipitation fell in the form of snow, resulting in the snowiest April since 1982.  The greater part of the April flooding was observed during the first third of the month, with snow melt flooding already underway in earnest over the Des Moines River basin in northern Iowa and southern Minnesota.  This in turn produced significant flooding in the Estherville and Emmetsburg areas in north central Iowa.  Further downstream toward Des Moines, far less serious flooding was observed with only agricultural flooding reported.",326,,,,,,,,,,,,,
5596218,HANCOCK (ZONE), ,4/1/1997,0,Flood, , ,0,0,0,0,IA,CST, ,2060488,Z,16,DMX,0,0, , , , , , , , , ,4/10/1997,600, , , , ,,"Preliminary information provided by State Climatologist Harry Hillaker of the Iowa Department of Agriculturena d Land Stewardship indicated a statewide average precipitation of 2.63 inches for the month.  Normal is 3.16 inches.  However, most of the precipitation fell in the form of snow, resulting in the snowiest April since 1982.  The greater part of the April flooding was observed during the first third of the month, with snow melt flooding already underway in earnest over the Des Moines River basin in northern Iowa and southern Minnesota.  This in turn produced significant flooding in the Estherville and Emmetsburg areas in north central Iowa.  Further downstream toward Des Moines, far less serious flooding was observed with only agricultural flooding reported.",327,,,,,,,,,,,,,
5596216,WINNEBAGO (ZONE), ,4/1/1997,0,Flood, , ,0,0,0,0,IA,CST, ,2060488,Z,6,DMX,0,0, , , , , , , , , ,4/10/1997,600, , , , ,,"Preliminary information provided by State Climatologist Harry Hillaker of the Iowa Department of Agriculturena d Land Stewardship indicated a statewide average precipitation of 2.63 inches for the month.  Normal is 3.16 inches.  However, most of the precipitation fell in the form of snow, resulting in the snowiest April since 1982.  The greater part of the April flooding was observed during the first third of the month, with snow melt flooding already underway in earnest over the Des Moines River basin in northern Iowa and southern Minnesota.  This in turn produced significant flooding in the Estherville and Emmetsburg areas in north central Iowa.  Further downstream toward Des Moines, far less serious flooding was observed with only agricultural flooding reported.",328,,,,,,,,,,,,,
5605545,LYON (ZONE), ,4/1/1997,0,Flood, , ,0,0,0,0,IA,CST, ,2064184,Z,1,FSD,0,0, , , , , , , , , ,4/30/1997,2359, , , , ,,"Snowmelt flooding continued from March in lowlands and along the Big Sioux and Little Sioux Rivers. The flooding along the Big Sioux River continued through the end of April, slowly abating during the last half of the month. Flooding elsewhere abated in early April. Most flooding was to farmland and was not widespread. Estimates of damage were not available because the damage from delayed spring planting could not be assessed.",329,,,,,,,,,,,,,
5596219,POCAHONTAS (ZONE), ,4/1/1997,0,Flood, , ,0,0,0,0,IA,CST, ,2060488,Z,23,DMX,0,0, , , , , , , , , ,4/10/1997,600, , , , ,,"Preliminary information provided by State Climatologist Harry Hillaker of the Iowa Department of Agriculturena d Land Stewardship indicated a statewide average precipitation of 2.63 inches for the month.  Normal is 3.16 inches.  However, most of the precipitation fell in the form of snow, resulting in the snowiest April since 1982.  The greater part of the April flooding was observed during the first third of the month, with snow melt flooding already underway in earnest over the Des Moines River basin in northern Iowa and southern Minnesota.  This in turn produced significant flooding in the Estherville and Emmetsburg areas in north central Iowa.  Further downstream toward Des Moines, far less serious flooding was observed with only agricultural flooding reported.",330,,,,,,,,,,,,,
5596220,HUMBOLDT (ZONE), ,4/1/1997,0,Flood, , ,0,0,0,0,IA,CST, ,2060488,Z,24,DMX,0,0, , , , , , , , , ,4/10/1997,600, , , , ,,"Preliminary information provided by State Climatologist Harry Hillaker of the Iowa Department of Agriculturena d Land Stewardship indicated a statewide average precipitation of 2.63 inches for the month.  Normal is 3.16 inches.  However, most of the precipitation fell in the form of snow, resulting in the snowiest April since 1982.  The greater part of the April flooding was observed during the first third of the month, with snow melt flooding already underway in earnest over the Des Moines River basin in northern Iowa and southern Minnesota.  This in turn produced significant flooding in the Estherville and Emmetsburg areas in north central Iowa.  Further downstream toward Des Moines, far less serious flooding was observed with only agricultural flooding reported.",331,,,,,,,,,,,,,
5596221,WEBSTER (ZONE), ,4/1/1997,0,Flood, , ,0,0,0,0,IA,CST, ,2060488,Z,35,DMX,0,0, , , , , , , , , ,4/10/1997,600, , , , ,,"Preliminary information provided by State Climatologist Harry Hillaker of the Iowa Department of Agriculturena d Land Stewardship indicated a statewide average precipitation of 2.63 inches for the month.  Normal is 3.16 inches.  However, most of the precipitation fell in the form of snow, resulting in the snowiest April since 1982.  The greater part of the April flooding was observed during the first third of the month, with snow melt flooding already underway in earnest over the Des Moines River basin in northern Iowa and southern Minnesota.  This in turn produced significant flooding in the Estherville and Emmetsburg areas in north central Iowa.  Further downstream toward Des Moines, far less serious flooding was observed with only agricultural flooding reported.",332,,,,,,,,,,,,,
5596371,BOONE (ZONE), ,4/1/1997,0,Flood, , ,0,0,0,0,IA,CST, ,2060488,Z,47,DMX,0,0, , , , , , , , , ,4/10/1997,600, , , , ,,"Preliminary information provided by State Climatologist Harry Hillaker of the Iowa Department of Agriculturena d Land Stewardship indicated a statewide average precipitation of 2.63 inches for the month.  Normal is 3.16 inches.  However, most of the precipitation fell in the form of snow, resulting in the snowiest April since 1982.  The greater part of the April flooding was observed during the first third of the month, with snow melt flooding already underway in earnest over the Des Moines River basin in northern Iowa and southern Minnesota.  This in turn produced significant flooding in the Estherville and Emmetsburg areas in north central Iowa.  Further downstream toward Des Moines, far less serious flooding was observed with only agricultural flooding reported.",333,,,,,,,,,,,,,
5596214,EMMET (ZONE), ,4/1/1997,0,Flood, , ,0,0,150000,0,IA,CST, ,2060488,Z,4,DMX,0,0, , , , , , , , , ,4/10/1997,600, , , , ,,"Preliminary information provided by State Climatologist Harry Hillaker of the Iowa Department of Agriculturena d Land Stewardship indicated a statewide average precipitation of 2.63 inches for the month.  Normal is 3.16 inches.  However, most of the precipitation fell in the form of snow, resulting in the snowiest April since 1982.  The greater part of the April flooding was observed during the first third of the month, with snow melt flooding already underway in earnest over the Des Moines River basin in northern Iowa and southern Minnesota.  This in turn produced significant flooding in the Estherville and Emmetsburg areas in north central Iowa.  Further downstream toward Des Moines, far less serious flooding was observed with only agricultural flooding reported.",334,,,,,,,,,,,,,
5594770,FREMONT (ZONE), ,4/2/1997,1200,Flood, , ,0,0,0,0,IA,CST, ,2059684,Z,90,OAX,0,0, , , , , , , , , ,4/30/1997,2359, , , , ,,"Flooding along the Missouri river was the result of snowmelt runoff from the James, Vermillion, Big and Little Sioux, and Floyd rivers in South Dakota and northwest Iowa.  In addition, record high releases from Gavins Point Dam added to the flooding.  Lowland flooding of agricultural bottomlands, boat marinas, and some local parks was common.",335,,,,,,,,,,,,,
5594767,HARRISON (ZONE), ,4/2/1997,1200,Flood, , ,0,0,0,0,IA,CST, ,2059683,Z,55,OAX,0,0, , , , , , , , , ,4/30/1997,2359, , , , ,,"Flooding along the Missouri River was the result of snowmelt runoff from the James, Vermillion, Big and Little Sioux, and Floyd rivers in South Dakota and northwest Iowa.  In addition, record high releases from Gavins Point Dam added to the flooding.  Lowland flooding of agricultural bottomlands, boat marinas, and some local parks was common from along the river west of Missouri Valley to points further south.",336,,,,,,,,,,,,,
5594768,POTTAWATTAMIE (ZONE), ,4/2/1997,1200,Flood, , ,0,0,0,0,IA,CST, ,2059684,Z,69,OAX,0,0, , , , , , , , , ,4/30/1997,2359, , , , ,,"Flooding along the Missouri river was the result of snowmelt runoff from the James, Vermillion, Big and Little Sioux, and Floyd rivers in South Dakota and northwest Iowa.  In addition, record high releases from Gavins Point Dam added to the flooding.  Lowland flooding of agricultural bottomlands, boat marinas, and some local parks was common.",337,,,,,,,,,,,,,
5594769,MILLS (ZONE), ,4/2/1997,1200,Flood, , ,0,0,0,0,IA,CST, ,2059684,Z,79,OAX,0,0, , , , , , , , , ,4/30/1997,2359, , , , ,,"Flooding along the Missouri river was the result of snowmelt runoff from the James, Vermillion, Big and Little Sioux, and Floyd rivers in South Dakota and northwest Iowa.  In addition, record high releases from Gavins Point Dam added to the flooding.  Lowland flooding of agricultural bottomlands, boat marinas, and some local parks was common.",338,,,,,,,,,,,,,
5592391,ALLAMAKEE (ZONE), ,4/7/1997,1200,Flood, , ,0,0,0,0,IA,CST, ,2061740,Z,11,ARX,0,0, , , , , , , , , ,4/21/1997,1400, , , , ,,"The third highest flood of record on the Mississippi River forced the closure of some highways and affected several homes and businesses. On the 15th, Lansing, McGregor and Guttenburg reached crests of 18.4, 21.4 and 19.4 feet respectively.",339,,,,,,,,,,,,,
5592392,CLAYTON (ZONE), ,4/7/1997,1200,Flood, , ,0,0,450000,0,IA,CST, ,2061740,Z,30,ARX,0,0, , , , , , , , , ,4/21/1997,1400, , , , ,,"The third highest flood of record on the Mississippi River forced the closure of some highways and affected several homes and businesses. On the 15th, Lansing, McGregor and Guttenburg reached crests of 18.4, 21.4 and 19.4 feet respectively.",340,,,,,,,,,,,,,
5592366,CLINTON (ZONE), ,4/8/1997,600,Flood, , ,0,0,0,0,IA,CST, ,2061464,Z,66,DVN,0,0, , , , , , , , , ,4/30/1997,2000, , , , ,,"Spring snowmelt from very heavy snow cover across the upper basin brought significant flooding to portions of the Mississippi River.  Several locations reached the third through fifth highest crests of record.  Crests might have been higher; however, precipitation for March and April over Iowa and Illinois was well below normal, therefore the area tributary rivers contributed very little to the crest.  

Economic impacts were significant; however, because the initial forecasts from the River Forecast Center were quite good, most of the expenditures were spent on preventative measures rather than on flood repairs and replacement.  The primary costs were from sandbagging, and interupted commerce, rather than in water damage.  Barge navigation on the Mississippi River and train traffic along the river was suspended for up to two weeks.  

Cities with flood wall or levee protection faired quite well with little impact.  Among those without protection; Davenport, Iowa, reported the cost in city employee overtime and sandbagging to to be at $420,000.  This cost however, did not cover any of the loss of business to the downtown area where one business reported losses of $200,000 a day.",341,,,,,,,,,,,,,
5592364,DUBUQUE (ZONE), ,4/8/1997,600,Flood, , ,0,0,0,0,IA,CST, ,2061464,Z,42,DVN,0,0, , , , , , , , , ,4/30/1997,2000, , , , ,,"Spring snowmelt from very heavy snow cover across the upper basin brought significant flooding to portions of the Mississippi River.  Several locations reached the third through fifth highest crests of record.  Crests might have been higher; however, precipitation for March and April over Iowa and Illinois was well below normal, therefore the area tributary rivers contributed very little to the crest.  

Economic impacts were significant; however, because the initial forecasts from the River Forecast Center were quite good, most of the expenditures were spent on preventative measures rather than on flood repairs and replacement.  The primary costs were from sandbagging, and interupted commerce, rather than in water damage.  Barge navigation on the Mississippi River and train traffic along the river was suspended for up to two weeks.  

Cities with flood wall or levee protection faired quite well with little impact.  Among those without protection; Davenport, Iowa, reported the cost in city employee overtime and sandbagging to to be at $420,000.  This cost however, did not cover any of the loss of business to the downtown area where one business reported losses of $200,000 a day.",342,,,,,,,,,,,,,
5592368,MUSCATINE (ZONE), ,4/8/1997,600,Flood, , ,0,0,0,0,IA,CST, ,2061464,Z,67,DVN,0,0, , , , , , , , , ,4/30/1997,2000, , , , ,,"Spring snowmelt from very heavy snow cover across the upper basin brought significant flooding to portions of the Mississippi River.  Several locations reached the third through fifth highest crests of record.  Crests might have been higher; however, precipitation for March and April over Iowa and Illinois was well below normal, therefore the area tributary rivers contributed very little to the crest.  

Economic impacts were significant; however, because the initial forecasts from the River Forecast Center were quite good, most of the expenditures were spent on preventative measures rather than on flood repairs and replacement.  The primary costs were from sandbagging, and interupted commerce, rather than in water damage.  Barge navigation on the Mississippi River and train traffic along the river was suspended for up to two weeks.  

Cities with flood wall or levee protection faired quite well with little impact.  Among those without protection; Davenport, Iowa, reported the cost in city employee overtime and sandbagging to to be at $420,000.  This cost however, did not cover any of the loss of business to the downtown area where one business reported losses of $200,000 a day.",343,,,,,,,,,,,,,
5592371,LEE (ZONE), ,4/8/1997,600,Flood, , ,0,0,0,0,IA,CST, ,2061464,Z,99,DVN,0,0, , , , , , , , , ,4/30/1997,2000, , , , ,,"Spring snowmelt from very heavy snow cover across the upper basin brought significant flooding to portions of the Mississippi River.  Several locations reached the third through fifth highest crests of record.  Crests might have been higher; however, precipitation for March and April over Iowa and Illinois was well below normal, therefore the area tributary rivers contributed very little to the crest.  

Economic impacts were significant; however, because the initial forecasts from the River Forecast Center were quite good, most of the expenditures were spent on preventative measures rather than on flood repairs and replacement.  The primary costs were from sandbagging, and interupted commerce, rather than in water damage.  Barge navigation on the Mississippi River and train traffic along the river was suspended for up to two weeks.  

Cities with flood wall or levee protection faired quite well with little impact.  Among those without protection; Davenport, Iowa, reported the cost in city employee overtime and sandbagging to to be at $420,000.  This cost however, did not cover any of the loss of business to the downtown area where one business reported losses of $200,000 a day.",344,,,,,,,,,,,,,
5592367,SCOTT (ZONE), ,4/8/1997,600,Flood, , ,0,0,0,0,IA,CST, ,2061464,Z,68,DVN,0,0, , , , , , , , , ,4/30/1997,2000, , , , ,,"Spring snowmelt from very heavy snow cover across the upper basin brought significant flooding to portions of the Mississippi River.  Several locations reached the third through fifth highest crests of record.  Crests might have been higher; however, precipitation for March and April over Iowa and Illinois was well below normal, therefore the area tributary rivers contributed very little to the crest.  

Economic impacts were significant; however, because the initial forecasts from the River Forecast Center were quite good, most of the expenditures were spent on preventative measures rather than on flood repairs and replacement.  The primary costs were from sandbagging, and interupted commerce, rather than in water damage.  Barge navigation on the Mississippi River and train traffic along the river was suspended for up to two weeks.  

Cities with flood wall or levee protection faired quite well with little impact.  Among those without protection; Davenport, Iowa, reported the cost in city employee overtime and sandbagging to to be at $420,000.  This cost however, did not cover any of the loss of business to the downtown area where one business reported losses of $200,000 a day.",345,,,,,,,,,,,,,
5592370,DES MOINES (ZONE), ,4/8/1997,600,Flood, , ,0,0,0,0,IA,CST, ,2061464,Z,89,DVN,0,0, , , , , , , , , ,4/30/1997,2000, , , , ,,"Spring snowmelt from very heavy snow cover across the upper basin brought significant flooding to portions of the Mississippi River.  Several locations reached the third through fifth highest crests of record.  Crests might have been higher; however, precipitation for March and April over Iowa and Illinois was well below normal, therefore the area tributary rivers contributed very little to the crest.  

Economic impacts were significant; however, because the initial forecasts from the River Forecast Center were quite good, most of the expenditures were spent on preventative measures rather than on flood repairs and replacement.  The primary costs were from sandbagging, and interupted commerce, rather than in water damage.  Barge navigation on the Mississippi River and train traffic along the river was suspended for up to two weeks.  

Cities with flood wall or levee protection faired quite well with little impact.  Among those without protection; Davenport, Iowa, reported the cost in city employee overtime and sandbagging to to be at $420,000.  This cost however, did not cover any of the loss of business to the downtown area where one business reported losses of $200,000 a day.",346,,,,,,,,,,,,,
5592369,LOUISA (ZONE), ,4/8/1997,600,Flood, , ,0,0,0,0,IA,CST, ,2061464,Z,78,DVN,0,0, , , , , , , , , ,4/30/1997,2000, , , , ,,"Spring snowmelt from very heavy snow cover across the upper basin brought significant flooding to portions of the Mississippi River.  Several locations reached the third through fifth highest crests of record.  Crests might have been higher; however, precipitation for March and April over Iowa and Illinois was well below normal, therefore the area tributary rivers contributed very little to the crest.  

Economic impacts were significant; however, because the initial forecasts from the River Forecast Center were quite good, most of the expenditures were spent on preventative measures rather than on flood repairs and replacement.  The primary costs were from sandbagging, and interupted commerce, rather than in water damage.  Barge navigation on the Mississippi River and train traffic along the river was suspended for up to two weeks.  

Cities with flood wall or levee protection faired quite well with little impact.  Among those without protection; Davenport, Iowa, reported the cost in city employee overtime and sandbagging to to be at $420,000.  This cost however, did not cover any of the loss of business to the downtown area where one business reported losses of $200,000 a day.",347,,,,,,,,,,,,,
5592365,JACKSON (ZONE), ,4/8/1997,600,Flood, , ,0,0,0,0,IA,CST, ,2061464,Z,54,DVN,0,0, , , , , , , , , ,4/30/1997,2000, , , , ,,"Spring snowmelt from very heavy snow cover across the upper basin brought significant flooding to portions of the Mississippi River.  Several locations reached the third through fifth highest crests of record.  Crests might have been higher; however, precipitation for March and April over Iowa and Illinois was well below normal, therefore the area tributary rivers contributed very little to the crest.  

Economic impacts were significant; however, because the initial forecasts from the River Forecast Center were quite good, most of the expenditures were spent on preventative measures rather than on flood repairs and replacement.  The primary costs were from sandbagging, and interupted commerce, rather than in water damage.  Barge navigation on the Mississippi River and train traffic along the river was suspended for up to two weeks.  

Cities with flood wall or levee protection faired quite well with little impact.  Among those without protection; Davenport, Iowa, reported the cost in city employee overtime and sandbagging to to be at $420,000.  This cost however, did not cover any of the loss of business to the downtown area where one business reported losses of $200,000 a day.",348,,,,,,,,,,,,,
5596372,CLARKE (ZONE), ,4/14/1997,0,Flood, , ,0,0,0,0,IA,CST, ,2060489,Z,83,DMX,0,0, , , , , , , , , ,4/16/1997,1200, , , , ,,"As flooding receded in northern Iowa, an unusual spring snowstorm moved through south central and southeast Iowa.  This storm left as much as 30 inches of heavy wet snow in some areas.  While rapid snowmelt was observed thereafter, it nonetheless produced only minor flooding over parts of the Chariton River basin upstream from Rathbun Dam and Reservoir.  Damage was only agricultural flooding and quite minor.",349,,,,,,,,,,,,,
5596373,LUCAS (ZONE), ,4/14/1997,0,Flood, , ,0,0,10000,0,IA,CST, ,2060489,Z,84,DMX,0,0, , , , , , , , , ,4/16/1997,1200, , , , ,,"As flooding receded in northern Iowa, an unusual spring snowstorm moved through south central and southeast Iowa.  This storm left as much as 30 inches of heavy wet snow in some areas.  While rapid snowmelt was observed thereafter, it nonetheless produced only minor flooding over parts of the Chariton River basin upstream from Rathbun Dam and Reservoir.  Damage was only agricultural flooding and quite minor.",350,,,,,,,,,,,,,
5613755,HARDIN (ZONE), ,5/1/1997,0,Flood, , ,0,0,0,0,IA,CST, ,2068718,Z,37,DMX,0,0, , , , , , , , , ,5/3/1997,1200, , , , ,,Minor flooding continued in the Des Moines County Warning Area as runoff from the spring melt continued.  The flooding was mostly limited to the Iowa River Basin.  Damage was minor.,351,,,,,,,,,,,,,
5613757,TAMA (ZONE), ,5/1/1997,0,Flood, , ,0,0,0,0,IA,CST, ,2068718,Z,50,DMX,0,0, , , , , , , , , ,5/3/1997,1200, , , , ,,Minor flooding continued in the Des Moines County Warning Area as runoff from the spring melt continued.  The flooding was mostly limited to the Iowa River Basin.  Damage was minor.,352,,,,,,,,,,,,,
5605684,LYON (ZONE), ,5/1/1997,0,Flood, , ,0,0,0,0,IA,CST, ,2064192,Z,1,FSD,0,0, , , , , , , , , ,5/13/1997,600, , , , ,,"Flooding from spring snowmelt continued along the Big Sioux River at the beginning of May. Although secondary crests occurred early in the month, flooding was still well down from early April. Farmland and other lowland flooding abated as the river fell below flood stage by the middle of May.",353,,,,,,,,,,,,,
5607069,HARRISON (ZONE), ,5/1/1997,0,Flood, , ,0,0,0,0,IA,CST, ,2066205,Z,55,OAX,0,0, , , , , , , , , ,5/3/1997,1200, , , , ,,Flooding along the Missouri river continued as a result of snowmelt runoff from the northern plains and subsequent high releases from upstream dams.,354,,,,,,,,,,,,,
5607071,POTTAWATTAMIE (ZONE), ,5/1/1997,0,Flood, , ,0,0,0,0,IA,CST, ,2066207,Z,69,OAX,0,0, , , , , , , , , ,5/20/1997,1200, , , , ,,FLooding along the Missouri river continued as the result of snowmelt runoff from the northern plains and subsequent high releases from upstream dams.,355,,,,,,,,,,,,,
5607078,FREMONT (ZONE), ,5/1/1997,0,Flood, , ,0,0,0,0,IA,CST, ,2066209,Z,90,OAX,0,0, , , , , , , , , ,5/1/1997,0, , , , ,,Flooding along the Missouri river continued as a result of snowmelt runoff from the northern plains and subsequent high releases from upstream dams.,356,,,,,,,,,,,,,
5607077,MILLS (ZONE), ,5/1/1997,0,Flood, , ,0,0,0,0,IA,CST, ,2066209,Z,79,OAX,0,0, , , , , , , , , ,5/31/1997,2359, , , , ,,Flooding along the Missouri river continued as a result of snowmelt runoff from the northern plains and subsequent high releases from upstream dams.,357,,,,,,,,,,,,,
5605685,PLYMOUTH (ZONE), ,5/1/1997,0,Flood, , ,0,0,0,0,IA,CST, ,2064192,Z,20,FSD,0,0, , , , , , , , , ,5/13/1997,600, , , , ,,"Flooding from spring snowmelt continued along the Big Sioux River at the beginning of May. Although secondary crests occurred early in the month, flooding was still well down from early April. Farmland and other lowland flooding abated as the river fell below flood stage by the middle of May.",358,,,,,,,,,,,,,
5605686,SIOUX (ZONE), ,5/1/1997,0,Flood, , ,0,0,0,0,IA,CST, ,2064192,Z,12,FSD,0,0, , , , , , , , , ,5/13/1997,600, , , , ,,"Flooding from spring snowmelt continued along the Big Sioux River at the beginning of May. Although secondary crests occurred early in the month, flooding was still well down from early April. Farmland and other lowland flooding abated as the river fell below flood stage by the middle of May.",359,,,,,,,,,,,,,
5613756,MARSHALL (ZONE), ,5/1/1997,0,Flood, , ,0,0,5000,0,IA,CST, ,2068718,Z,49,DMX,0,0, , , , , , , , , ,5/3/1997,1200, , , , ,,Minor flooding continued in the Des Moines County Warning Area as runoff from the spring melt continued.  The flooding was mostly limited to the Iowa River Basin.  Damage was minor.,360,,,,,,,,,,,,,
5613620,POLK CO.,DES MOINES,5/7/1997,1700,Flood, , ,0,0,15000,0,IA,CST, ,2068701,C,153,DMX,0,0, , , , , , , , ,DES MOINES,5/7/1997,1830, , , , ,,,361,,,,,,,,,,,,,
5613621,WARREN CO.,INDIANOLA,5/7/1997,1700,Flood, , ,0,0,40000,0,IA,CST, ,1047336,C,181,DMX,0,0, , , , , , , , ,INDIANOLA,5/7/1997,1830, , , , ,,,362,,,,,,,,,,,,,
5613622,MADISON CO.,WINTERSET,5/7/1997,1700,Flood, , ,0,0,75000,0,IA,CST, ,2068702,C,121,DMX,0,0, , , , , , , , ,WINTERSET,5/7/1997,2200, , , , ,,,363,,,,,,,,,,,,,
5613758,WARREN (ZONE), ,5/7/1997,1800,Flood, , ,0,0,0,0,IA,CST, ,2068719,Z,73,DMX,0,0, , , , , , , , , ,5/8/1997,2200, , , , ,,"Much of the raihnfall in Iowa during the month of May occurred during the first week of the month.  A significant rainfall event occured on the 7th.  Rainfall amounts of 1 to 3 inches were common east and south of Des Moines, with some spotty amounts to 4 inchs.  This in combination with above normal streamflow from the last of the spring snow melt resulted in minor flooding over parts of southern Iowa.  Once again, damage was quite minor.",364,,,,,,,,,,,,,
5613759,MARION (ZONE), ,5/7/1997,1800,Flood, , ,0,0,0,0,IA,CST, ,2068719,Z,74,DMX,0,0, , , , , , , , , ,5/8/1997,2200, , , , ,,"Much of the raihnfall in Iowa during the month of May occurred during the first week of the month.  A significant rainfall event occured on the 7th.  Rainfall amounts of 1 to 3 inches were common east and south of Des Moines, with some spotty amounts to 4 inchs.  This in combination with above normal streamflow from the last of the spring snow melt resulted in minor flooding over parts of southern Iowa.  Once again, damage was quite minor.",365,,,,,,,,,,,,,
5613763,MONROE (ZONE), ,5/7/1997,1800,Flood, , ,0,0,0,0,IA,CST, ,2068719,Z,85,DMX,0,0, , , , , , , , , ,5/8/1997,2200, , , , ,,"Much of the raihnfall in Iowa during the month of May occurred during the first week of the month.  A significant rainfall event occured on the 7th.  Rainfall amounts of 1 to 3 inches were common east and south of Des Moines, with some spotty amounts to 4 inchs.  This in combination with above normal streamflow from the last of the spring snow melt resulted in minor flooding over parts of southern Iowa.  Once again, damage was quite minor.",366,,,,,,,,,,,,,
5613764,WAPELLO (ZONE), ,5/7/1997,1800,Flood, , ,0,0,10000,0,IA,CST, ,2068719,Z,86,DMX,0,0, , , , , , , , , ,5/8/1997,2200, , , , ,,"Much of the raihnfall in Iowa during the month of May occurred during the first week of the month.  A significant rainfall event occured on the 7th.  Rainfall amounts of 1 to 3 inches were common east and south of Des Moines, with some spotty amounts to 4 inchs.  This in combination with above normal streamflow from the last of the spring snow melt resulted in minor flooding over parts of southern Iowa.  Once again, damage was quite minor.",367,,,,,,,,,,,,,
5613761,CLARKE (ZONE), ,5/7/1997,1800,Flood, , ,0,0,0,0,IA,CST, ,2068719,Z,83,DMX,0,0, , , , , , , , , ,5/8/1997,2200, , , , ,,"Much of the raihnfall in Iowa during the month of May occurred during the first week of the month.  A significant rainfall event occured on the 7th.  Rainfall amounts of 1 to 3 inches were common east and south of Des Moines, with some spotty amounts to 4 inchs.  This in combination with above normal streamflow from the last of the spring snow melt resulted in minor flooding over parts of southern Iowa.  Once again, damage was quite minor.",368,,,,,,,,,,,,,
5613762,LUCAS (ZONE), ,5/7/1997,1800,Flood, , ,0,0,0,0,IA,CST, ,2068719,Z,84,DMX,0,0, , , , , , , , , ,5/8/1997,2200, , , , ,,"Much of the raihnfall in Iowa during the month of May occurred during the first week of the month.  A significant rainfall event occured on the 7th.  Rainfall amounts of 1 to 3 inches were common east and south of Des Moines, with some spotty amounts to 4 inchs.  This in combination with above normal streamflow from the last of the spring snow melt resulted in minor flooding over parts of southern Iowa.  Once again, damage was quite minor.",369,,,,,,,,,,,,,
5613760,MAHASKA (ZONE), ,5/7/1997,1800,Flood, , ,0,0,0,0,IA,CST, ,2068719,Z,75,DMX,0,0, , , , , , , , , ,5/8/1997,2200, , , , ,,"Much of the raihnfall in Iowa during the month of May occurred during the first week of the month.  A significant rainfall event occured on the 7th.  Rainfall amounts of 1 to 3 inches were common east and south of Des Moines, with some spotty amounts to 4 inchs.  This in combination with above normal streamflow from the last of the spring snow melt resulted in minor flooding over parts of southern Iowa.  Once again, damage was quite minor.",370,,,,,,,,,,,,,
5612745,MILLS (ZONE), ,6/1/1997,0,Flood, , ,0,0,0,0,IA,CST, ,2066455,Z,79,OAX,0,0, , , , , , , , , ,6/30/1997,2359, , , , ,,Minor flooding along the Missouri river continued as a result of continued high releases from upstream dams.,371,,,,,,,,,,,,,
5612746,FREMONT (ZONE), ,6/1/1997,0,Flood, , ,0,0,0,0,IA,CST, ,2066455,Z,90,OAX,0,0, , , , , , , , , ,6/30/1997,2359, , , , ,Minor flooding along the Missouri river continued as a result of continued high releases from upstream dams.,Minor flooding along the Missouri river continued as a result of continued high releases from upstream dams.,372,,,,,,,,,,,,,
5598899,HAMILTON (ZONE), ,6/21/1997,1500,Flood, , ,0,0,0,0,IA,CST, ,2063701,Z,36,DMX,0,0, , , , , , , , , ,6/26/1997,1200, , , , ,,"Weather conditions across Iowa were quite normal for the month of June.  The first half of the month was quite dry, however a significant rain event took place during the night of the 20th and early morning of the 21 that resulted in some minor flooding.  The heaviest rainfall fell in the over the upper parts of the Iowa River Basin and over many tributaries to the Cedar River near Waterloo.  Five to eight inches was recorded.  This caused streams to rise three to five feet over flood stage, however site surveys indicated lives and property were not in danger.  Damage was restricted to agricultural land in most areas.",373,,,,,,,,,,,,,
5598895,FRANKLIN (ZONE), ,6/21/1997,1500,Flood, , ,0,0,0,0,IA,CST, ,2063701,Z,26,DMX,0,0, , , , , , , , , ,6/26/1997,1200, , , , ,,"Weather conditions across Iowa were quite normal for the month of June.  The first half of the month was quite dry, however a significant rain event took place during the night of the 20th and early morning of the 21 that resulted in some minor flooding.  The heaviest rainfall fell in the over the upper parts of the Iowa River Basin and over many tributaries to the Cedar River near Waterloo.  Five to eight inches was recorded.  This caused streams to rise three to five feet over flood stage, however site surveys indicated lives and property were not in danger.  Damage was restricted to agricultural land in most areas.",374,,,,,,,,,,,,,
5598893,HUMBOLDT (ZONE), ,6/21/1997,1500,Flood, , ,0,0,0,0,IA,CST, ,2063701,Z,24,DMX,0,0, , , , , , , , , ,6/26/1997,1200, , , , ,,"Weather conditions across Iowa were quite normal for the month of June.  The first half of the month was quite dry, however a significant rain event took place during the night of the 20th and early morning of the 21 that resulted in some minor flooding.  The heaviest rainfall fell in the over the upper parts of the Iowa River Basin and over many tributaries to the Cedar River near Waterloo.  Five to eight inches was recorded.  This caused streams to rise three to five feet over flood stage, however site surveys indicated lives and property were not in danger.  Damage was restricted to agricultural land in most areas.",375,,,,,,,,,,,,,
5598896,BUTLER (ZONE), ,6/21/1997,1500,Flood, , ,0,0,0,0,IA,CST, ,2063701,Z,27,DMX,0,0, , , , , , , , , ,6/26/1997,1200, , , , ,,"Weather conditions across Iowa were quite normal for the month of June.  The first half of the month was quite dry, however a significant rain event took place during the night of the 20th and early morning of the 21 that resulted in some minor flooding.  The heaviest rainfall fell in the over the upper parts of the Iowa River Basin and over many tributaries to the Cedar River near Waterloo.  Five to eight inches was recorded.  This caused streams to rise three to five feet over flood stage, however site surveys indicated lives and property were not in danger.  Damage was restricted to agricultural land in most areas.",376,,,,,,,,,,,,,
5598897,BREMER (ZONE), ,6/21/1997,1500,Flood, , ,0,0,0,0,IA,CST, ,2063701,Z,28,DMX,0,0, , , , , , , , , ,6/26/1997,1200, , , , ,,"Weather conditions across Iowa were quite normal for the month of June.  The first half of the month was quite dry, however a significant rain event took place during the night of the 20th and early morning of the 21 that resulted in some minor flooding.  The heaviest rainfall fell in the over the upper parts of the Iowa River Basin and over many tributaries to the Cedar River near Waterloo.  Five to eight inches was recorded.  This caused streams to rise three to five feet over flood stage, however site surveys indicated lives and property were not in danger.  Damage was restricted to agricultural land in most areas.",377,,,,,,,,,,,,,
5598894,WRIGHT (ZONE), ,6/21/1997,1500,Flood, , ,0,0,0,0,IA,CST, ,2063701,Z,25,DMX,0,0, , , , , , , , , ,6/26/1997,1200, , , , ,,"Weather conditions across Iowa were quite normal for the month of June.  The first half of the month was quite dry, however a significant rain event took place during the night of the 20th and early morning of the 21 that resulted in some minor flooding.  The heaviest rainfall fell in the over the upper parts of the Iowa River Basin and over many tributaries to the Cedar River near Waterloo.  Five to eight inches was recorded.  This caused streams to rise three to five feet over flood stage, however site surveys indicated lives and property were not in danger.  Damage was restricted to agricultural land in most areas.",378,,,,,,,,,,,,,
5598901,GRUNDY (ZONE), ,6/21/1997,1500,Flood, , ,0,0,0,0,IA,CST, ,2063701,Z,38,DMX,0,0, , , , , , , , , ,6/26/1997,1200, , , , ,,"Weather conditions across Iowa were quite normal for the month of June.  The first half of the month was quite dry, however a significant rain event took place during the night of the 20th and early morning of the 21 that resulted in some minor flooding.  The heaviest rainfall fell in the over the upper parts of the Iowa River Basin and over many tributaries to the Cedar River near Waterloo.  Five to eight inches was recorded.  This caused streams to rise three to five feet over flood stage, however site surveys indicated lives and property were not in danger.  Damage was restricted to agricultural land in most areas.",379,,,,,,,,,,,,,
5598900,HARDIN (ZONE), ,6/21/1997,1500,Flood, , ,0,0,0,0,IA,CST, ,2063701,Z,37,DMX,0,0, , , , , , , , , ,6/26/1997,1200, , , , ,,"Weather conditions across Iowa were quite normal for the month of June.  The first half of the month was quite dry, however a significant rain event took place during the night of the 20th and early morning of the 21 that resulted in some minor flooding.  The heaviest rainfall fell in the over the upper parts of the Iowa River Basin and over many tributaries to the Cedar River near Waterloo.  Five to eight inches was recorded.  This caused streams to rise three to five feet over flood stage, however site surveys indicated lives and property were not in danger.  Damage was restricted to agricultural land in most areas.",380,,,,,,,,,,,,,
5599574,BLACK HAWK (ZONE), ,6/21/1997,1500,Flood, , ,0,0,0,0,IA,CST, ,2063701,Z,39,DMX,0,0, , , , , , , , , ,6/26/1997,1200, , , , ,,"Weather conditions across Iowa were quite normal for the month of June.  The first half of the month was quite dry, however a significant rain event took place during the night of the 20th and early morning of the 21 that resulted in some minor flooding.  The heaviest rainfall fell in the over the upper parts of the Iowa River Basin and over many tributaries to the Cedar River near Waterloo.  Five to eight inches was recorded.  This caused streams to rise three to five feet over flood stage, however site surveys indicated lives and property were not in danger.  Damage was restricted to agricultural land in most areas.",381,,,,,,,,,,,,,
5599576,MARSHALL (ZONE), ,6/21/1997,1500,Flood, , ,0,0,0,0,IA,CST, ,2063701,Z,49,DMX,0,0, , , , , , , , , ,6/26/1997,1200, , , , ,,"Weather conditions across Iowa were quite normal for the month of June.  The first half of the month was quite dry, however a significant rain event took place during the night of the 20th and early morning of the 21 that resulted in some minor flooding.  The heaviest rainfall fell in the over the upper parts of the Iowa River Basin and over many tributaries to the Cedar River near Waterloo.  Five to eight inches was recorded.  This caused streams to rise three to five feet over flood stage, however site surveys indicated lives and property were not in danger.  Damage was restricted to agricultural land in most areas.",382,,,,,,,,,,,,,
5599577,JASPER (ZONE), ,6/21/1997,1500,Flood, , ,0,0,0,0,IA,CST, ,2063701,Z,61,DMX,0,0, , , , , , , , , ,6/26/1997,1200, , , , ,,"Weather conditions across Iowa were quite normal for the month of June.  The first half of the month was quite dry, however a significant rain event took place during the night of the 20th and early morning of the 21 that resulted in some minor flooding.  The heaviest rainfall fell in the over the upper parts of the Iowa River Basin and over many tributaries to the Cedar River near Waterloo.  Five to eight inches was recorded.  This caused streams to rise three to five feet over flood stage, however site surveys indicated lives and property were not in danger.  Damage was restricted to agricultural land in most areas.",383,,,,,,,,,,,,,
5599578,MAHASKA (ZONE), ,6/21/1997,1500,Flood, , ,0,0,60000,100000,IA,CST, ,2063701,Z,75,DMX,0,0, , , , , , , , , ,6/26/1997,1200, , , , ,,"Weather conditions across Iowa were quite normal for the month of June.  The first half of the month was quite dry, however a significant rain event took place during the night of the 20th and early morning of the 21 that resulted in some minor flooding.  The heaviest rainfall fell in the over the upper parts of the Iowa River Basin and over many tributaries to the Cedar River near Waterloo.  Five to eight inches was recorded.  This caused streams to rise three to five feet over flood stage, however site surveys indicated lives and property were not in danger.  Damage was restricted to agricultural land in most areas.",384,,,,,,,,,,,,,
5598898,WEBSTER (ZONE), ,6/21/1997,1500,Flood, , ,0,0,0,0,IA,CST, ,2063701,Z,35,DMX,0,0, , , , , , , , , ,6/26/1997,1200, , , , ,,"Weather conditions across Iowa were quite normal for the month of June.  The first half of the month was quite dry, however a significant rain event took place during the night of the 20th and early morning of the 21 that resulted in some minor flooding.  The heaviest rainfall fell in the over the upper parts of the Iowa River Basin and over many tributaries to the Cedar River near Waterloo.  Five to eight inches was recorded.  This caused streams to rise three to five feet over flood stage, however site surveys indicated lives and property were not in danger.  Damage was restricted to agricultural land in most areas.",385,,,,,,,,,,,,,
5599575,STORY (ZONE), ,6/21/1997,1500,Flood, , ,0,0,0,0,IA,CST, ,2063701,Z,48,DMX,0,0, , , , , , , , , ,6/26/1997,1200, , , , ,,"Weather conditions across Iowa were quite normal for the month of June.  The first half of the month was quite dry, however a significant rain event took place during the night of the 20th and early morning of the 21 that resulted in some minor flooding.  The heaviest rainfall fell in the over the upper parts of the Iowa River Basin and over many tributaries to the Cedar River near Waterloo.  Five to eight inches was recorded.  This caused streams to rise three to five feet over flood stage, however site surveys indicated lives and property were not in danger.  Damage was restricted to agricultural land in most areas.",386,,,,,,,,,,,,,
5598878,BUTLER CO.,PARKERSBURG,6/22/1997,2130,Flash Flood, , ,0,0,200000,100000,IA,CST, ,2063686,C,23,DMX,0,0, , , , , , , , ,PARKERSBURG,6/23/1997,100, , , , ,,,387,,,,,,,,,,,,,
5598879,FRANKLIN CO.,HAMPTON,6/22/1997,2130,Flash Flood, , ,0,0,200000,100000,IA,CST, ,2063687,C,69,DMX,0,0, , , , , , , , ,HAMPTON,6/23/1997,100, , , , ,,,388,,,,,,,,,,,,,
5598880,HANCOCK CO.,GARNER,6/22/1997,2130,Flash Flood, , ,0,0,100000,50000,IA,CST, ,2063688,C,81,DMX,0,0, , , , , , , , ,GARNER,6/23/1997,100, , , , ,,,389,,,,,,,,,,,,,
5598881,WRIGHT CO.,ROWAN,6/22/1997,2130,Flash Flood, , ,0,0,100000,50000,IA,CST, ,2063689,C,197,DMX,0,0, , , , , , , , ,ROWAN,6/23/1997,100, , , , ,,"Continuing from what occurred during the afternoon, thunderstorms expanded over northern Iowa.  What occurred as the storms over the north central counties drifted north was a merger of two areas.  Intense thunderstorms formed over southwest Minnesota and eastern South Dakota during the afternoon.  These storms moved southeast, while the storms from Iowa moved north.  When the two merged over south central Minnesota, a mesoscale vorticity maximum was formed.  The storms then all drifted south into Iowa.  Initially, the storms produced very large hail.  Hail up to three and one half inches in diameter fell in and around Forests City in Winnebago County.  Windows and mirrors were smashed on two to three dozen cars at the 3M packaging plant there.  Paint was also stripped off of some of the cars.  There were two cases in the Westgate Addition, also in Forest City, where hail went through the sceens, two thermopane windows, and the venetian blinds...then landed on the on the floor.  In one case, the hailstone landed 7 feet away from the window inside the house, on a bed.  Later reports from Forest City indicate that 450 roofs in the area were damaged to the point that they needed to be replaced.  The storm that produced the large hail produced a VIL value of 96 Kg/m/m on the WSR-88D display.  Hail was widespread from the storms, however there was not much in the way of wind reported.  Considerable damage was done to crops in the area, though it will be harvest time before the extent of the damage is totally known.  The storms also produced copious amounts of rainfall.  In Butler County, three and one half inches of rain fell in 30 minutes from one of the storms.  Flash flooding became a problem in a four county area extending from west of Mason City to west of Waterloo.  The most widespread flash flooding was over central Franklin into southern Butler County.  County officials reported water over many county roads with considerable debris over roadways.  Thousands of acres of cropland were flooded.",390,,,,,,,,,,,,,
5603028,PALO ALTO CO.,GRAETTINGER,7/22/1997,100,Flash Flood, , ,0,0,100000,5000,IA,CST, ,2065059,C,147,DMX,0,0, , , , , , , , ,GRAETTINGER,7/22/1997,400, , , , ,,"A small cluster of thunderstorms developed in a very unstable airmass.  Movement was very slow.  In addition training"" occurred as the cells backdeveloped over the northern part of the county.  The storms dumped 8 inches of rain on the town of Graettinger causing flash flooding.  The flooding in the city was serious enough that the city sewage plant was inundated causing the sewage to spill into the river.  Extensive flooding of homes in the area also occurred.""",391,,,,,,,,,,,,,
5603124,WAYNE CO.,CORYDON,7/24/1997,200,Flood, , ,0,0,25000,15000,IA,CST, ,2065067,C,185,DMX,0,0, , , , , , , , ,CORYDON,7/24/1997,530, , , , ,,"A very unstable air mass was located over Iowa as a warm front extended from southeast Nebraska into central South Dakota.  A narrot line of thunderstorms formed across Iowa with intense lightning and very heavy rainfall of over 2 inches per hour for a time.  A band of rainfall in the 3 to 6 inch range fell from northwest Polk County, south to Appanoose County.  The ground was very dry at the time and thus most flooding was restricted to agricultural and in urban areas.",392,,,,,,,,,,,,,
5603119,DALLAS CO.,GRANGER,7/24/1997,200,Flood, , ,0,0,25000,15000,IA,CST, ,2065062,C,49,DMX,0,0, , , , , , , , ,GRANGER,7/24/1997,530, , , , ,,,393,,,,,,,,,,,,,
5603121,WARREN CO.,INDIANOLA,7/24/1997,200,Flood, , ,0,0,25000,15000,IA,CST, ,2065064,C,181,DMX,0,0, , , , , , , , ,INDIANOLA,7/24/1997,530, , , , ,,,394,,,,,,,,,,,,,
5603122,LUCAS CO.,CHARITON,7/24/1997,200,Flood, , ,0,0,25000,15000,IA,CST, ,2065065,C,117,DMX,0,0, , , , , , , , ,CHARITON,7/24/1997,530, , , , ,,,395,,,,,,,,,,,,,
5603123,APPANOOSE CO.,CENTERVILLE,7/24/1997,200,Flood, , ,0,0,25000,15000,IA,CST, ,2065066,C,7,DMX,0,0, , , , , , , , ,CENTERVILLE,7/24/1997,530, , , , ,,,396,,,,,,,,,,,,,
5603120,POLK CO.,DES MOINES,7/24/1997,200,Flood, , ,0,0,25000,15000,IA,CST, ,2065063,C,153,DMX,0,0, , , , , , , , ,DES MOINES,7/24/1997,530, , , , ,,,397,,,,,,,,,,,,,
5603125,POLK CO.,DES MOINES,7/24/1997,430,Flash Flood, , ,0,0,200000,20000,IA,CST, ,2065068,C,153,DMX,0,0, , , , , , , , ,DES MOINES,7/24/1997,830, , , , ,,"Heavy rains mentioned above in the urban and small stream flooding caused flash flooding in Polk County, specifically in Des Moines.  Walnut Creek rose quicky above flood stage.  Serious flooding occurred in low areas of the city with rush hour traffic snarled by closed roads that were under water.  The rain stopped around sunrise, however 3 to 5 inches had fallen in a two hour period to sunrise.  Conditions improved quite rapidly by the end of the rush hour.",398,,,,,,,,,,,,,
5603146,PALO ALTO CO.,EMMETSBURG,7/26/1997,900,Flash Flood, , ,0,0,150000,20000,IA,CST, ,2065089,C,147,DMX,0,0, , , , , , , , ,EMMETSBURG,7/26/1997,1100, , , , ,,"Thunderstorms moving into Palo Alto County not only produced severe weather, but very heavy rainfall as well.  In the town of Emmetsburg, 2 1/2 to 4 inches of rain fell in a 45 minute period, causing local flash flooding in the are as well as many flooded basements.  Reports of 4 to 5 feet of water in basements were received.  Several roads were closed for a period of time as water over a foot deep overtopped them in places.  The ground was quite wet before the rain fell as significant rainfall had been received just two to four days prior.",399,,,,,,,,,,,,,
5609905,MUSCATINE CO.,MUSCATINE,8/16/1997,2123,Flash Flood, , ,0,0,0,0,IA,CST, ,2067692,C,139,DVN,0,0, , , , , , , , ,MUSCATINE,8/16/1997,2123, , , , ,Highway 61 bypass impassable due to water over the road.  0.91 inches of rain were reported in 15 minutes.,"
Widespread thunderstorms brought a full range of severe weather to the area.  Tornadoes, damaging thunderstorm winds, large hail, and very heavy rains were all reported.  

The only confirmed tornado tracked across open country causing no damage or injuries; however, numerous funnel clouds were reported.  

Several rainfall reports of one to two inches of rain per hour were received, but widespread flash flooding was not reported.",400,,,,,,,,,,,,,
5617997,POTTAWATTAMIE CO.,COUNTYWIDE,9/2/1997,200,Flash Flood, , ,0,0,0,0,IA,CST, ,2068998,C,155,OAX,0,0, , , , , , , , ,COUNTYWIDE,9/2/1997,445, , , , ,,A cluster of thunderstorms dumped rains of 4 to 7 inches in a short period of time in Pottawattamie and Mills counties.  This caused lowland rural flooding and numerous pockets of urban flooding.  Streets were closed in several locations.,401,,,,,,,,,,,,,
5617998,MILLS CO.,COUNTYWIDE,9/2/1997,200,Flash Flood, , ,0,0,0,0,IA,CST, ,2068998,C,129,OAX,0,0, , , , , , , , ,COUNTYWIDE,9/2/1997,445, , , , ,,A cluster of thunderstorms dumped rains of 4 to 7 inches in a short period of time in Pottawattamie and Mills counties.  This caused lowland rural flooding and numerous pockets of urban flooding.  Streets were closed in several locations.,402,,,,,,,,,,,,,
5634611,DAVIS (ZONE), ,3/30/1998,1800,Flood, , ,0,0,10000,0,IA,CST, ,2073179,Z,97,DMX,0,0, , , , , , , , , ,3/31/1998,2359, , , , ,,"Most of the precipitation in Iowa for the month fell in two storms.  The first was mentioned above with the heavy snow event on the 8th.  As the snow melted, snow melt and rainfall brought rivers to near or just slightly above flood stage.  Heavy rainfall on the 29th and 30th brought up to 4 inches of rain over parts of southeast Iowa, with 1 to 2 inches elsewhere.  Areas that were previously dry, mainly in the upper Des Moines and Raccoon Basins, became saturated.  Some minor flooding occurred over the southeast part of the state with some rivers rising a few feet above flood stage.  The smaller South river rose nearly 8 feet above flood stage.  Damage was minor however.  At months end, reservoirs in central and southern Iowa were rising with flood control capacity reduced by around 30 percent.",403,,,,,,,,,,,,,
5634610,CLARKE (ZONE), ,3/30/1998,1800,Flood, , ,0,0,10000,0,IA,CST, ,2073179,Z,83,DMX,0,0, , , , , , , , , ,3/31/1998,2359, , , , ,,"Most of the precipitation in Iowa for the month fell in two storms.  The first was mentioned above with the heavy snow event on the 8th.  As the snow melted, snow melt and rainfall brought rivers to near or just slightly above flood stage.  Heavy rainfall on the 29th and 30th brought up to 4 inches of rain over parts of southeast Iowa, with 1 to 2 inches elsewhere.  Areas that were previously dry, mainly in the upper Des Moines and Raccoon Basins, became saturated.  Some minor flooding occurred over the southeast part of the state with some rivers rising a few feet above flood stage.  The smaller South river rose nearly 8 feet above flood stage.  Damage was minor however.  At months end, reservoirs in central and southern Iowa were rising with flood control capacity reduced by around 30 percent.",404,,,,,,,,,,,,,
5634612,DECATUR (ZONE), ,3/30/1998,1800,Flood, , ,0,0,10000,0,IA,CST, ,2073179,Z,94,DMX,0,0, , , , , , , , , ,3/31/1998,2359, , , , ,,"Most of the precipitation in Iowa for the month fell in two storms.  The first was mentioned above with the heavy snow event on the 8th.  As the snow melted, snow melt and rainfall brought rivers to near or just slightly above flood stage.  Heavy rainfall on the 29th and 30th brought up to 4 inches of rain over parts of southeast Iowa, with 1 to 2 inches elsewhere.  Areas that were previously dry, mainly in the upper Des Moines and Raccoon Basins, became saturated.  Some minor flooding occurred over the southeast part of the state with some rivers rising a few feet above flood stage.  The smaller South river rose nearly 8 feet above flood stage.  Damage was minor however.  At months end, reservoirs in central and southern Iowa were rising with flood control capacity reduced by around 30 percent.",405,,,,,,,,,,,,,
5634613,LUCAS (ZONE), ,3/30/1998,1800,Flood, , ,0,0,10000,0,IA,CST, ,2073179,Z,84,DMX,0,0, , , , , , , , , ,3/31/1998,2359, , , , ,,"Most of the precipitation in Iowa for the month fell in two storms.  The first was mentioned above with the heavy snow event on the 8th.  As the snow melted, snow melt and rainfall brought rivers to near or just slightly above flood stage.  Heavy rainfall on the 29th and 30th brought up to 4 inches of rain over parts of southeast Iowa, with 1 to 2 inches elsewhere.  Areas that were previously dry, mainly in the upper Des Moines and Raccoon Basins, became saturated.  Some minor flooding occurred over the southeast part of the state with some rivers rising a few feet above flood stage.  The smaller South river rose nearly 8 feet above flood stage.  Damage was minor however.  At months end, reservoirs in central and southern Iowa were rising with flood control capacity reduced by around 30 percent.",406,,,,,,,,,,,,,
5634617,WAYNE (ZONE), ,3/30/1998,1800,Flood, , ,0,0,10000,0,IA,CST, ,2073179,Z,95,DMX,0,0, , , , , , , , , ,3/31/1998,2359, , , , ,,"Most of the precipitation in Iowa for the month fell in two storms.  The first was mentioned above with the heavy snow event on the 8th.  As the snow melted, snow melt and rainfall brought rivers to near or just slightly above flood stage.  Heavy rainfall on the 29th and 30th brought up to 4 inches of rain over parts of southeast Iowa, with 1 to 2 inches elsewhere.  Areas that were previously dry, mainly in the upper Des Moines and Raccoon Basins, became saturated.  Some minor flooding occurred over the southeast part of the state with some rivers rising a few feet above flood stage.  The smaller South river rose nearly 8 feet above flood stage.  Damage was minor however.  At months end, reservoirs in central and southern Iowa were rising with flood control capacity reduced by around 30 percent.",407,,,,,,,,,,,,,
5634614,MAHASKA (ZONE), ,3/30/1998,1800,Flood, , ,0,0,10000,0,IA,CST, ,2073179,Z,75,DMX,0,0, , , , , , , , , ,3/31/1998,2359, , , , ,,"Most of the precipitation in Iowa for the month fell in two storms.  The first was mentioned above with the heavy snow event on the 8th.  As the snow melted, snow melt and rainfall brought rivers to near or just slightly above flood stage.  Heavy rainfall on the 29th and 30th brought up to 4 inches of rain over parts of southeast Iowa, with 1 to 2 inches elsewhere.  Areas that were previously dry, mainly in the upper Des Moines and Raccoon Basins, became saturated.  Some minor flooding occurred over the southeast part of the state with some rivers rising a few feet above flood stage.  The smaller South river rose nearly 8 feet above flood stage.  Damage was minor however.  At months end, reservoirs in central and southern Iowa were rising with flood control capacity reduced by around 30 percent.",408,,,,,,,,,,,,,
5634615,MONROE (ZONE), ,3/30/1998,1800,Flood, , ,0,0,10000,0,IA,CST, ,2073179,Z,85,DMX,0,0, , , , , , , , , ,3/31/1998,2359, , , , ,,"Most of the precipitation in Iowa for the month fell in two storms.  The first was mentioned above with the heavy snow event on the 8th.  As the snow melted, snow melt and rainfall brought rivers to near or just slightly above flood stage.  Heavy rainfall on the 29th and 30th brought up to 4 inches of rain over parts of southeast Iowa, with 1 to 2 inches elsewhere.  Areas that were previously dry, mainly in the upper Des Moines and Raccoon Basins, became saturated.  Some minor flooding occurred over the southeast part of the state with some rivers rising a few feet above flood stage.  The smaller South river rose nearly 8 feet above flood stage.  Damage was minor however.  At months end, reservoirs in central and southern Iowa were rising with flood control capacity reduced by around 30 percent.",409,,,,,,,,,,,,,
5634616,WAPELLO (ZONE), ,3/30/1998,1800,Flood, , ,0,0,10000,0,IA,CST, ,2073179,Z,86,DMX,0,0, , , , , , , , , ,3/31/1998,2359, , , , ,,"Most of the precipitation in Iowa for the month fell in two storms.  The first was mentioned above with the heavy snow event on the 8th.  As the snow melted, snow melt and rainfall brought rivers to near or just slightly above flood stage.  Heavy rainfall on the 29th and 30th brought up to 4 inches of rain over parts of southeast Iowa, with 1 to 2 inches elsewhere.  Areas that were previously dry, mainly in the upper Des Moines and Raccoon Basins, became saturated.  Some minor flooding occurred over the southeast part of the state with some rivers rising a few feet above flood stage.  The smaller South river rose nearly 8 feet above flood stage.  Damage was minor however.  At months end, reservoirs in central and southern Iowa were rising with flood control capacity reduced by around 30 percent.",410,,,,,,,,,,,,,
5634609,APPANOOSE (ZONE), ,3/30/1998,1800,Flood, , ,0,0,10000,0,IA,CST, ,2073179,Z,96,DMX,0,0, , , , , , , , , ,3/31/1998,2359, , , , ,,"Most of the precipitation in Iowa for the month fell in two storms.  The first was mentioned above with the heavy snow event on the 8th.  As the snow melted, snow melt and rainfall brought rivers to near or just slightly above flood stage.  Heavy rainfall on the 29th and 30th brought up to 4 inches of rain over parts of southeast Iowa, with 1 to 2 inches elsewhere.  Areas that were previously dry, mainly in the upper Des Moines and Raccoon Basins, became saturated.  Some minor flooding occurred over the southeast part of the state with some rivers rising a few feet above flood stage.  The smaller South river rose nearly 8 feet above flood stage.  Damage was minor however.  At months end, reservoirs in central and southern Iowa were rising with flood control capacity reduced by around 30 percent.",411,,,,,,,,,,,,,
5641620,CALHOUN CO.,ROCKWELL CITY,4/6/1998,1800,Flood, , ,0,0,50000,0,IA,CST, ,1059741,C,25,DMX,0,0, , , , , , , , ,ROCKWELL CITY,4/6/1998,2240, , , , ,,"A southeast flow of moist air was in place over Iowa.  This flow brought moisture north with surface dew point temperatures rising into the low to mid 50s.  Lapse rates were steep with the freezing level only around 9000 feet.  The low freezing level contributed to widespread hail as thunderstorms formed during the mid afternoon hours.  Synoptically, an upper level low pressure system was advancing northeast from the southwest U.S.  A surface low formed over Oklahoma with a trough extending northeast into eastern Nebraska.  This trough served as the focusing boundary for the thunderstorms to form on.  Initially , a small cluster of thunderstorms formed over southeast Nebraska and moved into southwest and west central Iowa.  Most of the storms produced at least pea to marble size hail.  There were several reports of hail covering the ground.   In Carroll County, pea to slightly larger size hail accumulated to a depth of an inch in the town of Arcadia.  Significant hail fell in Boone and Webster Counties where golf ball size hail was reported.  The area around Dayton was particularly hard hit with the golf ball size hail covering the ground.  During the storms strongest period, several small tornadoes were spawned.  One touched down briefly in Greene County north of Churdan.  A short time later, two other brief touchdowns were reported.  A Ham radio spotter reported a brief touch down near Highway 169 in Webster County south of Dayton.  Another brief touchdown occurred in Green County north of Scranton near the same time.  All of these tornadoes touched down in open fields and caused little to no damage.  They were also quite small and weak.  The other problem during this event was with the rainfall.  The soil in Iowa was already close to saturation.  As a result, much of the rain that fell ran off, causing local and urban flooding.  Rainfall of one to three inches was common from west central Iowa into parts of the north central counties.  The heaviest rainfall report was received from Denison with 3.40 inches.  There were several reports of one to two inches falling in one half hours time.  In spite of the wet soil conditions and heavy rainfall, flooding was relatively minor, though considerable ponding did occur.",412,,,,,,,,,,,,,
5641621,CARROLL CO.,CARROLL,4/6/1998,1800,Flood, , ,0,0,50000,0,IA,CST, ,1059741,C,27,DMX,0,0, , , , , , , , ,CARROLL,4/6/1998,2240, , , , ,,"A southeast flow of moist air was in place over Iowa.  This flow brought moisture north with surface dew point temperatures rising into the low to mid 50s.  Lapse rates were steep with the freezing level only around 9000 feet.  The low freezing level contributed to widespread hail as thunderstorms formed during the mid afternoon hours.  Synoptically, an upper level low pressure system was advancing northeast from the southwest U.S.  A surface low formed over Oklahoma with a trough extending northeast into eastern Nebraska.  This trough served as the focusing boundary for the thunderstorms to form on.  Initially , a small cluster of thunderstorms formed over southeast Nebraska and moved into southwest and west central Iowa.  Most of the storms produced at least pea to marble size hail.  There were several reports of hail covering the ground.   In Carroll County, pea to slightly larger size hail accumulated to a depth of an inch in the town of Arcadia.  Significant hail fell in Boone and Webster Counties where golf ball size hail was reported.  The area around Dayton was particularly hard hit with the golf ball size hail covering the ground.  During the storms strongest period, several small tornadoes were spawned.  One touched down briefly in Greene County north of Churdan.  A short time later, two other brief touchdowns were reported.  A Ham radio spotter reported a brief touch down near Highway 169 in Webster County south of Dayton.  Another brief touchdown occurred in Green County north of Scranton near the same time.  All of these tornadoes touched down in open fields and caused little to no damage.  They were also quite small and weak.  The other problem during this event was with the rainfall.  The soil in Iowa was already close to saturation.  As a result, much of the rain that fell ran off, causing local and urban flooding.  Rainfall of one to three inches was common from west central Iowa into parts of the north central counties.  The heaviest rainfall report was received from Denison with 3.40 inches.  There were several reports of one to two inches falling in one half hours time.  In spite of the wet soil conditions and heavy rainfall, flooding was relatively minor, though considerable ponding did occur.",413,,,,,,,,,,,,,
5641622,CRAWFORD CO.,DENISON,4/6/1998,1800,Flood, , ,0,0,100000,0,IA,CST, ,1059741,C,47,DMX,0,0, , , , , , , , ,DENISON,4/6/1998,2240, , , , ,,"A southeast flow of moist air was in place over Iowa.  This flow brought moisture north with surface dew point temperatures rising into the low to mid 50s.  Lapse rates were steep with the freezing level only around 9000 feet.  The low freezing level contributed to widespread hail as thunderstorms formed during the mid afternoon hours.  Synoptically, an upper level low pressure system was advancing northeast from the southwest U.S.  A surface low formed over Oklahoma with a trough extending northeast into eastern Nebraska.  This trough served as the focusing boundary for the thunderstorms to form on.  Initially , a small cluster of thunderstorms formed over southeast Nebraska and moved into southwest and west central Iowa.  Most of the storms produced at least pea to marble size hail.  There were several reports of hail covering the ground.   In Carroll County, pea to slightly larger size hail accumulated to a depth of an inch in the town of Arcadia.  Significant hail fell in Boone and Webster Counties where golf ball size hail was reported.  The area around Dayton was particularly hard hit with the golf ball size hail covering the ground.  During the storms strongest period, several small tornadoes were spawned.  One touched down briefly in Greene County north of Churdan.  A short time later, two other brief touchdowns were reported.  A Ham radio spotter reported a brief touch down near Highway 169 in Webster County south of Dayton.  Another brief touchdown occurred in Green County north of Scranton near the same time.  All of these tornadoes touched down in open fields and caused little to no damage.  They were also quite small and weak.  The other problem during this event was with the rainfall.  The soil in Iowa was already close to saturation.  As a result, much of the rain that fell ran off, causing local and urban flooding.  Rainfall of one to three inches was common from west central Iowa into parts of the north central counties.  The heaviest rainfall report was received from Denison with 3.40 inches.  There were several reports of one to two inches falling in one half hours time.  In spite of the wet soil conditions and heavy rainfall, flooding was relatively minor, though considerable ponding did occur.",414,,,,,,,,,,,,,
5641623,GREENE CO.,JEFFERSON,4/6/1998,1800,Flood, , ,0,0,50000,0,IA,CST, ,1059741,C,73,DMX,0,0, , , , , , , , ,JEFFERSON,4/6/1998,2240, , , , ,,"A southeast flow of moist air was in place over Iowa.  This flow brought moisture north with surface dew point temperatures rising into the low to mid 50s.  Lapse rates were steep with the freezing level only around 9000 feet.  The low freezing level contributed to widespread hail as thunderstorms formed during the mid afternoon hours.  Synoptically, an upper level low pressure system was advancing northeast from the southwest U.S.  A surface low formed over Oklahoma with a trough extending northeast into eastern Nebraska.  This trough served as the focusing boundary for the thunderstorms to form on.  Initially , a small cluster of thunderstorms formed over southeast Nebraska and moved into southwest and west central Iowa.  Most of the storms produced at least pea to marble size hail.  There were several reports of hail covering the ground.   In Carroll County, pea to slightly larger size hail accumulated to a depth of an inch in the town of Arcadia.  Significant hail fell in Boone and Webster Counties where golf ball size hail was reported.  The area around Dayton was particularly hard hit with the golf ball size hail covering the ground.  During the storms strongest period, several small tornadoes were spawned.  One touched down briefly in Greene County north of Churdan.  A short time later, two other brief touchdowns were reported.  A Ham radio spotter reported a brief touch down near Highway 169 in Webster County south of Dayton.  Another brief touchdown occurred in Green County north of Scranton near the same time.  All of these tornadoes touched down in open fields and caused little to no damage.  They were also quite small and weak.  The other problem during this event was with the rainfall.  The soil in Iowa was already close to saturation.  As a result, much of the rain that fell ran off, causing local and urban flooding.  Rainfall of one to three inches was common from west central Iowa into parts of the north central counties.  The heaviest rainfall report was received from Denison with 3.40 inches.  There were several reports of one to two inches falling in one half hours time.  In spite of the wet soil conditions and heavy rainfall, flooding was relatively minor, though considerable ponding did occur.",415,,,,,,,,,,,,,
5641624,HAMILTON CO.,WEBSTER CITY,4/6/1998,1800,Flood, , ,0,0,50000,0,IA,CST, ,1059741,C,79,DMX,0,0, , , , , , , , ,WEBSTER CITY,4/6/1998,2240, , , , ,,"A southeast flow of moist air was in place over Iowa.  This flow brought moisture north with surface dew point temperatures rising into the low to mid 50s.  Lapse rates were steep with the freezing level only around 9000 feet.  The low freezing level contributed to widespread hail as thunderstorms formed during the mid afternoon hours.  Synoptically, an upper level low pressure system was advancing northeast from the southwest U.S.  A surface low formed over Oklahoma with a trough extending northeast into eastern Nebraska.  This trough served as the focusing boundary for the thunderstorms to form on.  Initially , a small cluster of thunderstorms formed over southeast Nebraska and moved into southwest and west central Iowa.  Most of the storms produced at least pea to marble size hail.  There were several reports of hail covering the ground.   In Carroll County, pea to slightly larger size hail accumulated to a depth of an inch in the town of Arcadia.  Significant hail fell in Boone and Webster Counties where golf ball size hail was reported.  The area around Dayton was particularly hard hit with the golf ball size hail covering the ground.  During the storms strongest period, several small tornadoes were spawned.  One touched down briefly in Greene County north of Churdan.  A short time later, two other brief touchdowns were reported.  A Ham radio spotter reported a brief touch down near Highway 169 in Webster County south of Dayton.  Another brief touchdown occurred in Green County north of Scranton near the same time.  All of these tornadoes touched down in open fields and caused little to no damage.  They were also quite small and weak.  The other problem during this event was with the rainfall.  The soil in Iowa was already close to saturation.  As a result, much of the rain that fell ran off, causing local and urban flooding.  Rainfall of one to three inches was common from west central Iowa into parts of the north central counties.  The heaviest rainfall report was received from Denison with 3.40 inches.  There were several reports of one to two inches falling in one half hours time.  In spite of the wet soil conditions and heavy rainfall, flooding was relatively minor, though considerable ponding did occur.",416,,,,,,,,,,,,,
5641625,WEBSTER CO.,FT DODGE,4/6/1998,1800,Flood, , ,0,0,150000,0,IA,CST, ,1059741,C,187,DMX,0,0, , , , , , , , ,FT DODGE,4/6/1998,2240, , , , ,,"A southeast flow of moist air was in place over Iowa.  This flow brought moisture north with surface dew point temperatures rising into the low to mid 50s.  Lapse rates were steep with the freezing level only around 9000 feet.  The low freezing level contributed to widespread hail as thunderstorms formed during the mid afternoon hours.  Synoptically, an upper level low pressure system was advancing northeast from the southwest U.S.  A surface low formed over Oklahoma with a trough extending northeast into eastern Nebraska.  This trough served as the focusing boundary for the thunderstorms to form on.  Initially , a small cluster of thunderstorms formed over southeast Nebraska and moved into southwest and west central Iowa.  Most of the storms produced at least pea to marble size hail.  There were several reports of hail covering the ground.   In Carroll County, pea to slightly larger size hail accumulated to a depth of an inch in the town of Arcadia.  Significant hail fell in Boone and Webster Counties where golf ball size hail was reported.  The area around Dayton was particularly hard hit with the golf ball size hail covering the ground.  During the storms strongest period, several small tornadoes were spawned.  One touched down briefly in Greene County north of Churdan.  A short time later, two other brief touchdowns were reported.  A Ham radio spotter reported a brief touch down near Highway 169 in Webster County south of Dayton.  Another brief touchdown occurred in Green County north of Scranton near the same time.  All of these tornadoes touched down in open fields and caused little to no damage.  They were also quite small and weak.  The other problem during this event was with the rainfall.  The soil in Iowa was already close to saturation.  As a result, much of the rain that fell ran off, causing local and urban flooding.  Rainfall of one to three inches was common from west central Iowa into parts of the north central counties.  The heaviest rainfall report was received from Denison with 3.40 inches.  There were several reports of one to two inches falling in one half hours time.  In spite of the wet soil conditions and heavy rainfall, flooding was relatively minor, though considerable ponding did occur.",417,,,,,,,,,,,,,
5640162,HAMILTON (ZONE), ,4/7/1998,1200,Flood, , ,0,0,15000,0,IA,CST, ,1059748,Z,36,DMX,0,0, , , , , , , , , ,4/12/1998,600, , , , ,,"The heavy rains and subsequent minor flooding experienced in March continued through much of April.  Data from the Iowa State Climatologist indicated statewide precipitation in April was 3.99 inches, or .83 inches above normal.  The period from 01 January through 30 April 1998 was the 5th wettest first four months of the year on record.  The rain fell at intervals about a week apart.  This kept flooding fairly minor.  The most significant event occurred during the first episode of the month.  Flooding occurred along the North Raccoon, Chariton, Des Moines, and South Skunk River Basins.  The flooding was relatively minor with crests less than 3 feet above flood stage in most areas.",418,,,,,,,,,,,,,
5640166,WAPELLO (ZONE), ,4/7/1998,1200,Flood, , ,0,0,15000,0,IA,CST, ,1059748,Z,86,DMX,0,0, , , , , , , , , ,4/12/1998,600, , , , ,,"The heavy rains and subsequent minor flooding experienced in March continued through much of April.  Data from the Iowa State Climatologist indicated statewide precipitation in April was 3.99 inches, or .83 inches above normal.  The period from 01 January through 30 April 1998 was the 5th wettest first four months of the year on record.  The rain fell at intervals about a week apart.  This kept flooding fairly minor.  The most significant event occurred during the first episode of the month.  Flooding occurred along the North Raccoon, Chariton, Des Moines, and South Skunk River Basins.  The flooding was relatively minor with crests less than 3 feet above flood stage in most areas.",419,,,,,,,,,,,,,
5640167,WEBSTER (ZONE), ,4/7/1998,1200,Flood, , ,0,0,15000,0,IA,CST, ,1059748,Z,35,DMX,0,0, , , , , , , , , ,4/12/1998,600, , , , ,,"The heavy rains and subsequent minor flooding experienced in March continued through much of April.  Data from the Iowa State Climatologist indicated statewide precipitation in April was 3.99 inches, or .83 inches above normal.  The period from 01 January through 30 April 1998 was the 5th wettest first four months of the year on record.  The rain fell at intervals about a week apart.  This kept flooding fairly minor.  The most significant event occurred during the first episode of the month.  Flooding occurred along the North Raccoon, Chariton, Des Moines, and South Skunk River Basins.  The flooding was relatively minor with crests less than 3 feet above flood stage in most areas.",420,,,,,,,,,,,,,
5640163,LUCAS (ZONE), ,4/7/1998,1200,Flood, , ,0,0,15000,0,IA,CST, ,1059748,Z,84,DMX,0,0, , , , , , , , , ,4/12/1998,600, , , , ,,"The heavy rains and subsequent minor flooding experienced in March continued through much of April.  Data from the Iowa State Climatologist indicated statewide precipitation in April was 3.99 inches, or .83 inches above normal.  The period from 01 January through 30 April 1998 was the 5th wettest first four months of the year on record.  The rain fell at intervals about a week apart.  This kept flooding fairly minor.  The most significant event occurred during the first episode of the month.  Flooding occurred along the North Raccoon, Chariton, Des Moines, and South Skunk River Basins.  The flooding was relatively minor with crests less than 3 feet above flood stage in most areas.",421,,,,,,,,,,,,,
5640164,MAHASKA (ZONE), ,4/7/1998,1200,Flood, , ,0,0,15000,0,IA,CST, ,1059748,Z,75,DMX,0,0, , , , , , , , , ,4/12/1998,600, , , , ,,"The heavy rains and subsequent minor flooding experienced in March continued through much of April.  Data from the Iowa State Climatologist indicated statewide precipitation in April was 3.99 inches, or .83 inches above normal.  The period from 01 January through 30 April 1998 was the 5th wettest first four months of the year on record.  The rain fell at intervals about a week apart.  This kept flooding fairly minor.  The most significant event occurred during the first episode of the month.  Flooding occurred along the North Raccoon, Chariton, Des Moines, and South Skunk River Basins.  The flooding was relatively minor with crests less than 3 feet above flood stage in most areas.",422,,,,,,,,,,,,,
5640165,MARION (ZONE), ,4/7/1998,1200,Flood, , ,0,0,15000,0,IA,CST, ,1059748,Z,74,DMX,0,0, , , , , , , , , ,4/12/1998,600, , , , ,,"The heavy rains and subsequent minor flooding experienced in March continued through much of April.  Data from the Iowa State Climatologist indicated statewide precipitation in April was 3.99 inches, or .83 inches above normal.  The period from 01 January through 30 April 1998 was the 5th wettest first four months of the year on record.  The rain fell at intervals about a week apart.  This kept flooding fairly minor.  The most significant event occurred during the first episode of the month.  Flooding occurred along the North Raccoon, Chariton, Des Moines, and South Skunk River Basins.  The flooding was relatively minor with crests less than 3 feet above flood stage in most areas.",423,,,,,,,,,,,,,
5640158,CALHOUN (ZONE), ,4/7/1998,1200,Flood, , ,0,0,15000,0,IA,CST, ,1059748,Z,34,DMX,0,0, , , , , , , , , ,4/12/1998,600, , , , ,,"The heavy rains and subsequent minor flooding experienced in March continued through much of April.  Data from the Iowa State Climatologist indicated statewide precipitation in April was 3.99 inches, or .83 inches above normal.  The period from 01 January through 30 April 1998 was the 5th wettest first four months of the year on record.  The rain fell at intervals about a week apart.  This kept flooding fairly minor.  The most significant event occurred during the first episode of the month.  Flooding occurred along the North Raccoon, Chariton, Des Moines, and South Skunk River Basins.  The flooding was relatively minor with crests less than 3 feet above flood stage in most areas.",424,,,,,,,,,,,,,
5640159,CARROLL (ZONE), ,4/7/1998,1200,Flood, , ,0,0,15000,0,IA,CST, ,1059748,Z,45,DMX,0,0, , , , , , , , , ,4/12/1998,600, , , , ,,"The heavy rains and subsequent minor flooding experienced in March continued through much of April.  Data from the Iowa State Climatologist indicated statewide precipitation in April was 3.99 inches, or .83 inches above normal.  The period from 01 January through 30 April 1998 was the 5th wettest first four months of the year on record.  The rain fell at intervals about a week apart.  This kept flooding fairly minor.  The most significant event occurred during the first episode of the month.  Flooding occurred along the North Raccoon, Chariton, Des Moines, and South Skunk River Basins.  The flooding was relatively minor with crests less than 3 feet above flood stage in most areas.",425,,,,,,,,,,,,,
5640160,DALLAS (ZONE), ,4/7/1998,1200,Flood, , ,0,0,15000,0,IA,CST, ,1059748,Z,59,DMX,0,0, , , , , , , , , ,4/12/1998,600, , , , ,,"The heavy rains and subsequent minor flooding experienced in March continued through much of April.  Data from the Iowa State Climatologist indicated statewide precipitation in April was 3.99 inches, or .83 inches above normal.  The period from 01 January through 30 April 1998 was the 5th wettest first four months of the year on record.  The rain fell at intervals about a week apart.  This kept flooding fairly minor.  The most significant event occurred during the first episode of the month.  Flooding occurred along the North Raccoon, Chariton, Des Moines, and South Skunk River Basins.  The flooding was relatively minor with crests less than 3 feet above flood stage in most areas.",426,,,,,,,,,,,,,
5640161,GREENE (ZONE), ,4/7/1998,1200,Flood, , ,0,0,15000,0,IA,CST, ,1059748,Z,46,DMX,0,0, , , , , , , , , ,4/12/1998,600, , , , ,,"The heavy rains and subsequent minor flooding experienced in March continued through much of April.  Data from the Iowa State Climatologist indicated statewide precipitation in April was 3.99 inches, or .83 inches above normal.  The period from 01 January through 30 April 1998 was the 5th wettest first four months of the year on record.  The rain fell at intervals about a week apart.  This kept flooding fairly minor.  The most significant event occurred during the first episode of the month.  Flooding occurred along the North Raccoon, Chariton, Des Moines, and South Skunk River Basins.  The flooding was relatively minor with crests less than 3 feet above flood stage in most areas.",427,,,,,,,,,,,,,
5640168,CALHOUN (ZONE), ,4/16/1998,1800,Flood, , ,0,0,5000,0,IA,CST, ,2076440,Z,34,DMX,0,0, , , , , , , , , ,4/19/1998,1200, , , , ,,"Another round of thunderstorms moved through Iowa, touching off minor flooding.  Soil conditions were still quite saturated from the rainfall the previous week.  In spite of the saturated conditions, runoff was only enough to bring rivers slightly above flood state in most areas.  Damage was very minor from this event.",428,,,,,,,,,,,,,
5640169,CARROLL (ZONE), ,4/16/1998,1800,Flood, , ,0,0,5000,0,IA,CST, ,2076440,Z,45,DMX,0,0, , , , , , , , , ,4/19/1998,1200, , , , ,,"Another round of thunderstorms moved through Iowa, touching off minor flooding.  Soil conditions were still quite saturated from the rainfall the previous week.  In spite of the saturated conditions, runoff was only enough to bring rivers slightly above flood state in most areas.  Damage was very minor from this event.",429,,,,,,,,,,,,,
5640173,WEBSTER (ZONE), ,4/16/1998,1800,Flood, , ,0,0,5000,0,IA,CST, ,2076440,Z,35,DMX,0,0, , , , , , , , , ,4/19/1998,1200, , , , ,,"Another round of thunderstorms moved through Iowa, touching off minor flooding.  Soil conditions were still quite saturated from the rainfall the previous week.  In spite of the saturated conditions, runoff was only enough to bring rivers slightly above flood state in most areas.  Damage was very minor from this event.",430,,,,,,,,,,,,,
5640172,HAMILTON (ZONE), ,4/16/1998,1800,Flood, , ,0,0,5000,0,IA,CST, ,2076440,Z,36,DMX,0,0, , , , , , , , , ,4/19/1998,1200, , , , ,,"Another round of thunderstorms moved through Iowa, touching off minor flooding.  Soil conditions were still quite saturated from the rainfall the previous week.  In spite of the saturated conditions, runoff was only enough to bring rivers slightly above flood state in most areas.  Damage was very minor from this event.",431,,,,,,,,,,,,,
5640170,DALLAS (ZONE), ,4/16/1998,1800,Flood, , ,0,0,5000,0,IA,CST, ,2076440,Z,59,DMX,0,0, , , , , , , , , ,4/19/1998,1200, , , , ,,"Another round of thunderstorms moved through Iowa, touching off minor flooding.  Soil conditions were still quite saturated from the rainfall the previous week.  In spite of the saturated conditions, runoff was only enough to bring rivers slightly above flood state in most areas.  Damage was very minor from this event.",432,,,,,,,,,,,,,
5640171,GREENE (ZONE), ,4/16/1998,1800,Flood, , ,0,0,5000,0,IA,CST, ,2076440,Z,46,DMX,0,0, , , , , , , , , ,4/19/1998,1200, , , , ,,"Another round of thunderstorms moved through Iowa, touching off minor flooding.  Soil conditions were still quite saturated from the rainfall the previous week.  In spite of the saturated conditions, runoff was only enough to bring rivers slightly above flood state in most areas.  Damage was very minor from this event.",433,,,,,,,,,,,,,
5640174,CALHOUN (ZONE), ,4/21/1998,600,Flood, , ,0,0,500,0,IA,CST, ,2076441,Z,34,DMX,0,0, , , , , , , , , ,4/25/1998,1500, , , , ,,"The final round of heavy rainfall moved through the state shortly after the middle of the month.  The rainfall was enough to push a few of the rivers over their banks, but flooding was only a few inches over flood stage in most areas.  Flooding along the Raccoon River Basin was due to the rain.  The flooding along the Des Moines River Basin southeast of Des Moines was mainly due to water release from Red Rock Reservoir.  Storage in the reservoirs in the state had been reduced by 30% due to the heavy rains earlier in the season.  In an effort to reduce water levels, the Des Moines River was held near to slightly above flood stage for a couple days following the let up of the rainfall.  This event resulted in little to no damage.",434,,,,,,,,,,,,,
5640175,CARROLL (ZONE), ,4/21/1998,600,Flood, , ,0,0,500,0,IA,CST, ,2076441,Z,45,DMX,0,0, , , , , , , , , ,4/25/1998,1500, , , , ,,"The final round of heavy rainfall moved through the state shortly after the middle of the month.  The rainfall was enough to push a few of the rivers over their banks, but flooding was only a few inches over flood stage in most areas.  Flooding along the Raccoon River Basin was due to the rain.  The flooding along the Des Moines River Basin southeast of Des Moines was mainly due to water release from Red Rock Reservoir.  Storage in the reservoirs in the state had been reduced by 30% due to the heavy rains earlier in the season.  In an effort to reduce water levels, the Des Moines River was held near to slightly above flood stage for a couple days following the let up of the rainfall.  This event resulted in little to no damage.",435,,,,,,,,,,,,,
5640176,DALLAS (ZONE), ,4/21/1998,600,Flood, , ,0,0,500,0,IA,CST, ,2076441,Z,59,DMX,0,0, , , , , , , , , ,4/25/1998,1500, , , , ,,"The final round of heavy rainfall moved through the state shortly after the middle of the month.  The rainfall was enough to push a few of the rivers over their banks, but flooding was only a few inches over flood stage in most areas.  Flooding along the Raccoon River Basin was due to the rain.  The flooding along the Des Moines River Basin southeast of Des Moines was mainly due to water release from Red Rock Reservoir.  Storage in the reservoirs in the state had been reduced by 30% due to the heavy rains earlier in the season.  In an effort to reduce water levels, the Des Moines River was held near to slightly above flood stage for a couple days following the let up of the rainfall.  This event resulted in little to no damage.",436,,,,,,,,,,,,,
5640177,GREENE (ZONE), ,4/21/1998,600,Flood, , ,0,0,500,0,IA,CST, ,2076441,Z,46,DMX,0,0, , , , , , , , , ,4/25/1998,1500, , , , ,,"The final round of heavy rainfall moved through the state shortly after the middle of the month.  The rainfall was enough to push a few of the rivers over their banks, but flooding was only a few inches over flood stage in most areas.  Flooding along the Raccoon River Basin was due to the rain.  The flooding along the Des Moines River Basin southeast of Des Moines was mainly due to water release from Red Rock Reservoir.  Storage in the reservoirs in the state had been reduced by 30% due to the heavy rains earlier in the season.  In an effort to reduce water levels, the Des Moines River was held near to slightly above flood stage for a couple days following the let up of the rainfall.  This event resulted in little to no damage.",437,,,,,,,,,,,,,
5640178,MAHASKA (ZONE), ,4/21/1998,600,Flood, , ,0,0,500,0,IA,CST, ,2076441,Z,75,DMX,0,0, , , , , , , , , ,4/25/1998,1500, , , , ,,"The final round of heavy rainfall moved through the state shortly after the middle of the month.  The rainfall was enough to push a few of the rivers over their banks, but flooding was only a few inches over flood stage in most areas.  Flooding along the Raccoon River Basin was due to the rain.  The flooding along the Des Moines River Basin southeast of Des Moines was mainly due to water release from Red Rock Reservoir.  Storage in the reservoirs in the state had been reduced by 30% due to the heavy rains earlier in the season.  In an effort to reduce water levels, the Des Moines River was held near to slightly above flood stage for a couple days following the let up of the rainfall.  This event resulted in little to no damage.",438,,,,,,,,,,,,,
5640179,MARION (ZONE), ,4/21/1998,600,Flood, , ,0,0,500,0,IA,CST, ,2076441,Z,74,DMX,0,0, , , , , , , , , ,4/25/1998,1500, , , , ,,"The final round of heavy rainfall moved through the state shortly after the middle of the month.  The rainfall was enough to push a few of the rivers over their banks, but flooding was only a few inches over flood stage in most areas.  Flooding along the Raccoon River Basin was due to the rain.  The flooding along the Des Moines River Basin southeast of Des Moines was mainly due to water release from Red Rock Reservoir.  Storage in the reservoirs in the state had been reduced by 30% due to the heavy rains earlier in the season.  In an effort to reduce water levels, the Des Moines River was held near to slightly above flood stage for a couple days following the let up of the rainfall.  This event resulted in little to no damage.",439,,,,,,,,,,,,,
5640180,WAPELLO (ZONE), ,4/21/1998,600,Flood, , ,0,0,500,0,IA,CST, ,2076441,Z,86,DMX,0,0, , , , , , , , , ,4/25/1998,1500, , , , ,,"The final round of heavy rainfall moved through the state shortly after the middle of the month.  The rainfall was enough to push a few of the rivers over their banks, but flooding was only a few inches over flood stage in most areas.  Flooding along the Raccoon River Basin was due to the rain.  The flooding along the Des Moines River Basin southeast of Des Moines was mainly due to water release from Red Rock Reservoir.  Storage in the reservoirs in the state had been reduced by 30% due to the heavy rains earlier in the season.  In an effort to reduce water levels, the Des Moines River was held near to slightly above flood stage for a couple days following the let up of the rainfall.  This event resulted in little to no damage.",440,,,,,,,,,,,,,
5646500,MARION CO.,KNOXVILLE,5/6/1998,2115,Flood, , ,0,0,50000,0,IA,CST, ,2077271,C,125,DMX,0,0, , , , , , , , ,KNOXVILLE,5/7/1998,830, , , , ,,"An unsettled weather pattern was over the central U.S. with numerous closed lows moving around a larger upper level trough of low pressure trough.  A deformation area of rain formed during the late afternoon hours over Iowa.  During the evening, the areas became more concentrated and remained nearly stationary over southern Iowa.  Localized heavy rainfall occurred initially from the band of rain.  By mid to late evening a large area of moderate to heavy rainfall ensued.  One and one half to three inches of rain was common over Marion, Lucas, and Warren Counties.  The heaviest rainfall reported was 3.54 inches in Warren County at Hartford.  Other heavy totals included 2.65 inches in Charition in Lucas County, and 2.63 inches in Indianola in Warren County.  Damage was relatively minor and restricted to basement flooding and agricultural ponding.  Some of the small streams overflowed their banks, especially the White Breast Creek.",441,,,,,,,,,,,,,
5646501,LUCAS CO.,CHARITON,5/6/1998,2200,Flood, , ,0,0,75000,0,IA,CST, ,2077271,C,117,DMX,0,0, , , , , , , , ,CHARITON,5/7/1998,700, , , , ,,"An unsettled weather pattern was over the central U.S. with numerous closed lows moving around a larger upper level trough of low pressure trough.  A deformation area of rain formed during the late afternoon hours over Iowa.  During the evening, the areas became more concentrated and remained nearly stationary over southern Iowa.  Localized heavy rainfall occurred initially from the band of rain.  By mid to late evening a large area of moderate to heavy rainfall ensued.  One and one half to three inches of rain was common over Marion, Lucas, and Warren Counties.  The heaviest rainfall reported was 3.54 inches in Warren County at Hartford.  Other heavy totals included 2.65 inches in Charition in Lucas County, and 2.63 inches in Indianola in Warren County.  Damage was relatively minor and restricted to basement flooding and agricultural ponding.  Some of the small streams overflowed their banks, especially the White Breast Creek.",442,,,,,,,,,,,,,
5646502,WARREN CO.,INDIANOLA,5/6/1998,2200,Flood, , ,0,0,50000,0,IA,CST, ,2077271,C,181,DMX,0,0, , , , , , , , ,INDIANOLA,5/6/1998,2359, , , , ,,"An unsettled weather pattern was over the central U.S. with numerous closed lows moving around a larger upper level trough of low pressure trough.  A deformation area of rain formed during the late afternoon hours over Iowa.  During the evening, the areas became more concentrated and remained nearly stationary over southern Iowa.  Localized heavy rainfall occurred initially from the band of rain.  By mid to late evening a large area of moderate to heavy rainfall ensued.  One and one half to three inches of rain was common over Marion, Lucas, and Warren Counties.  The heaviest rainfall reported was 3.54 inches in Warren County at Hartford.  Other heavy totals included 2.65 inches in Charition in Lucas County, and 2.63 inches in Indianola in Warren County.  Damage was relatively minor and restricted to basement flooding and agricultural ponding.  Some of the small streams overflowed their banks, especially the White Breast Creek.",443,,,,,,,,,,,,,
5647093,MAHASKA (ZONE), ,5/7/1998,100,Flood, , ,0,0,25000,10000,IA,CST, ,2077287,Z,75,DMX,0,0, , , , , , , , , ,5/8/1998,1800, , , , ,,"After a fairly extended period of dry weather across Iowa, the rains returned to the state.   The rainfall for the month was near normal, however isolated pockets of heavy rainfall occurred resulting in isolated river flooding.  The heaviest rain events occurred on the 6th, 15th-16th, and the 23rd-24th.  Much of the flooding was agricultural flooding and flooding to low lying areas.  Dollar damage was therefore minimized.  The rain event of the 6th resulted in flooding along parts of the Chariton and Skunk River Basins.  Once again, this flooding was restricted to low lying and agricultural areas.",444,,,,,,,,,,,,,
5647094,WAYNE (ZONE), ,5/7/1998,100,Flood, , ,0,0,25000,10000,IA,CST, ,2077287,Z,95,DMX,0,0, , , , , , , , , ,5/8/1998,1800, , , , ,,"After a fairly extended period of dry weather across Iowa, the rains returned to the state.   The rainfall for the month was near normal, however isolated pockets of heavy rainfall occurred resulting in isolated river flooding.  The heaviest rain events occurred on the 6th, 15th-16th, and the 23rd-24th.  Much of the flooding was agricultural flooding and flooding to low lying areas.  Dollar damage was therefore minimized.  The rain event of the 6th resulted in flooding along parts of the Chariton and Skunk River Basins.  Once again, this flooding was restricted to low lying and agricultural areas.",445,,,,,,,,,,,,,
5647095,MARION (ZONE), ,5/7/1998,100,Flood, , ,0,0,25000,10000,IA,CST, ,2077287,Z,74,DMX,0,0, , , , , , , , , ,5/8/1998,1800, , , , ,,"After a fairly extended period of dry weather across Iowa, the rains returned to the state.   The rainfall for the month was near normal, however isolated pockets of heavy rainfall occurred resulting in isolated river flooding.  The heaviest rain events occurred on the 6th, 15th-16th, and the 23rd-24th.  Much of the flooding was agricultural flooding and flooding to low lying areas.  Dollar damage was therefore minimized.  The rain event of the 6th resulted in flooding along parts of the Chariton and Skunk River Basins.  Once again, this flooding was restricted to low lying and agricultural areas.",446,,,,,,,,,,,,,
5647092,LUCAS (ZONE), ,5/7/1998,100,Flood, , ,0,0,25000,10000,IA,CST, ,2077287,Z,84,DMX,0,0, , , , , , , , , ,5/8/1998,1800, , , , ,,"After a fairly extended period of dry weather across Iowa, the rains returned to the state.   The rainfall for the month was near normal, however isolated pockets of heavy rainfall occurred resulting in isolated river flooding.  The heaviest rain events occurred on the 6th, 15th-16th, and the 23rd-24th.  Much of the flooding was agricultural flooding and flooding to low lying areas.  Dollar damage was therefore minimized.  The rain event of the 6th resulted in flooding along parts of the Chariton and Skunk River Basins.  Once again, this flooding was restricted to low lying and agricultural areas.",447,,,,,,,,,,,,,
5647089,CLARKE (ZONE), ,5/7/1998,100,Flood, , ,0,0,25000,10000,IA,CST, ,2077287,Z,83,DMX,0,0, , , , , , , , , ,5/8/1998,1800, , , , ,,"After a fairly extended period of dry weather across Iowa, the rains returned to the state.   The rainfall for the month was near normal, however isolated pockets of heavy rainfall occurred resulting in isolated river flooding.  The heaviest rain events occurred on the 6th, 15th-16th, and the 23rd-24th.  Much of the flooding was agricultural flooding and flooding to low lying areas.  Dollar damage was therefore minimized.  The rain event of the 6th resulted in flooding along parts of the Chariton and Skunk River Basins.  Once again, this flooding was restricted to low lying and agricultural areas.",448,,,,,,,,,,,,,
5647090,APPANOOSE (ZONE), ,5/7/1998,100,Flood, , ,0,0,25000,10000,IA,CST, ,2077287,Z,96,DMX,0,0, , , , , , , , , ,5/8/1998,1800, , , , ,,"After a fairly extended period of dry weather across Iowa, the rains returned to the state.   The rainfall for the month was near normal, however isolated pockets of heavy rainfall occurred resulting in isolated river flooding.  The heaviest rain events occurred on the 6th, 15th-16th, and the 23rd-24th.  Much of the flooding was agricultural flooding and flooding to low lying areas.  Dollar damage was therefore minimized.  The rain event of the 6th resulted in flooding along parts of the Chariton and Skunk River Basins.  Once again, this flooding was restricted to low lying and agricultural areas.",449,,,,,,,,,,,,,
5647091,JASPER (ZONE), ,5/7/1998,100,Flood, , ,0,0,25000,10000,IA,CST, ,2077287,Z,61,DMX,0,0, , , , , , , , , ,5/8/1998,1800, , , , ,,"After a fairly extended period of dry weather across Iowa, the rains returned to the state.   The rainfall for the month was near normal, however isolated pockets of heavy rainfall occurred resulting in isolated river flooding.  The heaviest rain events occurred on the 6th, 15th-16th, and the 23rd-24th.  Much of the flooding was agricultural flooding and flooding to low lying areas.  Dollar damage was therefore minimized.  The rain event of the 6th resulted in flooding along parts of the Chariton and Skunk River Basins.  Once again, this flooding was restricted to low lying and agricultural areas.",450,,,,,,,,,,,,,
5646503,POCAHONTAS CO.,POCAHONTAS,5/9/1998,1645,Flood, , ,0,0,30000,0,IA,CST, ,2077272,C,151,DMX,0,0, , , , , , , , ,POCAHONTAS,5/9/1998,1900, , , , ,,"A rather chaotic but weak upper level flow was over Iowa.  The air mass became unstable during the late afternoon as temperatures warmed in to the mid 70s.  Thunderstorms erupted and moved very slowly west.  One of the storms remained nearly stationary over Pocahontas County.  One and one half inches of rain fell in 45 minutes in Pocahontas, with 2.75 inches in a 90 minute period.  The heavy rain caused some urban flooding in the county, however it was not widespread.",451,,,,,,,,,,,,,
5645802,KOSSUTH CO.,SWEA CITY,5/15/1998,1400,Flood, , ,0,0,20000,0,IA,CST, ,2077274,C,109,DMX,0,0,NEWSPAPER, , , , , , , ,SWEA CITY,5/15/1998,1600, , , , ,,"As the system mentioned above continued to evolve, a widespread outbreak of severe weather took place over Iowa.  Strong upper level dynamics moved over the state over the top of an unstable air mass.  Surface dew point temperatures were in the low 70s with actual temperatures in the upper 70s to low 80s.  CAPE values rose to between 2500 and 3500 J/kg.  The situation became complex during the afternoon as several bands of severe thunderstorms developed.  Some areas of the state were affected three times during the day as the storms raced northeast around 60 MPH.  The main severe feature with the storms was high wind.  There were numerous reports of wind gusts of 60 to 75 MPH.  Some were even higher.  One of the highest reports came from Atlantic in Cass County.  Ninety one MPH winds there threw several cars and a few semi-tractortrailer trucks off of Interstate 80.  High winds in Kossuth County at Algona resulted in roof damage at a nursing home there.  Part of the roof was removed by the winds with the damage estimates to the building places at around $200,000.  Another cluster of storms moved into north central Iowa and caused widespread damage in Cerro Gordo and Worth Counties.  Both were hit with winds around 70 MPH.  There were numerous other reports of damage to farm buildings around the state ranging from corn cribs damaged to barns being destroyed.  Damage to trees and power lines was extensive.  North of Algona, along U.S. Highway 169, seventy eight power poles were downed by the high winds resulting in a four day closure of the highway.  Utility damage around the county was estimated at between $600,000 and $800,000, while insurance adjusters estimated damage around the county at $1.2 million.  There were some reports of hail, especially during the first few hours of the event.  The largest hail was around golf ball in size.  In addition to the wind and hail, there were several tornado touch downs in the state.  A tornado touched down in Kossuth County and did over $1 million in damage.  The tornado destroyed 2 houses with another 10 sustaining major damage.  Fifteen farmsteads were destroyed as well.  Kossuth County was later declared a disaster area.  There was also considerable damage to barns and other farm buildings across the county.  The outflow from the tornadic storm in Kossuth County pushed an 85 MPH wind gust south into Humboldt County.  The high winds blew over 41 railroad cars of the Union Pacific Railroad south of Ottosen.  A band of 80 to 90 MPH winds swept across Franklin and Butler Counties.  Damage was widespread.  There was one report of the wind carrying the family dog over one half mile from home.  The dog was later found safe and healthy.  Another of the stronger tornadoes included one in Wright County that was on the ground for over 10 miles.  It damaged several farm buildings along its path.  Several 2 x 4's were driven into the ground north of Clarion by the tornado.  Another fairly strong tornado touched down in Crawford County.  The rope tornado touched down southeast of Denison.  It hit a train about 3 miles east of Denison and derailed nine cars of the Union Pacific freight train.  The engineer saw it coming and thought it was so small that nothing would happen.  There was also minor damage to 1 house and several out buildings.  There were a few other brief touch downs around the state, however no damage was reported with them.   The rapid movement of the storms prevented a lot of the flooding that would have otherwise occurred.  Repeat thunderstorms passing over Kossuth County did cause some urban flooding.  Damage was relatively minor, however several homes reported minor flooding.  As the storms moved across Hancock County, lightning struck a house in the town of Britt.  The kitchen sink was blown away from the wall and all of the appliances and the electrical equipment in the house was damaged.  Lightning struck very close to another house in Wright County in Belmond.  A 75-year old woman received minor injuries as she was struck by lightning as she unplugged her TV near a large window.",452,,,,,,,,,,,,,
5647099,EMMET (ZONE), ,5/16/1998,1800,Flood, , ,0,0,20000,10000,IA,CST, ,2077288,Z,4,DMX,0,0, , , , , , , , , ,5/18/1998,600, , , , ,,Spotty heavy rainfall on the 15th and 16th lead to significant rises on the Des Moines and Raccoon River Basins.  The flooding was once again minor and restricted to low lying and agricultural lands.  Flood crest were only two feet or less above flood stage and duration was not very long.  This limited damage.,453,,,,,,,,,,,,,
5647100,GREENE (ZONE), ,5/16/1998,1800,Flood, , ,0,0,20000,10000,IA,CST, ,2077288,Z,46,DMX,0,0, , , , , , , , , ,5/18/1998,600, , , , ,,Spotty heavy rainfall on the 15th and 16th lead to significant rises on the Des Moines and Raccoon River Basins.  The flooding was once again minor and restricted to low lying and agricultural lands.  Flood crest were only two feet or less above flood stage and duration was not very long.  This limited damage.,454,,,,,,,,,,,,,
5647101,HUMBOLDT (ZONE), ,5/16/1998,1800,Flood, , ,0,0,20000,10000,IA,CST, ,2077288,Z,24,DMX,0,0, , , , , , , , , ,5/18/1998,600, , , , ,,Spotty heavy rainfall on the 15th and 16th lead to significant rises on the Des Moines and Raccoon River Basins.  The flooding was once again minor and restricted to low lying and agricultural lands.  Flood crest were only two feet or less above flood stage and duration was not very long.  This limited damage.,455,,,,,,,,,,,,,
5647096,CALHOUN (ZONE), ,5/16/1998,1800,Flood, , ,0,0,20000,10000,IA,CST, ,2077288,Z,34,DMX,0,0, , , , , , , , , ,5/18/1998,600, , , , ,,Spotty heavy rainfall on the 15th and 16th lead to significant rises on the Des Moines and Raccoon River Basins.  The flooding was once again minor and restricted to low lying and agricultural lands.  Flood crest were only two feet or less above flood stage and duration was not very long.  This limited damage.,456,,,,,,,,,,,,,
5647097,CARROLL (ZONE), ,5/16/1998,1800,Flood, , ,0,0,20000,10000,IA,CST, ,2077288,Z,45,DMX,0,0, , , , , , , , , ,5/18/1998,600, , , , ,,Spotty heavy rainfall on the 15th and 16th lead to significant rises on the Des Moines and Raccoon River Basins.  The flooding was once again minor and restricted to low lying and agricultural lands.  Flood crest were only two feet or less above flood stage and duration was not very long.  This limited damage.,457,,,,,,,,,,,,,
5647098,DALLAS (ZONE), ,5/16/1998,1800,Flood, , ,0,0,20000,10000,IA,CST, ,2077288,Z,59,DMX,0,0, , , , , , , , , ,5/18/1998,600, , , , ,,Spotty heavy rainfall on the 15th and 16th lead to significant rises on the Des Moines and Raccoon River Basins.  The flooding was once again minor and restricted to low lying and agricultural lands.  Flood crest were only two feet or less above flood stage and duration was not very long.  This limited damage.,458,,,,,,,,,,,,,
5647102,KOSSUTH (ZONE), ,5/16/1998,1800,Flood, , ,0,0,20000,10000,IA,CST, ,2077288,Z,5,DMX,0,0, , , , , , , , , ,5/18/1998,600, , , , ,,Spotty heavy rainfall on the 15th and 16th lead to significant rises on the Des Moines and Raccoon River Basins.  The flooding was once again minor and restricted to low lying and agricultural lands.  Flood crest were only two feet or less above flood stage and duration was not very long.  This limited damage.,459,,,,,,,,,,,,,
5645897,JASPER CO.,COLFAX,5/19/1998,1715,Flood, , ,0,0,30000,2000,IA,CST, ,2077275,C,99,DMX,0,0, , , , , , , , ,COLFAX,5/19/1998,2000, , , , ,,"A warm and humid air mass was located over Iowa during the afternoon of the 19th.  Temperatures in this air were around 90 degrees F.  Dew point temperatures were in the low to mid 70s, making for an unstable situation.  A cold front was poised to the north of Iowa and was sagging southward slowly.  Thunderstorms began to form over central Iowa during the mid afternoon hours.  They formed rather quickly into a cluster of storms, with repeated development in the same areas.  Most of the individual cells were right turning cells and many produced hail.  Numerous reports of hail up to golf ball in size were received from in the Des Moines area, southeast toward Ottumwa.  The cluster of storms that initially formed over central Iowa did eventually drift southeast toward the Ottumwa area just before sunset.  The largest hail report came from Colo in Story County.  Three inch diameter hail covered the ground to a depth of 4 inches between Colo and Collins.  Needless to say, there were many reports of damage to roofs and cars.  Fortunately, the largest hail remained just north and east of the densely populated Des Moines metro area.  During the early stages of the storms development, a couple small tornadoes were reported.  One was in Polk County, while the second was over Marian County.  Both were small and only touched down briefly.  The one over Marian County dipped up and down from the clouds several times during it's brief life span.  No serious damage occurred as the tornadoes touched down in rural areas.  In addition to the hail and tornadoes, the storms produced copious amounts of rainfall.  Reports from the Ankeny area east toward Newton indicated very heavy rainfall from the storms.  The southeast side of Ankeny reported 3.27 inches of rain in less than two hours time.  This resulted in local flooding, however no widespread flooding occurred.",460,,,,,,,,,,,,,
5645896,POLK CO.,ANKENY,5/19/1998,1715,Flood, , ,0,0,50000,2000,IA,CST, ,2077275,C,153,DMX,0,0, , , , , , , , ,ANKENY,5/19/1998,2000, , , , ,,"A warm and humid air mass was located over Iowa during the afternoon of the 19th.  Temperatures in this air were around 90 degrees F.  Dew point temperatures were in the low to mid 70s, making for an unstable situation.  A cold front was poised to the north of Iowa and was sagging southward slowly.  Thunderstorms began to form over central Iowa during the mid afternoon hours.  They formed rather quickly into a cluster of storms, with repeated development in the same areas.  Most of the individual cells were right turning cells and many produced hail.  Numerous reports of hail up to golf ball in size were received from in the Des Moines area, southeast toward Ottumwa.  The cluster of storms that initially formed over central Iowa did eventually drift southeast toward the Ottumwa area just before sunset.  The largest hail report came from Colo in Story County.  Three inch diameter hail covered the ground to a depth of 4 inches between Colo and Collins.  Needless to say, there were many reports of damage to roofs and cars.  Fortunately, the largest hail remained just north and east of the densely populated Des Moines metro area.  During the early stages of the storms development, a couple small tornadoes were reported.  One was in Polk County, while the second was over Marian County.  Both were small and only touched down briefly.  The one over Marian County dipped up and down from the clouds several times during it's brief life span.  No serious damage occurred as the tornadoes touched down in rural areas.  In addition to the hail and tornadoes, the storms produced copious amounts of rainfall.  Reports from the Ankeny area east toward Newton indicated very heavy rainfall from the storms.  The southeast side of Ankeny reported 3.27 inches of rain in less than two hours time.  This resulted in local flooding, however no widespread flooding occurred.",461,,,,,,,,,,,,,
5646930,GREENE CO.,SCRANTON,5/23/1998,1830,Flood, , ,0,0,30000,2000,IA,CST, ,2077282,C,73,DMX,0,0, , , , ,4,N,4,N,SCRANTON,5/23/1998,2030, , , , ,,"A complex weather situation unfolded over Iowa.  Initially, a stationary front was located to the south of the state.  An upper low pressure system was poised to the southwest of Iowa and began to lift out.  As it lifted out and its associated vorticity maximum moved northeast, a line of thunderstorms formed in western Iowa.  This line advanced east across the west half of the state producing hail and heavy rainfall.  Some of the hail was up to golf ball in size.  Rainfall rates were in excess of 1.5 inches per hour.  In Greene County, flooding washed a police squad car off of a highway north of Scranton.  While all of this was going on, another mesoscale convective system formed over Missouri.  Iowa was on the north edge of this system as it advanced northward and merged with the line of thunderstorms moving east into Iowa.  The system in Missouri formed as the surface low pressure system moved east across northern Missouri.  There was little in the way of severe weather over southern Iowa from the convective system.  Though there was some hail, the main feature was heavy rainfall.  Nearly 3 inches of rain fell in under 3 hours southeast of Moravia in Appanoose County, causing local flooding there.  There were numerous reports of lowland flooding throughout Appanoose, Davis, and Wapello Counties.",462,,,,,,,,,,,,,
5646926,DAVIS CO.,BLOOMFIELD,5/23/1998,1900,Flood, , ,0,0,50000,5000,IA,CST, ,2077282,C,51,DMX,0,0, , , , , , , , ,BLOOMFIELD,5/23/1998,2145, , , , ,,"A complex weather situation unfolded over Iowa.  Initially, a stationary front was located to the south of the state.  An upper low pressure system was poised to the southwest of Iowa and began to lift out.  As it lifted out and its associated vorticity maximum moved northeast, a line of thunderstorms formed in western Iowa.  This line advanced east across the west half of the state producing hail and heavy rainfall.  Some of the hail was up to golf ball in size.  Rainfall rates were in excess of 1.5 inches per hour.  In Greene County, flooding washed a police squad car off of a highway north of Scranton.  While all of this was going on, another mesoscale convective system formed over Missouri.  Iowa was on the north edge of this system as it advanced northward and merged with the line of thunderstorms moving east into Iowa.  The system in Missouri formed as the surface low pressure system moved east across northern Missouri.  There was little in the way of severe weather over southern Iowa from the convective system.  Though there was some hail, the main feature was heavy rainfall.  Nearly 3 inches of rain fell in under 3 hours southeast of Moravia in Appanoose County, causing local flooding there.  There were numerous reports of lowland flooding throughout Appanoose, Davis, and Wapello Counties.",463,,,,,,,,,,,,,
5646927,WAPELLO CO.,OTTUMWA,5/23/1998,1900,Flood, , ,0,0,50000,5000,IA,CST, ,2077282,C,179,DMX,0,0, , , , , , , , ,OTTUMWA,5/23/1998,2145, , , , ,,"A complex weather situation unfolded over Iowa.  Initially, a stationary front was located to the south of the state.  An upper low pressure system was poised to the southwest of Iowa and began to lift out.  As it lifted out and its associated vorticity maximum moved northeast, a line of thunderstorms formed in western Iowa.  This line advanced east across the west half of the state producing hail and heavy rainfall.  Some of the hail was up to golf ball in size.  Rainfall rates were in excess of 1.5 inches per hour.  In Greene County, flooding washed a police squad car off of a highway north of Scranton.  While all of this was going on, another mesoscale convective system formed over Missouri.  Iowa was on the north edge of this system as it advanced northward and merged with the line of thunderstorms moving east into Iowa.  The system in Missouri formed as the surface low pressure system moved east across northern Missouri.  There was little in the way of severe weather over southern Iowa from the convective system.  Though there was some hail, the main feature was heavy rainfall.  Nearly 3 inches of rain fell in under 3 hours southeast of Moravia in Appanoose County, causing local flooding there.  There were numerous reports of lowland flooding throughout Appanoose, Davis, and Wapello Counties.",464,,,,,,,,,,,,,
5646925,APPANOOSE CO.,MONROVIA,5/23/1998,1900,Flood, , ,0,0,50000,5000,IA,CST, ,2077282,C,7,DMX,0,0, , , , ,2,SE,2,SE,MONROVIA,5/23/1998,2145, , , , ,,"A complex weather situation unfolded over Iowa.  Initially, a stationary front was located to the south of the state.  An upper low pressure system was poised to the southwest of Iowa and began to lift out.  As it lifted out and its associated vorticity maximum moved northeast, a line of thunderstorms formed in western Iowa.  This line advanced east across the west half of the state producing hail and heavy rainfall.  Some of the hail was up to golf ball in size.  Rainfall rates were in excess of 1.5 inches per hour.  In Greene County, flooding washed a police squad car off of a highway north of Scranton.  While all of this was going on, another mesoscale convective system formed over Missouri.  Iowa was on the north edge of this system as it advanced northward and merged with the line of thunderstorms moving east into Iowa.  The system in Missouri formed as the surface low pressure system moved east across northern Missouri.  There was little in the way of severe weather over southern Iowa from the convective system.  Though there was some hail, the main feature was heavy rainfall.  Nearly 3 inches of rain fell in under 3 hours southeast of Moravia in Appanoose County, causing local flooding there.  There were numerous reports of lowland flooding throughout Appanoose, Davis, and Wapello Counties.",465,,,,,,,,,,,,,
5663182,LEE CO.,COUNTYWIDE,5/23/1998,2337,Flood, , ,0,0,0,0,IA,CST, ,2082795,C,111,DVN,0,0,LAW ENFORCEMENT, , , , , , , ,COUNTYWIDE,5/24/1998,230, , , , ,,Heavy rain producing thunderstorms in Missouri moved across extreme Southeast Iowa into Western Illinois.  There were numerous reports of water ponding along roadways and small hail.  In Keokuk several intersections were closed due to the rising water.,466,,,,,,,,,,,,,
5647105,LUCAS (ZONE), ,5/24/1998,600,Flood, , ,0,0,25000,10000,IA,CST, ,2077289,Z,84,DMX,0,0, , , , , , , , , ,5/26/1998,1200, , , , ,,"Another round of rainfall occurred in the state on the 23rd and 24th.  This caused rises on the Skunk and Chariton Rivers and flooded low lying and agricultural lands along those rivers.  Once again, damage was quite limited since rivers did not exceed flood stage by more than a foot or two and the duration was fairly short.",467,,,,,,,,,,,,,
5647103,JASPER (ZONE), ,5/24/1998,600,Flood, , ,0,0,25000,10000,IA,CST, ,2077289,Z,61,DMX,0,0, , , , , , , , , ,5/26/1998,1200, , , , ,,"Another round of rainfall occurred in the state on the 23rd and 24th.  This caused rises on the Skunk and Chariton Rivers and flooded low lying and agricultural lands along those rivers.  Once again, damage was quite limited since rivers did not exceed flood stage by more than a foot or two and the duration was fairly short.",468,,,,,,,,,,,,,
5647104,CLARKE (ZONE), ,5/24/1998,600,Flood, , ,0,0,25000,10000,IA,CST, ,2077289,Z,83,DMX,0,0, , , , , , , , , ,5/26/1998,1200, , , , ,,"Another round of rainfall occurred in the state on the 23rd and 24th.  This caused rises on the Skunk and Chariton Rivers and flooded low lying and agricultural lands along those rivers.  Once again, damage was quite limited since rivers did not exceed flood stage by more than a foot or two and the duration was fairly short.",469,,,,,,,,,,,,,
5647208,MAHASKA (ZONE), ,5/24/1998,600,Flood, , ,0,0,25000,10000,IA,CST, ,2077289,Z,75,DMX,0,0, , , , , , , , , ,5/26/1998,1200, , , , ,,"Another round of rainfall occurred in the state on the 23rd and 24th.  This caused rises on the Skunk and Chariton Rivers and flooded low lying and agricultural lands along those rivers.  Once again, damage was quite limited since rivers did not exceed flood stage by more than a foot or two and the duration was fairly short.",470,,,,,,,,,,,,,
5647209,MARION (ZONE), ,5/24/1998,600,Flood, , ,0,0,25000,10000,IA,CST, ,2077289,Z,74,DMX,0,0, , , , , , , , , ,5/26/1998,1200, , , , ,,"Another round of rainfall occurred in the state on the 23rd and 24th.  This caused rises on the Skunk and Chariton Rivers and flooded low lying and agricultural lands along those rivers.  Once again, damage was quite limited since rivers did not exceed flood stage by more than a foot or two and the duration was fairly short.",471,,,,,,,,,,,,,
5653128,DALLAS (ZONE), ,6/8/1998,1800,Flood, , ,0,0,50000,10000,IA,CST, ,2079151,Z,59,DMX,0,0, , , , , , , , , ,6/13/1998,600, , , , ,,"June of 1998 was an extremely active month in hydrology across the entire Des Moines HSA.  Both flooding and flash flooding were widespread with near record crests recorded on many rivers.  These crests reviled the great floods of 1993.  There was also extensive damage to property and agriculture.  Fortunately there were no flood related fatalities.   State Climatologist Harry Hillaker of the Iowa Department of Agriculture and Land Stewardship reported that the statewide rainfall was 7.96 inches, which was 3.54 above the 1961-1990 normal.  The rainfall was heaviest across the central section of the state with 10.29 inches.  West central came in close behind with 9.30 inches.  Overall, June of 1998 was the 6th wettest June in the past 126 years of records and the wettest since 1993.  Year-to-date (January-June) was the 2nd wettest period in the 126 years of record.  Temperatures for the month averaged 67.7 degrees F., which was 2.5 degrees below normal.  This was the coolest June since 1993, and also aggravated the flooding problems due to the lower evaporation rate.  The first significant flooding event of the month took place as heavy rains fell on the state from the 7th through the 10th.  Heavy rains developed over southwest Iowa on the 8th with a large swath of one to three inch rains over the Raccoon River Basin.  This pushed the Raccoon River over flood stage by the 10th.  Two nights later, heavy rains moved into central Iowa, producing another one to three inches of rain in a band from the Nebraska border to Waterloo.  June 11th saw a continuation of moderate to heavy rain across nearly the entire HSA.  One to one and one half inches of rain fall across the Des Moines metropolitan area, with 2.11 inches at Marshalltown.  This flooding event was not extremely major and damage was limited with it.  The Skunk, Raccoon, Iowa and Beaver Creek basins were affected.",472,,,,,,,,,,,,,
5653130,MAHASKA (ZONE), ,6/8/1998,1800,Flood, , ,0,0,50000,10000,IA,CST, ,2079151,Z,75,DMX,0,0, , , , , , , , , ,6/13/1998,600, , , , ,,"June of 1998 was an extremely active month in hydrology across the entire Des Moines HSA.  Both flooding and flash flooding were widespread with near record crests recorded on many rivers.  These crests reviled the great floods of 1993.  There was also extensive damage to property and agriculture.  Fortunately there were no flood related fatalities.   State Climatologist Harry Hillaker of the Iowa Department of Agriculture and Land Stewardship reported that the statewide rainfall was 7.96 inches, which was 3.54 above the 1961-1990 normal.  The rainfall was heaviest across the central section of the state with 10.29 inches.  West central came in close behind with 9.30 inches.  Overall, June of 1998 was the 6th wettest June in the past 126 years of records and the wettest since 1993.  Year-to-date (January-June) was the 2nd wettest period in the 126 years of record.  Temperatures for the month averaged 67.7 degrees F., which was 2.5 degrees below normal.  This was the coolest June since 1993, and also aggravated the flooding problems due to the lower evaporation rate.  The first significant flooding event of the month took place as heavy rains fell on the state from the 7th through the 10th.  Heavy rains developed over southwest Iowa on the 8th with a large swath of one to three inch rains over the Raccoon River Basin.  This pushed the Raccoon River over flood stage by the 10th.  Two nights later, heavy rains moved into central Iowa, producing another one to three inches of rain in a band from the Nebraska border to Waterloo.  June 11th saw a continuation of moderate to heavy rain across nearly the entire HSA.  One to one and one half inches of rain fall across the Des Moines metropolitan area, with 2.11 inches at Marshalltown.  This flooding event was not extremely major and damage was limited with it.  The Skunk, Raccoon, Iowa and Beaver Creek basins were affected.",473,,,,,,,,,,,,,
5653131,MARION (ZONE), ,6/8/1998,1800,Flood, , ,0,0,50000,10000,IA,CST, ,2079151,Z,74,DMX,0,0, , , , , , , , , ,6/13/1998,600, , , , ,,"June of 1998 was an extremely active month in hydrology across the entire Des Moines HSA.  Both flooding and flash flooding were widespread with near record crests recorded on many rivers.  These crests reviled the great floods of 1993.  There was also extensive damage to property and agriculture.  Fortunately there were no flood related fatalities.   State Climatologist Harry Hillaker of the Iowa Department of Agriculture and Land Stewardship reported that the statewide rainfall was 7.96 inches, which was 3.54 above the 1961-1990 normal.  The rainfall was heaviest across the central section of the state with 10.29 inches.  West central came in close behind with 9.30 inches.  Overall, June of 1998 was the 6th wettest June in the past 126 years of records and the wettest since 1993.  Year-to-date (January-June) was the 2nd wettest period in the 126 years of record.  Temperatures for the month averaged 67.7 degrees F., which was 2.5 degrees below normal.  This was the coolest June since 1993, and also aggravated the flooding problems due to the lower evaporation rate.  The first significant flooding event of the month took place as heavy rains fell on the state from the 7th through the 10th.  Heavy rains developed over southwest Iowa on the 8th with a large swath of one to three inch rains over the Raccoon River Basin.  This pushed the Raccoon River over flood stage by the 10th.  Two nights later, heavy rains moved into central Iowa, producing another one to three inches of rain in a band from the Nebraska border to Waterloo.  June 11th saw a continuation of moderate to heavy rain across nearly the entire HSA.  One to one and one half inches of rain fall across the Des Moines metropolitan area, with 2.11 inches at Marshalltown.  This flooding event was not extremely major and damage was limited with it.  The Skunk, Raccoon, Iowa and Beaver Creek basins were affected.",474,,,,,,,,,,,,,
5653132,MARSHALL (ZONE), ,6/8/1998,1800,Flood, , ,0,0,50000,10000,IA,CST, ,2079151,Z,49,DMX,0,0, , , , , , , , , ,6/13/1998,600, , , , ,,"June of 1998 was an extremely active month in hydrology across the entire Des Moines HSA.  Both flooding and flash flooding were widespread with near record crests recorded on many rivers.  These crests reviled the great floods of 1993.  There was also extensive damage to property and agriculture.  Fortunately there were no flood related fatalities.   State Climatologist Harry Hillaker of the Iowa Department of Agriculture and Land Stewardship reported that the statewide rainfall was 7.96 inches, which was 3.54 above the 1961-1990 normal.  The rainfall was heaviest across the central section of the state with 10.29 inches.  West central came in close behind with 9.30 inches.  Overall, June of 1998 was the 6th wettest June in the past 126 years of records and the wettest since 1993.  Year-to-date (January-June) was the 2nd wettest period in the 126 years of record.  Temperatures for the month averaged 67.7 degrees F., which was 2.5 degrees below normal.  This was the coolest June since 1993, and also aggravated the flooding problems due to the lower evaporation rate.  The first significant flooding event of the month took place as heavy rains fell on the state from the 7th through the 10th.  Heavy rains developed over southwest Iowa on the 8th with a large swath of one to three inch rains over the Raccoon River Basin.  This pushed the Raccoon River over flood stage by the 10th.  Two nights later, heavy rains moved into central Iowa, producing another one to three inches of rain in a band from the Nebraska border to Waterloo.  June 11th saw a continuation of moderate to heavy rain across nearly the entire HSA.  One to one and one half inches of rain fall across the Des Moines metropolitan area, with 2.11 inches at Marshalltown.  This flooding event was not extremely major and damage was limited with it.  The Skunk, Raccoon, Iowa and Beaver Creek basins were affected.",475,,,,,,,,,,,,,
5653126,JASPER (ZONE), ,6/8/1998,1800,Flood, , ,0,0,50000,10000,IA,CST, ,2079151,Z,61,DMX,0,0, , , , , , , , , ,6/13/1998,600, , , , ,,"June of 1998 was an extremely active month in hydrology across the entire Des Moines HSA.  Both flooding and flash flooding were widespread with near record crests recorded on many rivers.  These crests reviled the great floods of 1993.  There was also extensive damage to property and agriculture.  Fortunately there were no flood related fatalities.   State Climatologist Harry Hillaker of the Iowa Department of Agriculture and Land Stewardship reported that the statewide rainfall was 7.96 inches, which was 3.54 above the 1961-1990 normal.  The rainfall was heaviest across the central section of the state with 10.29 inches.  West central came in close behind with 9.30 inches.  Overall, June of 1998 was the 6th wettest June in the past 126 years of records and the wettest since 1993.  Year-to-date (January-June) was the 2nd wettest period in the 126 years of record.  Temperatures for the month averaged 67.7 degrees F., which was 2.5 degrees below normal.  This was the coolest June since 1993, and also aggravated the flooding problems due to the lower evaporation rate.  The first significant flooding event of the month took place as heavy rains fell on the state from the 7th through the 10th.  Heavy rains developed over southwest Iowa on the 8th with a large swath of one to three inch rains over the Raccoon River Basin.  This pushed the Raccoon River over flood stage by the 10th.  Two nights later, heavy rains moved into central Iowa, producing another one to three inches of rain in a band from the Nebraska border to Waterloo.  June 11th saw a continuation of moderate to heavy rain across nearly the entire HSA.  One to one and one half inches of rain fall across the Des Moines metropolitan area, with 2.11 inches at Marshalltown.  This flooding event was not extremely major and damage was limited with it.  The Skunk, Raccoon, Iowa and Beaver Creek basins were affected.",476,,,,,,,,,,,,,
5653133,POLK (ZONE), ,6/8/1998,1800,Flood, , ,0,0,50000,10000,IA,CST, ,2079151,Z,60,DMX,0,0, , , , , , , , , ,6/13/1998,600, , , , ,,"June of 1998 was an extremely active month in hydrology across the entire Des Moines HSA.  Both flooding and flash flooding were widespread with near record crests recorded on many rivers.  These crests reviled the great floods of 1993.  There was also extensive damage to property and agriculture.  Fortunately there were no flood related fatalities.   State Climatologist Harry Hillaker of the Iowa Department of Agriculture and Land Stewardship reported that the statewide rainfall was 7.96 inches, which was 3.54 above the 1961-1990 normal.  The rainfall was heaviest across the central section of the state with 10.29 inches.  West central came in close behind with 9.30 inches.  Overall, June of 1998 was the 6th wettest June in the past 126 years of records and the wettest since 1993.  Year-to-date (January-June) was the 2nd wettest period in the 126 years of record.  Temperatures for the month averaged 67.7 degrees F., which was 2.5 degrees below normal.  This was the coolest June since 1993, and also aggravated the flooding problems due to the lower evaporation rate.  The first significant flooding event of the month took place as heavy rains fell on the state from the 7th through the 10th.  Heavy rains developed over southwest Iowa on the 8th with a large swath of one to three inch rains over the Raccoon River Basin.  This pushed the Raccoon River over flood stage by the 10th.  Two nights later, heavy rains moved into central Iowa, producing another one to three inches of rain in a band from the Nebraska border to Waterloo.  June 11th saw a continuation of moderate to heavy rain across nearly the entire HSA.  One to one and one half inches of rain fall across the Des Moines metropolitan area, with 2.11 inches at Marshalltown.  This flooding event was not extremely major and damage was limited with it.  The Skunk, Raccoon, Iowa and Beaver Creek basins were affected.",477,,,,,,,,,,,,,
5653127,BUTLER (ZONE), ,6/8/1998,1800,Flood, , ,0,0,50000,10000,IA,CST, ,2079151,Z,27,DMX,0,0, , , , , , , , , ,6/13/1998,600, , , , ,,"June of 1998 was an extremely active month in hydrology across the entire Des Moines HSA.  Both flooding and flash flooding were widespread with near record crests recorded on many rivers.  These crests reviled the great floods of 1993.  There was also extensive damage to property and agriculture.  Fortunately there were no flood related fatalities.   State Climatologist Harry Hillaker of the Iowa Department of Agriculture and Land Stewardship reported that the statewide rainfall was 7.96 inches, which was 3.54 above the 1961-1990 normal.  The rainfall was heaviest across the central section of the state with 10.29 inches.  West central came in close behind with 9.30 inches.  Overall, June of 1998 was the 6th wettest June in the past 126 years of records and the wettest since 1993.  Year-to-date (January-June) was the 2nd wettest period in the 126 years of record.  Temperatures for the month averaged 67.7 degrees F., which was 2.5 degrees below normal.  This was the coolest June since 1993, and also aggravated the flooding problems due to the lower evaporation rate.  The first significant flooding event of the month took place as heavy rains fell on the state from the 7th through the 10th.  Heavy rains developed over southwest Iowa on the 8th with a large swath of one to three inch rains over the Raccoon River Basin.  This pushed the Raccoon River over flood stage by the 10th.  Two nights later, heavy rains moved into central Iowa, producing another one to three inches of rain in a band from the Nebraska border to Waterloo.  June 11th saw a continuation of moderate to heavy rain across nearly the entire HSA.  One to one and one half inches of rain fall across the Des Moines metropolitan area, with 2.11 inches at Marshalltown.  This flooding event was not extremely major and damage was limited with it.  The Skunk, Raccoon, Iowa and Beaver Creek basins were affected.",478,,,,,,,,,,,,,
5653134,TAMA (ZONE), ,6/8/1998,1800,Flood, , ,0,0,50000,10000,IA,CST, ,2079151,Z,50,DMX,0,0, , , , , , , , , ,6/13/1998,600, , , , ,,"June of 1998 was an extremely active month in hydrology across the entire Des Moines HSA.  Both flooding and flash flooding were widespread with near record crests recorded on many rivers.  These crests reviled the great floods of 1993.  There was also extensive damage to property and agriculture.  Fortunately there were no flood related fatalities.   State Climatologist Harry Hillaker of the Iowa Department of Agriculture and Land Stewardship reported that the statewide rainfall was 7.96 inches, which was 3.54 above the 1961-1990 normal.  The rainfall was heaviest across the central section of the state with 10.29 inches.  West central came in close behind with 9.30 inches.  Overall, June of 1998 was the 6th wettest June in the past 126 years of records and the wettest since 1993.  Year-to-date (January-June) was the 2nd wettest period in the 126 years of record.  Temperatures for the month averaged 67.7 degrees F., which was 2.5 degrees below normal.  This was the coolest June since 1993, and also aggravated the flooding problems due to the lower evaporation rate.  The first significant flooding event of the month took place as heavy rains fell on the state from the 7th through the 10th.  Heavy rains developed over southwest Iowa on the 8th with a large swath of one to three inch rains over the Raccoon River Basin.  This pushed the Raccoon River over flood stage by the 10th.  Two nights later, heavy rains moved into central Iowa, producing another one to three inches of rain in a band from the Nebraska border to Waterloo.  June 11th saw a continuation of moderate to heavy rain across nearly the entire HSA.  One to one and one half inches of rain fall across the Des Moines metropolitan area, with 2.11 inches at Marshalltown.  This flooding event was not extremely major and damage was limited with it.  The Skunk, Raccoon, Iowa and Beaver Creek basins were affected.",479,,,,,,,,,,,,,
5653129,HARDIN (ZONE), ,6/8/1998,1800,Flood, , ,0,0,50000,10000,IA,CST, ,2079151,Z,37,DMX,0,0, , , , , , , , , ,6/13/1998,600, , , , ,,"June of 1998 was an extremely active month in hydrology across the entire Des Moines HSA.  Both flooding and flash flooding were widespread with near record crests recorded on many rivers.  These crests reviled the great floods of 1993.  There was also extensive damage to property and agriculture.  Fortunately there were no flood related fatalities.   State Climatologist Harry Hillaker of the Iowa Department of Agriculture and Land Stewardship reported that the statewide rainfall was 7.96 inches, which was 3.54 above the 1961-1990 normal.  The rainfall was heaviest across the central section of the state with 10.29 inches.  West central came in close behind with 9.30 inches.  Overall, June of 1998 was the 6th wettest June in the past 126 years of records and the wettest since 1993.  Year-to-date (January-June) was the 2nd wettest period in the 126 years of record.  Temperatures for the month averaged 67.7 degrees F., which was 2.5 degrees below normal.  This was the coolest June since 1993, and also aggravated the flooding problems due to the lower evaporation rate.  The first significant flooding event of the month took place as heavy rains fell on the state from the 7th through the 10th.  Heavy rains developed over southwest Iowa on the 8th with a large swath of one to three inch rains over the Raccoon River Basin.  This pushed the Raccoon River over flood stage by the 10th.  Two nights later, heavy rains moved into central Iowa, producing another one to three inches of rain in a band from the Nebraska border to Waterloo.  June 11th saw a continuation of moderate to heavy rain across nearly the entire HSA.  One to one and one half inches of rain fall across the Des Moines metropolitan area, with 2.11 inches at Marshalltown.  This flooding event was not extremely major and damage was limited with it.  The Skunk, Raccoon, Iowa and Beaver Creek basins were affected.",480,,,,,,,,,,,,,
5651603,MILLS (ZONE), ,6/9/1998,746,Flood, , ,0,0,0,4000000,IA,CST, ,2080018,Z,79,OAX,0,0,NEWSPAPER, , , , , , , , ,6/30/1998,1700, , , , ,,Significant flooding occurred along the Nishnabotna river in southwest Iowa with major flooding of the town of Hamburg.  Hundreds of thousands of acres of crops were under water.  Crop losses were around 31 million dollars.  Both the Nisnabotna at Hamburg and the and the East Nishnabotna at Red Oak crested at all time record levels.  The Nishnabotna river at Hamburg crested at 33.18 feet and the East Nishnabotna at Red Oak crested at 29.36 feet.,481,,,,,,,,,,,,,
5651602,POTTAWATTAMIE (ZONE), ,6/9/1998,746,Flood, , ,0,0,0,2000000,IA,CST, ,2080018,Z,69,OAX,0,0,NEWSPAPER, , , , , , , , ,6/30/1998,1700, , , , ,,Significant flooding occurred along the Nishnabotna river in southwest Iowa with major flooding of the town of Hamburg.  Hundreds of thousands of acres of crops were under water.  Crop losses were around 31 million dollars.  Both the Nisnabotna at Hamburg and the and the East Nishnabotna at Red Oak crested at all time record levels.  The Nishnabotna river at Hamburg crested at 33.18 feet and the East Nishnabotna at Red Oak crested at 29.36 feet.,482,,,,,,,,,,,,,
5651604,FREMONT (ZONE), ,6/9/1998,746,Flood, , ,0,0,0,25000000,IA,CST, ,2080018,Z,90,OAX,0,0,NEWSPAPER, , , , , , , , ,6/30/1998,1700, , , , ,,Significant flooding occurred along the Nishnabotna river in southwest Iowa with major flooding of the town of Hamburg.  Hundreds of thousands of acres of crops were under water.  Crop losses were around 31 million dollars.  Both the Nisnabotna at Hamburg and the and the East Nishnabotna at Red Oak crested at all time record levels.  The Nishnabotna river at Hamburg crested at 33.18 feet and the East Nishnabotna at Red Oak crested at 29.36 feet.,483,,,,,,,,,,,,,
5654076,CASS CO.,ATLANTIC,6/14/1998,600,Flash Flood, , ,0,0,2000000,1200000,IA,CST, ,2079139,C,29,DMX,0,0,LAW ENFORCEMENT, , , , , , , ,ATLANTIC,6/14/1998,1500, , , , ,,"A strong upper level system combined with a warm front located to the south of Iowa set the stage for a major flood event.  Iowa soils were already saturated before the event took began.  The severe thunderstorms mentioned above were only the beginning.  They moved off to the northeast during the night as the upper level low pressure system became nearly stacked over southwest Iowa.  A small cluster of thunderstorms formed over the southwest counties during the early morning hours.  There was little movement and heavy rainfall ensued over Cass County.  Cass County was the hardest hit as 13.18 inches of rain fell during the morning into early afternoon hours.  Seven inches of it fell in a 4.5 hours period between 0830 and 1300 CST.  This amount of rainfall set a state record for the greatest 24 hour rainfall total from an official site.  Cass County became cut off as the flood waters rose rapidly.  Entire towns were evacuated as houses were covered with water in some places.  The Governor of Iowa declared the county a disaster area by evening.  Flooding was not limited to Cass County.  During the morning, a deformation zone formed from west central into central Iowa.  Bands of heavy thunderstorms moved up from the south and became stationary in an east to west band from west central into central Iowa.  Rainfall of one to two inches in less than 2 hours was common, with many areas receiving three inches or more of additional rainfall.  Urban and small stream flooding was widespread with considerable ponding and lowland flooding reported.  During the late afternoon and evening hours, the deformation zone shifted south and expanded as the upper low drifted off to the east.    The flooding was not as bad as that experienced earlier in the day, but did set the stage for major river flooding to follow.  Many areas reported river stages at record or near record highs following this event.  Thoughts of the Flood of '93"" were heard around the state.  In Lake Panorama area", saturated soil around the lake began to slide into the lake by late in the afternoon. Three homes began to slide with the soil and began cracking as the earth sank some 12 to 18 inches.  The three houses were said to be damaged beyond repair.  In the town of Atlantic, 21 houses were destroyed by flooding.  As the flood crest caused by the heavy rains moved down the Raccoon River, the town of DeSoto was left without water for a few days.  The water treatment plant there is located next to the river and was engulfed by floodwaters.  MidAmerica Energy shut off natural gas service to the town of Atlantic as the flood waters crested as a precautionary measure.  In addition to the property losses, wildlife losses were great.  Millions of Pheasants, rabbits, and other ground nesting wildlife perished in the high waters.  Damage to highways and secondary roads was extensive.  Some of the preliminary estimates received were: $560,000 in Guthrie County,$380 ,000 in Audubon County, and $400,000 in Dallas County.  At the time of this writing, the worst damage...which was in Cass County," was still not known.""",484
5653149,POLK (ZONE), ,6/14/1998,900,Flood, , ,0,0,100000,20000,IA,CST, ,2079152,Z,60,DMX,0,0, , , , , , , , , ,6/16/1998,600, , , , ,,"After a brief lull from the rain on the 12th, a large mesoscale convective system developed near the center of an upper level low pressure center over southwest Iowa during the early morning hours of the 14th.  Extremely heavy rain fell over southwest and central Iowa from this storm.  The rain gage at Atlantic had a 24 hour total rainfall of 13.18 inches.  This established a new official record for the greatest amount of rainfall in a 24 hour period.  Cass County was covered by a large area of 4 to 8 inch rains, which essentially submerged the entire county.  The east Fork of the Nishnabotna at Atlantic 5 SW crested on the 15th at 22.36 feet, missing the all-time record set in September, 1972 by about one half foot.  Very heavy rains also fell on the Raccoon and South Skunk river basins, with widespread 2 to 4 inches rains resulting in widespread flooding.  Many areas within these basins were under flash flood warnings which subsequently evolved into river flooding.  Both the north and south branches of the Raccoon River flooded.  The crest at Redfield was the 4th highest crest on record.  The flood waves from both rivers merged on the mainstem Raccoon to create the 2nd highest crest on record at both Van Meter and at Fleur Drive.  Only the great floods of 1993 created higher crests.  In addition, the Des Moines River at SE 6th St. in Des Moines crested at the 4th highest crest of record.  Damage was widespread across the state with numerous basements flooded and crops washed out.  At this point, thoughts of the flood of '93 were on many peoples minds as Iowa had not experienced flooding of this magnitude since the great floods of '93.  The main rivers affected by this flood episode were the Iowa, Squaw Creek, Raccoon, Beaver Creek, Chariton, and East Nishnabotna.",485,,,,,,,,,,,,,
5653137,CALHOUN (ZONE), ,6/14/1998,900,Flood, , ,0,0,100000,20000,IA,CST, ,2079152,Z,34,DMX,0,0, , , , , , , , , ,6/16/1998,600, , , , ,,"After a brief lull from the rain on the 12th, a large mesoscale convective system developed near the center of an upper level low pressure center over southwest Iowa during the early morning hours of the 14th.  Extremely heavy rain fell over southwest and central Iowa from this storm.  The rain gage at Atlantic had a 24 hour total rainfall of 13.18 inches.  This established a new official record for the greatest amount of rainfall in a 24 hour period.  Cass County was covered by a large area of 4 to 8 inch rains, which essentially submerged the entire county.  The east Fork of the Nishnabotna at Atlantic 5 SW crested on the 15th at 22.36 feet, missing the all-time record set in September, 1972 by about one half foot.  Very heavy rains also fell on the Raccoon and South Skunk river basins, with widespread 2 to 4 inches rains resulting in widespread flooding.  Many areas within these basins were under flash flood warnings which subsequently evolved into river flooding.  Both the north and south branches of the Raccoon River flooded.  The crest at Redfield was the 4th highest crest on record.  The flood waves from both rivers merged on the mainstem Raccoon to create the 2nd highest crest on record at both Van Meter and at Fleur Drive.  Only the great floods of 1993 created higher crests.  In addition, the Des Moines River at SE 6th St. in Des Moines crested at the 4th highest crest of record.  Damage was widespread across the state with numerous basements flooded and crops washed out.  At this point, thoughts of the flood of '93 were on many peoples minds as Iowa had not experienced flooding of this magnitude since the great floods of '93.  The main rivers affected by this flood episode were the Iowa, Squaw Creek, Raccoon, Beaver Creek, Chariton, and East Nishnabotna.",486,,,,,,,,,,,,,
5653146,MAHASKA (ZONE), ,6/14/1998,900,Flood, , ,0,0,100000,20000,IA,CST, ,2079152,Z,75,DMX,0,0, , , , , , , , , ,6/16/1998,600, , , , ,,"After a brief lull from the rain on the 12th, a large mesoscale convective system developed near the center of an upper level low pressure center over southwest Iowa during the early morning hours of the 14th.  Extremely heavy rain fell over southwest and central Iowa from this storm.  The rain gage at Atlantic had a 24 hour total rainfall of 13.18 inches.  This established a new official record for the greatest amount of rainfall in a 24 hour period.  Cass County was covered by a large area of 4 to 8 inch rains, which essentially submerged the entire county.  The east Fork of the Nishnabotna at Atlantic 5 SW crested on the 15th at 22.36 feet, missing the all-time record set in September, 1972 by about one half foot.  Very heavy rains also fell on the Raccoon and South Skunk river basins, with widespread 2 to 4 inches rains resulting in widespread flooding.  Many areas within these basins were under flash flood warnings which subsequently evolved into river flooding.  Both the north and south branches of the Raccoon River flooded.  The crest at Redfield was the 4th highest crest on record.  The flood waves from both rivers merged on the mainstem Raccoon to create the 2nd highest crest on record at both Van Meter and at Fleur Drive.  Only the great floods of 1993 created higher crests.  In addition, the Des Moines River at SE 6th St. in Des Moines crested at the 4th highest crest of record.  Damage was widespread across the state with numerous basements flooded and crops washed out.  At this point, thoughts of the flood of '93 were on many peoples minds as Iowa had not experienced flooding of this magnitude since the great floods of '93.  The main rivers affected by this flood episode were the Iowa, Squaw Creek, Raccoon, Beaver Creek, Chariton, and East Nishnabotna.",487,,,,,,,,,,,,,
5653144,JASPER (ZONE), ,6/14/1998,900,Flood, , ,0,0,100000,20000,IA,CST, ,2079152,Z,61,DMX,0,0, , , , , , , , , ,6/16/1998,600, , , , ,,"After a brief lull from the rain on the 12th, a large mesoscale convective system developed near the center of an upper level low pressure center over southwest Iowa during the early morning hours of the 14th.  Extremely heavy rain fell over southwest and central Iowa from this storm.  The rain gage at Atlantic had a 24 hour total rainfall of 13.18 inches.  This established a new official record for the greatest amount of rainfall in a 24 hour period.  Cass County was covered by a large area of 4 to 8 inch rains, which essentially submerged the entire county.  The east Fork of the Nishnabotna at Atlantic 5 SW crested on the 15th at 22.36 feet, missing the all-time record set in September, 1972 by about one half foot.  Very heavy rains also fell on the Raccoon and South Skunk river basins, with widespread 2 to 4 inches rains resulting in widespread flooding.  Many areas within these basins were under flash flood warnings which subsequently evolved into river flooding.  Both the north and south branches of the Raccoon River flooded.  The crest at Redfield was the 4th highest crest on record.  The flood waves from both rivers merged on the mainstem Raccoon to create the 2nd highest crest on record at both Van Meter and at Fleur Drive.  Only the great floods of 1993 created higher crests.  In addition, the Des Moines River at SE 6th St. in Des Moines crested at the 4th highest crest of record.  Damage was widespread across the state with numerous basements flooded and crops washed out.  At this point, thoughts of the flood of '93 were on many peoples minds as Iowa had not experienced flooding of this magnitude since the great floods of '93.  The main rivers affected by this flood episode were the Iowa, Squaw Creek, Raccoon, Beaver Creek, Chariton, and East Nishnabotna.",488,,,,,,,,,,,,,
5653140,CLARKE (ZONE), ,6/14/1998,900,Flood, , ,0,0,100000,20000,IA,CST, ,2079152,Z,83,DMX,0,0, , , , , , , , , ,6/16/1998,600, , , , ,,"After a brief lull from the rain on the 12th, a large mesoscale convective system developed near the center of an upper level low pressure center over southwest Iowa during the early morning hours of the 14th.  Extremely heavy rain fell over southwest and central Iowa from this storm.  The rain gage at Atlantic had a 24 hour total rainfall of 13.18 inches.  This established a new official record for the greatest amount of rainfall in a 24 hour period.  Cass County was covered by a large area of 4 to 8 inch rains, which essentially submerged the entire county.  The east Fork of the Nishnabotna at Atlantic 5 SW crested on the 15th at 22.36 feet, missing the all-time record set in September, 1972 by about one half foot.  Very heavy rains also fell on the Raccoon and South Skunk river basins, with widespread 2 to 4 inches rains resulting in widespread flooding.  Many areas within these basins were under flash flood warnings which subsequently evolved into river flooding.  Both the north and south branches of the Raccoon River flooded.  The crest at Redfield was the 4th highest crest on record.  The flood waves from both rivers merged on the mainstem Raccoon to create the 2nd highest crest on record at both Van Meter and at Fleur Drive.  Only the great floods of 1993 created higher crests.  In addition, the Des Moines River at SE 6th St. in Des Moines crested at the 4th highest crest of record.  Damage was widespread across the state with numerous basements flooded and crops washed out.  At this point, thoughts of the flood of '93 were on many peoples minds as Iowa had not experienced flooding of this magnitude since the great floods of '93.  The main rivers affected by this flood episode were the Iowa, Squaw Creek, Raccoon, Beaver Creek, Chariton, and East Nishnabotna.",489,,,,,,,,,,,,,
5653148,MARSHALL (ZONE), ,6/14/1998,900,Flood, , ,0,0,100000,20000,IA,CST, ,2079152,Z,49,DMX,0,0, , , , , , , , , ,6/16/1998,600, , , , ,,"After a brief lull from the rain on the 12th, a large mesoscale convective system developed near the center of an upper level low pressure center over southwest Iowa during the early morning hours of the 14th.  Extremely heavy rain fell over southwest and central Iowa from this storm.  The rain gage at Atlantic had a 24 hour total rainfall of 13.18 inches.  This established a new official record for the greatest amount of rainfall in a 24 hour period.  Cass County was covered by a large area of 4 to 8 inch rains, which essentially submerged the entire county.  The east Fork of the Nishnabotna at Atlantic 5 SW crested on the 15th at 22.36 feet, missing the all-time record set in September, 1972 by about one half foot.  Very heavy rains also fell on the Raccoon and South Skunk river basins, with widespread 2 to 4 inches rains resulting in widespread flooding.  Many areas within these basins were under flash flood warnings which subsequently evolved into river flooding.  Both the north and south branches of the Raccoon River flooded.  The crest at Redfield was the 4th highest crest on record.  The flood waves from both rivers merged on the mainstem Raccoon to create the 2nd highest crest on record at both Van Meter and at Fleur Drive.  Only the great floods of 1993 created higher crests.  In addition, the Des Moines River at SE 6th St. in Des Moines crested at the 4th highest crest of record.  Damage was widespread across the state with numerous basements flooded and crops washed out.  At this point, thoughts of the flood of '93 were on many peoples minds as Iowa had not experienced flooding of this magnitude since the great floods of '93.  The main rivers affected by this flood episode were the Iowa, Squaw Creek, Raccoon, Beaver Creek, Chariton, and East Nishnabotna.",490,,,,,,,,,,,,,
5653142,GREENE (ZONE), ,6/14/1998,900,Flood, , ,0,0,100000,20000,IA,CST, ,2079152,Z,46,DMX,0,0, , , , , , , , , ,6/16/1998,600, , , , ,,"After a brief lull from the rain on the 12th, a large mesoscale convective system developed near the center of an upper level low pressure center over southwest Iowa during the early morning hours of the 14th.  Extremely heavy rain fell over southwest and central Iowa from this storm.  The rain gage at Atlantic had a 24 hour total rainfall of 13.18 inches.  This established a new official record for the greatest amount of rainfall in a 24 hour period.  Cass County was covered by a large area of 4 to 8 inch rains, which essentially submerged the entire county.  The east Fork of the Nishnabotna at Atlantic 5 SW crested on the 15th at 22.36 feet, missing the all-time record set in September, 1972 by about one half foot.  Very heavy rains also fell on the Raccoon and South Skunk river basins, with widespread 2 to 4 inches rains resulting in widespread flooding.  Many areas within these basins were under flash flood warnings which subsequently evolved into river flooding.  Both the north and south branches of the Raccoon River flooded.  The crest at Redfield was the 4th highest crest on record.  The flood waves from both rivers merged on the mainstem Raccoon to create the 2nd highest crest on record at both Van Meter and at Fleur Drive.  Only the great floods of 1993 created higher crests.  In addition, the Des Moines River at SE 6th St. in Des Moines crested at the 4th highest crest of record.  Damage was widespread across the state with numerous basements flooded and crops washed out.  At this point, thoughts of the flood of '93 were on many peoples minds as Iowa had not experienced flooding of this magnitude since the great floods of '93.  The main rivers affected by this flood episode were the Iowa, Squaw Creek, Raccoon, Beaver Creek, Chariton, and East Nishnabotna.",491,,,,,,,,,,,,,
5653139,CASS (ZONE), ,6/14/1998,900,Flood, , ,0,0,2500000,200000,IA,CST, ,2079152,Z,70,DMX,0,0, , , , , , , , , ,6/16/1998,600, , , , ,,"After a brief lull from the rain on the 12th, a large mesoscale convective system developed near the center of an upper level low pressure center over southwest Iowa during the early morning hours of the 14th.  Extremely heavy rain fell over southwest and central Iowa from this storm.  The rain gage at Atlantic had a 24 hour total rainfall of 13.18 inches.  This established a new official record for the greatest amount of rainfall in a 24 hour period.  Cass County was covered by a large area of 4 to 8 inch rains, which essentially submerged the entire county.  The east Fork of the Nishnabotna at Atlantic 5 SW crested on the 15th at 22.36 feet, missing the all-time record set in September, 1972 by about one half foot.  Very heavy rains also fell on the Raccoon and South Skunk river basins, with widespread 2 to 4 inches rains resulting in widespread flooding.  Many areas within these basins were under flash flood warnings which subsequently evolved into river flooding.  Both the north and south branches of the Raccoon River flooded.  The crest at Redfield was the 4th highest crest on record.  The flood waves from both rivers merged on the mainstem Raccoon to create the 2nd highest crest on record at both Van Meter and at Fleur Drive.  Only the great floods of 1993 created higher crests.  In addition, the Des Moines River at SE 6th St. in Des Moines crested at the 4th highest crest of record.  Damage was widespread across the state with numerous basements flooded and crops washed out.  At this point, thoughts of the flood of '93 were on many peoples minds as Iowa had not experienced flooding of this magnitude since the great floods of '93.  The main rivers affected by this flood episode were the Iowa, Squaw Creek, Raccoon, Beaver Creek, Chariton, and East Nishnabotna.",492,,,,,,,,,,,,,
5653141,DALLAS (ZONE), ,6/14/1998,900,Flood, , ,0,0,100000,20000,IA,CST, ,2079152,Z,59,DMX,0,0, , , , , , , , , ,6/16/1998,600, , , , ,,"After a brief lull from the rain on the 12th, a large mesoscale convective system developed near the center of an upper level low pressure center over southwest Iowa during the early morning hours of the 14th.  Extremely heavy rain fell over southwest and central Iowa from this storm.  The rain gage at Atlantic had a 24 hour total rainfall of 13.18 inches.  This established a new official record for the greatest amount of rainfall in a 24 hour period.  Cass County was covered by a large area of 4 to 8 inch rains, which essentially submerged the entire county.  The east Fork of the Nishnabotna at Atlantic 5 SW crested on the 15th at 22.36 feet, missing the all-time record set in September, 1972 by about one half foot.  Very heavy rains also fell on the Raccoon and South Skunk river basins, with widespread 2 to 4 inches rains resulting in widespread flooding.  Many areas within these basins were under flash flood warnings which subsequently evolved into river flooding.  Both the north and south branches of the Raccoon River flooded.  The crest at Redfield was the 4th highest crest on record.  The flood waves from both rivers merged on the mainstem Raccoon to create the 2nd highest crest on record at both Van Meter and at Fleur Drive.  Only the great floods of 1993 created higher crests.  In addition, the Des Moines River at SE 6th St. in Des Moines crested at the 4th highest crest of record.  Damage was widespread across the state with numerous basements flooded and crops washed out.  At this point, thoughts of the flood of '93 were on many peoples minds as Iowa had not experienced flooding of this magnitude since the great floods of '93.  The main rivers affected by this flood episode were the Iowa, Squaw Creek, Raccoon, Beaver Creek, Chariton, and East Nishnabotna.",493,,,,,,,,,,,,,
5653147,MARION (ZONE), ,6/14/1998,900,Flood, , ,0,0,100000,20000,IA,CST, ,2079152,Z,74,DMX,0,0, , , , , , , , , ,6/16/1998,600, , , , ,,"After a brief lull from the rain on the 12th, a large mesoscale convective system developed near the center of an upper level low pressure center over southwest Iowa during the early morning hours of the 14th.  Extremely heavy rain fell over southwest and central Iowa from this storm.  The rain gage at Atlantic had a 24 hour total rainfall of 13.18 inches.  This established a new official record for the greatest amount of rainfall in a 24 hour period.  Cass County was covered by a large area of 4 to 8 inch rains, which essentially submerged the entire county.  The east Fork of the Nishnabotna at Atlantic 5 SW crested on the 15th at 22.36 feet, missing the all-time record set in September, 1972 by about one half foot.  Very heavy rains also fell on the Raccoon and South Skunk river basins, with widespread 2 to 4 inches rains resulting in widespread flooding.  Many areas within these basins were under flash flood warnings which subsequently evolved into river flooding.  Both the north and south branches of the Raccoon River flooded.  The crest at Redfield was the 4th highest crest on record.  The flood waves from both rivers merged on the mainstem Raccoon to create the 2nd highest crest on record at both Van Meter and at Fleur Drive.  Only the great floods of 1993 created higher crests.  In addition, the Des Moines River at SE 6th St. in Des Moines crested at the 4th highest crest of record.  Damage was widespread across the state with numerous basements flooded and crops washed out.  At this point, thoughts of the flood of '93 were on many peoples minds as Iowa had not experienced flooding of this magnitude since the great floods of '93.  The main rivers affected by this flood episode were the Iowa, Squaw Creek, Raccoon, Beaver Creek, Chariton, and East Nishnabotna.",494,,,,,,,,,,,,,
5653136,AUDUBON (ZONE), ,6/14/1998,900,Flood, , ,0,0,500000,75000,IA,CST, ,2079152,Z,57,DMX,0,0, , , , , , , , , ,6/16/1998,600, , , , ,,"After a brief lull from the rain on the 12th, a large mesoscale convective system developed near the center of an upper level low pressure center over southwest Iowa during the early morning hours of the 14th.  Extremely heavy rain fell over southwest and central Iowa from this storm.  The rain gage at Atlantic had a 24 hour total rainfall of 13.18 inches.  This established a new official record for the greatest amount of rainfall in a 24 hour period.  Cass County was covered by a large area of 4 to 8 inch rains, which essentially submerged the entire county.  The east Fork of the Nishnabotna at Atlantic 5 SW crested on the 15th at 22.36 feet, missing the all-time record set in September, 1972 by about one half foot.  Very heavy rains also fell on the Raccoon and South Skunk river basins, with widespread 2 to 4 inches rains resulting in widespread flooding.  Many areas within these basins were under flash flood warnings which subsequently evolved into river flooding.  Both the north and south branches of the Raccoon River flooded.  The crest at Redfield was the 4th highest crest on record.  The flood waves from both rivers merged on the mainstem Raccoon to create the 2nd highest crest on record at both Van Meter and at Fleur Drive.  Only the great floods of 1993 created higher crests.  In addition, the Des Moines River at SE 6th St. in Des Moines crested at the 4th highest crest of record.  Damage was widespread across the state with numerous basements flooded and crops washed out.  At this point, thoughts of the flood of '93 were on many peoples minds as Iowa had not experienced flooding of this magnitude since the great floods of '93.  The main rivers affected by this flood episode were the Iowa, Squaw Creek, Raccoon, Beaver Creek, Chariton, and East Nishnabotna.",495,,,,,,,,,,,,,
5653150,STORY (ZONE), ,6/14/1998,900,Flood, , ,0,0,100000,20000,IA,CST, ,2079152,Z,48,DMX,0,0, , , , , , , , , ,6/16/1998,600, , , , ,,"After a brief lull from the rain on the 12th, a large mesoscale convective system developed near the center of an upper level low pressure center over southwest Iowa during the early morning hours of the 14th.  Extremely heavy rain fell over southwest and central Iowa from this storm.  The rain gage at Atlantic had a 24 hour total rainfall of 13.18 inches.  This established a new official record for the greatest amount of rainfall in a 24 hour period.  Cass County was covered by a large area of 4 to 8 inch rains, which essentially submerged the entire county.  The east Fork of the Nishnabotna at Atlantic 5 SW crested on the 15th at 22.36 feet, missing the all-time record set in September, 1972 by about one half foot.  Very heavy rains also fell on the Raccoon and South Skunk river basins, with widespread 2 to 4 inches rains resulting in widespread flooding.  Many areas within these basins were under flash flood warnings which subsequently evolved into river flooding.  Both the north and south branches of the Raccoon River flooded.  The crest at Redfield was the 4th highest crest on record.  The flood waves from both rivers merged on the mainstem Raccoon to create the 2nd highest crest on record at both Van Meter and at Fleur Drive.  Only the great floods of 1993 created higher crests.  In addition, the Des Moines River at SE 6th St. in Des Moines crested at the 4th highest crest of record.  Damage was widespread across the state with numerous basements flooded and crops washed out.  At this point, thoughts of the flood of '93 were on many peoples minds as Iowa had not experienced flooding of this magnitude since the great floods of '93.  The main rivers affected by this flood episode were the Iowa, Squaw Creek, Raccoon, Beaver Creek, Chariton, and East Nishnabotna.",496,,,,,,,,,,,,,
5653143,GUTHRIE (ZONE), ,6/14/1998,900,Flood, , ,0,0,1000000,100000,IA,CST, ,2079152,Z,58,DMX,0,0, , , , , , , , , ,6/16/1998,600, , , , ,,"After a brief lull from the rain on the 12th, a large mesoscale convective system developed near the center of an upper level low pressure center over southwest Iowa during the early morning hours of the 14th.  Extremely heavy rain fell over southwest and central Iowa from this storm.  The rain gage at Atlantic had a 24 hour total rainfall of 13.18 inches.  This established a new official record for the greatest amount of rainfall in a 24 hour period.  Cass County was covered by a large area of 4 to 8 inch rains, which essentially submerged the entire county.  The east Fork of the Nishnabotna at Atlantic 5 SW crested on the 15th at 22.36 feet, missing the all-time record set in September, 1972 by about one half foot.  Very heavy rains also fell on the Raccoon and South Skunk river basins, with widespread 2 to 4 inches rains resulting in widespread flooding.  Many areas within these basins were under flash flood warnings which subsequently evolved into river flooding.  Both the north and south branches of the Raccoon River flooded.  The crest at Redfield was the 4th highest crest on record.  The flood waves from both rivers merged on the mainstem Raccoon to create the 2nd highest crest on record at both Van Meter and at Fleur Drive.  Only the great floods of 1993 created higher crests.  In addition, the Des Moines River at SE 6th St. in Des Moines crested at the 4th highest crest of record.  Damage was widespread across the state with numerous basements flooded and crops washed out.  At this point, thoughts of the flood of '93 were on many peoples minds as Iowa had not experienced flooding of this magnitude since the great floods of '93.  The main rivers affected by this flood episode were the Iowa, Squaw Creek, Raccoon, Beaver Creek, Chariton, and East Nishnabotna.",497,,,,,,,,,,,,,
5653151,TAMA (ZONE), ,6/14/1998,900,Flood, , ,0,0,100000,20000,IA,CST, ,2079152,Z,50,DMX,0,0, , , , , , , , , ,6/16/1998,600, , , , ,,"After a brief lull from the rain on the 12th, a large mesoscale convective system developed near the center of an upper level low pressure center over southwest Iowa during the early morning hours of the 14th.  Extremely heavy rain fell over southwest and central Iowa from this storm.  The rain gage at Atlantic had a 24 hour total rainfall of 13.18 inches.  This established a new official record for the greatest amount of rainfall in a 24 hour period.  Cass County was covered by a large area of 4 to 8 inch rains, which essentially submerged the entire county.  The east Fork of the Nishnabotna at Atlantic 5 SW crested on the 15th at 22.36 feet, missing the all-time record set in September, 1972 by about one half foot.  Very heavy rains also fell on the Raccoon and South Skunk river basins, with widespread 2 to 4 inches rains resulting in widespread flooding.  Many areas within these basins were under flash flood warnings which subsequently evolved into river flooding.  Both the north and south branches of the Raccoon River flooded.  The crest at Redfield was the 4th highest crest on record.  The flood waves from both rivers merged on the mainstem Raccoon to create the 2nd highest crest on record at both Van Meter and at Fleur Drive.  Only the great floods of 1993 created higher crests.  In addition, the Des Moines River at SE 6th St. in Des Moines crested at the 4th highest crest of record.  Damage was widespread across the state with numerous basements flooded and crops washed out.  At this point, thoughts of the flood of '93 were on many peoples minds as Iowa had not experienced flooding of this magnitude since the great floods of '93.  The main rivers affected by this flood episode were the Iowa, Squaw Creek, Raccoon, Beaver Creek, Chariton, and East Nishnabotna.",498,,,,,,,,,,,,,
5653135,HARDIN (ZONE), ,6/14/1998,900,Flood, , ,0,0,100000,20000,IA,CST, ,2079152,Z,37,DMX,0,0, , , , , , , , , ,6/16/1998,600, , , , ,,"After a brief lull from the rain on the 12th, a large mesoscale convective system developed near the center of an upper level low pressure center over southwest Iowa during the early morning hours of the 14th.  Extremely heavy rain fell over southwest and central Iowa from this storm.  The rain gage at Atlantic had a 24 hour total rainfall of 13.18 inches.  This established a new official record for the greatest amount of rainfall in a 24 hour period.  Cass County was covered by a large area of 4 to 8 inch rains, which essentially submerged the entire county.  The east Fork of the Nishnabotna at Atlantic 5 SW crested on the 15th at 22.36 feet, missing the all-time record set in September, 1972 by about one half foot.  Very heavy rains also fell on the Raccoon and South Skunk river basins, with widespread 2 to 4 inches rains resulting in widespread flooding.  Many areas within these basins were under flash flood warnings which subsequently evolved into river flooding.  Both the north and south branches of the Raccoon River flooded.  The crest at Redfield was the 4th highest crest on record.  The flood waves from both rivers merged on the mainstem Raccoon to create the 2nd highest crest on record at both Van Meter and at Fleur Drive.  Only the great floods of 1993 created higher crests.  In addition, the Des Moines River at SE 6th St. in Des Moines crested at the 4th highest crest of record.  Damage was widespread across the state with numerous basements flooded and crops washed out.  At this point, thoughts of the flood of '93 were on many peoples minds as Iowa had not experienced flooding of this magnitude since the great floods of '93.  The main rivers affected by this flood episode were the Iowa, Squaw Creek, Raccoon, Beaver Creek, Chariton, and East Nishnabotna.",499,,,,,,,,,,,,,
5653138,CARROLL (ZONE), ,6/14/1998,900,Flood, , ,0,0,100000,20000,IA,CST, ,2079152,Z,45,DMX,0,0, , , , , , , , , ,6/16/1998,600, , , , ,,"After a brief lull from the rain on the 12th, a large mesoscale convective system developed near the center of an upper level low pressure center over southwest Iowa during the early morning hours of the 14th.  Extremely heavy rain fell over southwest and central Iowa from this storm.  The rain gage at Atlantic had a 24 hour total rainfall of 13.18 inches.  This established a new official record for the greatest amount of rainfall in a 24 hour period.  Cass County was covered by a large area of 4 to 8 inch rains, which essentially submerged the entire county.  The east Fork of the Nishnabotna at Atlantic 5 SW crested on the 15th at 22.36 feet, missing the all-time record set in September, 1972 by about one half foot.  Very heavy rains also fell on the Raccoon and South Skunk river basins, with widespread 2 to 4 inches rains resulting in widespread flooding.  Many areas within these basins were under flash flood warnings which subsequently evolved into river flooding.  Both the north and south branches of the Raccoon River flooded.  The crest at Redfield was the 4th highest crest on record.  The flood waves from both rivers merged on the mainstem Raccoon to create the 2nd highest crest on record at both Van Meter and at Fleur Drive.  Only the great floods of 1993 created higher crests.  In addition, the Des Moines River at SE 6th St. in Des Moines crested at the 4th highest crest of record.  Damage was widespread across the state with numerous basements flooded and crops washed out.  At this point, thoughts of the flood of '93 were on many peoples minds as Iowa had not experienced flooding of this magnitude since the great floods of '93.  The main rivers affected by this flood episode were the Iowa, Squaw Creek, Raccoon, Beaver Creek, Chariton, and East Nishnabotna.",500,,,,,,,,,,,,,
