BEGIN_YEARMONTH,BEGIN_DAY,END_YEARMONTH,END_DAY,EVENT_ID,STATE,EVENT_TYPE,CZ_NAME,INJURIES_DIRECT,INJURIES_INDIRECT,DEATHS_DIRECT,DEATHS_INDIRECT,DAMAGE_PROPERTY,DAMAGE_CROPS,BEGIN_LAT,BEGIN_LON,END_LAT,END_LON
199602,9,199602,12,5540507,IOWA,Flood,POLK,0,0,0,0,,,,,,
199602,9,199602,12,5540510,IOWA,Flood,MARION,0,0,0,0,,,,,,
199602,9,199602,12,5540511,IOWA,Flood,MAHASKA,0,0,0,0,50K,,,,,
199602,9,199602,12,5540506,IOWA,Flood,DALLAS,0,0,0,0,,,,,,
199602,9,199602,12,5540508,IOWA,Flood,JASPER,0,0,0,0,,,,,,
199602,9,199602,12,5540503,IOWA,Flood,STORY,0,0,0,0,,,,,,
199602,9,199602,12,5540504,IOWA,Flood,MARSHALL,0,0,0,0,,,,,,
199606,20,199606,28,5553859,IOWA,Flood,GUTHRIE,0,0,0,0,,,,,,
199606,20,199606,28,5553860,IOWA,Flood,DALLAS,0,0,0,0,.5M,.5M,,,,
199606,17,199606,25,5553841,IOWA,Flood,GREENE,0,0,0,0,,,,,,
199606,17,199606,25,5553843,IOWA,Flood,STORY,0,0,0,0,,,,,,
199606,20,199606,28,5553855,IOWA,Flood,CRAWFORD,0,0,0,0,,,,,,
199606,17,199606,25,5553842,IOWA,Flood,BOONE,0,0,0,0,,,,,,
199606,20,199606,28,5553856,IOWA,Flood,CARROLL,0,0,0,0,,,,,,
199606,17,199606,25,5553851,IOWA,Flood,MARION,0,0,0,0,,,,,,
199606,17,199606,25,5553852,IOWA,Flood,MAHASKA,0,0,0,0,.5M,1M,,,,
199606,21,199606,21,5553666,IOWA,Flash Flood,CRAWFORD,0,0,0,0,11M,.15M,,,,
199606,21,199606,21,5553667,IOWA,Flood,SAC,0,0,0,0,30K,5K,,,,
199602,9,199602,12,5540502,IOWA,Flood,BOONE,0,0,0,0,,,,,,
199606,17,199606,25,5553836,IOWA,Flood,HAMILTON,0,0,0,0,,,,,,
199606,17,199606,25,5553837,IOWA,Flood,HARDIN,0,0,0,0,,,,,,
199602,9,199602,12,5540501,IOWA,Flood,GREENE,0,0,0,0,,,,,,
199606,16,199606,16,5553459,IOWA,Flash Flood,SAC,0,0,0,0,.2M,25K,,,,
199606,16,199606,16,5553460,IOWA,Flash Flood,CALHOUN,0,0,0,0,.15M,20K,,,,
199606,16,199606,16,5553461,IOWA,Flood,POCAHONTAS,0,0,0,0,10K,,,,,
199606,16,199606,16,5553462,IOWA,Flood,CALHOUN,0,0,0,0,10K,,,,,
199606,16,199606,16,5553463,IOWA,Flood,SAC,0,0,0,0,10K,,,,,
199606,17,199606,25,5553693,IOWA,Flood,WEBSTER,0,0,0,0,,,,,,
199605,8,199605,9,5544248,IOWA,Flood,CASS,0,0,0,0,50K,,,,,
199607,16,199607,18,5557035,IOWA,Flood,MONONA,0,0,0,0,1.5M,27M,,,,
199606,17,199606,25,5553849,IOWA,Flood,JASPER,0,0,0,0,,,,,,
199606,20,199606,20,5553663,IOWA,Flood,CRAWFORD,0,0,0,0,30K,5K,,,,
199605,10,199605,11,5544265,IOWA,Flood,WARREN,0,0,0,0,,,,,,
199605,26,199605,31,5544708,IOWA,Flood,JASPER,0,0,0,0,,,,,,
199605,9,199605,13,5544661,IOWA,Flood,POLK,0,0,0,0,,,,,,
199605,9,199605,13,5544662,IOWA,Flood,JASPER,0,0,0,0,,,,,,
199605,9,199605,13,5544663,IOWA,Flood,POWESHIEK,0,0,0,0,,,,,,
199605,9,199605,13,5544664,IOWA,Flood,MADISON,0,0,0,0,,,,,,
199605,26,199605,31,5544871,IOWA,Flood,DAVIS,0,0,0,0,.4M,.1M,,,,
199605,9,199605,10,5544253,IOWA,Flood,MADISON,0,0,0,0,75K,,,,,
199605,9,199605,10,5544254,IOWA,Flood,DALLAS,0,0,0,0,50K,,,,,
199605,9,199605,10,5544255,IOWA,Flood,JASPER,0,0,0,0,50K,,,,,
199605,9,199605,10,5544256,IOWA,Flood,WARREN,0,0,0,0,.1M,,,,,
199605,9,199605,10,5544257,IOWA,Flood,MAHASKA,0,0,0,0,50K,,,,,
199605,9,199605,10,5544258,IOWA,Flood,MARION,0,0,0,0,50K,,,,,
199605,26,199605,31,5544709,IOWA,Flood,POWESHIEK,0,0,0,0,,,,,,
199606,16,199606,17,5553467,IOWA,Flash Flood,BOONE,0,0,0,0,.4M,.1M,,,,
199606,16,199606,17,5553468,IOWA,Flash Flood,HAMILTON,0,0,0,0,.2M,.1M,,,,
199606,16,199606,17,5553469,IOWA,Flash Flood,STORY,0,0,0,0,1.5M,.1M,,,,
199605,8,199605,9,5544249,IOWA,Flood,UNION,0,0,0,0,50K,,,,,
199606,17,199606,25,5553846,IOWA,Flood,GUTHRIE,0,0,0,0,,,,,,
199605,8,199605,9,5544250,IOWA,Flood,TAYLOR,0,0,0,0,50K,,,,,
199605,23,199605,24,5544692,IOWA,Flood,ADAMS,0,0,0,0,,,,,,
199606,19,199606,22,5561635,IOWA,Flood,IDA,0,0,0,0,.2M,.5M,,,,
199605,9,199605,10,5557831,IOWA,Flood,BENTON,0,0,0,0,,,,,,
199605,9,199605,10,5557832,IOWA,Flood,LINN,0,0,0,0,,,,,,
199605,9,199605,10,5557823,IOWA,Flood,MUSCATINE,0,0,0,0,,,,,,
199605,23,199605,24,5544689,IOWA,Flood,WARREN,0,0,0,0,,,,,,
199607,17,199607,19,5561988,IOWA,Flood,GUTHRIE,0,0,0,0,,,,,,
199607,17,199607,19,5561989,IOWA,Flood,DALLAS,0,0,0,0,25K,.1M,,,,
199605,10,199605,11,5544266,IOWA,Flood,MARION,0,0,0,0,,,,,,
199606,17,199606,20,5553474,IOWA,Flood,JASPER,0,0,0,0,,,,,,
199605,9,199605,10,5557827,IOWA,Flood,LOUISA,0,0,0,0,,,,,,
199606,19,199606,22,5561633,IOWA,Flood,CHEROKEE,0,0,0,0,.2M,.5M,,,,
199606,17,199606,20,5553475,IOWA,Flood,MAHASKA,0,0,0,0,,,,,,
199605,10,199605,11,5544269,IOWA,Flood,DECATUR,0,0,0,0,.1M,,,,,
199605,26,199605,31,5544707,IOWA,Flood,POLK,0,0,0,0,,,,,,
199605,9,199605,13,5544674,IOWA,Flood,TAYLOR,0,0,0,0,,,,,,
199605,24,199605,24,5544487,IOWA,Flash Flood,POLK,0,0,0,0,.3M,50K,,,,
199605,24,199605,24,5544488,IOWA,Flash Flood,ADAIR,0,0,0,0,75K,50K,,,,
199605,24,199605,24,5544489,IOWA,Flash Flood,CASS,0,0,0,0,75K,50K,,,,
199605,9,199605,13,5544665,IOWA,Flood,WARREN,0,0,0,0,,,,,,
199605,9,199605,10,5557822,IOWA,Flood,JOHNSON,0,0,0,0,,,,,,
199606,17,199606,25,5553838,IOWA,Flood,GRUNDY,0,0,0,0,,,,,,
199607,17,199607,17,5561788,IOWA,Flash Flood,CRAWFORD,0,0,0,0,.3M,.2M,,,,
199606,17,199606,25,5553844,IOWA,Flood,MARSHALL,0,0,0,0,,,,,,
199606,17,199606,25,5553847,IOWA,Flood,DALLAS,0,0,0,0,,,,,,
199607,17,199607,17,5561794,IOWA,Flash Flood,CARROLL,0,0,0,0,.3M,.2M,,,,
199607,17,199607,17,5561795,IOWA,Flood,CRAWFORD,0,0,0,0,15K,,,,,
199607,17,199607,17,5561796,IOWA,Flood,CARROLL,0,0,0,0,15K,,,,,
199607,17,199607,17,5561797,IOWA,Flood,POLK,0,0,0,0,30K,,,,,
199607,17,199607,17,5561798,IOWA,Flood,WARREN,0,0,0,0,15K,,,,,
199606,17,199606,25,5553692,IOWA,Flood,CALHOUN,0,0,0,0,,,,,,
199605,9,199605,10,5557824,IOWA,Flood,SCOTT,0,0,0,0,,,,,,
199605,9,199605,10,5557825,IOWA,Flood,KEOKUK,0,0,0,0,,,,,,
199605,10,199605,11,5544267,IOWA,Flood,LUCAS,0,0,0,0,,,,,,
199605,10,199605,11,5544268,IOWA,Flood,TAYLOR,0,0,0,0,,,,,,
199605,26,199605,31,5544725,IOWA,Flood,WAYNE,0,0,0,0,,,,,,
199605,26,199605,31,5544726,IOWA,Flood,APPANOOSE,0,0,0,0,,,,,,
199605,26,199605,31,5544711,IOWA,Flood,ADAIR,0,0,0,0,,,,,,
199606,17,199606,25,5553848,IOWA,Flood,POLK,0,0,0,0,,,,,,
199606,16,199606,17,5553470,IOWA,Flash Flood,HARDIN,0,0,0,0,.2M,.1M,,,,
199606,17,199606,20,5553471,IOWA,Flood,HAMILTON,0,0,0,0,,,,,,
199606,17,199606,20,5553472,IOWA,Flood,BOONE,0,0,0,0,,,,,,
199606,17,199606,20,5553473,IOWA,Flood,STORY,0,0,0,0,1M,.5M,,,,
199605,26,199605,31,5544717,IOWA,Flood,UNION,0,0,0,0,,,,,,
199605,26,199605,31,5544718,IOWA,Flood,CLARKE,0,0,0,0,,,,,,
199605,26,199605,31,5544719,IOWA,Flood,LUCAS,0,0,0,0,,,,,,
199605,23,199605,24,5544693,IOWA,Flood,UNION,0,0,0,0,,,,,,
199605,26,199605,31,5544712,IOWA,Flood,MADISON,0,0,0,0,,,,,,
199605,23,199605,24,5544694,IOWA,Flood,CLARKE,0,0,0,0,,,,,,
199606,20,199606,20,5553659,IOWA,Flash Flood,SAC,0,0,0,0,50K,10K,,,,
199606,20,199606,20,5553660,IOWA,Flood,SAC,0,0,0,0,30K,5K,,,,
199606,17,199606,25,5553850,IOWA,Flood,POWESHIEK,0,0,0,0,,,,,,
199606,20,199606,28,5553854,IOWA,Flood,CALHOUN,0,0,0,0,,,,,,
199606,20,199606,20,5553661,IOWA,Flood,CARROLL,0,0,0,0,30K,5K,,,,
199606,20,199606,20,5553662,IOWA,Flood,AUDUBON,0,0,0,0,30K,5K,,,,
199605,9,199605,10,5557821,IOWA,Flood,IOWA,0,0,0,0,,,,,,
199605,9,199605,10,5557829,IOWA,Flood,VAN BUREN,0,0,0,0,,,,,,
199605,9,199605,10,5557830,IOWA,Flood,LEE,0,0,0,0,,,,,,
199606,17,199606,25,5553690,IOWA,Flood,FAYETTE,0,0,0,0,,,,,,
199606,20,199606,28,5553853,IOWA,Flood,SAC,0,0,0,0,,,,,,
199605,26,199605,31,5544715,IOWA,Flood,MAHASKA,0,0,0,0,,,,,,
199606,20,199606,28,5553857,IOWA,Flood,GREENE,0,0,0,0,,,,,,
199606,20,199606,28,5553858,IOWA,Flood,AUDUBON,0,0,0,0,,,,,,
199605,23,199605,24,5544687,IOWA,Flood,ADAIR,0,0,0,0,,,,,,
199605,23,199605,24,5544688,IOWA,Flood,MADISON,0,0,0,0,,,,,,
199605,26,199605,31,5544716,IOWA,Flood,ADAMS,0,0,0,0,,,,,,
199606,17,199606,25,5553691,IOWA,Flood,SAC,0,0,0,0,,,,,,
199606,17,199606,25,5553845,IOWA,Flood,TAMA,0,0,0,0,,,,,,
199605,23,199605,24,5544698,IOWA,Flood,TAYLOR,0,0,0,0,,,,,,
199605,26,199605,31,5544713,IOWA,Flood,WARREN,0,0,0,0,,,,,,
199605,26,199605,31,5544714,IOWA,Flood,MARION,0,0,0,0,,,,,,
199606,20,199606,20,5553664,IOWA,Flood,AUDUBON,0,0,0,0,50K,10K,,,,
199606,21,199606,21,5553665,IOWA,Flash Flood,CARROLL,0,0,0,0,.25M,75K,,,,
199605,23,199605,24,5544695,IOWA,Flood,LUCAS,0,0,0,0,,,,,,
199605,23,199605,24,5544696,IOWA,Flood,MONROE,0,0,0,0,,,,,,
199605,23,199605,24,5544697,IOWA,Flood,WAPELLO,0,0,0,0,,,,,,
199605,23,199605,24,5544685,IOWA,Flood,POWESHIEK,0,0,0,0,,,,,,
199605,23,199605,24,5544686,IOWA,Flood,CASS,0,0,0,0,,,,,,
199605,8,199605,9,5569867,IOWA,Flash Flood,VAN BUREN,0,0,0,0,,,,,,
199605,9,199605,10,5569868,IOWA,Flash Flood,WASHINGTON,0,0,0,0,,,,,,
199605,9,199605,9,5544251,IOWA,Flood,MAHASKA,0,0,0,0,50K,,,,,
199605,9,199605,10,5544252,IOWA,Flood,POLK,0,0,0,0,.2M,,,,,
199605,9,199605,10,5557826,IOWA,Flood,WASHINGTON,0,0,0,0,,,,,,
199607,17,199607,19,5561987,IOWA,Flood,AUDUBON,0,0,0,0,,,,,,
199605,23,199605,24,5544703,IOWA,Flood,DAVIS,0,0,0,0,.25M,75K,,,,
199605,26,199605,31,5544704,IOWA,Flood,AUDUBON,0,0,0,0,,,,,,
199605,23,199605,24,5544702,IOWA,Flood,APPANOOSE,0,0,0,0,,,,,,
199605,26,199605,31,5544705,IOWA,Flood,GUTHRIE,0,0,0,0,,,,,,
199605,26,199605,31,5544706,IOWA,Flood,DALLAS,0,0,0,0,,,,,,
199605,9,199605,13,5544672,IOWA,Flood,MONROE,0,0,0,0,,,,,,
199605,9,199605,13,5544673,IOWA,Flood,WAPELLO,0,0,0,0,,,,,,
199605,9,199605,10,5557828,IOWA,Flood,DES MOINES,0,0,0,0,,,,,,
199605,23,199605,24,5544701,IOWA,Flood,WAYNE,0,0,0,0,,,,,,
199605,9,199605,13,5544668,IOWA,Flood,ADAMS,0,0,0,0,,,,,,
199606,17,199606,25,5553839,IOWA,Flood,BLACK HAWK,0,0,0,0,,,,,,
199606,17,199606,25,5553840,IOWA,Flood,CARROLL,0,0,0,0,,,,,,
199606,21,199606,21,5553668,IOWA,Flood,CALHOUN,0,0,0,0,30K,5K,,,,
199605,10,199605,11,5544262,IOWA,Flood,DALLAS,0,0,0,0,,,,,,
199605,10,199605,11,5544263,IOWA,Flood,POLK,0,0,0,0,,,,,,
199605,9,199605,13,5544675,IOWA,Flood,RINGGOLD,0,0,0,0,,,,,,
199605,9,199605,13,5544676,IOWA,Flood,DECATUR,0,0,0,0,,,,,,
199605,9,199605,13,5544677,IOWA,Flood,WAYNE,0,0,0,0,,,,,,
199605,23,199605,24,5544699,IOWA,Flood,RINGGOLD,0,0,0,0,,,,,,
199606,21,199606,22,5562445,IOWA,Flood,HARRISON,0,0,0,0,7.5M,24M,,,,
199605,9,199605,13,5544678,IOWA,Flood,APPANOOSE,0,0,0,0,,,,,,
199605,23,199605,24,5544682,IOWA,Flood,DALLAS,0,0,0,0,,,,,,
199605,23,199605,24,5544683,IOWA,Flood,POLK,0,0,0,0,,,,,,
199605,26,199605,31,5544710,IOWA,Flood,CASS,0,0,0,0,,,,,,
199605,26,199605,31,5544721,IOWA,Flood,WAPELLO,0,0,0,0,,,,,,
199605,26,199605,31,5544722,IOWA,Flood,TAYLOR,0,0,0,0,,,,,,
199605,26,199605,31,5544723,IOWA,Flood,RINGGOLD,0,0,0,0,,,,,,
199605,9,199605,10,5557833,IOWA,Flood,JEFFERSON,0,0,0,0,,,,,,
199605,9,199605,10,5557834,IOWA,Flood,HENRY,0,0,0,0,,,,,,
199605,26,199605,31,5544720,IOWA,Flood,MONROE,0,0,0,0,,,,,,
199605,23,199605,24,5544691,IOWA,Flood,MAHASKA,0,0,0,0,,,,,,
199607,16,199607,17,5556819,IOWA,Flash Flood,WOODBURY,0,0,0,0,1M,,,,,
199605,9,199605,13,5544679,IOWA,Flood,DAVIS,0,0,0,0,.1M,50K,,,,
199605,9,199605,9,5545086,IOWA,Flash Flood,MAHASKA,0,0,0,0,.5M,,,,,
199605,23,199605,24,5544690,IOWA,Flood,MARION,0,0,0,0,,,,,,
199605,9,199605,13,5544670,IOWA,Flood,CLARKE,0,0,0,0,,,,,,
199605,9,199605,13,5544671,IOWA,Flood,LUCAS,0,0,0,0,,,,,,
199605,10,199605,11,5544264,IOWA,Flood,MADISON,0,0,0,0,,,,,,
199605,23,199605,24,5544680,IOWA,Flood,AUDUBON,0,0,0,0,,,,,,
199605,23,199605,24,5544681,IOWA,Flood,GUTHRIE,0,0,0,0,,,,,,
199605,9,199605,13,5544669,IOWA,Flood,UNION,0,0,0,0,,,,,,
199605,9,199605,10,5544259,IOWA,Flood,POWESHIEK,0,0,0,0,50K,,,,,
199607,17,199607,19,5561986,IOWA,Flood,GREENE,0,0,0,0,,,,,,
199606,19,199606,26,5561632,IOWA,Flood,PLYMOUTH,0,0,0,0,.3M,1M,,,,
199607,16,199607,18,5557036,IOWA,Flood,HARRISON,0,0,0,0,1.5M,8M,,,,
199605,9,199605,13,5544667,IOWA,Flood,MAHASKA,0,0,0,0,,,,,,
199605,26,199605,31,5544724,IOWA,Flood,DECATUR,0,0,0,0,,,,,,
199606,19,199606,24,5561631,IOWA,Flood,SIOUX,0,0,0,0,.2M,.5M,,,,
199606,21,199606,21,5563944,IOWA,Flash Flood,HARRISON,0,0,0,0,,,,,,
199606,21,199606,21,5563941,IOWA,Flash Flood,MONONA,0,0,0,0,,,,,,
199606,21,199606,21,5563942,IOWA,Flash Flood,HARRISON,0,0,0,0,,,,,,
199606,23,199606,23,5563947,IOWA,Flash Flood,PAGE,0,0,0,0,,,,,,
199605,9,199605,13,5544666,IOWA,Flood,MARION,0,0,0,0,,,,,,
199605,23,199605,24,5544684,IOWA,Flood,JASPER,0,0,0,0,,,,,,
199606,19,199606,26,5561634,IOWA,Flood,WOODBURY,0,0,0,0,.4M,1M,,,,
199605,23,199605,24,5544700,IOWA,Flood,DECATUR,0,0,0,0,,,,,,
199607,17,199607,19,5561984,IOWA,Flood,CALHOUN,0,0,0,0,,,,,,
199607,17,199607,19,5561985,IOWA,Flood,CARROLL,0,0,0,0,,,,,,
199606,21,199606,21,5563943,IOWA,Flash Flood,SHELBY,0,0,0,0,,,,,,
199607,17,199607,19,5561983,IOWA,Flood,SAC,0,0,0,0,,,,,,
199602,9,199602,12,5540505,IOWA,Flood,TAMA,0,0,0,0,,,,,,
199608,4,199608,5,5557627,IOWA,Flood,SAC,0,0,0,0,75K,5K,,,,
199608,4,199608,5,5557628,IOWA,Flood,POCAHONTAS,0,0,0,0,75K,5K,,,,
199602,9,199602,12,5540509,IOWA,Flood,POWESHIEK,0,0,0,0,,,,,,
199707,24,199707,24,5603124,IOWA,Flood,WAYNE,0,0,0,0,25K,15K,,,,
199707,24,199707,24,5603125,IOWA,Flash Flood,POLK,0,0,0,0,.2M,20K,,,,
199707,24,199707,24,5603119,IOWA,Flood,DALLAS,0,0,0,0,25K,15K,,,,
199707,22,199707,22,5603028,IOWA,Flash Flood,PALO ALTO,0,0,0,0,.1M,5K,,,,
199706,1,199706,30,5612745,IOWA,Flood,MILLS,0,0,0,0,,,,,,
199708,16,199708,16,5609905,IOWA,Flash Flood,MUSCATINE,0,0,0,0,,,,,,
199706,1,199706,30,5612746,IOWA,Flood,FREMONT,0,0,0,0,,,,,,
199702,18,199702,24,5585532,IOWA,Flood,GRUNDY,0,0,0,0,,,,,,
199702,18,199702,24,5585540,IOWA,Flood,TAMA,0,0,0,0,,,,,,
199702,18,199702,24,5585529,IOWA,Flood,WEBSTER,0,0,0,0,,,,,,
199702,18,199702,28,5590765,IOWA,Flood,FREMONT,0,0,0,0,,,,,,
199702,18,199702,24,5586115,IOWA,Flood,POLK,0,0,0,0,,,,,,
199702,18,199702,24,5586131,IOWA,Flood,RINGGOLD,0,0,0,0,,,,,,
199707,24,199707,24,5603121,IOWA,Flood,WARREN,0,0,0,0,25K,15K,,,,
199707,24,199707,24,5603122,IOWA,Flood,LUCAS,0,0,0,0,25K,15K,,,,
199707,24,199707,24,5603123,IOWA,Flood,APPANOOSE,0,0,0,0,25K,15K,,,,
199707,26,199707,26,5603146,IOWA,Flash Flood,PALO ALTO,0,0,0,0,.15M,20K,,,,
199702,18,199702,24,5585536,IOWA,Flood,GREENE,0,0,0,0,,,,,,
199702,18,199702,24,5586130,IOWA,Flood,TAYLOR,0,0,0,0,,,,,,
199702,18,199702,24,5586128,IOWA,Flood,MONROE,0,0,0,0,,,,,,
199707,24,199707,24,5603120,IOWA,Flood,POLK,0,0,0,0,25K,15K,,,,
199702,18,199702,24,5586123,IOWA,Flood,MAHASKA,0,0,0,0,,,,,,
199702,18,199702,24,5585538,IOWA,Flood,STORY,0,0,0,0,,,,,,
199702,18,199702,24,5586132,IOWA,Flood,DECATUR,0,0,0,0,,,,,,
199702,19,199702,19,5586136,IOWA,Flash Flood,POLK,0,0,1,0,30K,,,,,
199702,19,199702,20,5586137,IOWA,Flash Flood,POLK,0,0,0,0,.1M,,,,,
199702,18,199702,24,5585539,IOWA,Flood,MARSHALL,0,0,0,0,,,,,,
199706,21,199706,26,5598899,IOWA,Flood,HAMILTON,0,0,0,0,,,,,,
199702,18,199702,28,5590770,IOWA,Flood,MILLS,0,0,0,0,,,,,,
199702,18,199702,24,5586118,IOWA,Flood,CASS,0,0,0,0,,,,,,
199702,18,199702,24,5586113,IOWA,Flood,GUTHRIE,0,0,0,0,,,,,,
199702,18,199702,24,5585530,IOWA,Flood,HAMILTON,0,0,0,0,,,,,,
199706,21,199706,26,5598895,IOWA,Flood,FRANKLIN,0,0,0,0,,,,,,
199706,21,199706,26,5598893,IOWA,Flood,HUMBOLDT,0,0,0,0,,,,,,
199702,20,199702,22,5589259,IOWA,Flash Flood,JACKSON,0,0,0,0,,,,,,
199706,21,199706,26,5598896,IOWA,Flood,BUTLER,0,0,0,0,,,,,,
199706,21,199706,26,5598897,IOWA,Flood,BREMER,0,0,0,0,,,,,,
199706,21,199706,26,5598894,IOWA,Flood,WRIGHT,0,0,0,0,,,,,,
199702,18,199702,24,5586124,IOWA,Flood,ADAMS,0,0,0,0,,,,,,
199705,1,199705,3,5613755,IOWA,Flood,HARDIN,0,0,0,0,,,,,,
199705,1,199705,3,5613757,IOWA,Flood,TAMA,0,0,0,0,,,,,,
199705,7,199705,8,5613758,IOWA,Flood,WARREN,0,0,0,0,,,,,,
199705,7,199705,8,5613759,IOWA,Flood,MARION,0,0,0,0,,,,,,
199702,18,199702,24,5586129,IOWA,Flood,WAPELLO,0,0,0,0,,,,,,
199702,18,199702,24,5586127,IOWA,Flood,LUCAS,0,0,0,0,,,,,,
199702,18,199702,24,5585535,IOWA,Flood,CARROLL,0,0,0,0,,,,,,
199702,18,199702,24,5586135,IOWA,Flood,DAVIS,0,0,0,0,.75M,,,,,
199704,1,199704,15,5605550,IOWA,Flood,CHEROKEE,0,0,0,0,,,,,,
199702,20,199702,22,5589273,IOWA,Flash Flood,LEE,0,0,0,0,,,,,,
199702,18,199702,24,5586114,IOWA,Flood,DALLAS,0,0,0,0,,,,,,
199702,18,199702,24,5586134,IOWA,Flood,APPANOOSE,0,0,0,0,,,,,,
199702,18,199702,24,5586126,IOWA,Flood,CLARKE,0,0,0,0,,,,,,
199702,18,199702,24,5586121,IOWA,Flood,WARREN,0,0,0,0,,,,,,
199702,18,199702,24,5585528,IOWA,Flood,CALHOUN,0,0,0,0,,,,,,
199702,18,199702,24,5585534,IOWA,Flood,CRAWFORD,0,0,0,0,,,,,,
199702,18,199702,24,5585533,IOWA,Flood,BLACK HAWK,0,0,0,0,,,,,,
199702,18,199702,24,5585531,IOWA,Flood,HARDIN,0,0,0,0,,,,,,
199702,18,199702,24,5585537,IOWA,Flood,BOONE,0,0,0,0,,,,,,
199702,18,199702,24,5586119,IOWA,Flood,ADAIR,0,0,0,0,,,,,,
199702,18,199702,24,5586133,IOWA,Flood,WAYNE,0,0,0,0,,,,,,
199702,18,199702,24,5586117,IOWA,Flood,POWESHIEK,0,0,0,0,,,,,,
199702,18,199702,24,5586120,IOWA,Flood,MADISON,0,0,0,0,,,,,,
199702,18,199702,24,5586125,IOWA,Flood,UNION,0,0,0,0,,,,,,
199706,21,199706,26,5598901,IOWA,Flood,GRUNDY,0,0,0,0,,,,,,
199706,21,199706,26,5598900,IOWA,Flood,HARDIN,0,0,0,0,,,,,,
199702,18,199702,24,5586116,IOWA,Flood,JASPER,0,0,0,0,,,,,,
199702,20,199702,22,5589261,IOWA,Flash Flood,JOHNSON,0,0,0,0,,,,,,
199702,18,199702,28,5590767,IOWA,Flood,PAGE,0,0,0,0,,,,,,
199702,18,199702,24,5585541,IOWA,Flood,AUDUBON,0,0,0,0,,,,,,
199702,18,199702,24,5586122,IOWA,Flood,MARION,0,0,0,0,,,,,,
199702,18,199702,28,5590766,IOWA,Flood,MONTGOMERY,0,0,0,0,,,,,,
199704,1,199704,15,5605553,IOWA,Flood,IDA,0,0,0,0,,,,,,
199706,21,199706,26,5599574,IOWA,Flood,BLACK HAWK,0,0,0,0,,,,,,
199704,8,199704,30,5592366,IOWA,Flood,CLINTON,0,0,0,0,,,,,,
199702,20,199702,22,5589263,IOWA,Flash Flood,CLINTON,0,0,0,0,,,,,,
199702,20,199702,22,5589264,IOWA,Flash Flood,MUSCATINE,0,0,0,0,,,,,,
199705,7,199705,7,5613620,IOWA,Flood,POLK,0,0,0,0,15K,,,,,
199705,7,199705,7,5613621,IOWA,Flood,WARREN,0,0,0,0,40K,,,,,
199705,7,199705,7,5613622,IOWA,Flood,MADISON,0,0,0,0,75K,,,,,
199705,1,199705,13,5605684,IOWA,Flood,LYON,0,0,0,0,,,,,,
199705,1,199705,3,5607069,IOWA,Flood,HARRISON,0,0,0,0,,,,,,
199705,1,199705,20,5607071,IOWA,Flood,POTTAWATTAMIE,0,0,0,0,,,,,,
199706,21,199706,26,5599576,IOWA,Flood,MARSHALL,0,0,0,0,,,,,,
199706,21,199706,26,5599577,IOWA,Flood,JASPER,0,0,0,0,,,,,,
199706,21,199706,26,5599578,IOWA,Flood,MAHASKA,0,0,0,0,60K,.1M,,,,
199704,1,199704,15,5605551,IOWA,Flood,CLAY,0,0,0,0,,,,,,
199702,20,199702,22,5589254,IOWA,Flash Flood,BUCHANAN,0,0,0,0,,,,,,
199702,20,199702,22,5589255,IOWA,Flash Flood,DELAWARE,0,0,0,0,,,,,,
199702,20,199702,22,5589267,IOWA,Flash Flood,WASHINGTON,0,0,0,0,,,,,,
199702,20,199702,22,5589269,IOWA,Flash Flood,JEFFERSON,0,0,0,0,,,,,,
199702,20,199702,22,5589270,IOWA,Flash Flood,HENRY,0,0,0,0,,,,,,
199702,20,199702,22,5589268,IOWA,Flash Flood,LOUISA,0,0,0,0,,,,,,
199702,20,199702,22,5589271,IOWA,Flash Flood,DES MOINES,0,0,0,0,,,,,,
199702,20,199702,22,5589272,IOWA,Flash Flood,VAN BUREN,0,0,0,0,,,,,,
199702,20,199702,22,5589265,IOWA,Flash Flood,SCOTT,0,0,0,0,,,,,,
199702,20,199702,22,5589266,IOWA,Flash Flood,KEOKUK,0,0,0,0,,,,,,
199704,1,199704,15,5605552,IOWA,Flood,DICKINSON,0,0,0,0,,,,,,
199704,8,199704,30,5592364,IOWA,Flood,DUBUQUE,0,0,0,0,,,,,,
199704,8,199704,30,5592368,IOWA,Flood,MUSCATINE,0,0,0,0,,,,,,
199705,1,199705,1,5607078,IOWA,Flood,FREMONT,0,0,0,0,,,,,,
199705,1,199705,31,5607077,IOWA,Flood,MILLS,0,0,0,0,,,,,,
199706,22,199706,23,5598878,IOWA,Flash Flood,BUTLER,0,0,0,0,.2M,.1M,,,,
199706,22,199706,23,5598879,IOWA,Flash Flood,FRANKLIN,0,0,0,0,.2M,.1M,,,,
199706,22,199706,23,5598880,IOWA,Flash Flood,HANCOCK,0,0,0,0,.1M,50K,,,,
199706,22,199706,23,5598881,IOWA,Flash Flood,WRIGHT,0,0,0,0,.1M,50K,,,,
199704,1,199704,30,5605546,IOWA,Flood,PLYMOUTH,0,0,0,0,,,,,,
199704,1,199704,30,5605547,IOWA,Flood,SIOUX,0,0,0,0,,,,,,
199702,18,199702,28,5590769,IOWA,Flood,POTTAWATTAMIE,0,0,0,0,,,,,,
199702,18,199702,28,5590763,IOWA,Flood,MONONA,0,0,0,0,,,,,,
199702,18,199702,28,5590764,IOWA,Flood,HARRISON,0,0,0,0,,,,,,
199704,8,199704,30,5592371,IOWA,Flood,LEE,0,0,0,0,,,,,,
199706,21,199706,26,5598898,IOWA,Flood,WEBSTER,0,0,0,0,,,,,,
199704,1,199704,15,5605549,IOWA,Flood,BUENA VISTA,0,0,0,0,,,,,,
199702,20,199702,22,5589256,IOWA,Flash Flood,DUBUQUE,0,0,0,0,,,,,,
199702,20,199702,22,5589257,IOWA,Flash Flood,LINN,0,0,0,0,,,,,,
199702,20,199702,22,5589258,IOWA,Flash Flood,JONES,0,0,0,0,,,,,,
199706,21,199706,26,5599575,IOWA,Flood,STORY,0,0,0,0,,,,,,
199702,20,199702,22,5589262,IOWA,Flash Flood,CEDAR,0,0,0,0,,,,,,
199702,20,199702,22,5589260,IOWA,Flash Flood,IOWA,0,0,0,0,,,,,,
199704,8,199704,30,5592367,IOWA,Flood,SCOTT,0,0,0,0,,,,,,
199702,18,199702,28,5590768,IOWA,Flood,SHELBY,0,0,0,0,,,,,,
199704,1,199704,15,5605554,IOWA,Flood,O'BRIEN,0,0,0,0,,,,,,
199704,1,199704,15,5605555,IOWA,Flood,OSCEOLA,0,0,0,0,,,,,,
199703,19,199703,23,5590616,IOWA,Flood,CERRO GORDO,0,0,0,0,,,,,,
199703,19,199703,23,5590617,IOWA,Flood,POCAHONTAS,0,0,0,0,,,,,,
199703,19,199703,23,5590618,IOWA,Flood,HUMBOLDT,0,0,0,0,,,,,,
199703,19,199703,23,5590615,IOWA,Flood,HANCOCK,0,0,0,0,,,,,,
199704,7,199704,21,5592391,IOWA,Flood,ALLAMAKEE,0,0,0,0,,,,,,
199704,7,199704,21,5592392,IOWA,Flood,CLAYTON,0,0,0,0,.45M,,,,,
199704,8,199704,30,5592370,IOWA,Flood,DES MOINES,0,0,0,0,,,,,,
199703,12,199703,28,5592013,IOWA,Flood,OSCEOLA,0,0,0,0,,,,,,
199703,12,199703,28,5592020,IOWA,Flood,BUENA VISTA,0,0,0,0,,,,,,
199703,12,199703,31,5592021,IOWA,Flood,WOODBURY,0,0,0,0,,,,,,
199704,8,199704,30,5592369,IOWA,Flood,LOUISA,0,0,0,0,,,,,,
199703,12,199703,31,5592012,IOWA,Flood,LYON,0,0,0,0,,,,,,
199703,9,199703,13,5590600,IOWA,Flood,WINNEBAGO,0,0,0,0,,,,,,
199703,9,199703,13,5590599,IOWA,Flood,KOSSUTH,0,0,0,0,,,,,,
199703,12,199703,28,5592017,IOWA,Flood,CLAY,0,0,0,0,,,,,,
199703,12,199703,28,5592014,IOWA,Flood,DICKINSON,0,0,0,0,,,,,,
199703,12,199703,31,5592015,IOWA,Flood,SIOUX,0,0,0,0,,,,,,
199703,12,199703,28,5592016,IOWA,Flood,O'BRIEN,0,0,0,0,,,,,,
199703,12,199703,31,5592018,IOWA,Flood,PLYMOUTH,0,0,0,0,,,,,,
199703,12,199703,28,5592019,IOWA,Flood,CHEROKEE,0,0,0,0,,,,,,
199703,12,199703,28,5592022,IOWA,Flood,IDA,0,0,0,0,,,,,,
199703,9,199703,13,5590602,IOWA,Flood,HANCOCK,0,0,0,0,,,,,,
199703,9,199703,13,5590603,IOWA,Flood,CERRO GORDO,0,0,0,0,,,,,,
199704,1,199704,10,5596217,IOWA,Flood,PALO ALTO,0,0,0,0,,,,,,
199704,1,199704,30,5605548,IOWA,Flood,WOODBURY,0,0,0,0,,,,,,
199705,1,199705,13,5605685,IOWA,Flood,PLYMOUTH,0,0,0,0,,,,,,
199705,1,199705,13,5605686,IOWA,Flood,SIOUX,0,0,0,0,,,,,,
199704,2,199704,30,5594770,IOWA,Flood,FREMONT,0,0,0,0,,,,,,
199703,24,199703,31,5590631,IOWA,Flood,KOSSUTH,0,0,0,0,,,,,,
199703,9,199703,13,5590601,IOWA,Flood,WORTH,0,0,0,0,,,,,,
199704,1,199704,10,5596215,IOWA,Flood,KOSSUTH,0,0,0,0,,,,,,
199704,1,199704,10,5596218,IOWA,Flood,HANCOCK,0,0,0,0,,,,,,
199703,19,199703,23,5590619,IOWA,Flood,WRIGHT,0,0,0,0,,,,,,
199703,19,199703,23,5590620,IOWA,Flood,FRANKLIN,0,0,0,0,,,,,,
199703,19,199703,23,5590621,IOWA,Flood,BUTLER,0,0,0,0,,,,,,
199703,19,199703,23,5590622,IOWA,Flood,BREMER,0,0,0,0,,,,,,
199703,19,199703,23,5590623,IOWA,Flood,WEBSTER,0,0,0,0,,,,,,
199703,19,199703,23,5590624,IOWA,Flood,HAMILTON,0,0,0,0,,,,,,
199703,9,199703,13,5590606,IOWA,Flood,BUTLER,0,0,0,0,,,,,,
199703,24,199703,31,5590634,IOWA,Flood,HUMBOLDT,0,0,0,0,,,,,,
199703,24,199703,31,5590633,IOWA,Flood,HANCOCK,0,0,0,0,,,,,,
199705,1,199705,3,5613756,IOWA,Flood,MARSHALL,0,0,0,0,5K,,,,,
199703,19,199703,23,5590626,IOWA,Flood,GRUNDY,0,0,0,0,,,,,,
199703,19,199703,23,5590627,IOWA,Flood,BLACK HAWK,0,0,0,0,,,,,,
199703,19,199703,23,5590628,IOWA,Flood,MARSHALL,0,0,0,0,,,,,,
199703,19,199703,23,5590625,IOWA,Flood,HARDIN,0,0,0,0,,,,,,
199703,19,199703,23,5590629,IOWA,Flood,TAMA,0,0,0,0,50K,,,,,
199704,1,199704,10,5596216,IOWA,Flood,WINNEBAGO,0,0,0,0,,,,,,
199703,24,199703,31,5590630,IOWA,Flood,EMMET,0,0,0,0,50K,,,,,
199705,7,199705,8,5613763,IOWA,Flood,MONROE,0,0,0,0,,,,,,
199705,7,199705,8,5613764,IOWA,Flood,WAPELLO,0,0,0,0,10K,,,,,
199704,14,199704,16,5596372,IOWA,Flood,CLARKE,0,0,0,0,,,,,,
199703,24,199703,31,5590632,IOWA,Flood,PALO ALTO,0,0,0,0,,,,,,
199705,7,199705,8,5613761,IOWA,Flood,CLARKE,0,0,0,0,,,,,,
199705,7,199705,8,5613762,IOWA,Flood,LUCAS,0,0,0,0,,,,,,
199704,1,199704,30,5605545,IOWA,Flood,LYON,0,0,0,0,,,,,,
199705,7,199705,8,5613760,IOWA,Flood,MAHASKA,0,0,0,0,,,,,,
199704,2,199704,30,5594767,IOWA,Flood,HARRISON,0,0,0,0,,,,,,
199704,1,199704,10,5596219,IOWA,Flood,POCAHONTAS,0,0,0,0,,,,,,
199704,1,199704,10,5596220,IOWA,Flood,HUMBOLDT,0,0,0,0,,,,,,
199704,1,199704,10,5596221,IOWA,Flood,WEBSTER,0,0,0,0,,,,,,
199703,9,199703,13,5590609,IOWA,Flood,BLACK HAWK,0,0,0,0,,,,,,
199704,1,199704,10,5596371,IOWA,Flood,BOONE,0,0,0,0,,,,,,
199704,14,199704,16,5596373,IOWA,Flood,LUCAS,0,0,0,0,10K,,,,,
199703,9,199703,13,5590607,IOWA,Flood,BREMER,0,0,0,0,,,,,,
199703,9,199703,13,5590608,IOWA,Flood,GRUNDY,0,0,0,0,,,,,,
199704,2,199704,30,5594768,IOWA,Flood,POTTAWATTAMIE,0,0,0,0,,,,,,
199704,2,199704,30,5594769,IOWA,Flood,MILLS,0,0,0,0,,,,,,
199703,9,199703,13,5590604,IOWA,Flood,WRIGHT,0,0,0,0,,,,,,
199704,1,199704,10,5596214,IOWA,Flood,EMMET,0,0,0,0,.15M,,,,,
199703,19,199703,23,5590614,IOWA,Flood,WORTH,0,0,0,0,,,,,,
199703,9,199703,13,5590605,IOWA,Flood,FRANKLIN,0,0,0,0,,,,,,
199703,19,199703,23,5590613,IOWA,Flood,WINNEBAGO,0,0,0,0,,,,,,
199703,9,199703,13,5590610,IOWA,Flood,MARSHALL,0,0,0,0,,,,,,
199704,8,199704,30,5592365,IOWA,Flood,JACKSON,0,0,0,0,,,,,,
199703,9,199703,13,5590611,IOWA,Flood,TAMA,0,0,0,0,.15M,,,,,
199703,19,199703,23,5590612,IOWA,Flood,KOSSUTH,0,0,0,0,,,,,,
199709,2,199709,2,5617997,IOWA,Flash Flood,POTTAWATTAMIE,0,0,0,0,,,,,,
199709,2,199709,2,5617998,IOWA,Flash Flood,MILLS,0,0,0,0,,,,,,
199806,14,199806,14,5665895,IOWA,Flood,LINN,0,0,0,0,2K,,,,,
199810,17,199810,17,5667465,IOWA,Flash Flood,IOWA,0,0,0,0,,,,,,
199810,17,199810,20,5669395,IOWA,Flood,LUCAS,0,0,0,0,70K,10K,,,,
199810,17,199810,20,5669392,IOWA,Flood,BUTLER,0,0,0,0,70K,10K,,,,
199806,28,199806,28,5670796,IOWA,Flash Flood,ALLAMAKEE,0,0,0,0,,40K,,,,
199806,28,199806,28,5670797,IOWA,Flash Flood,CHICKASAW,0,0,0,0,,35K,,,,
199805,23,199805,24,5663182,IOWA,Flood,LEE,0,0,0,0,,,,,,
199806,29,199806,29,5652985,IOWA,Flood,STORY,0,0,0,0,50K,10K,,,,
199806,14,199806,17,5651606,IOWA,Flood,MONTGOMERY,0,0,0,0,,2M,,,,
199805,16,199805,18,5647099,IOWA,Flood,EMMET,0,0,0,0,20K,10K,,,,
199805,16,199805,18,5647100,IOWA,Flood,GREENE,0,0,0,0,20K,10K,,,,
199805,16,199805,18,5647101,IOWA,Flood,HUMBOLDT,0,0,0,0,20K,10K,,,,
199810,17,199810,20,5669394,IOWA,Flood,CLARKE,0,0,0,0,70K,10K,,,,
199806,28,199806,30,5653284,IOWA,Flood,WEBSTER,0,0,0,0,75K,20K,,,,
199806,17,199806,17,5654177,IOWA,Flood,MAHASKA,0,0,0,0,25K,,,,,
199805,23,199805,23,5646926,IOWA,Flood,DAVIS,0,0,0,0,50K,5K,,,,
199805,19,199805,19,5645897,IOWA,Flood,JASPER,0,0,0,0,30K,2K,,,,
199810,17,199810,20,5669393,IOWA,Flood,APPANOOSE,0,0,0,0,70K,10K,,,,
199806,14,199806,16,5653149,IOWA,Flood,POLK,0,0,0,0,.1M,20K,,,,
199806,29,199806,29,5652988,IOWA,Flood,MARSHALL,0,0,0,0,50K,10K,,,,
199806,29,199806,29,5652989,IOWA,Flood,POLK,0,0,0,0,75K,10K,,,,
199806,27,199806,27,5654147,IOWA,Flash Flood,ALLAMAKEE,0,0,0,0,20K,,,,,
199806,29,199806,29,5652986,IOWA,Flood,DALLAS,0,0,0,0,50K,10K,,,,
199806,29,199806,29,5652987,IOWA,Flood,JASPER,0,0,0,0,50K,10K,,,,
199806,20,199806,20,5652495,IOWA,Flood,FRANKLIN,0,0,0,0,100K,15K,,,,
199804,7,199804,12,5640162,IOWA,Flood,HAMILTON,0,0,0,0,15K,,,,,
199804,21,199804,25,5640174,IOWA,Flood,CALHOUN,0,0,0,0,.5K,,,,,
199804,6,199804,6,5641620,IOWA,Flood,CALHOUN,0,0,0,0,50K,,,,,
199804,6,199804,6,5641621,IOWA,Flood,CARROLL,0,0,0,0,50K,,,,,
199806,21,199806,23,5653251,IOWA,Flood,HARDIN,0,0,0,0,.1M,20K,,,,
199806,14,199806,16,5653137,IOWA,Flood,CALHOUN,0,0,0,0,.1M,20K,,,,
199806,28,199806,30,5653275,IOWA,Flood,BUTLER,0,0,0,0,75K,20K,,,,
199806,18,199806,20,5653166,IOWA,Flood,WARREN,0,0,0,0,.75M,50K,,,,
199806,18,199806,20,5653167,IOWA,Flood,WEBSTER,0,0,0,0,.1M,20K,,,,
199804,6,199804,6,5641622,IOWA,Flood,CRAWFORD,0,0,0,0,100K,,,,,
199804,6,199804,6,5641623,IOWA,Flood,GREENE,0,0,0,0,50K,,,,,
199804,6,199804,6,5641624,IOWA,Flood,HAMILTON,0,0,0,0,50K,,,,,
199804,6,199804,6,5641625,IOWA,Flood,WEBSTER,0,0,0,0,150K,,,,,
199806,20,199806,20,5652494,IOWA,Flood,CERRO GORDO,0,0,0,0,50K,5K,,,,
199807,6,199807,10,5653720,IOWA,Flood,WARREN,0,0,0,0,50K,.1M,,,,
199806,24,199806,27,5653260,IOWA,Flood,CARROLL,0,0,0,0,75K,20K,,,,
199806,20,199806,20,5652492,IOWA,Flood,BLACK HAWK,0,0,0,0,75K,5K,,,,
199806,20,199806,20,5652489,IOWA,Flood,CERRO GORDO,0,0,0,0,150K,10K,,,,
199806,14,199806,16,5653146,IOWA,Flood,MAHASKA,0,0,0,0,.1M,20K,,,,
199806,14,199806,14,5654076,IOWA,Flash Flood,CASS,0,0,0,0,2M,1.2M,,,,
199807,6,199807,10,5653704,IOWA,Flood,MARSHALL,0,0,0,0,50K,.1M,,,,
199807,6,199807,10,5653721,IOWA,Flood,WAYNE,0,0,0,0,50K,.1M,,,,
199806,28,199806,30,5653279,IOWA,Flood,HUMBOLDT,0,0,0,0,75K,20K,,,,
199806,28,199806,30,5653280,IOWA,Flood,MARSHALL,0,0,0,0,75K,20K,,,,
199806,27,199806,27,5653115,IOWA,Flood,WINNESHIEK,0,0,0,0,2K,2K,,,,
199806,21,199806,23,5653250,IOWA,Flood,CERRO GORDO,0,0,0,0,.1M,20K,,,,
199807,6,199807,10,5653716,IOWA,Flood,MONROE,0,0,0,0,50K,.1M,,,,
199806,20,199806,20,5652490,IOWA,Flood,HANCOCK,0,0,0,0,75K,10K,,,,
199806,17,199806,17,5654178,IOWA,Flood,POLK,0,0,0,0,50K,,,,,
199806,17,199806,17,5654179,IOWA,Flood,WARREN,0,0,0,0,30K,,,,,
199806,28,199806,30,5653274,IOWA,Flood,BOONE,0,0,0,0,75K,20K,,,,
199806,27,199806,27,5654145,IOWA,Flood,CHICKASAW,0,0,0,0,2K,1.3K,,,,
199805,15,199805,15,5645802,IOWA,Flood,KOSSUTH,0,0,0,0,20K,,,,,
199805,19,199805,19,5645896,IOWA,Flood,POLK,0,0,0,0,50K,2K,,,,
199806,14,199806,16,5653144,IOWA,Flood,JASPER,0,0,0,0,.1M,20K,,,,
199806,24,199806,27,5653272,IOWA,Flood,WEBSTER,0,0,0,0,75K,20K,,,,
199806,28,199806,30,5653273,IOWA,Flood,HANCOCK,0,0,0,0,75K,20K,,,,
199806,20,199806,20,5652497,IOWA,Flood,HANCOCK,0,0,0,0,50K,5K,,,,
199804,21,199804,25,5640175,IOWA,Flood,CARROLL,0,0,0,0,.5K,,,,,
199804,21,199804,25,5640176,IOWA,Flood,DALLAS,0,0,0,0,.5K,,,,,
199808,14,199808,14,5657406,IOWA,Flood,SAC,0,0,0,0,25K,5K,,,,
199804,7,199804,12,5640166,IOWA,Flood,WAPELLO,0,0,0,0,15K,,,,,
199806,8,199806,13,5653128,IOWA,Flood,DALLAS,0,0,0,0,50K,10K,,,,
199806,24,199806,27,5653264,IOWA,Flood,GREENE,0,0,0,0,75K,20K,,,,
199806,14,199806,14,5654089,IOWA,Flood,LUCAS,0,0,0,0,50K,30K,,,,
199806,14,199806,14,5654090,IOWA,Flood,MADISON,0,0,0,0,50K,30K,,,,
199806,14,199806,14,5654091,IOWA,Flood,MAHASKA,0,0,0,0,50K,30K,,,,
199806,14,199806,14,5654092,IOWA,Flood,MARION,0,0,0,0,50K,30K,,,,
199806,14,199806,14,5654093,IOWA,Flood,MONROE,0,0,0,0,50K,30K,,,,
199808,20,199808,20,5657410,IOWA,Flood,BREMER,0,0,0,0,25K,,,,,
199806,21,199806,23,5653169,IOWA,Flood,BUTLER,0,0,0,0,.1M,20K,,,,
199806,24,199806,27,5653265,IOWA,Flood,HAMILTON,0,0,0,0,75K,20K,,,,
199806,28,199806,30,5653276,IOWA,Flood,CERRO GORDO,0,0,0,0,75K,20K,,,,
199804,7,199804,12,5640167,IOWA,Flood,WEBSTER,0,0,0,0,15K,,,,,
199804,16,199804,19,5640168,IOWA,Flood,CALHOUN,0,0,0,0,5K,,,,,
199804,16,199804,19,5640169,IOWA,Flood,CARROLL,0,0,0,0,5K,,,,,
199806,14,199806,16,5653140,IOWA,Flood,CLARKE,0,0,0,0,.1M,20K,,,,
199806,24,199806,27,5653269,IOWA,Flood,MARSHALL,0,0,0,0,75K,20K,,,,
199806,14,199806,16,5653148,IOWA,Flood,MARSHALL,0,0,0,0,.1M,20K,,,,
199806,28,199806,28,5670798,IOWA,Flash Flood,FLOYD,0,0,0,0,,50K,,,,
199806,28,199806,28,5670799,IOWA,Flash Flood,HOWARD,0,0,0,0,20K,30K,,,,
199806,28,199806,28,5670800,IOWA,Flash Flood,WINNESHIEK,0,0,0,0,15K,25K,,,,
199805,7,199805,8,5647093,IOWA,Flood,MAHASKA,0,0,0,0,25K,10K,,,,
199805,7,199805,8,5647094,IOWA,Flood,WAYNE,0,0,0,0,25K,10K,,,,
199805,24,199805,26,5647105,IOWA,Flood,LUCAS,0,0,0,0,25K,10K,,,,
199805,23,199805,23,5646927,IOWA,Flood,WAPELLO,0,0,0,0,50K,5K,,,,
199807,21,199807,22,5666540,IOWA,Flood,LOUISA,0,0,0,0,,,,,,
199807,21,199807,22,5666541,IOWA,Flood,MUSCATINE,0,0,0,0,,,,,,
199807,21,199807,22,5666542,IOWA,Flood,WASHINGTON,0,0,0,0,,,,,,
199805,24,199805,26,5647103,IOWA,Flood,JASPER,0,0,0,0,25K,10K,,,,
199805,24,199805,26,5647104,IOWA,Flood,CLARKE,0,0,0,0,25K,10K,,,,
199805,16,199805,18,5647096,IOWA,Flood,CALHOUN,0,0,0,0,20K,10K,,,,
199805,16,199805,18,5647097,IOWA,Flood,CARROLL,0,0,0,0,20K,10K,,,,
199805,16,199805,18,5647098,IOWA,Flood,DALLAS,0,0,0,0,20K,10K,,,,
199805,16,199805,18,5647102,IOWA,Flood,KOSSUTH,0,0,0,0,20K,10K,,,,
199805,7,199805,8,5647095,IOWA,Flood,MARION,0,0,0,0,25K,10K,,,,
199804,7,199804,12,5640163,IOWA,Flood,LUCAS,0,0,0,0,15K,,,,,
199804,7,199804,12,5640164,IOWA,Flood,MAHASKA,0,0,0,0,15K,,,,,
199806,20,199806,20,5652496,IOWA,Flood,GRUNDY,0,0,0,0,50K,5K,,,,
199804,7,199804,12,5640165,IOWA,Flood,MARION,0,0,0,0,15K,,,,,
199804,21,199804,25,5640177,IOWA,Flood,GREENE,0,0,0,0,.5K,,,,,
199804,21,199804,25,5640178,IOWA,Flood,MAHASKA,0,0,0,0,.5K,,,,,
199806,14,199806,16,5653142,IOWA,Flood,GREENE,0,0,0,0,.1M,20K,,,,
199806,20,199806,20,5652488,IOWA,Flood,WORTH,0,0,0,0,75K,10K,,,,
199808,14,199808,14,5657404,IOWA,Flood,CRAWFORD,0,0,0,0,25K,5K,,,,
199806,21,199806,23,5653256,IOWA,Flood,TAMA,0,0,0,0,.1M,20K,,,,
199806,20,199806,20,5652498,IOWA,Flood,HARDIN,0,0,0,0,70K,5K,,,,
199806,17,199806,17,5654176,IOWA,Flood,DALLAS,0,0,0,0,25K,,,,,
199808,5,199808,5,5657400,IOWA,Flood,BLACK HAWK,0,0,0,0,10K,,,,,
199806,24,199806,27,5653257,IOWA,Flood,HANCOCK,0,0,0,0,75K,20K,,,,
199804,16,199804,19,5640173,IOWA,Flood,WEBSTER,0,0,0,0,5K,,,,,
199806,29,199806,29,5652990,IOWA,Flood,CALHOUN,0,0,0,0,50K,10K,,,,
199806,29,199806,29,5652991,IOWA,Flood,FRANKLIN,0,0,0,0,50K,10K,,,,
199806,29,199806,29,5652992,IOWA,Flood,HARDIN,0,0,0,0,50K,10K,,,,
199806,29,199806,29,5652993,IOWA,Flood,HUMBOLDT,0,0,0,0,50K,10K,,,,
199806,20,199806,20,5652493,IOWA,Flood,BREMER,0,0,0,0,50K,5K,,,,
199804,7,199804,12,5640158,IOWA,Flood,CALHOUN,0,0,0,0,15K,,,,,
199804,7,199804,12,5640159,IOWA,Flood,CARROLL,0,0,0,0,15K,,,,,
199804,7,199804,12,5640160,IOWA,Flood,DALLAS,0,0,0,0,15K,,,,,
199804,7,199804,12,5640161,IOWA,Flood,GREENE,0,0,0,0,15K,,,,,
199804,21,199804,25,5640179,IOWA,Flood,MARION,0,0,0,0,.5K,,,,,
199804,21,199804,25,5640180,IOWA,Flood,WAPELLO,0,0,0,0,.5K,,,,,
199804,16,199804,19,5640172,IOWA,Flood,HAMILTON,0,0,0,0,5K,,,,,
199804,16,199804,19,5640170,IOWA,Flood,DALLAS,0,0,0,0,5K,,,,,
199804,16,199804,19,5640171,IOWA,Flood,GREENE,0,0,0,0,5K,,,,,
199807,5,199807,5,5652946,IOWA,Flash Flood,CASS,0,0,0,0,100K,20K,,,,
199806,14,199806,16,5653139,IOWA,Flood,CASS,0,0,0,0,2.5M,200K,,,,
199806,23,199806,24,5652517,IOWA,Flash Flood,CRAWFORD,0,0,0,0,100K,25K,,,,
199806,23,199806,24,5652518,IOWA,Flash Flood,CALHOUN,0,0,0,0,75K,10K,,,,
199806,9,199806,30,5651603,IOWA,Flood,MILLS,0,0,0,0,,4M,,,,
199806,9,199806,30,5651602,IOWA,Flood,POTTAWATTAMIE,0,0,0,0,,2M,,,,
199806,9,199806,30,5651604,IOWA,Flood,FREMONT,0,0,0,0,,25M,,,,
199806,14,199806,17,5651605,IOWA,Flood,PAGE,0,0,0,0,,2M,,,,
199806,24,199806,27,5653258,IOWA,Flood,BUTLER,0,0,0,0,75K,20K,,,,
199806,24,199806,27,5653259,IOWA,Flood,CALHOUN,0,0,0,0,75K,20K,,,,
199808,20,199808,20,5657409,IOWA,Flood,BUTLER,0,0,0,0,25K,,,,,
199807,9,199807,9,5666537,IOWA,Flood,WASHINGTON,0,0,0,0,,,,,,
199806,8,199806,13,5653130,IOWA,Flood,MAHASKA,0,0,0,0,50K,10K,,,,
199805,24,199805,26,5647208,IOWA,Flood,MAHASKA,0,0,0,0,25K,10K,,,,
199805,24,199805,26,5647209,IOWA,Flood,MARION,0,0,0,0,25K,10K,,,,
199806,8,199806,13,5653131,IOWA,Flood,MARION,0,0,0,0,50K,10K,,,,
199810,17,199810,20,5669396,IOWA,Flood,MAHASKA,0,0,0,0,70K,10K,,,,
199805,23,199805,23,5646930,IOWA,Flood,GREENE,0,0,0,0,30K,2K,,,,
199805,7,199805,8,5647092,IOWA,Flood,LUCAS,0,0,0,0,25K,10K,,,,
199806,18,199806,18,5652469,IOWA,Flash Flood,HOWARD,0,0,0,0,15K,25K,,,,
199806,18,199806,18,5652470,IOWA,Flash Flood,CHICKASAW,0,0,0,0,12K,20K,,,,
199805,6,199805,7,5646500,IOWA,Flood,MARION,0,0,0,0,50K,,,,,
199805,9,199805,9,5646503,IOWA,Flood,POCAHONTAS,0,0,0,0,30K,,,,,
199806,14,199806,16,5653141,IOWA,Flood,DALLAS,0,0,0,0,.1M,20K,,,,
199807,21,199807,22,5653698,IOWA,Flood,AUDUBON,0,0,0,0,10K,5K,,,,
199807,21,199807,22,5653699,IOWA,Flood,ADAIR,0,0,0,0,10K,5K,,,,
199805,7,199805,8,5647089,IOWA,Flood,CLARKE,0,0,0,0,25K,10K,,,,
199807,6,199807,10,5653713,IOWA,Flood,LUCAS,0,0,0,0,50K,.1M,,,,
199805,7,199805,8,5647090,IOWA,Flood,APPANOOSE,0,0,0,0,25K,10K,,,,
199807,6,199807,10,5653705,IOWA,Flood,CALHOUN,0,0,0,0,50K,.1M,,,,
199807,6,199807,10,5653719,IOWA,Flood,WAPELLO,0,0,0,0,50K,.1M,,,,
199807,6,199807,10,5653714,IOWA,Flood,MAHASKA,0,0,0,0,50K,.1M,,,,
199807,6,199807,6,5652952,IOWA,Flood,WARREN,0,0,0,0,25K,5K,,,,
199806,27,199806,28,5652748,IOWA,Flood,BLACK HAWK,0,0,0,0,50K,10K,,,,
199806,27,199806,28,5652749,IOWA,Flood,BREMER,0,0,0,0,50K,10K,,,,
199806,27,199806,28,5652750,IOWA,Flood,BUTLER,0,0,0,0,50K,10K,,,,
199806,27,199806,28,5652751,IOWA,Flood,FRANKLIN,0,0,0,0,50K,10K,,,,
199806,27,199806,28,5652752,IOWA,Flood,GRUNDY,0,0,0,0,50K,10K,,,,
199806,27,199806,28,5652753,IOWA,Flood,HARDIN,0,0,0,0,50K,10K,,,,
199807,21,199807,22,5653702,IOWA,Flood,POLK,0,0,0,0,15K,5K,,,,
199807,21,199807,22,5653703,IOWA,Flood,DALLAS,0,0,0,0,10K,5K,,,,
199806,8,199806,13,5653132,IOWA,Flood,MARSHALL,0,0,0,0,50K,10K,,,,
199806,28,199806,30,5653283,IOWA,Flood,TAMA,0,0,0,0,75K,20K,,,,
199806,27,199806,27,5654150,IOWA,Flash Flood,WINNESHIEK,0,0,0,0,5K,,,,,
199807,6,199807,10,5653718,IOWA,Flood,POWESHIEK,0,0,0,0,50K,.1M,,,,
199806,28,199806,30,5653281,IOWA,Flood,POCAHONTAS,0,0,0,0,75K,20K,,,,
199806,28,199806,30,5653282,IOWA,Flood,POLK,0,0,0,0,75K,20K,,,,
199806,29,199806,29,5652994,IOWA,Flood,POCAHONTAS,0,0,0,0,50K,10K,,,,
199806,29,199806,29,5652995,IOWA,Flood,WEBSTER,0,0,0,0,50K,10K,,,,
199806,24,199806,27,5653261,IOWA,Flood,CERRO GORDO,0,0,0,0,75K,20K,,,,
199806,14,199806,16,5653147,IOWA,Flood,MARION,0,0,0,0,.1M,20K,,,,
199807,21,199807,22,5653377,IOWA,Flash Flood,CASS,0,0,0,0,50K,10K,,,,
199807,6,199807,10,5653708,IOWA,Flood,GREENE,0,0,0,0,50K,.1M,,,,
199807,6,199807,6,5652949,IOWA,Flood,WAPELLO,0,0,0,0,25K,5K,,,,
199807,6,199807,6,5652950,IOWA,Flood,MAHASKA,0,0,0,0,25K,5K,,,,
199807,6,199807,6,5652951,IOWA,Flood,MARION,0,0,0,0,25K,5K,,,,
199807,5,199807,5,5652947,IOWA,Flood,GUTHRIE,0,0,0,0,30K,5K,,,,
199807,5,199807,5,5652948,IOWA,Flood,ADAIR,0,0,0,0,30K,5K,,,,
199806,8,199806,13,5653126,IOWA,Flood,JASPER,0,0,0,0,50K,10K,,,,
199806,14,199806,16,5653136,IOWA,Flood,AUDUBON,0,0,0,0,.5M,75K,,,,
199807,6,199807,7,5652964,IOWA,Flash Flood,DALLAS,0,0,0,0,100K,25K,,,,
199807,6,199807,7,5652965,IOWA,Flash Flood,GUTHRIE,0,0,0,0,100K,20K,,,,
199807,6,199807,7,5652966,IOWA,Flash Flood,POLK,0,0,0,0,150K,15K,,,,
199807,6,199807,6,5652967,IOWA,Flood,SAC,0,0,0,0,50K,10K,,,,
199807,6,199807,6,5652968,IOWA,Flood,CARROLL,0,0,0,0,50K,10K,,,,
199807,6,199807,6,5652969,IOWA,Flood,GREENE,0,0,0,0,25K,5K,,,,
199806,8,199806,13,5653133,IOWA,Flood,POLK,0,0,0,0,50K,10K,,,,
199806,27,199806,27,5654149,IOWA,Flash Flood,FLOYD,0,0,0,0,2K,,,,,
199806,21,199806,23,5653255,IOWA,Flood,MARSHALL,0,0,0,0,.1M,20K,,,,
199807,6,199807,10,5653717,IOWA,Flood,POLK,0,0,0,0,50K,.1M,,,,
199806,14,199806,14,5654170,IOWA,Flood,POWESHIEK,0,0,0,0,50K,30K,,,,
199806,14,199806,14,5654171,IOWA,Flood,WAPELLO,0,0,0,0,50K,30K,,,,
199806,14,199806,14,5654172,IOWA,Flood,WARREN,0,0,0,0,50K,30K,,,,
199807,6,199807,10,5653709,IOWA,Flood,GRUNDY,0,0,0,0,50K,.1M,,,,
199807,6,199807,10,5653707,IOWA,Flood,DALLAS,0,0,0,0,50K,.1M,,,,
199805,6,199805,7,5646501,IOWA,Flood,LUCAS,0,0,0,0,75K,,,,,
199807,6,199807,10,5653712,IOWA,Flood,JASPER,0,0,0,0,50K,.1M,,,,
199806,14,199806,16,5653150,IOWA,Flood,STORY,0,0,0,0,.1M,20K,,,,
199806,28,199806,30,5653277,IOWA,Flood,DALLAS,0,0,0,0,75K,20K,,,,
199806,24,199806,24,5652606,IOWA,Flood,CHICKASAW,0,0,0,0,20K,,,,,
199806,24,199806,24,5652610,IOWA,Flood,MARSHALL,0,0,0,0,30K,3K,,,,
199806,24,199806,24,5652611,IOWA,Flood,GRUNDY,0,0,0,0,30K,3K,,,,
199806,20,199806,20,5652499,IOWA,Flood,STORY,0,0,0,0,70K,5K,,,,
199806,21,199806,23,5653252,IOWA,Flood,JASPER,0,0,0,0,.1M,20K,,,,
199806,28,199806,30,5653278,IOWA,Flood,HARDIN,0,0,0,0,75K,20K,,,,
199806,27,199806,27,5654148,IOWA,Flash Flood,CHICKASAW,0,0,0,0,25K,,,,,
199805,7,199805,8,5647091,IOWA,Flood,JASPER,0,0,0,0,25K,10K,,,,
199805,23,199805,23,5646925,IOWA,Flood,APPANOOSE,0,0,0,0,50K,5K,,,,
199805,6,199805,6,5646502,IOWA,Flood,WARREN,0,0,0,0,50K,,,,,
199806,20,199806,20,5652491,IOWA,Flood,BUTLER,0,0,0,0,50K,5K,,,,
199806,20,199806,20,5652502,IOWA,Flood,WRIGHT,0,0,0,0,75K,10K,,,,
199806,14,199806,16,5653143,IOWA,Flood,GUTHRIE,0,0,0,0,1M,100K,,,,
199810,17,199810,20,5669397,IOWA,Flood,MARION,0,0,0,0,70K,10K,,,,
199806,14,199806,16,5653151,IOWA,Flood,TAMA,0,0,0,0,.1M,20K,,,,
199806,18,199806,20,5653152,IOWA,Flood,HARDIN,0,0,0,0,.1M,20K,,,,
199806,18,199806,20,5653153,IOWA,Flood,BOONE,0,0,0,0,.1M,20K,,,,
199806,18,199806,20,5653154,IOWA,Flood,BUTLER,0,0,0,0,.1M,20K,,,,
199806,18,199806,20,5653155,IOWA,Flood,DALLAS,0,0,0,0,.6M,50K,,,,
199806,18,199806,20,5653156,IOWA,Flood,HUMBOLDT,0,0,0,0,.1M,20K,,,,
199806,18,199806,20,5653157,IOWA,Flood,JASPER,0,0,0,0,.1M,20K,,,,
199806,18,199806,20,5653158,IOWA,Flood,MADISON,0,0,0,0,.1M,20K,,,,
199806,18,199806,20,5653159,IOWA,Flood,MAHASKA,0,0,0,0,.1M,20K,,,,
199806,18,199806,20,5653160,IOWA,Flood,MARION,0,0,0,0,.1M,20K,,,,
199806,18,199806,20,5653161,IOWA,Flood,MARSHALL,0,0,0,0,.1M,20K,,,,
199806,18,199806,20,5653162,IOWA,Flood,POCAHONTAS,0,0,0,0,.1M,20K,,,,
199806,18,199806,20,5653163,IOWA,Flood,POLK,0,0,0,0,6M,100K,,,,
199806,18,199806,20,5653164,IOWA,Flood,STORY,0,0,0,0,.1M,20K,,,,
199806,18,199806,20,5653165,IOWA,Flood,TAMA,0,0,0,0,.1M,20K,,,,
199807,21,199807,22,5666539,IOWA,Flood,KEOKUK,0,0,0,0,,,,,,
199808,20,199808,20,5657411,IOWA,Flash Flood,HAMILTON,0,0,0,0,150K,25K,,,,
199806,24,199806,27,5653262,IOWA,Flood,DALLAS,0,0,0,0,75K,20K,,,,
199806,24,199806,27,5653270,IOWA,Flood,POCAHONTAS,0,0,0,0,75K,20K,,,,
199806,8,199806,13,5653127,IOWA,Flood,BUTLER,0,0,0,0,50K,10K,,,,
199806,29,199806,29,5652996,IOWA,Flood,WRIGHT,0,0,0,0,50K,10K,,,,
199806,15,199806,15,5654174,IOWA,Flood,DALLAS,0,0,0,0,20K,5K,,,,
199806,27,199806,27,5654151,IOWA,Flash Flood,HOWARD,0,0,0,0,10K,,,,,
199807,22,199807,22,5653701,IOWA,Flood,MAHASKA,0,0,0,0,10K,5K,,,,
199806,8,199806,13,5653134,IOWA,Flood,TAMA,0,0,0,0,50K,10K,,,,
199806,18,199806,18,5654299,IOWA,Flood,DALLAS,0,0,0,0,30K,,,,,
199806,18,199806,18,5654300,IOWA,Flood,POLK,0,0,0,0,50K,,,,,
199806,18,199806,18,5654301,IOWA,Flood,WARREN,0,0,0,0,50K,,,,,
199806,18,199806,18,5654302,IOWA,Flood,MARION,0,0,0,0,40K,,,,,
199806,18,199806,18,5654303,IOWA,Flood,BOONE,0,0,0,0,40K,,,,,
199806,18,199806,18,5654304,IOWA,Flash Flood,DALLAS,0,0,0,0,150K,10K,,,,
199806,18,199806,18,5654305,IOWA,Flash Flood,MARION,0,0,0,0,100K,10K,,,,
199806,18,199806,18,5654306,IOWA,Flash Flood,POLK,0,0,0,0,1M,25K,,,,
199806,18,199806,18,5654307,IOWA,Flash Flood,STORY,0,0,0,0,250K,15K,,,,
199806,18,199806,18,5654308,IOWA,Flash Flood,WARREN,0,0,0,0,350K,20K,,,,
199806,14,199806,16,5653135,IOWA,Flood,HARDIN,0,0,0,0,.1M,20K,,,,
199803,30,199803,31,5634611,IOWA,Flood,DAVIS,0,0,0,0,10K,,,,,
199806,14,199806,16,5653138,IOWA,Flood,CARROLL,0,0,0,0,.1M,20K,,,,
199806,23,199806,24,5652520,IOWA,Flash Flood,KOSSUTH,0,0,0,0,120K,30K,,,,
199806,23,199806,24,5652521,IOWA,Flash Flood,PALO ALTO,0,0,0,0,60K,7K,,,,
199806,23,199806,24,5652522,IOWA,Flash Flood,POCAHONTAS,0,0,0,0,40K,10K,,,,
199806,23,199806,24,5652523,IOWA,Flash Flood,SAC,0,0,0,0,100K,20K,,,,
199806,23,199806,24,5652524,IOWA,Flash Flood,WEBSTER,0,0,0,0,75K,10K,,,,
199806,23,199806,24,5652525,IOWA,Flash Flood,WINNEBAGO,0,0,0,0,75K,10K,,,,
199806,8,199806,13,5653129,IOWA,Flood,HARDIN,0,0,0,0,50K,10K,,,,
199806,21,199806,23,5653254,IOWA,Flood,MARION,0,0,0,0,.1M,20K,,,,
199806,24,199806,27,5653271,IOWA,Flood,TAMA,0,0,0,0,75K,20K,,,,
199806,24,199806,27,5653266,IOWA,Flood,HARDIN,0,0,0,0,75K,20K,,,,
199806,24,199806,27,5653267,IOWA,Flood,HUMBOLDT,0,0,0,0,75K,20K,,,,
199806,20,199806,20,5652487,IOWA,Flash Flood,WINNEBAGO,0,0,0,0,150K,15K,,,,
199806,15,199806,15,5654173,IOWA,Flash Flood,HANCOCK,0,0,0,0,50K,25K,,,,
199806,14,199806,14,5654079,IOWA,Flood,BOONE,0,0,0,0,.1M,75K,,,,
199806,14,199806,14,5654080,IOWA,Flood,DALLAS,0,0,0,0,.1M,75K,,,,
199806,14,199806,14,5654081,IOWA,Flood,GUTHRIE,0,0,0,0,.1M,75K,,,,
199806,14,199806,14,5654082,IOWA,Flood,MARSHALL,0,0,0,0,.1M,75K,,,,
199806,14,199806,14,5654077,IOWA,Flood,GREENE,0,0,0,0,.1M,75K,,,,
199806,14,199806,14,5654078,IOWA,Flood,AUDUBON,0,0,0,0,.1M,75K,,,,
199806,14,199806,14,5654083,IOWA,Flood,STORY,0,0,0,0,.1M,75K,,,,
199806,14,199806,14,5654084,IOWA,Flood,TAMA,0,0,0,0,.1M,75K,,,,
199806,14,199806,14,5654085,IOWA,Flood,POLK,0,0,0,0,50K,30K,,,,
199806,14,199806,14,5654086,IOWA,Flood,ADAIR,0,0,0,0,50K,30K,,,,
199806,14,199806,14,5654087,IOWA,Flood,CLARKE,0,0,0,0,50K,30K,,,,
199806,14,199806,14,5654088,IOWA,Flood,JASPER,0,0,0,0,50K,30K,,,,
199807,6,199807,10,5653715,IOWA,Flood,MARION,0,0,0,0,50K,.1M,,,,
199807,21,199807,22,5653700,IOWA,Flood,GUTHRIE,0,0,0,0,10K,5K,,,,
199806,24,199806,27,5653268,IOWA,Flood,KOSSUTH,0,0,0,0,75K,20K,,,,
199806,21,199806,23,5653168,IOWA,Flood,HANCOCK,0,0,0,0,.1M,20K,,,,
199807,6,199807,10,5653710,IOWA,Flood,GUTHRIE,0,0,0,0,50K,.1M,,,,
199807,6,199807,10,5653711,IOWA,Flood,HARDIN,0,0,0,0,50K,.1M,,,,
199806,23,199806,24,5662008,IOWA,Flash Flood,WOODBURY,0,0,0,0,,,,,,
199807,6,199807,10,5653706,IOWA,Flood,CARROLL,0,0,0,0,50K,.1M,,,,
199806,24,199806,27,5653263,IOWA,Flood,EMMET,0,0,0,0,75K,20K,,,,
199806,14,199806,16,5653145,IOWA,Flood,LUCAS,0,0,0,0,.1M,20K,,,,
199806,21,199806,23,5653253,IOWA,Flood,MAHASKA,0,0,0,0,.1M,20K,,,,
199806,23,199806,24,5652519,IOWA,Flash Flood,HAMILTON,0,0,0,0,75K,10K,,,,
199806,27,199806,28,5652747,IOWA,Flood,CERRO GORDO,0,0,0,0,50K,10K,,,,
199806,27,199806,27,5652746,IOWA,Flash Flood,CERRO GORDO,0,0,0,0,100K,25K,,,,
199810,17,199810,17,5667470,IOWA,Flash Flood,MUSCATINE,0,0,0,0,,,,,,
199810,17,199810,20,5669398,IOWA,Flood,MONROE,0,0,0,0,70K,10K,,,,
199810,17,199810,17,5667469,IOWA,Flash Flood,LOUISA,0,0,0,0,,,,,,
199803,30,199803,31,5634610,IOWA,Flood,CLARKE,0,0,0,0,10K,,,,,
199803,30,199803,31,5634612,IOWA,Flood,DECATUR,0,0,0,0,10K,,,,,
199803,30,199803,31,5634613,IOWA,Flood,LUCAS,0,0,0,0,10K,,,,,
199810,14,199810,14,5667460,IOWA,Flood,LINN,0,0,0,0,,,,,,
199810,17,199810,17,5667472,IOWA,Flash Flood,WASHINGTON,0,0,0,0,,,,,,
199803,30,199803,31,5634617,IOWA,Flood,WAYNE,0,0,0,0,10K,,,,,
199803,30,199803,31,5634614,IOWA,Flood,MAHASKA,0,0,0,0,10K,,,,,
199810,5,199810,6,5669391,IOWA,Flood,MONROE,0,0,0,0,25K,5K,,,,
199810,17,199810,17,5667467,IOWA,Flash Flood,KEOKUK,0,0,0,0,,,,,,
199810,17,199810,17,5667463,IOWA,Flash Flood,DES MOINES,0,0,0,0,,,,,,
199810,17,199810,17,5667464,IOWA,Flash Flood,HENRY,0,0,0,0,,,,,,
199803,30,199803,31,5634615,IOWA,Flood,MONROE,0,0,0,0,10K,,,,,
199803,30,199803,31,5634616,IOWA,Flood,WAPELLO,0,0,0,0,10K,,,,,
199810,17,199810,17,5667462,IOWA,Flash Flood,BENTON,0,0,0,0,,,,,,
199810,17,199810,17,5667466,IOWA,Flash Flood,JOHNSON,0,0,0,0,,,,,,
199810,17,199810,17,5667468,IOWA,Flash Flood,LEE,0,0,0,0,,,,,,
199810,14,199810,14,5667461,IOWA,Flood,BENTON,0,0,0,0,,,,,,
199810,17,199810,20,5669399,IOWA,Flood,WAYNE,0,0,0,0,70K,10K,,,,
199803,30,199803,31,5634609,IOWA,Flood,APPANOOSE,0,0,0,0,10K,,,,,
199810,5,199810,6,5668271,IOWA,Flood,MARION,0,0,0,0,25K,5K,,,,
199810,5,199810,6,5668272,IOWA,Flood,MAHASKA,0,0,0,0,25K,5K,,,,
199810,17,199810,17,5667471,IOWA,Flash Flood,SCOTT,0,0,0,0,,,,,,
199904,22,199904,27,5687232,IOWA,Flood,WEBSTER,0,0,0,0,10K,,,,,
199904,22,199904,27,5687233,IOWA,Flood,WINNEBAGO,0,0,0,0,10K,,,,,
199904,6,199904,15,5687092,IOWA,Flood,WAPELLO,0,0,0,0,7K,,,,,
199904,16,199904,16,5696057,IOWA,Flood,FREMONT,0,0,0,0,,,,,,
199904,22,199904,27,5687108,IOWA,Flood,GUTHRIE,0,0,0,0,10K,,,,,
199904,22,199904,27,5687099,IOWA,Flood,BUTLER,0,0,0,0,10K,,,,,
199904,6,199904,15,5687077,IOWA,Flood,GUTHRIE,0,0,0,0,7K,,,,,
199904,22,199904,27,5687102,IOWA,Flood,CERRO GORDO,0,0,0,0,10K,,,,,
199904,22,199904,27,5687228,IOWA,Flood,SAC,0,0,0,0,10K,,,,,
199904,22,199904,27,5687229,IOWA,Flood,STORY,0,0,0,0,10K,,,,,
199904,6,199904,15,5687095,IOWA,Flood,WEBSTER,0,0,0,0,7K,,,,,
199904,8,199904,8,5710815,IOWA,Flood,WASHINGTON,0,0,0,0,,,,,,
199905,17,199905,18,5697202,IOWA,Flood,FREMONT,0,0,0,0,,,,,,
199902,26,199902,27,5682988,IOWA,Flood,JASPER,0,0,0,0,1K,,,,,
199904,22,199904,27,5687220,IOWA,Flood,LUCAS,0,0,0,0,10K,,,,,
199904,22,199904,27,5687101,IOWA,Flood,CARROLL,0,0,0,0,10K,,,,,
199904,22,199904,27,5687098,IOWA,Flood,ADAIR,0,0,0,0,10K,,,,,
199904,22,199904,27,5687106,IOWA,Flood,FRANKLIN,0,0,0,0,10K,,,,,
199904,6,199904,15,5687084,IOWA,Flood,MADISON,0,0,0,0,7K,,,,,
199904,22,199904,27,5687100,IOWA,Flood,CALHOUN,0,0,0,0,10K,,,,,
199904,6,199904,15,5687069,IOWA,Flood,BUTLER,0,0,0,0,7K,,,,,
199907,2,199907,7,5706131,IOWA,Flood,CERRO GORDO,0,0,0,0,.1M,.1M,,,,
199907,2,199907,7,5706132,IOWA,Flood,DALLAS,0,0,0,0,.1M,.1M,,,,
199907,2,199907,7,5706133,IOWA,Flood,FRANKLIN,0,0,0,0,.1M,.1M,,,,
199907,2,199907,7,5706134,IOWA,Flood,GREENE,0,0,0,0,.1M,.1M,,,,
199907,2,199907,7,5706135,IOWA,Flood,GUTHRIE,0,0,0,0,.1M,.1M,,,,
199905,16,199905,17,5696207,IOWA,Flash Flood,FAYETTE,0,0,0,0,2M,,,,,
199905,16,199905,17,5696208,IOWA,Flash Flood,CLAYTON,0,0,0,0,1.5M,,,,,
199904,22,199904,27,5687230,IOWA,Flood,WAPELLO,0,0,0,0,10K,,,,,
199908,7,199908,7,5714635,IOWA,Flash Flood,MONTGOMERY,0,0,0,0,100K,,,,,
199904,6,199904,15,5687088,IOWA,Flood,POCAHONTAS,0,0,0,0,7K,,,,,
199903,16,199903,17,5682390,IOWA,Flood,DECATUR,0,0,0,0,1K,,,,,
199906,27,199906,29,5699956,IOWA,Flood,POCAHONTAS,0,0,0,0,5K,5K,,,,
199906,27,199906,29,5699951,IOWA,Flood,CALHOUN,0,0,0,0,5K,5K,,,,
199904,22,199904,27,5687221,IOWA,Flood,MADISON,0,0,0,0,10K,,,,,
199903,16,199903,17,5682388,IOWA,Flood,APPANOOSE,0,0,0,0,1K,,,,,
199907,3,199907,10,5719737,IOWA,Flood,SCOTT,0,0,0,0,,,,,,
199907,3,199907,10,5719734,IOWA,Flood,CEDAR,0,0,0,0,,,,,,
199907,3,199907,10,5719735,IOWA,Flood,CLINTON,0,0,0,0,,,,,,
199907,3,199907,10,5719736,IOWA,Flood,MUSCATINE,0,0,0,0,,,,,,
199907,3,199907,10,5719738,IOWA,Flood,LOUISA,0,0,0,0,,,,,,
199903,16,199903,17,5682512,IOWA,Flood,LUCAS,0,0,0,0,1K,,,,,
199903,16,199903,17,5682513,IOWA,Flood,WAYNE,0,0,0,0,1K,,,,,
199904,22,199904,27,5687234,IOWA,Flood,WORTH,0,0,0,0,10K,,,,,
199907,19,199907,26,5706142,IOWA,Flood,HANCOCK,0,0,0,0,.1M,.15M,,,,
199907,23,199907,23,5719583,IOWA,Flood,BUCHANAN,0,0,0,0,,,,,,
199908,23,199908,23,5718590,IOWA,Flood,SCOTT,0,0,0,0,,,,,,
199907,19,199907,26,5706136,IOWA,Flood,BLACK HAWK,0,0,0,0,1M,.25M,,,,
199907,19,199907,26,5706137,IOWA,Flood,BREMER,0,0,0,0,.1M,.15M,,,,
199907,19,199907,26,5706138,IOWA,Flood,BUTLER,0,0,0,0,1M,.25M,,,,
199907,19,199907,26,5706139,IOWA,Flood,CERRO GORDO,0,0,0,0,.1M,.15M,,,,
199907,19,199907,26,5706140,IOWA,Flood,EMMET,0,0,0,0,.1M,.15M,,,,
199907,19,199907,26,5706141,IOWA,Flood,FRANKLIN,0,0,0,0,.1M,.15M,,,,
199904,22,199904,27,5687104,IOWA,Flood,DALLAS,0,0,0,0,10K,,,,,
199906,23,199906,24,5699945,IOWA,Flood,CARROLL,0,0,0,0,5K,5K,,,,
199904,6,199904,15,5687075,IOWA,Flood,FRANKLIN,0,0,0,0,7K,,,,,
199908,23,199908,23,5718591,IOWA,Flood,BUCHANAN,0,0,0,0,,,,,,
199907,2,199907,7,5706127,IOWA,Flood,AUDUBON,0,0,0,0,.1M,.1M,,,,
199907,2,199907,7,5706130,IOWA,Flood,CARROLL,0,0,0,0,.1M,.1M,,,,
199907,2,199907,7,5706128,IOWA,Flood,BLACK HAWK,0,0,0,0,.5M,.1M,,,,
199907,2,199907,7,5706129,IOWA,Flood,BUTLER,0,0,0,0,.5M,.1M,,,,
199903,16,199903,17,5682389,IOWA,Flood,CLARKE,0,0,0,0,1K,,,,,
199906,12,199906,12,5698945,IOWA,Flash Flood,DECATUR,0,0,0,0,25K,10K,,,,
199907,23,199907,23,5718398,IOWA,Flood,SCOTT,0,0,0,0,,,,,,
199907,23,199907,31,5719743,IOWA,Flood,JONES,0,0,0,0,,,,,,
199907,23,199907,31,5719745,IOWA,Flood,CEDAR,0,0,0,0,,,,,,
199907,23,199907,31,5719746,IOWA,Flood,CLINTON,0,0,0,0,,,,,,
199907,23,199907,31,5719747,IOWA,Flood,MUSCATINE,0,0,0,0,,,,,,
199906,23,199906,24,5699294,IOWA,Flood,BUTLER,0,0,0,0,5K,5K,,,,
199907,19,199907,19,5707492,IOWA,Flash Flood,FLOYD,0,0,1,0,750K,400K,,,,
199908,29,199908,29,5713792,IOWA,Flash Flood,WOODBURY,0,0,0,0,,,,,,
199907,20,199907,20,5719644,IOWA,Flood,BUCHANAN,0,0,0,0,,,,,,
199907,2,199907,3,5719647,IOWA,Flood,JONES,0,0,0,0,,,,,,
199907,18,199907,19,5707491,IOWA,Flash Flood,CHICKASAW,0,0,0,0,500K,250K,,,,
199904,6,199904,15,5687089,IOWA,Flood,POLK,0,0,0,0,7K,,,,,
199907,19,199907,19,5707493,IOWA,Flash Flood,MITCHELL,0,0,0,0,600K,350K,,,,
199904,22,199904,27,5687103,IOWA,Flood,CLARKE,0,0,0,0,10K,,,,,
199907,3,199907,10,5719739,IOWA,Flood,DES MOINES,0,0,0,0,,,,,,
199907,23,199907,31,5719744,IOWA,Flood,JOHNSON,0,0,0,0,,,,,,
199907,23,199907,31,5718401,IOWA,Flood,SCOTT,0,0,0,0,,,,,,
199907,23,199907,31,5718402,IOWA,Flood,LOUISA,0,0,0,0,,,,,,
199907,23,199907,31,5718403,IOWA,Flood,DES MOINES,0,0,0,0,,,,,,
199907,23,199907,31,5719740,IOWA,Flood,BUCHANAN,0,0,0,0,,,,,,
199907,23,199907,31,5719741,IOWA,Flood,BENTON,0,0,0,0,,,,,,
199907,23,199907,31,5719742,IOWA,Flood,LINN,0,0,0,0,,,,,,
199906,9,199906,15,5699288,IOWA,Flood,WAYNE,0,0,0,0,50K,75K,,,,
199906,27,199906,29,5699950,IOWA,Flood,AUDUBON,0,0,0,0,5K,5K,,,,
199904,22,199904,27,5687224,IOWA,Flood,MONROE,0,0,0,0,10K,,,,,
199904,3,199904,3,5709947,IOWA,Flood,SCOTT,0,0,0,0,,,,,,
199906,11,199906,11,5716266,IOWA,Flash Flood,LINN,0,0,0,0,,,,,,
199904,6,199904,15,5687081,IOWA,Flood,JASPER,0,0,0,0,7K,,,,,
199907,2,199907,3,5705990,IOWA,Flash Flood,HARDIN,0,0,0,0,50K,50K,,,,
199906,9,199906,15,5698952,IOWA,Flood,BUTLER,0,0,0,0,50K,75K,,,,
199906,9,199906,15,5698953,IOWA,Flood,CALHOUN,0,0,0,0,50K,75K,,,,
199906,9,199906,15,5698954,IOWA,Flood,CARROLL,0,0,0,0,50K,75K,,,,
199906,9,199906,15,5698955,IOWA,Flood,CERRO GORDO,0,0,0,0,50K,75K,,,,
199906,27,199906,29,5699953,IOWA,Flood,DALLAS,0,0,0,0,5K,5K,,,,
199905,17,199905,22,5715308,IOWA,Flood,DUBUQUE,0,0,0,0,,,,,,
199905,17,199905,22,5715309,IOWA,Flood,IOWA,0,0,0,0,,,,,,
199905,17,199905,22,5715310,IOWA,Flood,JACKSON,0,0,0,0,,,,,,
199905,17,199905,22,5715311,IOWA,Flood,JOHNSON,0,0,0,0,,,,,,
199905,17,199905,22,5715312,IOWA,Flood,JONES,0,0,0,0,,,,,,
199905,17,199905,22,5715317,IOWA,Flood,VAN BUREN,0,0,0,0,,,,,,
199905,17,199905,22,5710055,IOWA,Flood,SCOTT,0,0,0,0,,,,,,
199904,22,199904,27,5687107,IOWA,Flood,GREENE,0,0,0,0,10K,,,,,
199906,8,199906,9,5698928,IOWA,Flash Flood,BLACK HAWK,0,0,0,0,150K,25K,,,,
199905,17,199905,17,5693575,IOWA,Flash Flood,BLACK HAWK,0,0,0,0,150K,,,,,
199906,11,199906,11,5716267,IOWA,Flash Flood,IOWA,0,0,0,0,,,,,,
199906,11,199906,11,5716189,IOWA,Flood,LINN,0,0,0,0,,,,,,
199906,1,199906,1,5698572,IOWA,Flood,BUTLER,0,0,0,0,5K,,,,,
199906,10,199906,10,5716277,IOWA,Flood,JOHNSON,0,0,0,0,,,,,,
199905,16,199905,16,5715118,IOWA,Flash Flood,BUCHANAN,0,0,0,0,,,,,,
199905,16,199905,16,5715119,IOWA,Flash Flood,BUCHANAN,0,0,0,0,,,,,,
199905,16,199905,16,5715036,IOWA,Flood,BUCHANAN,0,0,0,0,,,,,,
199907,2,199907,3,5719650,IOWA,Flood,BUCHANAN,0,0,0,0,,,,,,
199907,2,199907,2,5711980,IOWA,Flash Flood,WOODBURY,2,0,0,0,8M,,,,,
199905,16,199905,16,5715046,IOWA,Flash Flood,DELAWARE,0,0,0,0,,,,,,
199906,23,199906,24,5699948,IOWA,Flood,GRUNDY,0,0,0,0,5K,5K,,,,
199905,17,199905,22,5710056,IOWA,Flood,BUCHANAN,0,0,0,0,,,,,,
199906,8,199906,9,5699203,IOWA,Flash Flood,GRUNDY,0,0,0,0,500K,50K,,,,
199906,13,199906,13,5716175,IOWA,Flood,VAN BUREN,0,0,0,0,,,,,,
199906,13,199906,13,5716176,IOWA,Flash Flood,LEE,0,0,0,0,,,,,,
199906,12,199906,12,5716180,IOWA,Flash Flood,SCOTT,0,0,0,0,,,,,,
199906,12,199906,12,5716181,IOWA,Flash Flood,SCOTT,0,0,0,0,,,,,,
199906,12,199906,12,5716177,IOWA,Flood,LINN,0,0,0,0,,,,,,
199906,12,199906,12,5716178,IOWA,Flood,JOHNSON,0,0,0,0,,,,,,
199906,12,199906,12,5716179,IOWA,Flash Flood,SCOTT,0,0,0,0,,,,,,
199905,16,199905,16,5693501,IOWA,Flash Flood,BLACK HAWK,0,0,0,0,1.2M,,,,,
199905,16,199905,16,5693502,IOWA,Flash Flood,HARDIN,0,0,0,0,100K,,,,,
199906,27,199906,29,5699952,IOWA,Flood,CARROLL,0,0,0,0,5K,5K,,,,
199908,7,199908,7,5714697,IOWA,Flash Flood,MILLS,0,0,0,0,,,,,,
199907,19,199907,26,5706143,IOWA,Flood,KOSSUTH,0,0,0,0,.1M,.15M,,,,
199907,19,199907,26,5706144,IOWA,Flood,WINNEBAGO,0,0,0,0,.1M,.15M,,,,
199907,19,199907,26,5706145,IOWA,Flood,WORTH,0,0,0,0,.1M,.15M,,,,
199907,30,199907,31,5706124,IOWA,Flood,TAYLOR,0,0,0,0,30K,10K,,,,
199907,27,199907,28,5706022,IOWA,Flash Flood,BREMER,0,0,0,0,25K,20K,,,,
199907,19,199907,19,5706007,IOWA,Flash Flood,WORTH,0,0,0,0,1.1M,250K,,,,
199904,6,199904,15,5687094,IOWA,Flood,WAYNE,0,0,0,0,7K,,,,,
199905,16,199905,17,5693566,IOWA,Flash Flood,BUTLER,0,0,0,0,150K,,,,,
199905,16,199905,16,5693503,IOWA,Flash Flood,BREMER,0,0,0,0,.75M,,,,,
199905,16,199905,16,5693504,IOWA,Flash Flood,CASS,0,0,0,0,100K,,,,,
199906,23,199906,24,5699947,IOWA,Flood,GREENE,0,0,0,0,5K,5K,,,,
199906,23,199906,24,5699949,IOWA,Flood,GUTHRIE,0,0,0,0,5K,5K,,,,
199905,17,199905,22,5715304,IOWA,Flood,CEDAR,0,0,0,0,,,,,,
199905,17,199905,22,5715305,IOWA,Flood,CLINTON,0,0,0,0,,,,,,
199905,17,199905,22,5715306,IOWA,Flood,DELAWARE,0,0,0,0,,,,,,
199905,17,199905,22,5715307,IOWA,Flood,DES MOINES,0,0,0,0,,,,,,
199906,27,199906,29,5699954,IOWA,Flood,GREENE,0,0,0,0,5K,5K,,,,
199905,16,199905,16,5715214,IOWA,Flash Flood,DELAWARE,0,0,0,0,,,,,,
199904,6,199904,15,5687093,IOWA,Flood,WARREN,0,0,0,0,7K,,,,,
199906,11,199906,11,5716263,IOWA,Flood,LINN,0,0,0,0,,,,,,
199906,11,199906,11,5716264,IOWA,Flash Flood,IOWA,0,0,0,0,,,,,,
199906,11,199906,11,5716265,IOWA,Flash Flood,IOWA,0,0,0,0,,,,,,
199905,17,199905,17,5715123,IOWA,Flash Flood,DUBUQUE,0,0,0,0,,,,,,
199905,17,199905,17,5715124,IOWA,Flash Flood,DUBUQUE,0,0,0,0,,,,,,
199906,9,199906,15,5698948,IOWA,Flood,AUDUBON,0,0,0,0,50K,75K,,,,
199906,9,199906,15,5698949,IOWA,Flood,BLACK HAWK,0,0,0,0,50K,75K,,,,
199906,9,199906,15,5698950,IOWA,Flood,BOONE,0,0,0,0,50K,75K,,,,
199906,9,199906,15,5698951,IOWA,Flood,BREMER,0,0,0,0,50K,75K,,,,
199906,27,199906,29,5699955,IOWA,Flood,GUTHRIE,0,0,0,0,5K,5K,,,,
199907,2,199907,3,5705987,IOWA,Flash Flood,BLACK HAWK,0,0,0,0,1M,250K,,,,
199907,2,199907,3,5705988,IOWA,Flash Flood,BUTLER,0,0,0,0,350K,200K,,,,
199907,2,199907,3,5705989,IOWA,Flash Flood,GRUNDY,0,0,0,0,75K,100K,,,,
199907,19,199907,19,5706008,IOWA,Flash Flood,CERRO GORDO,0,0,0,0,1M,100K,,,,
199906,8,199906,8,5716366,IOWA,Flood,DUBUQUE,0,0,0,0,,,,,,
199906,23,199906,24,5699293,IOWA,Flood,AUDUBON,0,0,0,0,5K,5K,,,,
199907,20,199907,20,5712288,IOWA,Flash Flood,SIOUX,0,0,0,0,,,,,,
199906,8,199906,8,5716367,IOWA,Flood,DUBUQUE,0,0,0,0,,,,,,
199906,8,199906,8,5716368,IOWA,Flash Flood,DUBUQUE,0,0,0,0,,,,,,
199906,8,199906,8,5716370,IOWA,Flash Flood,DELAWARE,0,0,0,0,,,,,,
199904,6,199904,15,5687080,IOWA,Flood,HARDIN,0,0,0,0,7K,,,,,
199905,17,199905,17,5715122,IOWA,Flash Flood,DUBUQUE,0,0,0,0,16M,,,,,
199905,16,199905,17,5715125,IOWA,Flash Flood,DUBUQUE,0,0,0,0,5M,,,,,
199905,17,199905,17,5715126,IOWA,Flash Flood,DUBUQUE,0,0,0,0,,,,,,
199906,8,199906,8,5716369,IOWA,Flash Flood,DUBUQUE,0,0,0,0,,,,,,
199905,17,199905,22,5715313,IOWA,Flood,LEE,0,0,0,0,,,,,,
199905,17,199905,22,5715314,IOWA,Flood,LINN,0,0,0,0,,,,,,
199905,17,199905,22,5715315,IOWA,Flood,LOUISA,0,0,0,0,,,,,,
199905,17,199905,22,5715316,IOWA,Flood,MUSCATINE,0,0,0,0,,,,,,
199905,16,199905,16,5715120,IOWA,Flash Flood,DUBUQUE,0,0,0,0,,,,,,
199905,16,199905,16,5715121,IOWA,Flash Flood,BUCHANAN,0,0,0,0,,,,,,
199908,7,199908,9,5714703,IOWA,Flood,FREMONT,0,0,0,0,,,,,,
199906,27,199906,29,5699958,IOWA,Flood,WEBSTER,0,0,0,0,5K,5K,,,,
199906,23,199906,24,5699946,IOWA,Flood,DALLAS,0,0,0,0,5K,5K,,,,
199906,27,199906,29,5699957,IOWA,Flood,SAC,0,0,0,0,5K,5K,,,,
199905,17,199905,19,5696210,IOWA,Flood,FAYETTE,0,0,0,0,2.5M,300K,,,,
199905,17,199905,19,5696211,IOWA,Flood,CLAYTON,0,0,0,0,2.5M,250K,,,,
199906,9,199906,15,5698957,IOWA,Flood,DALLAS,0,0,0,0,50K,75K,,,,
199906,9,199906,15,5698958,IOWA,Flood,DECATUR,0,0,0,0,50K,75K,,,,
199904,6,199904,15,5687068,IOWA,Flood,ADAIR,0,0,0,0,7K,,,,,
199906,5,199906,5,5703664,IOWA,Flash Flood,DICKINSON,0,0,0,0,,,,,,
199906,5,199906,5,5703665,IOWA,Flash Flood,CLAY,0,0,0,0,,,,,,
199904,6,199904,15,5687073,IOWA,Flood,DALLAS,0,0,0,0,7K,,,,,
199904,6,199904,15,5687076,IOWA,Flood,GREENE,0,0,0,0,7K,,,,,
199904,22,199904,27,5687227,IOWA,Flood,POLK,0,0,0,0,50K,,,,,
199906,9,199906,15,5699279,IOWA,Flood,LUCAS,0,0,0,0,50K,75K,,,,
199906,9,199906,15,5699280,IOWA,Flood,MAHASKA,0,0,0,0,50K,75K,,,,
199906,9,199906,15,5699281,IOWA,Flood,MARION,0,0,0,0,50K,75K,,,,
199906,9,199906,15,5699282,IOWA,Flood,MARSHALL,0,0,0,0,50K,75K,,,,
199906,9,199906,15,5699283,IOWA,Flood,POCAHONTAS,0,0,0,0,50K,75K,,,,
199906,9,199906,15,5699284,IOWA,Flood,POLK,0,0,0,0,50K,75K,,,,
199906,9,199906,15,5699278,IOWA,Flood,KOSSUTH,0,0,0,0,50K,75K,,,,
199906,9,199906,15,5699285,IOWA,Flood,POWESHIEK,0,0,0,0,50K,75K,,,,
199906,9,199906,15,5699286,IOWA,Flood,SAC,0,0,0,0,50K,75K,,,,
199906,9,199906,15,5699287,IOWA,Flood,STORY,0,0,0,0,50K,75K,,,,
199904,6,199904,15,5687087,IOWA,Flood,MONROE,0,0,0,0,7K,,,,,
199904,6,199904,15,5687083,IOWA,Flood,LUCAS,0,0,0,0,7K,,,,,
199904,22,199904,27,5687222,IOWA,Flood,MAHASKA,0,0,0,0,10K,,,,,
199905,16,199905,20,5693604,IOWA,Flood,CLARKE,0,0,0,0,.2M,25K,,,,
199905,16,199905,20,5693601,IOWA,Flood,BUTLER,0,0,0,0,.5M,50K,,,,
199905,16,199905,20,5693680,IOWA,Flood,MONROE,0,0,0,0,.2M,25K,,,,
199905,16,199905,20,5693681,IOWA,Flood,POCAHONTAS,0,0,0,0,.2M,25K,,,,
199905,16,199905,20,5693686,IOWA,Flood,WEBSTER,0,0,0,0,.2M,25K,,,,
199905,16,199905,20,5693687,IOWA,Flood,WINNEBAGO,0,0,0,0,.2M,25K,,,,
199905,16,199905,20,5693688,IOWA,Flood,WRIGHT,0,0,0,0,.2M,25K,,,,
199905,16,199905,20,5693602,IOWA,Flood,CARROLL,0,0,0,0,.2M,25K,,,,
199905,16,199905,20,5693603,IOWA,Flood,CERRO GORDO,0,0,0,0,.2M,25K,,,,
199905,21,199905,25,5693707,IOWA,Flood,MAHASKA,0,0,0,0,50K,10K,,,,
199905,21,199905,25,5693699,IOWA,Flood,GRUNDY,0,0,0,0,50K,10K,,,,
199905,21,199905,25,5693689,IOWA,Flood,BLACK HAWK,0,0,0,0,50K,10K,,,,
199905,16,199905,20,5693599,IOWA,Flood,BREMER,0,0,0,0,.5M,50K,,,,
199905,16,199905,20,5693600,IOWA,Flood,BLACK HAWK,0,0,0,0,.75M,50K,,,,
199905,21,199905,25,5693700,IOWA,Flood,GUTHRIE,0,0,0,0,50K,10K,,,,
199905,21,199905,25,5693781,IOWA,Flood,WARREN,0,0,0,0,50K,10K,,,,
199905,21,199905,25,5693692,IOWA,Flood,BUTLER,0,0,0,0,50K,10K,,,,
199905,21,199905,25,5693702,IOWA,Flood,HARDIN,0,0,0,0,50K,10K,,,,
199905,21,199905,25,5693782,IOWA,Flood,WEBSTER,0,0,0,0,50K,10K,,,,
199905,21,199905,25,5693705,IOWA,Flood,KOSSUTH,0,0,0,0,50K,10K,,,,
199905,16,199905,20,5693605,IOWA,Flood,DALLAS,0,0,0,0,.2M,25K,,,,
199905,21,199905,25,5693695,IOWA,Flood,DALLAS,0,0,0,0,50K,10K,,,,
199905,21,199905,25,5693694,IOWA,Flood,CERRO GORDO,0,0,0,0,50K,10K,,,,
199905,21,199905,25,5693783,IOWA,Flood,WINNEBAGO,0,0,0,0,50K,10K,,,,
199905,21,199905,25,5693693,IOWA,Flood,CARROLL,0,0,0,0,50K,10K,,,,
199905,21,199905,25,5693697,IOWA,Flood,FRANKLIN,0,0,0,0,50K,10K,,,,
199905,21,199905,25,5693690,IOWA,Flood,ADAIR,0,0,0,0,50K,10K,,,,
199905,21,199905,25,5693708,IOWA,Flood,MARION,0,0,0,0,50K,10K,,,,
199905,21,199905,25,5693691,IOWA,Flood,BREMER,0,0,0,0,50K,10K,,,,
199905,21,199905,25,5693704,IOWA,Flood,JASPER,0,0,0,0,50K,10K,,,,
199904,6,199904,15,5687097,IOWA,Flood,WRIGHT,0,0,0,0,7K,,,,,
199904,22,199904,27,5687105,IOWA,Flood,EMMET,0,0,0,0,10K,,,,,
199905,21,199905,22,5697271,IOWA,Flood,FREMONT,0,0,0,0,,,,,,
199904,22,199904,27,5687235,IOWA,Flood,WRIGHT,0,0,0,0,10K,,,,,
199904,6,199904,15,5687070,IOWA,Flood,CALHOUN,0,0,0,0,7K,,,,,
199905,21,199905,21,5697273,IOWA,Flood,PAGE,0,0,0,0,,,,,,
199904,22,199904,27,5687218,IOWA,Flood,JASPER,0,0,0,0,10K,,,,,
199904,6,199904,15,5687071,IOWA,Flood,CARROLL,0,0,0,0,7K,,,,,
199906,9,199906,15,5698959,IOWA,Flood,EMMET,0,0,0,0,50K,75K,,,,
199906,9,199906,15,5698960,IOWA,Flood,FRANKLIN,0,0,0,0,50K,75K,,,,
199906,9,199906,15,5698961,IOWA,Flood,GREENE,0,0,0,0,50K,75K,,,,
199906,9,199906,15,5698962,IOWA,Flood,GRUNDY,0,0,0,0,50K,75K,,,,
199906,9,199906,15,5698963,IOWA,Flood,GUTHRIE,0,0,0,0,50K,75K,,,,
199904,22,199904,27,5687219,IOWA,Flood,KOSSUTH,0,0,0,0,10K,,,,,
199904,22,199904,27,5687110,IOWA,Flood,HANCOCK,0,0,0,0,10K,,,,,
199904,6,199904,15,5687091,IOWA,Flood,STORY,0,0,0,0,7K,,,,,
199904,22,199904,27,5687216,IOWA,Flood,HARDIN,0,0,0,0,10K,,,,,
199904,22,199904,27,5687231,IOWA,Flood,WAYNE,0,0,0,0,10K,,,,,
199904,6,199904,15,5687078,IOWA,Flood,HAMILTON,0,0,0,0,7K,,,,,
199904,6,199904,15,5687079,IOWA,Flood,HANCOCK,0,0,0,0,7K,,,,,
199904,6,199904,15,5687072,IOWA,Flood,CLARKE,0,0,0,0,7K,,,,,
199904,6,199904,15,5687082,IOWA,Flood,KOSSUTH,0,0,0,0,7K,,,,,
199904,22,199904,27,5687225,IOWA,Flood,PALO ALTO,0,0,0,0,10K,,,,,
199904,6,199904,15,5687085,IOWA,Flood,MAHASKA,0,0,0,0,7K,,,,,
199904,22,199904,27,5687109,IOWA,Flood,HAMILTON,0,0,0,0,10K,,,,,
199904,22,199904,27,5687223,IOWA,Flood,MARSHALL,0,0,0,0,10K,,,,,
199904,6,199904,15,5687074,IOWA,Flood,EMMET,0,0,0,0,7K,,,,,
199904,22,199904,27,5687217,IOWA,Flood,HUMBOLDT,0,0,0,0,10K,,,,,
199904,22,199904,27,5687226,IOWA,Flood,POCAHONTAS,0,0,0,0,10K,,,,,
199904,6,199904,15,5687096,IOWA,Flood,WINNEBAGO,0,0,0,0,7K,,,,,
199904,6,199904,15,5687090,IOWA,Flood,SAC,0,0,0,0,7K,,,,,
199904,6,199904,15,5687086,IOWA,Flood,MARSHALL,0,0,0,0,7K,,,,,
199905,21,199905,25,5693698,IOWA,Flood,GREENE,0,0,0,0,50K,10K,,,,
199905,21,199905,25,5693706,IOWA,Flood,MADISON,0,0,0,0,50K,10K,,,,
199905,21,199905,25,5693779,IOWA,Flood,POLK,0,0,0,0,50K,10K,,,,
199905,21,199905,25,5693709,IOWA,Flood,MARSHALL,0,0,0,0,50K,10K,,,,
199905,16,199905,20,5693669,IOWA,Flood,HAMILTON,0,0,0,0,.2M,25K,,,,
199905,16,199905,20,5693670,IOWA,Flood,HANCOCK,0,0,0,0,.2M,25K,,,,
199905,16,199905,20,5693671,IOWA,Flood,HARDIN,0,0,0,0,.2M,25K,,,,
199905,16,199905,20,5693666,IOWA,Flood,GREENE,0,0,0,0,.2M,25K,,,,
199905,16,199905,20,5693667,IOWA,Flood,GRUNDY,0,0,0,0,.2M,25K,,,,
199905,16,199905,20,5693668,IOWA,Flood,GUTHRIE,0,0,0,0,.2M,25K,,,,
199905,16,199905,20,5693672,IOWA,Flood,HUMBOLDT,0,0,0,0,.2M,25K,,,,
199905,16,199905,20,5693673,IOWA,Flood,JASPER,0,0,0,0,.2M,25K,,,,
199905,16,199905,20,5693606,IOWA,Flood,EMMET,0,0,0,0,.2M,25K,,,,
199905,16,199905,20,5693607,IOWA,Flood,FRANKLIN,0,0,0,0,.2M,25K,,,,
199905,16,199905,20,5693685,IOWA,Flood,WAYNE,0,0,0,0,.2M,25K,,,,
199905,21,199905,25,5693710,IOWA,Flood,POCAHONTAS,0,0,0,0,50K,10K,,,,
199905,21,199905,25,5693784,IOWA,Flood,WRIGHT,0,0,0,0,50K,10K,,,,
199905,16,199905,20,5693674,IOWA,Flood,KOSSUTH,0,0,0,0,.2M,25K,,,,
199905,16,199905,20,5693675,IOWA,Flood,LUCAS,0,0,0,0,.2M,25K,,,,
199905,16,199905,20,5693676,IOWA,Flood,MADISON,0,0,0,0,.2M,25K,,,,
199905,16,199905,20,5693677,IOWA,Flood,MAHASKA,0,0,0,0,.2M,25K,,,,
199905,16,199905,20,5693678,IOWA,Flood,MARION,0,0,0,0,.2M,25K,,,,
199905,16,199905,20,5693679,IOWA,Flood,MARSHALL,0,0,0,0,.2M,25K,,,,
199905,21,199905,25,5693703,IOWA,Flood,HUMBOLDT,0,0,0,0,50K,10K,,,,
199905,21,199905,25,5693701,IOWA,Flood,HANCOCK,0,0,0,0,50K,10K,,,,
199905,21,199905,25,5693780,IOWA,Flood,STORY,0,0,0,0,50K,10K,,,,
199905,21,199905,25,5693696,IOWA,Flood,EMMET,0,0,0,0,50K,10K,,,,
199905,16,199905,20,5693682,IOWA,Flood,POLK,0,0,0,0,.2M,25K,,,,
199905,16,199905,20,5693683,IOWA,Flood,STORY,0,0,0,0,.2M,25K,,,,
199905,16,199905,20,5693684,IOWA,Flood,WARREN,0,0,0,0,.2M,25K,,,,
199906,27,199906,27,5709315,IOWA,Flash Flood,HARRISON,0,0,0,0,,,,,,
199907,19,199907,19,5710637,IOWA,Flash Flood,HARRISON,0,0,0,0,,,,,,
199907,10,199907,10,5711044,IOWA,Flood,FREMONT,0,0,0,0,,,,,,
199907,20,199907,20,5706010,IOWA,Flash Flood,WORTH,0,0,0,0,100K,50K,,,,
199907,20,199907,21,5706011,IOWA,Flash Flood,BREMER,0,0,0,0,75K,25K,,,,
199907,20,199907,21,5706012,IOWA,Flash Flood,BUTLER,0,0,0,0,500K,200K,,,,
199907,28,199907,30,5706146,IOWA,Flood,BLACK HAWK,0,0,0,0,25K,10K,,,,
199907,28,199907,30,5706147,IOWA,Flood,BUTLER,0,0,0,0,25K,10K,,,,
199907,31,199907,31,5706207,IOWA,Flood,UNION,0,0,0,0,25K,10K,,,,
199907,31,199907,31,5706205,IOWA,Flood,RINGGOLD,0,0,0,0,25K,10K,,,,
199907,31,199907,31,5706206,IOWA,Flood,TAYLOR,0,0,0,0,25K,10K,,,,
199907,31,199907,31,5706148,IOWA,Flood,ADAMS,0,0,0,0,25K,10K,,,,
199907,31,199907,31,5706149,IOWA,Flood,CLARKE,0,0,0,0,25K,10K,,,,
199907,31,199907,31,5706150,IOWA,Flood,DECATUR,0,0,0,0,25K,10K,,,,
199906,4,199906,4,5716063,IOWA,Flood,SCOTT,0,0,0,0,,,,,,
199907,19,199907,22,5707565,IOWA,Flood,FLOYD,0,0,0,0,450K,125K,,,,
199907,19,199907,22,5707564,IOWA,Flood,MITCHELL,0,0,0,0,400K,150K,,,,
199907,19,199907,22,5707567,IOWA,Flood,CHICKASAW,0,0,0,0,350K,100K,,,,
199907,19,199907,22,5707566,IOWA,Flood,HOWARD,0,0,0,0,375K,90K,,,,
199907,20,199907,20,5707562,IOWA,Flash Flood,FAYETTE,0,0,0,0,50K,40K,,,,
199907,20,199907,20,5707563,IOWA,Flash Flood,CLAYTON,0,0,0,0,25K,20K,,,,
199907,20,199907,20,5707559,IOWA,Flash Flood,FLOYD,0,0,0,0,225K,100K,,,,
199907,20,199907,20,5707560,IOWA,Flash Flood,MITCHELL,0,0,0,0,350K,120K,,,,
199907,20,199907,20,5707561,IOWA,Flash Flood,HOWARD,0,0,0,0,275K,90K,,,,
199907,20,199907,20,5707558,IOWA,Flash Flood,CHICKASAW,0,0,0,0,350K,100K,,,,
199907,21,199907,21,5719843,IOWA,Flood,JACKSON,0,0,0,0,,,,,,
199908,7,199908,7,5714633,IOWA,Flash Flood,HARRISON,0,0,0,0,100K,,,,,
199908,7,199908,7,5714634,IOWA,Flash Flood,POTTAWATTAMIE,0,0,0,0,4M,,,,,
199906,28,199906,29,5709323,IOWA,Flood,FREMONT,0,0,0,0,,,,,,
199908,7,199908,7,5712050,IOWA,Flash Flood,CASS,0,0,0,0,25K,5K,,,,
199907,31,199907,31,5706151,IOWA,Flood,LUCAS,0,0,0,0,25K,10K,,,,
199907,31,199907,31,5706208,IOWA,Flood,WAYNE,0,0,0,0,25K,10K,,,,
199906,9,199906,15,5699289,IOWA,Flood,WEBSTER,0,0,0,0,50K,75K,,,,
199906,9,199906,15,5699290,IOWA,Flood,WINNEBAGO,0,0,0,0,50K,75K,,,,
199906,9,199906,15,5699291,IOWA,Flood,WORTH,0,0,0,0,50K,75K,,,,
199906,9,199906,15,5699292,IOWA,Flood,WRIGHT,0,0,0,0,50K,75K,,,,
199905,17,199905,17,5697272,IOWA,Flood,MONTGOMERY,0,0,0,0,,,,,,
199906,9,199906,15,5698966,IOWA,Flood,HARDIN,0,0,0,0,50K,75K,,,,
199906,9,199906,15,5698967,IOWA,Flood,HUMBOLDT,0,0,0,0,50K,75K,,,,
199906,9,199906,15,5698968,IOWA,Flood,JASPER,0,0,0,0,50K,75K,,,,
199906,9,199906,15,5698956,IOWA,Flood,CLARKE,0,0,0,0,50K,75K,,,,
199906,9,199906,15,5698964,IOWA,Flood,HAMILTON,0,0,0,0,50K,75K,,,,
199906,9,199906,15,5698965,IOWA,Flood,HANCOCK,0,0,0,0,50K,75K,,,,
200005,18,200005,18,5146992,IOWA,Flood,SCOTT,0,0,0,0,,,,,,
200005,18,200005,18,5146994,IOWA,Flood,SCOTT,0,0,0,0,,,,,,
200005,30,200005,30,5142907,IOWA,Flood,POLK,0,0,0,0,10K,,,,,
200004,16,200004,16,5142866,IOWA,Flood,MUSCATINE,0,0,0,0,,,,,,
200004,20,200004,20,5143010,IOWA,Flood,SCOTT,0,0,0,0,,,,,,
200005,30,200005,30,5142895,IOWA,Flood,BLACK HAWK,0,0,0,0,10K,,,,,
200005,18,200005,18,5146997,IOWA,Flood,MUSCATINE,0,0,0,0,,,,,,
200005,8,200005,8,5146608,IOWA,Flash Flood,DUBUQUE,0,0,0,0,,,,,,
200005,11,200005,11,5146216,IOWA,Flood,BUCHANAN,0,0,0,0,,,,,,
200004,19,200004,19,5142595,IOWA,Flood,KEOKUK,0,0,0,0,,,,,,
200005,31,200005,31,5147019,IOWA,Flash Flood,BUCHANAN,0,0,0,0,,,,,,
200006,9,200006,13,5148230,IOWA,Flood,CERRO GORDO,0,0,0,0,25K,25K,,,,
200006,13,200006,17,5148241,IOWA,Flood,BLACK HAWK,0,0,0,0,20K,50K,,,,
200005,31,200005,31,5145817,IOWA,Flash Flood,DELAWARE,0,0,0,0,,,,,,
200006,13,200006,17,5148295,IOWA,Flood,MARSHALL,0,0,0,0,20K,50K,,,,
200006,9,200006,13,5148232,IOWA,Flood,GRUNDY,0,0,0,0,25K,25K,,,,
200006,9,200006,13,5148233,IOWA,Flood,HAMILTON,0,0,0,0,25K,25K,,,,
200005,31,200005,31,5143324,IOWA,Flash Flood,BLACK HAWK,0,0,0,0,50K,5K,,,,
200005,31,200005,31,5145816,IOWA,Flash Flood,BUCHANAN,0,0,0,0,,,,,,
200005,31,200005,31,5147023,IOWA,Flood,SCOTT,0,0,0,0,,,,,,
200006,13,200006,17,5148293,IOWA,Flood,HANCOCK,0,0,0,0,20K,50K,,,,
200006,25,200006,25,5147211,IOWA,Flash Flood,APPANOOSE,0,0,0,0,200K,50K,,,,
200006,25,200006,25,5147212,IOWA,Flash Flood,LUCAS,0,0,0,0,200K,50K,,,,
200006,25,200006,26,5147213,IOWA,Flash Flood,MAHASKA,0,0,0,0,500K,100K,,,,
200006,25,200006,25,5147214,IOWA,Flash Flood,MONROE,0,0,0,0,200K,50K,,,,
200006,24,200006,27,5148305,IOWA,Flood,LUCAS,0,0,0,0,50K,75K,,,,
200006,24,200006,27,5148306,IOWA,Flood,MAHASKA,0,0,0,0,50K,75K,,,,
200006,23,200006,24,5148307,IOWA,Flash Flood,MAHASKA,0,0,0,0,350K,250K,,,,
200006,23,200006,23,5148308,IOWA,Flash Flood,DAVIS,0,0,0,0,150K,150K,,,,
200006,23,200006,23,5148309,IOWA,Flash Flood,MARION,0,0,0,0,200K,100K,,,,
200006,1,200006,2,5147284,IOWA,Flood,BUTLER,0,0,0,0,10K,5K,,,,
200006,9,200006,13,5148237,IOWA,Flood,STORY,0,0,0,0,25K,25K,,,,
200006,9,200006,13,5148238,IOWA,Flood,WINNEBAGO,0,0,0,0,25K,25K,,,,
200006,9,200006,13,5148239,IOWA,Flood,WORTH,0,0,0,0,25K,25K,,,,
200006,13,200006,17,5148291,IOWA,Flood,GRUNDY,0,0,0,0,20K,50K,,,,
200005,31,200005,31,5142447,IOWA,Flash Flood,MITCHELL,0,0,0,0,45K,25K,,,,
200005,31,200005,31,5142448,IOWA,Flash Flood,HOWARD,0,0,0,0,35K,40K,,,,
200005,31,200005,31,5142449,IOWA,Flash Flood,FAYETTE,0,0,0,0,50K,35K,,,,
200006,1,200006,2,5147285,IOWA,Flood,CERRO GORDO,0,0,0,0,10K,5K,,,,
200005,18,200005,18,5142815,IOWA,Flood,FAYETTE,0,0,0,0,,,,,,
200005,31,200005,31,5147025,IOWA,Flash Flood,BUCHANAN,0,0,0,0,,,,,,
200006,13,200006,17,5148289,IOWA,Flood,CERRO GORDO,0,0,0,0,20K,50K,,,,
200006,13,200006,13,5151696,IOWA,Flash Flood,CEDAR,0,0,0,0,,,,,,
200006,23,200006,23,5148050,IOWA,Flash Flood,MONROE,0,0,0,0,100K,50K,,,,
200006,13,200006,17,5148242,IOWA,Flood,BUTLER,0,0,0,0,20K,50K,,,,
200006,13,200006,14,5151151,IOWA,Flash Flood,FLOYD,0,0,0,0,50K,75K,,,,
200006,24,200006,27,5148595,IOWA,Flood,MARION,0,0,0,0,50K,75K,,,,
200006,24,200006,27,5148596,IOWA,Flood,MONROE,0,0,0,0,50K,75K,,,,
200006,24,200006,27,5148597,IOWA,Flood,WAPELLO,0,0,0,0,50K,75K,,,,
200006,24,200006,27,5148598,IOWA,Flood,WAYNE,0,0,0,0,50K,75K,,,,
200006,25,200006,25,5147215,IOWA,Flash Flood,WAYNE,0,0,0,0,100K,25K,,,,
200006,25,200006,25,5147216,IOWA,Flash Flood,DAVIS,0,0,0,0,100K,25K,,,,
200006,25,200006,26,5147217,IOWA,Flash Flood,WAPELLO,0,0,0,0,500K,100K,,,,
200006,9,200006,13,5147289,IOWA,Flood,BLACK HAWK,0,0,0,0,25K,25K,,,,
200006,9,200006,13,5148236,IOWA,Flood,MARSHALL,0,0,0,0,25K,25K,,,,
200006,13,200006,17,5148297,IOWA,Flood,WRIGHT,0,0,0,0,20K,50K,,,,
200006,24,200006,27,5148298,IOWA,Flood,BUTLER,0,0,0,0,50K,75K,,,,
200006,24,200006,27,5148299,IOWA,Flood,CLARKE,0,0,0,0,50K,75K,,,,
200006,24,200006,27,5148300,IOWA,Flood,DAVIS,0,0,0,0,50K,75K,,,,
200006,24,200006,27,5148301,IOWA,Flood,DECATUR,0,0,0,0,50K,75K,,,,
200006,24,200006,27,5148302,IOWA,Flood,FRANKLIN,0,0,0,0,50K,75K,,,,
200006,24,200006,27,5148303,IOWA,Flood,GRUNDY,0,0,0,0,50K,75K,,,,
200006,24,200006,27,5148304,IOWA,Flood,JASPER,0,0,0,0,50K,75K,,,,
200005,31,200005,31,5147014,IOWA,Flash Flood,LOUISA,0,0,0,0,,,,,,
200006,9,200006,13,5148240,IOWA,Flood,WRIGHT,0,0,0,0,25K,25K,,,,
200006,9,200006,13,5148231,IOWA,Flood,FRANKLIN,0,0,0,0,25K,25K,,,,
200006,13,200006,17,5148296,IOWA,Flood,STORY,0,0,0,0,20K,50K,,,,
200005,31,200005,31,5147022,IOWA,Flash Flood,BUCHANAN,0,0,0,0,,,,,,
200006,23,200006,23,5151703,IOWA,Flood,BUCHANAN,0,0,0,0,,,,,,
200006,20,200006,20,5151697,IOWA,Flood,LEE,0,0,0,0,,,,,,
200006,25,200006,25,5151698,IOWA,Flood,JEFFERSON,0,0,0,0,,,,,,
200006,25,200006,25,5151699,IOWA,Flood,LEE,0,0,0,0,,,,,,
200006,23,200006,24,5148048,IOWA,Flash Flood,WAPELLO,0,0,0,0,300K,250K,,,,
200006,13,200006,14,5151210,IOWA,Flash Flood,CHICKASAW,0,0,0,0,60K,80K,,,,
200006,13,200006,17,5148290,IOWA,Flood,FRANKLIN,0,0,0,0,20K,50K,,,,
200006,13,200006,17,5148294,IOWA,Flood,HARDIN,0,0,0,0,20K,50K,,,,
200006,2,200006,3,5151959,IOWA,Flood,MITCHELL,0,0,0,0,25K,50K,,,,
200006,2,200006,3,5151960,IOWA,Flood,FLOYD,0,0,0,0,30K,40K,,,,
200006,24,200006,24,5153823,IOWA,Flood,CLINTON,0,0,1,0,,,,,,
200006,1,200006,30,5153825,IOWA,Flood,BUCHANAN,0,0,0,0,,,,,,
200006,9,200006,13,5148234,IOWA,Flood,HANCOCK,0,0,0,0,25K,25K,,,,
200006,13,200006,14,5151152,IOWA,Flash Flood,HOWARD,0,0,0,0,70K,90K,,,,
200007,10,200007,15,5151885,IOWA,Flood,BLACK HAWK,0,0,0,0,50K,25K,,,,
200007,10,200007,15,5151886,IOWA,Flood,BREMER,0,0,0,0,50K,25K,,,,
200007,10,200007,15,5151887,IOWA,Flood,BUTLER,0,0,0,0,50K,25K,,,,
200007,10,200007,15,5151888,IOWA,Flood,FRANKLIN,0,0,0,0,50K,25K,,,,
200007,10,200007,15,5151889,IOWA,Flood,GRUNDY,0,0,0,0,50K,25K,,,,
200007,10,200007,15,5151890,IOWA,Flood,HAMILTON,0,0,0,0,50K,25K,,,,
200006,13,200006,17,5148292,IOWA,Flood,HAMILTON,0,0,0,0,20K,50K,,,,
200006,1,200006,4,5151958,IOWA,Flood,ALLAMAKEE,0,0,0,0,25K,75K,,,,
200006,1,200006,1,5151856,IOWA,Flash Flood,HOWARD,0,0,0,0,300K,125K,,,,
200006,1,200006,1,5151857,IOWA,Flash Flood,WINNESHIEK,0,0,0,0,75K,55K,,,,
200006,1,200006,1,5151858,IOWA,Flash Flood,ALLAMAKEE,0,0,0,0,125K,100K,,,,
200006,1,200006,4,5151957,IOWA,Flood,WINNESHIEK,0,0,0,0,20K,65K,,,,
200006,9,200006,13,5147288,IOWA,Flood,BUTLER,0,0,0,0,25K,25K,,,,
200006,1,200006,1,5151855,IOWA,Flash Flood,MITCHELL,0,0,0,0,65K,75K,,,,
200006,23,200006,23,5153815,IOWA,Flood,JEFFERSON,0,0,0,0,,,,,,
200007,5,200007,5,5152654,IOWA,Flash Flood,ADAMS,0,0,0,0,50K,25K,,,,
200006,23,200006,23,5153816,IOWA,Flood,HENRY,0,0,1,0,,,,,,
200007,10,200007,10,5152673,IOWA,Flash Flood,BUTLER,0,0,0,0,50K,75K,,,,
200006,1,200006,30,5153826,IOWA,Flood,CEDAR,0,0,0,0,,,,,,
200006,13,200006,13,5153907,IOWA,Flash Flood,SCOTT,0,0,0,0,,,,,,
200006,1,200006,2,5147286,IOWA,Flood,FRANKLIN,0,0,0,0,10K,5K,,,,
200006,1,200006,2,5147287,IOWA,Flood,GRUNDY,0,0,0,0,10K,5K,,,,
200006,13,200006,13,5154027,IOWA,Flash Flood,SCOTT,0,0,0,0,,,,,,
200007,10,200007,15,5151985,IOWA,Flood,HARDIN,0,0,0,0,50K,25K,,,,
200006,9,200006,13,5148235,IOWA,Flood,HARDIN,0,0,0,0,25K,25K,,,,
200006,24,200006,24,5153820,IOWA,Flood,MUSCATINE,0,0,0,0,,,,,,
200007,5,200007,5,5152350,IOWA,Flash Flood,UNION,0,0,0,0,50K,25K,,,,
200007,10,200007,15,5151986,IOWA,Flood,MARSHALL,0,0,0,0,50K,25K,,,,
200007,10,200007,15,5151987,IOWA,Flood,STORY,0,0,0,0,50K,25K,,,,
200007,10,200007,15,5151988,IOWA,Flood,WRIGHT,0,0,0,0,50K,25K,,,,
200006,13,200006,13,5153812,IOWA,Flash Flood,IOWA,0,0,0,0,,,,,,
200007,10,200007,10,5152674,IOWA,Flash Flood,FRANKLIN,0,0,0,0,50K,75K,,,,
200007,10,200007,10,5152675,IOWA,Flash Flood,BLACK HAWK,0,0,0,0,250K,250K,,,,
200007,10,200007,10,5152676,IOWA,Flash Flood,BREMER,0,0,0,0,50K,75K,,,,
200007,10,200007,10,5152677,IOWA,Flash Flood,TAMA,0,0,0,0,100K,150K,,,,
200007,9,200007,10,5152665,IOWA,Flash Flood,PALO ALTO,0,0,0,0,50K,75K,,,,
200007,9,200007,10,5152666,IOWA,Flash Flood,KOSSUTH,0,0,0,0,500K,300K,,,,
200007,9,200007,10,5152667,IOWA,Flash Flood,HUMBOLDT,0,0,0,0,100K,100K,,,,
200007,9,200007,10,5152668,IOWA,Flash Flood,CERRO GORDO,0,0,0,0,100K,75K,,,,
200007,9,200007,10,5152669,IOWA,Flash Flood,WORTH,0,0,0,0,50K,75K,,,,
200007,9,200007,10,5152664,IOWA,Flash Flood,EMMET,0,0,0,0,50K,75K,,,,
200007,10,200007,10,5152670,IOWA,Flash Flood,WRIGHT,0,0,0,0,75K,100K,,,,
200007,10,200007,10,5152671,IOWA,Flash Flood,GRUNDY,1,0,0,0,200K,250K,,,,
200007,10,200007,10,5152672,IOWA,Flash Flood,HARDIN,0,0,0,0,75K,100K,,,,
200006,24,200006,24,5153819,IOWA,Flood,SCOTT,0,0,0,0,,,,,,
200006,1,200006,30,5153827,IOWA,Flood,CLINTON,0,0,0,0,,,,,,
200007,26,200007,26,5153118,IOWA,Flash Flood,TAMA,0,0,0,0,50K,10K,,,,
200007,26,200007,26,5153119,IOWA,Flash Flood,TAMA,0,0,0,0,200K,50K,,,,
200007,26,200007,26,5153120,IOWA,Flash Flood,ADAIR,0,0,0,0,200K,50K,,,,
200007,26,200007,26,5153121,IOWA,Flash Flood,CASS,0,0,0,0,150K,50K,,,,
200006,13,200006,13,5152921,IOWA,Flash Flood,JOHNSON,0,0,0,0,,,,,,
200006,13,200006,13,5153564,IOWA,Flood,JACKSON,0,0,0,0,,,,,,
200009,11,200009,11,5175179,IOWA,Flood,SCOTT,0,0,0,0,,,,,,
200007,2,200007,2,5175664,IOWA,Flash Flood,ALLAMAKEE,0,0,0,0,75K,60K,,,,
200004,19,200004,19,5144067,IOWA,Flood,BUCHANAN,0,0,0,0,,,,,,
200006,13,200006,13,5154160,IOWA,Flash Flood,WOODBURY,0,0,0,0,,,,,,
200006,13,200006,13,5154163,IOWA,Flash Flood,WOODBURY,0,0,0,0,,,,,,
200006,13,200006,13,5154461,IOWA,Flash Flood,PLYMOUTH,0,0,0,0,,,,,,
200007,26,200007,26,5155648,IOWA,Flash Flood,IOWA,0,0,0,0,,,,,,
200006,1,200006,30,5153831,IOWA,Flood,IOWA,0,0,0,0,,,,,,
200007,2,200007,2,5155714,IOWA,Flood,JACKSON,0,0,0,0,,,,,,
200007,2,200007,2,5155715,IOWA,Flood,SCOTT,0,0,0,0,,,,,,
200006,1,200006,1,5154793,IOWA,Flood,LINN,0,0,0,0,,,,,,
200007,4,200007,4,5155111,IOWA,Flood,WASHINGTON,0,0,0,0,,,,,,
200007,4,200007,4,5155112,IOWA,Flood,JOHNSON,0,0,0,0,,,,,,
200007,1,200007,6,5155739,IOWA,Flood,CLINTON,0,0,0,0,,,,,,
200006,1,200006,30,5153829,IOWA,Flood,DES MOINES,0,0,0,0,,,,,,
200007,4,200007,4,5155113,IOWA,Flood,MUSCATINE,0,0,0,0,,,,,,
200007,4,200007,4,5155114,IOWA,Flood,LEE,0,0,0,0,,,,,,
200007,1,200007,6,5155738,IOWA,Flood,CEDAR,0,0,0,0,,,,,,
200007,10,200007,10,5155420,IOWA,Flood,MUSCATINE,0,0,0,0,,,,,,
200007,26,200007,26,5155645,IOWA,Flash Flood,BENTON,0,0,0,0,,,,,,
200007,26,200007,26,5155646,IOWA,Flash Flood,BENTON,0,0,0,0,,,,,,
200006,1,200006,30,5153830,IOWA,Flood,DUBUQUE,0,0,0,0,,,,,,
200007,10,200007,10,5155341,IOWA,Flood,JONES,0,0,0,0,,,,,,
200007,10,200007,10,5155342,IOWA,Flood,JOHNSON,0,0,0,0,,,,,,
200007,10,200007,13,5176149,IOWA,Flood,MITCHELL,0,0,0,0,35K,50K,,,,
200007,1,200007,6,5155743,IOWA,Flood,SCOTT,0,0,0,0,,,,,,
200007,1,200007,6,5155740,IOWA,Flood,IOWA,0,0,0,0,,,,,,
200007,1,200007,6,5155741,IOWA,Flood,JOHNSON,0,0,0,0,,,,,,
200007,1,200007,6,5155742,IOWA,Flood,MUSCATINE,0,0,0,0,,,,,,
200007,10,200007,10,5176154,IOWA,Flash Flood,WINNESHIEK,0,0,0,0,30K,15K,,,,
200007,9,200007,10,5176155,IOWA,Flash Flood,HOWARD,0,0,0,0,55K,40K,,,,
200007,10,200007,10,5176156,IOWA,Flash Flood,ALLAMAKEE,0,0,0,0,35K,30K,,,,
200006,1,200006,30,5153828,IOWA,Flood,DELAWARE,0,0,0,0,,,,,,
200007,10,200007,13,5176150,IOWA,Flood,FLOYD,0,0,0,0,50K,60K,,,,
200007,13,200007,20,5155747,IOWA,Flood,CEDAR,0,0,0,0,,,,,,
200007,13,200007,20,5155748,IOWA,Flood,MUSCATINE,0,0,0,0,,,,,,
200007,13,200007,20,5155749,IOWA,Flood,SCOTT,0,0,0,0,,,,,,
200008,20,200008,20,5176813,IOWA,Flash Flood,TAYLOR,0,0,0,0,20K,2K,,,,
200006,1,200006,30,5164818,IOWA,Flood,JACKSON,0,0,0,0,,,,,,
200006,1,200006,30,5164930,IOWA,Flood,LEE,0,0,0,0,,,,,,
200006,1,200006,30,5164929,IOWA,Flood,JONES,0,0,0,0,,,,,,
200006,1,200006,30,5164819,IOWA,Flood,JOHNSON,0,0,0,0,,,,,,
200006,1,200006,30,5164933,IOWA,Flood,MUSCATINE,0,0,0,0,,,,,,
200006,1,200006,30,5164935,IOWA,Flood,VAN BUREN,0,0,0,0,,,,,,
200006,1,200006,30,5164931,IOWA,Flood,LINN,0,0,0,0,,,,,,
200006,1,200006,30,5164932,IOWA,Flood,LOUISA,0,0,0,0,,,,,,
200006,1,200006,30,5164934,IOWA,Flood,SCOTT,0,0,0,0,,,,,,
200102,24,200102,25,5230940,IOWA,Flood,APPANOOSE,0,0,0,0,7.5K,,,,,
200102,24,200102,25,5230941,IOWA,Flood,CLARKE,0,0,0,0,7.5K,,,,,
200102,24,200102,25,5230942,IOWA,Flood,LUCAS,0,0,0,0,7.5K,,,,,
200102,24,200102,25,5230943,IOWA,Flood,WAYNE,0,0,0,0,7.5K,,,,,
200103,15,200103,16,5233709,IOWA,Flood,DAVIS,0,0,0,0,5K,,,,,
200103,15,200103,16,5233710,IOWA,Flood,DECATUR,0,0,0,0,5K,,,,,
200103,15,200103,16,5233716,IOWA,Flood,MAHASKA,0,0,0,0,5K,,,,,
200103,15,200103,16,5233724,IOWA,Flood,TAMA,0,0,0,0,5K,,,,,
200102,24,200102,24,5234081,IOWA,Flood,JEFFERSON,0,0,0,0,,,,,,
200103,23,200103,31,5233885,IOWA,Flood,POLK,0,0,0,0,7.5K,,,,,
200103,23,200103,31,5233741,IOWA,Flood,CERRO GORDO,0,0,0,0,7.5K,,,,,
200103,23,200103,31,5233867,IOWA,Flood,FRANKLIN,0,0,0,0,7.5K,,,,,
200103,23,200103,31,5233868,IOWA,Flood,GREENE,0,0,0,0,7.5K,,,,,
200103,23,200103,31,5233869,IOWA,Flood,GRUNDY,0,0,0,0,7.5K,,,,,
200103,23,200103,31,5233886,IOWA,Flood,POWESHIEK,0,0,0,0,7.5K,,,,,
200103,15,200103,16,5233715,IOWA,Flood,MADISON,0,0,0,0,5K,,,,,
200103,15,200103,16,5233726,IOWA,Flood,UNION,0,0,0,0,5K,,,,,
200103,23,200103,31,5234695,IOWA,Flood,SAC,0,0,0,0,7.5K,,,,,
200103,23,200103,31,5234696,IOWA,Flood,STORY,0,0,0,0,7.5K,,,,,
200102,24,200102,24,5234078,IOWA,Flood,DES MOINES,0,0,0,0,,,,,,
200102,24,200102,24,5234079,IOWA,Flood,HENRY,0,0,0,0,,,,,,
200102,24,200102,24,5234080,IOWA,Flood,IOWA,0,0,0,0,,,,,,
200103,23,200103,31,5233882,IOWA,Flood,MONROE,0,0,0,0,7.5K,,,,,
200103,15,200103,16,5233718,IOWA,Flood,MARSHALL,0,0,0,0,5K,,,,,
200103,15,200103,16,5233725,IOWA,Flood,TAYLOR,0,0,0,0,5K,,,,,
200103,23,200103,31,5233870,IOWA,Flood,GUTHRIE,0,0,0,0,7.5K,,,,,
200103,23,200103,31,5233871,IOWA,Flood,HAMILTON,0,0,0,0,7.5K,,,,,
200103,23,200103,31,5233872,IOWA,Flood,HANCOCK,0,0,0,0,7.5K,,,,,
200102,24,200102,24,5234076,IOWA,Flood,CEDAR,0,0,0,0,,,,,,
200102,24,200102,24,5234077,IOWA,Flood,CLINTON,0,0,0,0,,,,,,
200104,1,200104,4,5237596,IOWA,Flood,HAMILTON,0,0,0,0,5K,,,,,
200102,24,200102,24,5234082,IOWA,Flood,JOHNSON,0,0,0,0,,,,,,
200104,1,200104,4,5237597,IOWA,Flood,HANCOCK,0,0,0,0,5K,,,,,
200103,15,200103,16,5233723,IOWA,Flood,STORY,0,0,0,0,5K,,,,,
200103,23,200103,31,5234705,IOWA,Flood,WORTH,0,0,0,0,7.5K,,,,,
200103,15,200103,16,5233729,IOWA,Flood,WAYNE,0,0,0,0,5K,,,,,
200103,23,200103,31,5233730,IOWA,Flood,ADAIR,0,0,0,0,7.5K,,,,,
200103,23,200103,31,5233740,IOWA,Flood,CASS,0,0,0,0,7.5K,,,,,
200102,24,200102,24,5234158,IOWA,Flood,WASHINGTON,0,0,0,0,,,,,,
200102,24,200102,24,5234156,IOWA,Flood,SCOTT,0,0,0,0,,,,,,
200102,24,200102,24,5234157,IOWA,Flood,VAN BUREN,0,0,0,0,,,,,,
200103,23,200103,31,5234694,IOWA,Flood,RINGGOLD,0,0,0,0,7.5K,,,,,
200103,23,200103,31,5234706,IOWA,Flood,WRIGHT,0,0,0,0,7.5K,,,,,
200103,23,200103,31,5233737,IOWA,Flood,BUTLER,0,0,0,0,7.5K,,,,,
200103,23,200103,31,5233738,IOWA,Flood,CALHOUN,0,0,0,0,7.5K,,,,,
200103,23,200103,31,5233739,IOWA,Flood,CARROLL,0,0,0,0,7.5K,,,,,
200104,1,200104,4,5237598,IOWA,Flood,HUMBOLDT,0,0,0,0,5K,,,,,
200104,1,200104,4,5237603,IOWA,Flood,WORTH,0,0,0,0,5K,,,,,
200104,1,200104,4,5237604,IOWA,Flood,WRIGHT,0,0,0,0,5K,,,,,
200104,1,200104,4,5237600,IOWA,Flood,POCAHONTAS,0,0,0,0,5K,,,,,
200103,15,200103,15,5235419,IOWA,Flood,MONROE,0,0,0,0,25K,,,,,
200104,1,200104,4,5237599,IOWA,Flood,PALO ALTO,0,0,0,0,5K,,,,,
200103,15,200103,15,5235420,IOWA,Flood,WAPELLO,0,0,0,0,50K,,,,,
200104,7,200104,17,5237605,IOWA,Flood,BLACK HAWK,0,0,0,0,.15M,,,,,
200104,7,200104,17,5237606,IOWA,Flood,BREMER,0,0,0,0,.15M,,,,,
200104,7,200104,17,5237607,IOWA,Flood,BUTLER,0,0,0,0,.15M,,,,,
200104,7,200104,17,5237608,IOWA,Flood,CALHOUN,0,0,0,0,.15M,,,,,
200104,7,200104,17,5237719,IOWA,Flood,CARROLL,0,0,0,0,.15M,,,,,
200104,7,200104,17,5237720,IOWA,Flood,CERRO GORDO,0,0,0,0,.15M,,,,,
200104,7,200104,17,5237721,IOWA,Flood,CLARKE,0,0,0,0,.15M,,,,,
200104,7,200104,17,5237722,IOWA,Flood,DECATUR,0,0,0,0,.15M,,,,,
200104,7,200104,17,5237723,IOWA,Flood,EMMET,0,0,0,0,.15M,,,,,
200103,15,200103,16,5233705,IOWA,Flood,BOONE,0,0,0,0,5K,,,,,
200103,23,200103,31,5233732,IOWA,Flood,APPANOOSE,0,0,0,0,7.5K,,,,,
200103,23,200103,31,5233733,IOWA,Flood,AUDUBON,0,0,0,0,7.5K,,,,,
200103,15,200103,16,5233711,IOWA,Flood,GREENE,0,0,0,0,5K,,,,,
200103,15,200103,16,5233712,IOWA,Flood,GUTHRIE,0,0,0,0,5K,,,,,
200103,23,200103,31,5233734,IOWA,Flood,BLACK HAWK,0,0,0,0,7.5K,,,,,
200104,1,200104,4,5237592,IOWA,Flood,BUTLER,0,0,0,0,5K,,,,,
200103,23,200103,31,5234699,IOWA,Flood,UNION,0,0,0,0,7.5K,,,,,
200103,23,200103,31,5233866,IOWA,Flood,EMMET,0,0,0,0,7.5K,,,,,
200103,23,200103,31,5233878,IOWA,Flood,MADISON,0,0,0,0,7.5K,,,,,
200103,23,200103,31,5234697,IOWA,Flood,TAMA,0,0,0,0,7.5K,,,,,
200103,23,200103,31,5234698,IOWA,Flood,TAYLOR,0,0,0,0,7.5K,,,,,
200104,1,200104,4,5237593,IOWA,Flood,CERRO GORDO,0,0,0,0,5K,,,,,
200103,23,200103,31,5233864,IOWA,Flood,DAVIS,0,0,0,0,7.5K,,,,,
200103,23,200103,31,5233865,IOWA,Flood,DECATUR,0,0,0,0,7.5K,,,,,
200104,13,200104,30,5238061,IOWA,Flood,CLAYTON,0,0,0,0,2.5M,,,,,
200103,15,200103,16,5233707,IOWA,Flood,CLARKE,0,0,0,0,5K,,,,,
200103,15,200103,16,5233708,IOWA,Flood,DALLAS,0,0,0,0,5K,,,,,
200104,1,200104,4,5237595,IOWA,Flood,FRANKLIN,0,0,0,0,5K,,,,,
200104,13,200104,30,5238060,IOWA,Flood,ALLAMAKEE,0,0,0,0,2M,,,,,
200103,23,200103,31,5233735,IOWA,Flood,BOONE,0,0,0,0,7.5K,,,,,
200103,23,200103,31,5233736,IOWA,Flood,BREMER,0,0,0,0,7.5K,,,,,
200103,23,200103,31,5233876,IOWA,Flood,KOSSUTH,0,0,0,0,7.5K,,,,,
200103,23,200103,31,5233877,IOWA,Flood,LUCAS,0,0,0,0,7.5K,,,,,
200103,15,200103,16,5233706,IOWA,Flood,CASS,0,0,0,0,5K,,,,,
200103,15,200103,16,5233713,IOWA,Flood,JASPER,0,0,0,0,5K,,,,,
200103,15,200103,16,5233714,IOWA,Flood,LUCAS,0,0,0,0,5K,,,,,
200103,23,200103,31,5233731,IOWA,Flood,ADAMS,0,0,0,0,7.5K,,,,,
200103,23,200103,31,5233862,IOWA,Flood,CRAWFORD,0,0,0,0,7.5K,,,,,
200103,23,200103,31,5233861,IOWA,Flood,CLARKE,0,0,0,0,7.5K,,,,,
200103,23,200103,31,5233863,IOWA,Flood,DALLAS,0,0,0,0,7.5K,,,,,
200103,23,200103,31,5233873,IOWA,Flood,HARDIN,0,0,0,0,7.5K,,,,,
200103,23,200103,31,5233874,IOWA,Flood,HUMBOLDT,0,0,0,0,7.5K,,,,,
200104,1,200104,4,5237594,IOWA,Flood,EMMET,0,0,0,0,5K,,,,,
200102,24,200102,24,5234075,IOWA,Flood,BENTON,0,0,0,0,,,,,,
200103,23,200103,31,5233875,IOWA,Flood,JASPER,0,0,0,0,7.5K,,,,,
200104,5,200104,14,5238071,IOWA,Flood,FLOYD,0,0,0,0,30K,,,,,
200103,15,200103,16,5233704,IOWA,Flood,AUDUBON,0,0,0,0,5K,,,,,
200103,15,200103,16,5233703,IOWA,Flood,APPANOOSE,0,0,0,0,5K,,,,,
200103,23,200103,31,5233883,IOWA,Flood,PALO ALTO,0,0,0,0,7.5K,,,,,
200102,24,200102,24,5234152,IOWA,Flood,LEE,0,0,0,0,,,,,,
200102,24,200102,24,5234153,IOWA,Flood,LINN,0,0,0,0,,,,,,
200102,24,200102,24,5234154,IOWA,Flood,LOUISA,0,0,0,0,,,,,,
200102,24,200102,24,5234155,IOWA,Flood,MUSCATINE,0,0,0,0,,,,,,
200102,24,200102,24,5234151,IOWA,Flood,KEOKUK,0,0,0,0,,,,,,
200103,23,200103,31,5233884,IOWA,Flood,POCAHONTAS,0,0,0,0,7.5K,,,,,
200103,15,200103,16,5233717,IOWA,Flood,MARION,0,0,0,0,5K,,,,,
200103,23,200103,31,5233879,IOWA,Flood,MAHASKA,0,0,0,0,7.5K,,,,,
200103,23,200103,31,5233880,IOWA,Flood,MARION,0,0,0,0,7.5K,,,,,
200103,23,200103,31,5233881,IOWA,Flood,MARSHALL,0,0,0,0,7.5K,,,,,
200103,23,200103,31,5234700,IOWA,Flood,WAPELLO,0,0,0,0,7.5K,,,,,
200103,23,200103,31,5234701,IOWA,Flood,WARREN,0,0,0,0,7.5K,,,,,
200103,23,200103,31,5234702,IOWA,Flood,WAYNE,0,0,0,0,7.5K,,,,,
200103,15,200103,16,5233719,IOWA,Flood,MONROE,0,0,0,0,50K,,,,,
200103,15,200103,16,5233720,IOWA,Flood,POLK,0,0,0,0,5K,,,,,
200103,15,200103,16,5233701,IOWA,Flood,ADAIR,0,0,0,0,5K,,,,,
200103,15,200103,16,5233727,IOWA,Flood,WAPELLO,0,0,0,0,75K,,,,,
200103,15,200103,16,5233728,IOWA,Flood,WARREN,0,0,0,0,5K,,,,,
200103,23,200103,31,5234703,IOWA,Flood,WEBSTER,0,0,0,0,7.5K,,,,,
200103,23,200103,31,5234704,IOWA,Flood,WINNEBAGO,0,0,0,0,7.5K,,,,,
200103,15,200103,16,5233702,IOWA,Flood,ADAMS,0,0,0,0,5K,,,,,
200103,15,200103,16,5233721,IOWA,Flood,POWESHIEK,0,0,0,0,5K,,,,,
200103,15,200103,16,5233722,IOWA,Flood,RINGGOLD,0,0,0,0,5K,,,,,
200104,14,200104,30,5243793,IOWA,Flood,DES MOINES,0,0,0,0,,,,,,
200105,1,200105,2,5241934,IOWA,Flash Flood,SAC,0,0,0,0,200K,,,,,
200105,10,200105,10,5242291,IOWA,Flash Flood,MONROE,0,0,0,0,150K,,42.25,-92.91667,42.23333,-92.9
200105,10,200105,10,5242292,IOWA,Flash Flood,GRUNDY,0,0,0,0,75K,,42.31667,-92.95,42.31667,-92.95
200105,1,200105,9,5242521,IOWA,Flood,BLACK HAWK,0,0,0,0,75K,,,,,
200105,1,200105,2,5241936,IOWA,Flash Flood,CALHOUN,1,0,0,0,250K,,,,,
200105,1,200105,9,5242522,IOWA,Flood,BUTLER,0,0,0,0,75K,,,,,
200105,1,200105,9,5242523,IOWA,Flood,CALHOUN,0,0,0,0,75K,,,,,
200105,1,200105,9,5242524,IOWA,Flood,CARROLL,0,0,0,0,75K,,,,,
200105,21,200105,28,5242557,IOWA,Flood,DALLAS,0,0,0,0,30K,,,,,
200105,21,200105,28,5242636,IOWA,Flood,WINNEBAGO,0,0,0,0,30K,,,,,
200105,11,200105,14,5242550,IOWA,Flood,MAHASKA,0,0,0,0,25K,,,,,
200105,11,200105,14,5242551,IOWA,Flood,MARION,0,0,0,0,25K,,,,,
200104,1,200104,30,5242865,IOWA,Flood,BUENA VISTA,0,0,0,0,,,,,,
200104,1,200104,30,5242866,IOWA,Flood,CLAY,0,0,0,0,,,,,,
200105,21,200105,28,5242556,IOWA,Flood,CARROLL,0,0,0,0,30K,,,,,
200105,21,200105,28,5242629,IOWA,Flood,HANCOCK,0,0,0,0,30K,,,,,
200104,14,200104,30,5243792,IOWA,Flood,LOUISA,0,0,0,0,,,,,,
200105,11,200105,14,5242552,IOWA,Flood,MONROE,0,0,0,0,25K,,,,,
200105,11,200105,14,5242553,IOWA,Flood,WAPELLO,0,0,0,0,25K,,,,,
200104,14,200104,30,5243790,IOWA,Flood,SCOTT,0,0,0,0,,,,,,
200105,21,200105,28,5242631,IOWA,Flood,KOSSUTH,0,0,0,0,30K,,,,,
200105,21,200105,28,5242560,IOWA,Flood,HAMILTON,0,0,0,0,30K,,,,,
200105,21,200105,28,5242558,IOWA,Flood,EMMET,0,0,0,0,30K,,,,,
200105,31,200105,31,5242637,IOWA,Flood,CLARKE,0,0,0,0,2.5K,,,,,
200104,14,200104,30,5243788,IOWA,Flood,JACKSON,0,0,0,0,,,,,,
200104,8,200104,8,5243577,IOWA,Flood,BUCHANAN,0,0,0,0,,,,,,
200104,15,200104,30,5243789,IOWA,Flood,CLINTON,0,0,0,0,,,,,,
200105,21,200105,28,5242633,IOWA,Flood,POCAHONTAS,0,0,0,0,30K,,,,,
200105,21,200105,28,5242555,IOWA,Flood,CALHOUN,0,0,0,0,30K,,,,,
200105,13,200105,13,5242421,IOWA,Flash Flood,WARREN,0,0,0,0,100K,10K,,,,
200105,11,200105,14,5242554,IOWA,Flood,WAYNE,0,0,0,0,25K,,,,,
200105,31,200105,31,5242640,IOWA,Flood,WAYNE,0,0,0,0,2.5K,,,,,
200104,5,200104,5,5243344,IOWA,Flood,DES MOINES,0,0,0,0,,,,,,
200105,21,200105,28,5242634,IOWA,Flood,SAC,0,0,0,0,30K,,,,,
200104,1,200104,30,5242970,IOWA,Flood,SIOUX,0,0,0,0,,,,,,
200105,1,200105,9,5242525,IOWA,Flood,CERRO GORDO,0,0,0,0,75K,,,,,
200105,1,200105,9,5242526,IOWA,Flood,DALLAS,0,0,0,0,75K,,,,,
200105,1,200105,9,5242527,IOWA,Flood,EMMET,0,0,0,0,75K,,,,,
200105,1,200105,9,5242528,IOWA,Flood,FRANKLIN,0,0,0,0,75K,,,,,
200105,1,200105,9,5242529,IOWA,Flood,GREENE,0,0,0,0,75K,,,,,
200105,1,200105,9,5242530,IOWA,Flood,GRUNDY,0,0,0,0,75K,,,,,
200105,31,200105,31,5242638,IOWA,Flood,DECATUR,0,0,0,0,2.5K,,,,,
200105,31,200105,31,5242639,IOWA,Flood,LUCAS,0,0,0,0,2.5K,,,,,
200104,15,200104,18,5243795,IOWA,Flood,LINN,0,0,0,0,,,,,,
200104,1,200104,30,5242959,IOWA,Flood,DICKINSON,0,0,0,0,,,,,,
200104,14,200104,30,5243787,IOWA,Flood,DUBUQUE,0,0,0,0,,,,,,
200104,14,200104,30,5243794,IOWA,Flood,LEE,0,0,0,0,,,,,,
200104,14,200104,30,5243791,IOWA,Flood,MUSCATINE,0,0,0,0,,,,,,
200105,1,200105,9,5242531,IOWA,Flood,GUTHRIE,0,0,0,0,75K,,,,,
200105,1,200105,9,5242532,IOWA,Flood,HAMILTON,0,0,0,0,75K,,,,,
200105,1,200105,9,5242533,IOWA,Flood,HANCOCK,0,0,0,0,75K,,,,,
200105,1,200105,9,5242534,IOWA,Flood,HARDIN,0,0,0,0,75K,,,,,
200105,1,200105,9,5242535,IOWA,Flood,HUMBOLDT,0,0,0,0,75K,,,,,
200105,1,200105,9,5242536,IOWA,Flood,KOSSUTH,0,0,0,0,75K,,,,,
200105,1,200105,9,5242537,IOWA,Flood,MARSHALL,0,0,0,0,75K,,,,,
200105,1,200105,9,5242538,IOWA,Flood,PALO ALTO,0,0,0,0,75K,,,,,
200105,1,200105,9,5242539,IOWA,Flood,POCAHONTAS,0,0,0,0,75K,,,,,
200105,1,200105,9,5242540,IOWA,Flood,POLK,0,0,0,0,75K,,,,,
200105,1,200105,9,5242541,IOWA,Flood,SAC,0,0,0,0,75K,,,,,
200105,1,200105,9,5242542,IOWA,Flood,STORY,0,0,0,0,75K,,,,,
200105,1,200105,9,5242543,IOWA,Flood,WEBSTER,0,0,0,0,75K,,,,,
200105,1,200105,9,5242544,IOWA,Flood,WINNEBAGO,0,0,0,0,75K,,,,,
200105,1,200105,9,5242545,IOWA,Flood,WORTH,0,0,0,0,75K,,,,,
200105,1,200105,9,5242546,IOWA,Flood,WRIGHT,0,0,0,0,75K,,,,,
200105,11,200105,14,5242547,IOWA,Flood,CLARKE,0,0,0,0,25K,,,,,
200105,21,200105,28,5242630,IOWA,Flood,HUMBOLDT,0,0,0,0,30K,,,,,
200104,7,200104,17,5237724,IOWA,Flood,FRANKLIN,0,0,0,0,.15M,,,,,
200104,7,200104,17,5237725,IOWA,Flood,GREENE,0,0,0,0,.15M,,,,,
200104,7,200104,17,5237726,IOWA,Flood,HAMILTON,0,0,0,0,.15M,,,,,
200104,7,200104,17,5237727,IOWA,Flood,HANCOCK,0,0,0,0,.15M,,,,,
200104,8,200104,9,5238917,IOWA,Flash Flood,RINGGOLD,0,0,0,0,50K,,,,,
200104,20,200104,21,5241789,IOWA,Flash Flood,WOODBURY,0,0,0,0,,,,,,
200104,20,200104,21,5241790,IOWA,Flash Flood,CLAY,0,0,0,0,,,,,,
200104,7,200104,17,5237736,IOWA,Flood,PALO ALTO,0,0,0,0,.15M,,,,,
200104,7,200104,17,5237737,IOWA,Flood,POCAHONTAS,0,0,0,0,.15M,,,,,
200104,7,200104,17,5237738,IOWA,Flood,SAC,0,0,0,0,.15M,,,,,
200104,7,200104,17,5237739,IOWA,Flood,STORY,0,0,0,0,.15M,,,,,
200104,7,200104,17,5237740,IOWA,Flood,WAPELLO,0,0,0,0,.15M,,,,,
200104,7,200104,17,5237741,IOWA,Flood,WAYNE,0,0,0,0,.15M,,,,,
200104,7,200104,17,5237742,IOWA,Flood,WEBSTER,0,0,0,0,.15M,,,,,
200104,7,200104,17,5237743,IOWA,Flood,WINNEBAGO,0,0,0,0,.15M,,,,,
200104,7,200104,17,5237744,IOWA,Flood,WORTH,0,0,0,0,.15M,,,,,
200104,7,200104,17,5237745,IOWA,Flood,WRIGHT,0,0,0,0,.15M,,,,,
200104,7,200104,17,5237728,IOWA,Flood,HARDIN,0,0,0,0,.15M,,,,,
200104,7,200104,17,5237729,IOWA,Flood,HUMBOLDT,0,0,0,0,.15M,,,,,
200104,7,200104,17,5237730,IOWA,Flood,KOSSUTH,0,0,0,0,.15M,,,,,
200104,7,200104,17,5237731,IOWA,Flood,LUCAS,0,0,0,0,.15M,,,,,
200104,7,200104,17,5237732,IOWA,Flood,MAHASKA,0,0,0,0,.15M,,,,,
200104,7,200104,17,5237733,IOWA,Flood,MARION,0,0,0,0,.15M,,,,,
200104,7,200104,17,5237734,IOWA,Flood,MARSHALL,0,0,0,0,.15M,,,,,
200104,7,200104,17,5237735,IOWA,Flood,MONROE,0,0,0,0,.15M,,,,,
200104,1,200104,4,5237601,IOWA,Flood,WEBSTER,0,0,0,0,5K,,,,,
200104,1,200104,4,5237602,IOWA,Flood,WINNEBAGO,0,0,0,0,5K,,,,,
200104,5,200104,14,5238070,IOWA,Flood,MITCHELL,0,0,0,0,15K,,,,,
200106,5,200106,7,5246838,IOWA,Flood,CLARKE,0,0,0,0,5K,,,,,
200106,12,200106,12,5246400,IOWA,Flash Flood,STORY,0,0,0,0,250K,10K,,,,
200106,12,200106,12,5246401,IOWA,Flash Flood,BOONE,0,0,0,0,150K,10K,,,,
200106,12,200106,12,5246402,IOWA,Flash Flood,DALLAS,0,0,0,0,75K,10K,,,,
200106,12,200106,12,5246403,IOWA,Flash Flood,GREENE,0,0,0,0,150K,10K,,,,
200106,12,200106,12,5246404,IOWA,Flash Flood,POLK,0,0,0,0,150K,10K,,,,
200106,12,200106,23,5246969,IOWA,Flood,WORTH,0,0,0,0,25K,50K,,,,
200106,12,200106,23,5246970,IOWA,Flood,WRIGHT,0,0,0,0,25K,50K,,,,
200106,12,200106,23,5246960,IOWA,Flood,POCAHONTAS,0,0,0,0,25K,50K,,,,
200106,12,200106,23,5246961,IOWA,Flood,POLK,0,0,0,0,25K,50K,,,,
200106,12,200106,23,5246962,IOWA,Flood,SAC,0,0,0,0,25K,50K,,,,
200106,12,200106,23,5246963,IOWA,Flood,STORY,0,0,0,0,25K,50K,,,,
200106,12,200106,23,5246964,IOWA,Flood,WAPELLO,0,0,0,0,25K,50K,,,,
200106,12,200106,23,5246965,IOWA,Flood,WARREN,0,0,0,0,25K,50K,,,,
200106,12,200106,23,5246966,IOWA,Flood,WAYNE,0,0,0,0,25K,50K,,,,
200106,12,200106,23,5246967,IOWA,Flood,WEBSTER,0,0,0,0,25K,50K,,,,
200106,12,200106,23,5246968,IOWA,Flood,WINNEBAGO,0,0,0,0,25K,50K,,,,
200106,12,200106,23,5246860,IOWA,Flood,MARION,0,0,0,0,25K,50K,,,,
200106,12,200106,23,5246861,IOWA,Flood,MARSHALL,0,0,0,0,25K,50K,,,,
200106,12,200106,23,5246862,IOWA,Flood,MONROE,0,0,0,0,25K,50K,,,,
200106,12,200106,23,5246863,IOWA,Flood,PALO ALTO,0,0,0,0,25K,50K,,,,
200105,21,200105,28,5242635,IOWA,Flood,WEBSTER,0,0,0,0,30K,,,,,
200105,1,200105,14,5243072,IOWA,Flood,ALLAMAKEE,0,0,0,0,2.5M,,,,,
200105,1,200105,18,5243073,IOWA,Flood,CLAYTON,0,0,0,0,3M,,,,,
200105,11,200105,14,5242548,IOWA,Flood,DECATUR,0,0,0,0,25K,,,,,
200105,11,200105,14,5242549,IOWA,Flood,LUCAS,0,0,0,0,25K,,,,,
200105,21,200105,28,5242559,IOWA,Flood,GREENE,0,0,0,0,30K,,,,,
200105,21,200105,28,5242632,IOWA,Flood,PALO ALTO,0,0,0,0,30K,,,,,
200104,1,200104,30,5242968,IOWA,Flood,LYON,0,0,0,0,,,,,,
200104,1,200104,30,5242969,IOWA,Flood,PLYMOUTH,0,0,0,0,,,,,,
200105,1,200105,21,5249638,IOWA,Flood,CLINTON,0,0,0,0,,,,,,
200105,1,200105,30,5249639,IOWA,Flood,DES MOINES,0,0,0,0,,,,,,
200105,1,200105,19,5249640,IOWA,Flood,DUBUQUE,0,0,0,0,,,,,,
200105,1,200105,20,5249641,IOWA,Flood,JACKSON,0,0,0,0,,,,,,
200105,1,200105,24,5249642,IOWA,Flood,LEE,0,0,0,0,,,,,,
200105,1,200105,26,5249643,IOWA,Flood,LOUISA,0,0,0,0,,,,,,
200105,1,200105,24,5249644,IOWA,Flood,MUSCATINE,0,0,0,0,,,,,,
200105,10,200105,10,5249528,IOWA,Flood,BENTON,0,0,0,0,,,41.91667,-91.81667,41.91667,-91.81667
200106,12,200106,12,5253081,IOWA,Flash Flood,OSCEOLA,0,0,0,0,,,,,,
200106,14,200106,14,5256480,IOWA,Flash Flood,SCOTT,0,0,0,0,,,40.81667,-91.08333,40.81667,-91.08333
200106,14,200106,14,5256482,IOWA,Flood,SCOTT,0,0,0,0,,,41.66667,-91.35,41.66667,-91.35
200106,14,200106,14,5256543,IOWA,Flash Flood,SCOTT,0,0,0,0,,,41.3,-91.7,41.3,-91.7
200106,14,200106,14,5256545,IOWA,Flash Flood,SCOTT,0,0,0,0,,,42.15,-92.06667,42.15,-92.06667
200106,14,200106,14,5256546,IOWA,Flash Flood,SCOTT,0,0,0,0,,,41.9,-91.15,41.9,-91.15
200106,14,200106,14,5256547,IOWA,Flash Flood,SCOTT,0,0,0,0,,,41.53333,-90.58333,41.53333,-90.58333
200106,14,200106,14,5256548,IOWA,Flash Flood,SCOTT,0,0,0,0,,,41.53333,-90.51667,41.53333,-90.51667
200105,3,200105,3,5250619,IOWA,Flood,HENRY,0,0,0,0,,,,,,
200107,24,200107,24,5252388,IOWA,Flash Flood,BLACK HAWK,0,0,0,0,250K,,,,,
200107,24,200107,24,5252389,IOWA,Flood,HAMILTON,0,0,0,0,25K,,,,,
200106,12,200106,13,5253156,IOWA,Flash Flood,LYON,0,0,0,0,4M,,,,,
200106,13,200106,19,5252616,IOWA,Flood,SIOUX,0,0,0,0,,,,,,
200106,14,200106,20,5252617,IOWA,Flood,PLYMOUTH,0,0,0,0,,,,,,
200105,14,200105,14,5250708,IOWA,Flood,DES MOINES,0,0,0,0,,,,,,
200105,14,200105,14,5250707,IOWA,Flood,SCOTT,0,0,0,0,,,,,,
200106,12,200106,23,5246858,IOWA,Flood,LUCAS,0,0,0,0,25K,50K,,,,
200106,12,200106,23,5246859,IOWA,Flood,MAHASKA,0,0,0,0,25K,50K,,,,
200105,10,200105,10,5249522,IOWA,Flood,LINN,0,0,0,0,,,41.75,-92.18333,41.75,-92.18333
200105,14,200105,14,5250703,IOWA,Flood,HENRY,0,0,0,0,,,,,,
200105,14,200105,14,5250706,IOWA,Flood,SCOTT,0,0,0,0,,,,,,
200105,14,200105,14,5250699,IOWA,Flood,VAN BUREN,0,0,0,0,,,,,,
200105,1,200105,23,5249714,IOWA,Flood,SCOTT,0,0,0,0,,,,,,
200105,14,200105,14,5250701,IOWA,Flash Flood,KEOKUK,0,0,0,0,,,,,,
200105,14,200105,14,5250705,IOWA,Flood,SCOTT,0,0,0,0,,,,,,
200106,5,200106,7,5246839,IOWA,Flood,DECATUR,0,0,0,0,5K,,,,,
200106,13,200106,14,5246713,IOWA,Flash Flood,EMMET,0,0,0,0,50K,10K,,,,
200106,5,200106,7,5246840,IOWA,Flood,LUCAS,0,0,0,0,5K,,,,,
200106,5,200106,7,5246841,IOWA,Flood,WAYNE,0,0,0,0,5K,,,,,
200106,12,200106,23,5246842,IOWA,Flood,CALHOUN,0,0,0,0,25K,50K,,,,
200106,12,200106,23,5246843,IOWA,Flood,CARROLL,0,0,0,0,25K,50K,,,,
200106,12,200106,23,5246844,IOWA,Flood,CERRO GORDO,0,0,0,0,25K,50K,,,,
200106,12,200106,23,5246845,IOWA,Flood,CLARKE,0,0,0,0,25K,50K,,,,
200106,12,200106,23,5246846,IOWA,Flood,DALLAS,0,0,0,0,25K,50K,,,,
200106,12,200106,23,5246847,IOWA,Flood,DECATUR,0,0,0,0,25K,50K,,,,
200106,12,200106,23,5246848,IOWA,Flood,EMMET,0,0,0,0,25K,50K,,,,
200106,12,200106,23,5246849,IOWA,Flood,FRANKLIN,0,0,0,0,25K,50K,,,,
200106,12,200106,23,5246850,IOWA,Flood,GREENE,0,0,0,0,25K,50K,,,,
200106,12,200106,23,5246851,IOWA,Flood,GRUNDY,0,0,0,0,25K,50K,,,,
200106,12,200106,23,5246852,IOWA,Flood,HAMILTON,0,0,0,0,25K,50K,,,,
200106,12,200106,23,5246853,IOWA,Flood,HANCOCK,0,0,0,0,25K,50K,,,,
200106,12,200106,23,5246854,IOWA,Flood,HARDIN,0,0,0,0,25K,50K,,,,
200106,12,200106,23,5246855,IOWA,Flood,HUMBOLDT,0,0,0,0,25K,50K,,,,
200106,12,200106,23,5246856,IOWA,Flood,JASPER,0,0,0,0,25K,50K,,,,
200106,12,200106,23,5246857,IOWA,Flood,KOSSUTH,0,0,0,0,25K,50K,,,,
200105,10,200105,10,5249523,IOWA,Flood,BENTON,0,0,0,0,,,41.8,-92.06667,41.8,-92.06667
200105,14,200105,14,5250700,IOWA,Flash Flood,VAN BUREN,0,0,0,0,,,,,,
200108,3,200108,3,5260657,IOWA,Flash Flood,MONROE,0,0,0,0,15K,15K,,,,
200106,1,200106,1,5256380,IOWA,Flood,DUBUQUE,0,0,0,0,,,,,,
200106,14,200106,14,5255274,IOWA,Flash Flood,SCOTT,0,0,0,0,,,41.53333,-90.58333,41.53333,-90.58333
200107,21,200107,21,5261704,IOWA,Flood,BUCHANAN,0,0,0,0,,,,,,
200108,2,200108,2,5260970,IOWA,Flash Flood,CALHOUN,0,0,0,0,100K,10K,,,,
200108,2,200108,2,5260971,IOWA,Flash Flood,POCAHONTAS,0,0,0,0,50K,5K,,,,
200108,24,200108,24,5260973,IOWA,Flash Flood,SAC,0,0,0,0,25K,5K,,,,
200107,24,200107,24,5261236,IOWA,Flash Flood,LYON,0,0,0,0,,,,,,
200107,21,200107,21,5261703,IOWA,Flood,BUCHANAN,0,0,0,0,,,,,,
200108,3,200108,3,5260655,IOWA,Flash Flood,DAVIS,0,0,0,0,50K,25K,,,,
200108,3,200108,3,5260658,IOWA,Flash Flood,APPANOOSE,0,0,0,0,15K,15K,,,,
200108,2,200108,2,5263538,IOWA,Flood,CLAYTON,0,0,0,0,,,,,,
200107,24,200107,24,5262272,IOWA,Flood,BUCHANAN,0,0,0,0,,,40.81667,-91.08333,40.81667,-91.08333
200108,3,200108,3,5260656,IOWA,Flash Flood,WAPELLO,0,0,0,0,150K,50K,,,,
200108,3,200108,3,5260659,IOWA,Flash Flood,DECATUR,0,0,0,0,10K,10K,,,,
200108,22,200108,22,5266081,IOWA,Flood,LEE,0,0,0,0,,,,,,
200110,22,200110,22,5270296,IOWA,Flood,LINN,0,0,0,0,,,,,,
200108,3,200108,3,5265914,IOWA,Flash Flood,JEFFERSON,0,0,0,0,,,,,,
200108,3,200108,3,5265915,IOWA,Flash Flood,VAN BUREN,0,0,0,0,,,,,,
200107,21,200107,21,5260711,IOWA,Flood,SCOTT,0,0,0,0,,,,,,
200107,24,200107,24,5261237,IOWA,Flash Flood,SIOUX,0,0,0,0,,,,,,
200110,22,200110,22,5270295,IOWA,Flood,MUSCATINE,0,0,0,0,,,,,,
200110,23,200110,23,5268283,IOWA,Flood,LUCAS,0,0,0,0,5K,,,,,
200110,23,200110,23,5268285,IOWA,Flood,WAYNE,0,0,0,0,5K,,,,,
200110,23,200110,23,5268284,IOWA,Flood,MONROE,0,0,0,0,5K,,,,,
200110,23,200110,23,5268281,IOWA,Flood,APPANOOSE,0,0,0,0,5K,,,,,
200110,23,200110,23,5268282,IOWA,Flood,CLARKE,0,0,0,0,5K,,,,,
200110,22,200110,22,5270292,IOWA,Flood,JEFFERSON,0,0,0,0,,,,,,
200110,22,200110,22,5270293,IOWA,Flood,BENTON,0,0,0,0,,,,,,
200110,22,200110,22,5270294,IOWA,Flood,SCOTT,0,0,0,0,,,,,,
200209,18,200209,18,5320338,IOWA,Flood,JONES,0,0,0,0,,,,,,
200204,21,200204,30,5292283,IOWA,Flood,DUBUQUE,0,0,0,0,,,,,,
200205,8,200205,8,5294373,IOWA,Flash Flood,WINNESHIEK,0,0,0,0,12K,,,,,
200205,8,200205,8,5294374,IOWA,Flash Flood,ALLAMAKEE,0,0,0,0,35K,,,,,
200204,21,200204,30,5292284,IOWA,Flood,CLINTON,0,0,0,0,,,,,,
200205,11,200205,14,5292788,IOWA,Flood,SAC,0,0,0,0,10K,,,,,
200205,11,200205,14,5292789,IOWA,Flood,WAYNE,0,0,0,0,10K,,,,,
200205,11,200205,14,5292790,IOWA,Flood,WEBSTER,0,0,0,0,10K,,,,,
200204,21,200204,30,5292285,IOWA,Flood,DES MOINES,0,0,0,0,,,,,,
200204,21,200204,30,5292286,IOWA,Flood,JACKSON,0,0,0,0,,,,,,
200205,8,200205,8,5294371,IOWA,Flash Flood,HOWARD,0,0,0,0,25K,,,,,
200204,21,200204,30,5292287,IOWA,Flood,LOUISA,0,0,0,0,,,,,,
200204,21,200204,30,5292288,IOWA,Flood,MUSCATINE,0,0,0,0,,,,,,
200204,21,200204,30,5292289,IOWA,Flood,SCOTT,0,0,0,0,,,,,,
200205,8,200205,8,5294372,IOWA,Flash Flood,WINNESHIEK,0,0,0,0,8K,,,,,
200204,24,200204,24,5292175,IOWA,Flood,CLINTON,0,0,0,0,,,,,,
200206,12,200206,12,5294321,IOWA,Flash Flood,POLK,0,0,0,0,150K,15K,,,,
200206,12,200206,12,5294330,IOWA,Flash Flood,DALLAS,0,0,0,0,25K,15K,,,,
200205,28,200205,29,5295622,IOWA,Flash Flood,WOODBURY,0,0,0,0,,,,,,
200205,29,200205,29,5295624,IOWA,Flash Flood,PLYMOUTH,0,0,0,0,,,,,,
200205,29,200205,29,5295625,IOWA,Flash Flood,WOODBURY,0,0,0,0,,,,,,
200205,29,200205,29,5295623,IOWA,Flash Flood,PLYMOUTH,0,0,0,0,,,,,,
200205,1,200205,3,5297855,IOWA,Flood,LOUISA,0,0,0,0,,,,,,
200205,12,200205,14,5297858,IOWA,Flood,LEE,0,0,0,0,,,,,,
200205,12,200205,14,5297859,IOWA,Flood,DES MOINES,0,0,0,0,,,,,,
200205,12,200205,13,5297860,IOWA,Flood,WASHINGTON,0,0,0,0,,,,,,
200205,1,200205,3,5297856,IOWA,Flood,DES MOINES,0,0,0,0,,,,,,
200206,13,200206,14,5294550,IOWA,Flood,MAHASKA,0,0,0,0,10K,20K,,,,
200206,13,200206,14,5294551,IOWA,Flood,MARION,0,0,0,0,10K,20K,,,,
200206,18,200206,18,5294341,IOWA,Flash Flood,WINNEBAGO,0,0,0,0,100K,75K,,,,
200206,18,200206,18,5294342,IOWA,Flash Flood,MARSHALL,0,0,0,0,75K,50K,,,,
200206,13,200206,14,5294552,IOWA,Flood,POWESHIEK,0,0,0,0,10K,20K,,,,
200206,13,200206,14,5294549,IOWA,Flood,JASPER,0,0,0,0,10K,20K,,,,
200205,11,200205,12,5297962,IOWA,Flash Flood,LEE,0,0,0,0,,,,,,
200205,12,200205,12,5297963,IOWA,Flash Flood,HENRY,0,0,0,0,,,,,,
200206,19,200206,19,5294452,IOWA,Flash Flood,BUTLER,0,0,0,0,75K,50K,,,,
200205,11,200205,14,5292697,IOWA,Flood,POCAHONTAS,0,0,0,0,10K,,,,,
200205,11,200205,14,5292692,IOWA,Flood,DECATUR,0,0,0,0,10K,,,,,
200205,11,200205,14,5292693,IOWA,Flood,GREENE,0,0,0,0,10K,,,,,
200205,11,200205,14,5292694,IOWA,Flood,LUCAS,0,0,0,0,10K,,,,,
200205,11,200205,14,5292695,IOWA,Flood,MAHASKA,0,0,0,0,10K,,,,,
200205,11,200205,14,5292696,IOWA,Flood,MARION,0,0,0,0,10K,,,,,
200205,29,200205,29,5292678,IOWA,Flash Flood,MAHASKA,0,0,0,0,100K,25K,,,,
200205,29,200205,29,5292679,IOWA,Flash Flood,MARION,0,0,0,0,100K,20K,,,,
200205,29,200205,29,5292680,IOWA,Flash Flood,DALLAS,0,0,0,0,150K,50K,,,,
200205,11,200205,14,5292689,IOWA,Flood,CALHOUN,0,0,0,0,10K,,,,,
200205,11,200205,14,5292690,IOWA,Flood,CARROLL,0,0,0,0,10K,,,,,
200205,11,200205,14,5292691,IOWA,Flood,CLARKE,0,0,0,0,10K,,,,,
200206,4,200206,4,5300521,IOWA,Flash Flood,SCOTT,0,0,0,0,,,,,,
200206,4,200206,4,5300522,IOWA,Flash Flood,CLINTON,0,0,0,0,,,,,,
200206,4,200206,4,5300523,IOWA,Flash Flood,CLINTON,0,0,0,0,,,,,,
200206,4,200206,4,5300538,IOWA,Flash Flood,JONES,0,0,0,0,,,,,,
200206,4,200206,4,5300539,IOWA,Flash Flood,CLINTON,0,0,0,0,,,,,,
200206,4,200206,4,5300540,IOWA,Flash Flood,CLINTON,0,0,0,0,,,,,,
200206,4,200206,4,5300446,IOWA,Flash Flood,JONES,0,0,0,0,,,,,,
200206,4,200206,4,5300448,IOWA,Flood,SCOTT,0,0,0,0,,,,,,
200206,4,200206,4,5300449,IOWA,Flash Flood,JONES,0,0,0,0,,,,,,
200206,4,200206,4,5305785,IOWA,Flood,CLAYTON,0,0,0,0,50K,80K,,,,
200206,12,200206,13,5301623,IOWA,Flash Flood,DES MOINES,0,0,0,0,,,,,,
200206,4,200206,4,5300440,IOWA,Flash Flood,JACKSON,0,0,0,0,,,,,,
200206,4,200206,4,5300441,IOWA,Flash Flood,JONES,0,0,0,0,,,,,,
200206,4,200206,4,5300442,IOWA,Flash Flood,DUBUQUE,0,0,0,0,,,,,,
200206,4,200206,4,5300443,IOWA,Flash Flood,JACKSON,0,0,0,0,,,,,,
200206,4,200206,4,5300444,IOWA,Flash Flood,CLINTON,0,0,0,0,,,,,,
200206,4,200206,4,5300445,IOWA,Flash Flood,CLINTON,0,0,0,0,,,,,,
200206,4,200206,4,5305718,IOWA,Flash Flood,CLAYTON,0,0,0,0,350K,125K,,,,
200207,10,200207,11,5304620,IOWA,Flash Flood,CERRO GORDO,0,0,0,0,50K,100K,,,,
200206,4,200206,4,5300535,IOWA,Flash Flood,SCOTT,0,0,0,0,,,,,,
200206,4,200206,4,5300536,IOWA,Flash Flood,CLINTON,0,0,0,0,,,,,,
200206,4,200206,4,5300537,IOWA,Flash Flood,DUBUQUE,0,0,0,0,,,,,,
200206,4,200206,4,5300524,IOWA,Flash Flood,SCOTT,0,0,0,0,,,,,,
200206,4,200206,4,5300527,IOWA,Flash Flood,SCOTT,0,0,0,0,,,,,,
200206,13,200206,13,5301622,IOWA,Flash Flood,DES MOINES,0,0,0,0,,,,,,
200206,12,200206,13,5300914,IOWA,Flash Flood,LEE,0,0,0,0,,,,,,
200206,12,200206,12,5300913,IOWA,Flash Flood,DES MOINES,0,0,0,0,,,,,,
200205,29,200205,29,5297853,IOWA,Flood,KEOKUK,0,0,0,0,,,,,,
200205,29,200205,29,5297854,IOWA,Flood,JONES,0,0,0,0,,,,,,
200207,19,200207,19,5307282,IOWA,Flood,CEDAR,0,0,0,0,,,,,,
200208,22,200208,23,5306942,IOWA,Flash Flood,AUDUBON,0,0,0,0,50K,10K,,,,
200207,27,200207,27,5307125,IOWA,Flood,SCOTT,0,0,0,0,,,,,,
200207,19,200207,19,5307219,IOWA,Flood,CEDAR,0,0,0,0,,,,,,
200207,19,200207,19,5307220,IOWA,Flood,JONES,0,0,0,0,,,,,,
200207,19,200207,19,5307221,IOWA,Flood,JONES,0,0,0,0,,,,,,
200207,19,200207,19,5307222,IOWA,Flood,JONES,0,0,0,0,,,,,,
200207,19,200207,19,5307223,IOWA,Flood,CEDAR,0,0,0,0,,,,,,
200207,11,200207,11,5307057,IOWA,Flood,JOHNSON,0,0,0,0,,,,,,
200207,11,200207,11,5307058,IOWA,Flood,JOHNSON,0,0,0,0,,,,,,
200207,19,200207,19,5307284,IOWA,Flood,JONES,0,0,0,0,,,,,,
200206,11,200206,11,5305728,IOWA,Flash Flood,DICKINSON,0,0,0,0,,,,,,
200206,11,200206,11,5305729,IOWA,Flash Flood,OSCEOLA,0,0,0,0,,,,,,
200206,20,200206,20,5305932,IOWA,Flash Flood,WOODBURY,0,0,0,0,,,,,,
200206,12,200206,12,5300912,IOWA,Flash Flood,VAN BUREN,0,0,0,0,,,,,,
200206,3,200206,3,5300432,IOWA,Flood,BUCHANAN,0,0,0,0,,,,,,
200206,3,200206,3,5300433,IOWA,Flash Flood,DELAWARE,0,0,0,0,,,,,,
200206,4,200206,4,5300434,IOWA,Flash Flood,DUBUQUE,0,0,0,0,,,,,,
200206,4,200206,4,5300435,IOWA,Flash Flood,DUBUQUE,0,0,0,0,,,,,,
200206,4,200206,4,5300436,IOWA,Flash Flood,DUBUQUE,0,0,0,0,,,,,,
200206,4,200206,4,5300437,IOWA,Flash Flood,BUCHANAN,0,0,0,0,,,,,,
200206,4,200206,4,5300438,IOWA,Flash Flood,JACKSON,0,0,0,0,,,,,,
200206,4,200206,4,5300439,IOWA,Flood,CLINTON,0,0,0,0,,,,,,
200206,3,200206,3,5300430,IOWA,Flood,SCOTT,0,0,0,0,,,,,,
200206,4,200206,4,5300611,IOWA,Flash Flood,LINN,0,0,0,0,,,,,,
200206,4,200206,4,5300612,IOWA,Flash Flood,LINN,0,0,0,0,,,,,,
200206,4,200206,4,5300613,IOWA,Flash Flood,CLINTON,0,0,0,0,,,,,,
200206,4,200206,4,5300614,IOWA,Flash Flood,CLINTON,0,0,0,0,,,,,,
200206,13,200206,13,5300915,IOWA,Flash Flood,LEE,0,0,0,0,,,,,,
200206,13,200206,13,5300916,IOWA,Flash Flood,LEE,0,0,0,0,,,,,,
200206,7,200206,7,5301008,IOWA,Flash Flood,WOODBURY,0,0,0,0,,,,,,
200206,13,200206,13,5300917,IOWA,Flash Flood,VAN BUREN,0,0,0,0,,,,,,
200206,4,200206,4,5300541,IOWA,Flash Flood,JACKSON,0,0,0,0,,,,,,
200206,4,200206,4,5300542,IOWA,Flash Flood,LINN,0,0,0,0,,,,,,
200206,4,200206,4,5300543,IOWA,Flash Flood,LINN,0,0,0,0,,,,,,
200208,21,200208,21,5312849,IOWA,Flood,BUCHANAN,0,0,0,0,,,,,,
200208,12,200208,12,5312746,IOWA,Flood,LINN,0,0,0,0,,,,,,
200208,22,200208,22,5312918,IOWA,Flash Flood,DUBUQUE,0,0,0,0,,,,,,
200208,23,200208,23,5312919,IOWA,Flash Flood,JOHNSON,0,0,0,0,,,,,,
200208,23,200208,23,5312920,IOWA,Flash Flood,DES MOINES,0,0,0,0,,,,,,
200208,23,200208,23,5311459,IOWA,Flash Flood,DALLAS,0,0,0,0,50K,5K,,,,
200208,22,200208,22,5317687,IOWA,Flash Flood,PLYMOUTH,0,0,0,0,,,,,,
200208,23,200208,23,5315298,IOWA,Flash Flood,MILLS,0,0,0,0,,,,,,
200208,22,200208,22,5312860,IOWA,Flash Flood,DUBUQUE,0,0,0,0,,,,,,
200208,22,200208,22,5312859,IOWA,Flash Flood,DUBUQUE,0,0,0,0,,,,,,
200208,22,200208,22,5312857,IOWA,Flash Flood,DELAWARE,0,0,0,0,,,,,,
200208,22,200208,22,5312858,IOWA,Flash Flood,DUBUQUE,0,0,0,0,,,,,,
200208,12,200208,12,5312747,IOWA,Flood,JONES,0,0,0,0,,,,,,
200207,11,200207,11,5307120,IOWA,Flood,LINN,0,0,0,0,,,,,,
200207,27,200207,27,5307123,IOWA,Flood,SCOTT,0,0,0,0,,,,,,
200207,27,200207,27,5307124,IOWA,Flood,SCOTT,0,0,0,0,,,,,,
200208,22,200208,22,5317677,IOWA,Flash Flood,CHEROKEE,0,0,0,0,.2M,,,,,
200208,22,200208,22,5317686,IOWA,Flash Flood,BUENA VISTA,0,0,0,0,,,,,,
200307,9,200307,9,5330214,IOWA,Flash Flood,CHEROKEE,0,0,0,0,,,,,,
200307,9,200307,9,5330215,IOWA,Flash Flood,CHEROKEE,0,0,0,0,,,,,,
200307,9,200307,9,5330216,IOWA,Flash Flood,IDA,0,0,0,0,,,,,,
200307,9,200307,9,5330217,IOWA,Flash Flood,BUENA VISTA,0,0,0,0,.01M,,,,,
200304,30,200304,30,5353380,IOWA,Flash Flood,LOUISA,0,0,0,0,500K,,,,,
200305,10,200305,10,5354104,IOWA,Flash Flood,CLAYTON,0,0,0,0,1.5K,,,,,
200305,9,200305,14,5352430,IOWA,Flood,HAMILTON,0,0,0,0,5K,,,,,
200305,9,200305,14,5352431,IOWA,Flood,HANCOCK,0,0,0,0,5K,,,,,
200305,9,200305,14,5352432,IOWA,Flood,HUMBOLDT,0,0,0,0,5K,,,,,
200305,9,200305,14,5352433,IOWA,Flood,JASPER,0,0,0,0,5K,,,,,
200305,9,200305,14,5352434,IOWA,Flood,KOSSUTH,0,0,0,0,5K,,,,,
200305,9,200305,14,5352435,IOWA,Flood,LUCAS,0,0,0,0,5K,,,,,
200305,9,200305,14,5352436,IOWA,Flood,MADISON,0,0,0,0,5K,,,,,
200305,9,200305,14,5352437,IOWA,Flood,MAHASKA,0,0,0,0,5K,,,,,
200305,4,200305,8,5351970,IOWA,Flood,MARSHALL,0,0,0,0,5K,,,,,
200305,4,200305,8,5351971,IOWA,Flood,MONROE,0,0,0,0,5K,,,,,
200305,4,200305,8,5351972,IOWA,Flood,PALO ALTO,0,0,0,0,5K,,,,,
200305,4,200305,8,5351973,IOWA,Flood,POCAHONTAS,0,0,0,0,5K,,,,,
200305,4,200305,8,5351974,IOWA,Flood,POLK,0,0,0,0,50K,,,,,
200305,4,200305,8,5351975,IOWA,Flood,POWESHIEK,0,0,0,0,5K,,,,,
200305,4,200305,8,5351976,IOWA,Flood,SAC,0,0,0,0,5K,,,,,
200305,4,200305,8,5351977,IOWA,Flood,STORY,0,0,0,0,5K,,,,,
200305,4,200305,8,5351978,IOWA,Flood,WAPELLO,0,0,0,0,5K,,,,,
200305,4,200305,8,5351979,IOWA,Flood,WARREN,0,0,0,0,5K,,,,,
200305,4,200305,8,5351980,IOWA,Flood,WEBSTER,0,0,0,0,5K,,,,,
200305,4,200305,8,5351981,IOWA,Flood,WINNEBAGO,0,0,0,0,5K,,,,,
200305,9,200305,14,5352062,IOWA,Flood,BOONE,0,0,0,0,5K,,,,,
200305,9,200305,14,5352063,IOWA,Flood,CALHOUN,0,0,0,0,5K,,,,,
200305,9,200305,14,5352064,IOWA,Flood,CARROLL,0,0,0,0,5K,,,,,
200305,4,200305,8,5351982,IOWA,Flood,WRIGHT,0,0,0,0,5K,,,,,
200305,9,200305,14,5351983,IOWA,Flood,ADAIR,0,0,0,0,5K,,,,,
200305,4,200305,8,5351967,IOWA,Flood,MADISON,0,0,0,0,5K,,,,,
200305,4,200305,8,5351968,IOWA,Flood,MAHASKA,0,0,0,0,5K,,,,,
200305,4,200305,8,5351969,IOWA,Flood,MARION,0,0,0,0,5K,,,,,
200305,9,200305,14,5352438,IOWA,Flood,MARION,0,0,0,0,5K,,,,,
200305,9,200305,14,5352439,IOWA,Flood,MARSHALL,0,0,0,0,5K,,,,,
200305,9,200305,14,5352440,IOWA,Flood,MONROE,0,0,0,0,5K,,,,,
200305,9,200305,14,5352441,IOWA,Flood,PALO ALTO,0,0,0,0,5K,,,,,
200305,9,200305,14,5352442,IOWA,Flood,POCAHONTAS,0,0,0,0,5K,,,,,
200305,9,200305,14,5352443,IOWA,Flood,POLK,0,0,0,0,5K,,,,,
200305,9,200305,14,5352444,IOWA,Flood,POWESHIEK,0,0,0,0,5K,,,,,
200305,9,200305,14,5352445,IOWA,Flood,SAC,0,0,0,0,5K,,,,,
200305,9,200305,14,5352446,IOWA,Flood,STORY,0,0,0,0,5K,,,,,
200305,9,200305,14,5352447,IOWA,Flood,WAPELLO,0,0,0,0,5K,,,,,
200305,9,200305,14,5352448,IOWA,Flood,WARREN,0,0,0,0,5K,,,,,
200305,9,200305,14,5352449,IOWA,Flood,WEBSTER,0,0,0,0,5K,,,,,
200305,9,200305,14,5352450,IOWA,Flood,WINNEBAGO,0,0,0,0,5K,,,,,
200305,9,200305,14,5352451,IOWA,Flood,WRIGHT,0,0,0,0,5K,,,,,
200305,9,200305,14,5352065,IOWA,Flood,CLARKE,0,0,0,0,5K,,,,,
200305,9,200305,14,5352066,IOWA,Flood,DALLAS,0,0,0,0,5K,,,,,
200305,9,200305,14,5352067,IOWA,Flood,EMMET,0,0,0,0,5K,,,,,
200305,9,200305,14,5352068,IOWA,Flood,GREENE,0,0,0,0,5K,,,,,
200305,9,200305,14,5352069,IOWA,Flood,GUTHRIE,0,0,0,0,5K,,,,,
200305,4,200305,8,5351952,IOWA,Flood,ADAIR,0,0,0,0,5K,,,,,
200305,4,200305,8,5351953,IOWA,Flood,BOONE,0,0,0,0,5K,,,,,
200305,4,200305,8,5351954,IOWA,Flood,CALHOUN,0,0,0,0,5K,,,,,
200305,4,200305,8,5351955,IOWA,Flood,CARROLL,0,0,0,0,5K,,,,,
200305,4,200305,8,5351956,IOWA,Flood,CLARKE,0,0,0,0,5K,,,,,
200305,4,200305,8,5351957,IOWA,Flood,DALLAS,0,0,0,0,5K,,,,,
200305,4,200305,8,5351958,IOWA,Flood,EMMET,0,0,0,0,5K,,,,,
200305,4,200305,8,5351959,IOWA,Flood,GREENE,0,0,0,0,5K,,,,,
200305,4,200305,8,5351960,IOWA,Flood,GUTHRIE,0,0,0,0,5K,,,,,
200305,4,200305,8,5351961,IOWA,Flood,HAMILTON,0,0,0,0,5K,,,,,
200305,4,200305,8,5351962,IOWA,Flood,HANCOCK,0,0,0,0,5K,,,,,
200305,4,200305,8,5351963,IOWA,Flood,HUMBOLDT,0,0,0,0,5K,,,,,
200305,4,200305,8,5351964,IOWA,Flood,JASPER,0,0,0,0,5K,,,,,
200305,4,200305,8,5351965,IOWA,Flood,KOSSUTH,0,0,0,0,5K,,,,,
200305,4,200305,8,5351966,IOWA,Flood,LUCAS,0,0,0,0,5K,,,,,
200305,24,200305,25,5359215,IOWA,Flood,MUSCATINE,0,0,0,0,1M,,,,,
200305,9,200305,19,5359131,IOWA,Flood,JOHNSON,0,0,0,0,500K,,,,,
200305,11,200305,21,5359132,IOWA,Flood,MUSCATINE,0,0,0,0,500K,,,,,
200305,14,200305,14,5359231,IOWA,Flash Flood,BUCHANAN,0,0,0,0,250K,,,,,
200305,11,200305,28,5359133,IOWA,Flood,LOUISA,0,0,0,0,500K,,,,,
200305,16,200305,23,5359134,IOWA,Flood,CLINTON,0,0,0,0,500K,,,,,
200305,21,200305,28,5359213,IOWA,Flood,DES MOINES,0,0,0,0,1M,,,,,
200305,21,200305,28,5359214,IOWA,Flood,LEE,0,0,0,0,1M,,,,,
200305,9,200305,19,5359130,IOWA,Flood,IOWA,0,0,0,0,500K,,,,,
200306,25,200306,25,5365188,IOWA,Flash Flood,MARION,0,0,0,0,5K,,,,,
200306,24,200306,24,5366221,IOWA,Flash Flood,IDA,0,0,0,0,,,,,,
200305,16,200305,24,5359135,IOWA,Flood,SCOTT,0,0,0,0,500K,,,,,
200305,20,200305,22,5359212,IOWA,Flood,JACKSON,0,0,0,0,1M,,,,,
200305,20,200305,22,5359136,IOWA,Flood,DUBUQUE,0,0,0,0,1M,,,,,
200305,4,200305,4,5353723,IOWA,Flash Flood,POLK,0,0,0,0,150K,,,,,
200305,4,200305,4,5353721,IOWA,Flash Flood,GREENE,0,0,0,0,25K,,,,,
200305,4,200305,4,5353722,IOWA,Flash Flood,DALLAS,0,0,0,0,25K,,,,,
200307,5,200307,15,5367196,IOWA,Flood,AUDUBON,0,0,0,0,10K,25K,,,,
200307,9,200307,9,5368281,IOWA,Flash Flood,VAN BUREN,0,0,0,0,100K,10K,41.05,-92.05,41.05,-92.05
200307,5,200307,15,5367197,IOWA,Flood,BUTLER,0,0,0,0,10K,25K,,,,
200307,5,200307,15,5367198,IOWA,Flood,CALHOUN,0,0,0,0,10K,25K,,,,
200307,5,200307,15,5367199,IOWA,Flood,CARROLL,0,0,0,0,10K,25K,,,,
200306,27,200306,30,5365267,IOWA,Flood,BOONE,0,0,0,0,5K,10K,,,,
200306,27,200306,30,5365268,IOWA,Flood,CALHOUN,0,0,0,0,5K,10K,,,,
200306,27,200306,30,5365269,IOWA,Flood,CARROLL,0,0,0,0,5K,10K,,,,
200306,27,200306,30,5365270,IOWA,Flood,EMMET,0,0,0,0,5K,10K,,,,
200306,25,200306,25,5365635,IOWA,Flash Flood,PLYMOUTH,0,0,0,0,,,,,,
200306,25,200306,25,5365636,IOWA,Flash Flood,WOODBURY,0,0,0,0,,,,,,
200306,25,200306,25,5365637,IOWA,Flash Flood,CHEROKEE,0,0,0,0,,,,,,
200307,5,200307,15,5367283,IOWA,Flood,WRIGHT,0,0,0,0,10K,25K,,,,
200306,27,200306,30,5365274,IOWA,Flood,HUMBOLDT,0,0,0,0,5K,10K,,,,
200306,27,200306,30,5365271,IOWA,Flood,GREENE,0,0,0,0,5K,10K,,,,
200306,27,200306,30,5365272,IOWA,Flood,HAMILTON,0,0,0,0,5K,10K,,,,
200306,27,200306,30,5365273,IOWA,Flood,HANCOCK,0,0,0,0,5K,10K,,,,
200306,9,200306,9,5366115,IOWA,Flash Flood,WOODBURY,0,0,0,0,.1M,,,,,
200306,24,200306,24,5366210,IOWA,Flash Flood,WOODBURY,0,0,0,0,,,,,,
200306,24,200306,24,5366211,IOWA,Flash Flood,CHEROKEE,0,0,0,0,,,,,,
200306,27,200306,30,5365275,IOWA,Flood,KOSSUTH,0,0,0,0,5K,10K,,,,
200306,27,200306,30,5365276,IOWA,Flood,PALO ALTO,0,0,0,0,5K,10K,,,,
200306,27,200306,30,5365277,IOWA,Flood,POCAHONTAS,0,0,0,0,5K,10K,,,,
200306,27,200306,30,5365278,IOWA,Flood,SAC,0,0,0,0,5K,10K,,,,
200306,27,200306,30,5365279,IOWA,Flood,WEBSTER,0,0,0,0,5K,10K,,,,
200306,27,200306,30,5365280,IOWA,Flood,WINNEBAGO,0,0,0,0,5K,10K,,,,
200306,27,200306,30,5365281,IOWA,Flood,WRIGHT,0,0,0,0,5K,10K,,,,
200307,5,200307,15,5367202,IOWA,Flood,GREENE,0,0,0,0,10K,25K,,,,
200307,5,200307,15,5367203,IOWA,Flood,GRUNDY,0,0,0,0,10K,25K,,,,
200307,5,200307,15,5367204,IOWA,Flood,GUTHRIE,0,0,0,0,10K,25K,,,,
200307,5,200307,15,5367205,IOWA,Flood,HAMILTON,0,0,0,0,10K,25K,,,,
200307,5,200307,15,5367206,IOWA,Flood,HANCOCK,0,0,0,0,10K,25K,,,,
200307,5,200307,15,5367207,IOWA,Flood,HARDIN,0,0,0,0,10K,25K,,,,
200307,5,200307,15,5367208,IOWA,Flood,HUMBOLDT,0,0,0,0,10K,25K,,,,
200307,5,200307,15,5367209,IOWA,Flood,KOSSUTH,0,0,0,0,10K,25K,,,,
200307,5,200307,15,5367210,IOWA,Flood,MADISON,0,0,0,0,10K,25K,,,,
200307,5,200307,15,5367211,IOWA,Flood,MARSHALL,0,0,0,0,10K,25K,,,,
200307,5,200307,15,5367212,IOWA,Flood,POCAHONTAS,0,0,0,0,10K,25K,,,,
200307,5,200307,15,5367213,IOWA,Flood,POLK,0,0,0,0,10K,25K,,,,
200307,5,200307,15,5367214,IOWA,Flood,SAC,0,0,0,0,100K,25K,,,,
200307,5,200307,15,5367215,IOWA,Flood,WARREN,0,0,0,0,10K,25K,,,,
200307,5,200307,15,5367216,IOWA,Flood,WEBSTER,0,0,0,0,10K,25K,,,,
200307,5,200307,15,5367200,IOWA,Flood,DALLAS,0,0,0,0,50K,25K,,,,
200307,5,200307,15,5367201,IOWA,Flood,FRANKLIN,0,0,0,0,10K,25K,,,,
200307,20,200307,21,5369392,IOWA,Flash Flood,MUSCATINE,0,0,0,0,10K,,,,,
200311,3,200311,3,5372074,IOWA,Flash Flood,POLK,0,0,0,0,50K,,,,,
200402,21,200402,25,5383299,IOWA,Flood,IOWA,0,0,0,0,,,,,,
200405,22,200405,31,5393574,IOWA,Flood,AUDUBON,0,0,0,0,.1M,.2980392156862745M,,,,
200403,5,200403,6,5389786,IOWA,Flood,WASHINGTON,0,0,0,0,,,,,,
200403,26,200403,26,5389812,IOWA,Flash Flood,PLYMOUTH,0,0,0,0,.02M,,,,,
200405,10,200405,12,5393568,IOWA,Flood,ADAIR,0,0,0,0,15K,5K,,,,
200405,10,200405,12,5393569,IOWA,Flood,MADISON,0,0,0,0,15K,5K,,,,
200405,10,200405,12,5393570,IOWA,Flood,WARREN,0,0,0,0,15K,5K,,,,
200405,22,200405,31,5393571,IOWA,Flood,ADAIR,0,0,0,0,.1M,.2980392156862745M,,,,
200405,22,200405,31,5393572,IOWA,Flood,ADAMS,0,0,0,0,.1M,.2980392156862745M,,,,
200405,22,200405,31,5393573,IOWA,Flood,APPANOOSE,0,0,0,0,.1M,.2980392156862745M,,,,
200405,22,200405,26,5394265,IOWA,Flood,FAYETTE,0,0,0,0,500K,600K,,,,
200405,22,200405,22,5394419,IOWA,Flash Flood,STORY,0,0,0,0,250K,50K,41.93333,-93.1,41.93333,-93.1
200405,23,200405,23,5394259,IOWA,Flash Flood,FAYETTE,0,0,0,0,125K,125K,,,,
200405,24,200405,24,5394853,IOWA,Flash Flood,GUTHRIE,0,0,0,0,25K,10K,41.4,-93.75,41.4,-93.75
200405,24,200405,24,5394858,IOWA,Flash Flood,POLK,0,0,0,0,75K,5K,41.78333,-93.61667,41.78333,-93.61667
200405,23,200405,25,5395409,IOWA,Flood,MONTGOMERY,0,0,0,0,,,,,,
200405,23,200405,26,5395410,IOWA,Flood,FREMONT,0,0,0,0,,,,,,
200405,8,200405,9,5393962,IOWA,Flash Flood,ADAIR,0,0,0,0,50K,5K,,,,
200405,24,200405,24,5394980,IOWA,Flash Flood,POLK,0,0,0,0,50K,5K,42.63333,-94.6,42.63333,-94.6
200405,22,200405,24,5394452,IOWA,Flood,ALLAMAKEE,0,0,0,0,,10K,,,,
200405,22,200405,24,5394453,IOWA,Flood,WINNESHIEK,0,0,0,0,,20K,,,,
200405,22,200405,23,5394625,IOWA,Flash Flood,BLACK HAWK,0,0,0,0,75K,,41.36667,-94.36667,41.36667,-94.36667
200405,21,200405,21,5394913,IOWA,Flash Flood,CERRO GORDO,0,0,0,0,100K,50K,,,,
200405,21,200405,21,5394916,IOWA,Flash Flood,HANCOCK,0,0,0,0,100K,50K,42.81667,-94.6,42.8,-94.51667
200405,8,200405,9,5393955,IOWA,Flash Flood,MADISON,0,0,0,0,100K,10K,,,,
200405,21,200405,22,5394250,IOWA,Flash Flood,WINNESHIEK,0,0,0,0,65K,80K,,,,
200405,22,200405,23,5394536,IOWA,Flash Flood,DALLAS,0,0,0,0,250K,50K,41.93333,-93.1,41.98333,-92.78333
200405,21,200405,22,5394248,IOWA,Flash Flood,CLAYTON,0,0,0,0,65K,80K,,,,
200405,21,200405,21,5394918,IOWA,Flash Flood,CERRO GORDO,0,0,0,0,150K,50K,,,,
200405,21,200405,21,5394920,IOWA,Flash Flood,BUTLER,0,0,0,0,100K,50K,42.51667,-93.26667,42.51667,-93.26667
200405,22,200405,22,5394601,IOWA,Flash Flood,POLK,0,0,0,0,100K,50K,41.81667,-93.65,41.81667,-93.61667
200405,21,200405,22,5394330,IOWA,Flash Flood,WORTH,0,0,0,0,100K,50K,42.61667,-92.61667,42.61667,-92.61667
200405,21,200405,22,5394331,IOWA,Flash Flood,WRIGHT,0,0,0,0,50K,20K,42.83333,-93.98333,42.83333,-93.98333
200405,24,200405,24,5394829,IOWA,Flash Flood,DALLAS,0,0,0,0,100K,25K,,,,
200405,24,200405,24,5394832,IOWA,Flash Flood,AUDUBON,0,0,0,0,25K,10K,,,,
200405,24,200405,24,5394841,IOWA,Flash Flood,CARROLL,0,0,0,0,75K,25K,40.73333,-94.9,40.73333,-94.9
200405,23,200405,23,5394260,IOWA,Flash Flood,CLAYTON,0,0,0,0,125K,100K,,,,
200405,23,200405,23,5394261,IOWA,Flash Flood,FLOYD,0,0,0,0,90K,100K,,,,
200405,23,200405,23,5394262,IOWA,Flash Flood,CHICKASAW,0,0,0,0,100K,125K,,,,
200405,22,200405,26,5394266,IOWA,Flood,WINNESHIEK,0,0,0,0,400K,500K,,,,
200405,30,200405,30,5394267,IOWA,Flash Flood,CLAYTON,0,0,0,0,1K,1.5K,,,,
200405,22,200405,23,5394268,IOWA,Flood,FLOYD,0,0,0,0,40K,60K,,,,
200405,22,200405,23,5394269,IOWA,Flood,MITCHELL,0,0,0,0,35K,50K,,,,
200405,24,200405,24,5393435,IOWA,Flash Flood,POLK,0,0,0,0,75K,,41.51667,-94.41667,41.51667,-94.41667
200405,22,200405,26,5394264,IOWA,Flood,CLAYTON,0,0,0,0,700K,700K,,,,
200405,21,200405,22,5394249,IOWA,Flash Flood,MITCHELL,0,0,0,0,45K,50K,,,,
200405,21,200405,22,5394246,IOWA,Flash Flood,ALLAMAKEE,0,0,0,0,70K,50K,,,,
200405,21,200405,22,5394247,IOWA,Flash Flood,HOWARD,0,0,0,0,50K,85K,,,,
200405,27,200405,27,5393562,IOWA,Flash Flood,RINGGOLD,0,0,0,0,20K,5K,40.7,-93.63333,40.7,-93.63333
200405,22,200405,31,5393692,IOWA,Flood,POLK,0,0,0,0,.1M,.2980392156862745M,,,,
200405,22,200405,31,5393693,IOWA,Flood,POWESHIEK,0,0,0,0,.1M,.2980392156862745M,,,,
200405,22,200405,31,5393694,IOWA,Flood,RINGGOLD,0,0,0,0,.1M,.2980392156862745M,,,,
200405,22,200405,31,5393695,IOWA,Flood,SAC,0,0,0,0,.1M,.2980392156862745M,,,,
200405,22,200405,31,5393696,IOWA,Flood,STORY,0,0,0,0,.1M,.2980392156862745M,,,,
200405,22,200405,31,5393697,IOWA,Flood,TAMA,0,0,0,0,.1M,.2980392156862745M,,,,
200405,22,200405,31,5393698,IOWA,Flood,TAYLOR,0,0,0,0,.1M,.2980392156862745M,,,,
200405,22,200405,31,5393699,IOWA,Flood,UNION,0,0,0,0,.1M,.2980392156862745M,,,,
200405,24,200405,25,5393438,IOWA,Flash Flood,WARREN,0,0,0,0,75K,10K,41.41667,-94.13333,41.41667,-94.13333
200405,24,200405,24,5393440,IOWA,Flash Flood,MADISON,0,0,0,0,100K,50K,,,,
200405,24,200405,24,5393442,IOWA,Flash Flood,WARREN,0,0,0,0,50K,10K,41.55,-94.03333,41.55,-94.03333
200405,24,200405,25,5393444,IOWA,Flash Flood,ADAIR,0,0,0,0,75K,10K,41.5,-94.01667,41.5,-94.01667
200405,24,200405,25,5393445,IOWA,Flash Flood,UNION,0,0,0,0,100K,25K,41.51667,-93.91667,41.51667,-93.91667
200405,24,200405,24,5393446,IOWA,Flash Flood,GREENE,0,0,0,0,100K,50K,41.43333,-93.88333,41.43333,-93.88333
200405,24,200405,24,5393447,IOWA,Flash Flood,STORY,0,0,0,0,50K,5K,41.58333,-93.9,41.58333,-93.9
200405,24,200405,25,5393448,IOWA,Flash Flood,MARION,0,0,0,0,100K,50K,41.53333,-93.88333,41.53333,-93.88333
200405,24,200405,24,5393454,IOWA,Flash Flood,HUMBOLDT,0,0,0,0,100K,50K,41.66667,-93.8,41.66667,-93.8
200405,24,200405,24,5393458,IOWA,Flash Flood,MAHASKA,0,0,0,0,50K,5K,41.58333,-93.71667,41.58333,-93.71667
200405,22,200405,31,5393702,IOWA,Flood,WAYNE,0,0,0,0,.1M,.2980392156862745M,,,,
200405,22,200405,31,5393703,IOWA,Flood,WEBSTER,0,0,0,0,.1M,.2980392156862745M,,,,
200405,22,200405,31,5393704,IOWA,Flood,WINNEBAGO,0,0,0,0,.1M,.2980392156862745M,,,,
200405,22,200405,31,5393705,IOWA,Flood,WORTH,0,0,0,0,.1M,.2980392156862745M,,,,
200405,22,200405,31,5393706,IOWA,Flood,WRIGHT,0,0,0,0,.1M,.2980392156862745M,,,,
200405,24,200405,24,5393431,IOWA,Flash Flood,STORY,0,0,0,0,10K,,41.45,-94.76667,41.45,-94.76667
200405,22,200405,31,5393575,IOWA,Flood,BLACK HAWK,0,0,0,0,.1M,.2980392156862745M,,,,
200405,22,200405,31,5393576,IOWA,Flood,BOONE,0,0,0,0,.1M,.2980392156862745M,,,,
200405,22,200405,31,5393577,IOWA,Flood,BREMER,0,0,0,0,.1M,.2980392156862745M,,,,
200405,22,200405,31,5393578,IOWA,Flood,BUTLER,0,0,0,0,.1M,.2980392156862745M,,,,
200405,22,200405,31,5393579,IOWA,Flood,CALHOUN,0,0,0,0,.1M,.2980392156862745M,,,,
200405,22,200405,31,5393580,IOWA,Flood,CARROLL,0,0,0,0,.1M,.2980392156862745M,,,,
200405,22,200405,31,5393581,IOWA,Flood,CASS,0,0,0,0,.1M,.2980392156862745M,,,,
200405,22,200405,31,5393582,IOWA,Flood,CERRO GORDO,0,0,0,0,.1M,.2980392156862745M,,,,
200405,22,200405,31,5393583,IOWA,Flood,CLARKE,0,0,0,0,.1M,.2980392156862745M,,,,
200405,22,200405,31,5393584,IOWA,Flood,CRAWFORD,0,0,0,0,.1M,.2980392156862745M,,,,
200405,22,200405,31,5393585,IOWA,Flood,DALLAS,0,0,0,0,.1M,.2980392156862745M,,,,
200405,21,200405,22,5394243,IOWA,Flash Flood,FLOYD,0,0,0,0,75K,85K,,,,
200405,21,200405,22,5394244,IOWA,Flash Flood,CHICKASAW,0,0,0,0,150K,100K,,,,
200405,21,200405,22,5394245,IOWA,Flash Flood,FAYETTE,0,0,0,0,75K,75K,,,,
200405,25,200405,25,5396253,IOWA,Flood,FREMONT,0,0,0,0,,,,,,
200405,30,200405,31,5404850,IOWA,Flood,WASHINGTON,0,0,0,0,,,,,,
200405,31,200405,31,5404851,IOWA,Flood,DELAWARE,0,0,0,0,,,,,,
200406,11,200406,11,5405377,IOWA,Flash Flood,HAMILTON,0,0,0,0,100K,10K,,,,
200405,23,200405,31,5404842,IOWA,Flood,IOWA,0,0,0,0,,,,,,
200405,25,200405,31,5404843,IOWA,Flood,LOUISA,0,0,0,0,,,,,,
200405,24,200405,30,5404844,IOWA,Flood,LINN,0,0,0,0,,,,,,
200405,23,200405,31,5404845,IOWA,Flood,MUSCATINE,0,0,0,0,,,,,,
200405,22,200405,31,5404846,IOWA,Flood,CLINTON,0,0,0,0,,,,,,
200405,22,200405,31,5404847,IOWA,Flood,SCOTT,0,0,0,0,,,,,,
200405,26,200405,31,5404848,IOWA,Flood,DES MOINES,0,0,0,0,,,,,,
200405,30,200405,31,5404849,IOWA,Flood,LEE,0,0,0,0,,,,,,
200406,16,200406,16,5405468,IOWA,Flash Flood,SAC,0,0,0,0,50K,10K,,,,
200405,21,200405,22,5403230,IOWA,Flash Flood,PLYMOUTH,0,0,0,0,,,,,,
200405,21,200405,22,5403231,IOWA,Flash Flood,O'BRIEN,0,0,0,0,,,,,,
200405,21,200405,22,5403232,IOWA,Flash Flood,CHEROKEE,0,0,0,0,,,,,,
200405,21,200405,22,5403233,IOWA,Flash Flood,CLAY,0,0,0,0,,,,,,
200405,22,200405,31,5393671,IOWA,Flood,DAVIS,0,0,0,0,.1M,.2980392156862745M,,,,
200405,22,200405,31,5393672,IOWA,Flood,DECATUR,0,0,0,0,.1M,.2980392156862745M,,,,
200405,22,200405,31,5393673,IOWA,Flood,EMMET,0,0,0,0,.1M,.2980392156862745M,,,,
200405,22,200405,31,5393674,IOWA,Flood,FRANKLIN,0,0,0,0,.1M,.2980392156862745M,,,,
200405,22,200405,31,5393675,IOWA,Flood,GREENE,0,0,0,0,.1M,.2980392156862745M,,,,
200405,22,200405,31,5393676,IOWA,Flood,GRUNDY,0,0,0,0,.1M,.2980392156862745M,,,,
200405,22,200405,31,5393677,IOWA,Flood,GUTHRIE,0,0,0,0,.1M,.2980392156862745M,,,,
200405,22,200405,31,5393678,IOWA,Flood,HAMILTON,0,0,0,0,.1M,.2980392156862745M,,,,
200405,22,200405,31,5393679,IOWA,Flood,HANCOCK,0,0,0,0,.1M,.2980392156862745M,,,,
200405,22,200405,31,5393680,IOWA,Flood,HARDIN,0,0,0,0,.1M,.2980392156862745M,,,,
200405,22,200405,31,5393681,IOWA,Flood,HUMBOLDT,0,0,0,0,.1M,.2980392156862745M,,,,
200405,22,200405,31,5393682,IOWA,Flood,JASPER,0,0,0,0,.1M,.2980392156862745M,,,,
200405,22,200405,31,5393683,IOWA,Flood,KOSSUTH,0,0,0,0,.1M,.2980392156862745M,,,,
200405,22,200405,31,5393684,IOWA,Flood,LUCAS,0,0,0,0,.1M,.2980392156862745M,,,,
200405,22,200405,31,5393685,IOWA,Flood,MADISON,0,0,0,0,.1M,.2980392156862745M,,,,
200405,22,200405,31,5393686,IOWA,Flood,MAHASKA,0,0,0,0,.1M,.2980392156862745M,,,,
200405,22,200405,31,5393687,IOWA,Flood,MARION,0,0,0,0,.1M,.2980392156862745M,,,,
200405,22,200405,31,5393688,IOWA,Flood,MARSHALL,0,0,0,0,.1M,.2980392156862745M,,,,
200405,22,200405,31,5393689,IOWA,Flood,MONROE,0,0,0,0,.1M,.2980392156862745M,,,,
200405,22,200405,31,5393690,IOWA,Flood,PALO ALTO,0,0,0,0,.1M,.2980392156862745M,,,,
200405,24,200405,25,5396252,IOWA,Flood,MILLS,0,0,0,0,,,,,,
200405,8,200405,9,5393949,IOWA,Flash Flood,AUDUBON,0,0,0,0,50K,5K,,,,
200405,22,200405,22,5394606,IOWA,Flash Flood,MARSHALL,0,0,0,0,250K,50K,,,,
200405,22,200405,22,5394608,IOWA,Flash Flood,BOONE,0,0,0,0,200K,50K,42.2,-92.46667,42.2,-92.46667
200405,22,200405,22,5394609,IOWA,Flash Flood,AUDUBON,0,0,0,0,150K,50K,41.4,-95.16667,41.4,-95.16667
200405,30,200405,31,5395478,IOWA,Flood,FREMONT,0,0,0,0,,,,,,
200405,24,200405,25,5396251,IOWA,Flood,POTTAWATTAMIE,0,0,0,0,,,,,,
200405,24,200405,24,5394949,IOWA,Flash Flood,POLK,0,0,0,0,100K,,40.66667,-94.71667,40.66667,-94.71667
200405,24,200405,24,5394951,IOWA,Flash Flood,BOONE,0,0,0,0,100K,10K,40.66667,-94.41667,40.66667,-94.41667
200405,21,200405,22,5394318,IOWA,Flash Flood,KOSSUTH,0,0,0,0,100K,50K,43.13333,-93.38333,43.13333,-93.38333
200405,22,200405,31,5393691,IOWA,Flood,POCAHONTAS,0,0,0,0,.1M,.2980392156862745M,,,,
200405,8,200405,9,5393953,IOWA,Flash Flood,GUTHRIE,0,0,0,0,50K,5K,,,,
200405,21,200405,21,5394325,IOWA,Flash Flood,BREMER,0,0,0,0,100K,50K,42.81667,-94.51667,42.81667,-94.41667
200405,8,200405,8,5394159,IOWA,Flash Flood,ALLAMAKEE,0,0,0,0,50K,,,,,
200405,22,200405,22,5395774,IOWA,Flash Flood,HARRISON,0,0,0,0,,,,,,
200405,23,200405,23,5394730,IOWA,Flash Flood,WEBSTER,0,0,0,0,5K,,41.15,-94.73333,41.15,-94.73333
200405,22,200405,23,5395921,IOWA,Flash Flood,SHELBY,0,0,0,0,,,,,,
200405,22,200405,31,5393700,IOWA,Flood,WAPELLO,0,0,0,0,.1M,.2980392156862745M,,,,
200405,22,200405,31,5393701,IOWA,Flood,WARREN,0,0,0,0,.1M,.2980392156862745M,,,,
200405,24,200405,24,5394966,IOWA,Flash Flood,MARION,0,0,0,0,100K,50K,,,,
200405,24,200405,25,5394975,IOWA,Flash Flood,UNION,0,0,0,0,25K,5K,40.61667,-94.38333,40.63333,-94.35
200406,16,200406,16,5405467,IOWA,Flash Flood,CALHOUN,0,0,0,0,50K,10K,,,,
200406,16,200406,16,5409536,IOWA,Flash Flood,HOWARD,0,0,0,0,3.5K,8K,,,,
200407,5,200407,5,5411462,IOWA,Flash Flood,CERRO GORDO,0,0,0,0,50K,5K,,,,
200405,23,200405,31,5406229,IOWA,Flood,BUCHANAN,0,0,0,0,,,,,,
200405,23,200405,24,5406230,IOWA,Flood,JACKSON,0,0,0,0,,,,,,
200405,25,200405,26,5406231,IOWA,Flood,JACKSON,0,0,0,0,,,,,,
200405,23,200405,24,5406232,IOWA,Flood,DELAWARE,0,0,0,0,,,,,,
200406,8,200406,8,5409462,IOWA,Flash Flood,ALLAMAKEE,0,0,0,0,5K,8K,,,,
200405,22,200405,22,5416655,IOWA,Flash Flood,LINN,0,0,0,0,10K,,,,,
200405,22,200405,22,5416386,IOWA,Flash Flood,BUCHANAN,0,0,0,0,50K,,,,,
200405,22,200405,22,5416455,IOWA,Flash Flood,BUCHANAN,0,0,0,0,10K,,,,,
200405,22,200405,22,5416456,IOWA,Flash Flood,DELAWARE,0,0,0,0,5K,,,,,
200405,22,200405,22,5416459,IOWA,Flash Flood,DUBUQUE,0,0,0,0,10K,,,,,
200406,1,200406,4,5416371,IOWA,Flood,KEOKUK,0,0,0,0,,,,,,
200406,1,200406,30,5416372,IOWA,Flood,DES MOINES,0,0,0,0,,,,,,
200406,1,200406,30,5416373,IOWA,Flood,LEE,0,0,0,0,,,,,,
200406,1,200406,5,5416374,IOWA,Flood,CEDAR,0,0,0,0,,,,,,
200406,1,200406,5,5416375,IOWA,Flood,JONES,0,0,0,0,,,,,,
200406,1,200406,9,5416376,IOWA,Flood,JOHNSON,0,0,0,0,,,,,,
200406,1,200406,9,5416377,IOWA,Flood,IOWA,0,0,0,0,,,,,,
200405,23,200405,23,5416667,IOWA,Flash Flood,BUCHANAN,1,0,1,0,,,,,,
200408,16,200408,17,5414951,IOWA,Flash Flood,HARDIN,0,0,0,0,10K,10K,,,,
200407,11,200407,11,5411478,IOWA,Flash Flood,WAYNE,0,0,0,0,15K,,41.56667,-94.15,41.56667,-94.15
200407,5,200407,5,5412580,IOWA,Flash Flood,FLOYD,0,0,0,0,15K,20K,,,,
200407,5,200407,5,5412581,IOWA,Flash Flood,MITCHELL,0,0,0,0,15K,15K,,,,
200408,4,200408,4,5415491,IOWA,Flash Flood,DECATUR,0,0,0,0,10K,1K,41.53333,-93.91667,41.53333,-93.91667
200405,30,200405,30,5416783,IOWA,Flash Flood,DELAWARE,0,0,0,0,3K,,42.63333,-91.2,42.63333,-91.2
200408,16,200408,17,5414944,IOWA,Flash Flood,GRUNDY,0,0,0,0,10K,10K,,,,
200407,5,200407,5,5412582,IOWA,Flash Flood,CHICKASAW,0,0,0,0,8K,10K,,,,
200406,16,200406,17,5418393,IOWA,Flash Flood,JONES,0,0,0,0,50K,8K,,,,
200407,11,200407,14,5418410,IOWA,Flood,LOUISA,0,0,0,0,,,,,,
200405,30,200405,30,5416480,IOWA,Flash Flood,JEFFERSON,0,0,0,0,5K,,,,,
200406,11,200406,11,5416337,IOWA,Flood,IOWA,0,0,0,0,,,,,,
200406,14,200406,27,5416338,IOWA,Flood,MUSCATINE,0,0,0,0,,,,,,
200406,16,200406,24,5416339,IOWA,Flood,DUBUQUE,0,0,0,0,,,,,,
200406,16,200406,24,5416340,IOWA,Flood,JACKSON,0,0,0,0,,,,,,
200407,13,200407,13,5415369,IOWA,Flash Flood,O'BRIEN,0,0,0,0,,,,,,
200408,16,200408,17,5414943,IOWA,Flash Flood,BUTLER,0,0,0,0,10K,10K,,,,
200406,16,200406,16,5416468,IOWA,Flash Flood,BUCHANAN,0,0,0,0,4K,3K,,,,
200408,27,200408,27,5415213,IOWA,Flash Flood,DAVIS,0,0,0,0,100K,25K,,,,
200405,23,200405,23,5416673,IOWA,Flash Flood,DELAWARE,0,0,0,0,50K,,,,,
200406,21,200406,21,5416467,IOWA,Flash Flood,JONES,0,0,0,0,12K,4K,,,,
200406,3,200406,3,5416334,IOWA,Flood,BENTON,0,0,0,0,,,,,,
200406,3,200406,3,5416335,IOWA,Flood,LINN,0,0,0,0,,,,,,
200406,11,200406,11,5416336,IOWA,Flood,JOHNSON,0,0,0,0,,,,,,
200406,16,200406,16,5409538,IOWA,Flash Flood,FAYETTE,0,0,0,0,5K,10K,,,,
200406,16,200406,17,5418388,IOWA,Flash Flood,JONES,0,0,0,0,70K,5K,,,,
200407,5,200407,5,5412579,IOWA,Flash Flood,FAYETTE,0,0,0,0,30K,25K,,,,
200406,16,200406,17,5418389,IOWA,Flash Flood,DUBUQUE,0,0,0,0,40K,10K,,,,
200406,16,200406,16,5409537,IOWA,Flash Flood,FAYETTE,0,0,0,0,7.5K,12K,,,,
200407,11,200407,14,5418409,IOWA,Flood,MUSCATINE,0,0,0,0,,,,,,
200406,16,200406,16,5409642,IOWA,Flash Flood,WOODBURY,0,0,0,0,.5M,,,,,
200406,16,200406,16,5409645,IOWA,Flash Flood,IDA,0,0,0,0,,,,,,
200408,3,200408,3,5415481,IOWA,Flash Flood,WARREN,0,0,0,0,50K,5K,42.11667,-93.0,42.11667,-93.0
200408,3,200408,3,5415482,IOWA,Flash Flood,DALLAS,0,0,0,0,10K,,42.06667,-94.78333,42.06667,-94.78333
200406,16,200406,16,5405480,IOWA,Flash Flood,POLK,0,0,0,0,,,,,,
200405,24,200405,31,5405936,IOWA,Flood,JONES,0,0,0,0,,,,,,
200406,11,200406,11,5405226,IOWA,Flash Flood,KOSSUTH,0,0,0,0,50K,20K,,,,
200406,16,200406,16,5405471,IOWA,Flash Flood,WEBSTER,0,0,0,0,75K,10K,,,,
200406,16,200406,16,5405474,IOWA,Flash Flood,CERRO GORDO,0,0,0,0,50K,10K,,,,
200405,17,200405,17,5405854,IOWA,Flash Flood,LINN,0,0,0,0,10K,,,,,
200409,15,200409,22,5420548,IOWA,Flood,POCAHONTAS,0,0,0,0,50K,.1M,,,,
200405,21,200405,22,5416444,IOWA,Flash Flood,BUCHANAN,0,0,0,0,100K,,,,,
200409,15,200409,22,5420547,IOWA,Flood,PALO ALTO,0,0,0,0,50K,.1M,,,,
200409,15,200409,22,5420246,IOWA,Flood,BLACK HAWK,0,0,0,0,50K,.1M,,,,
200409,15,200409,22,5420546,IOWA,Flood,KOSSUTH,0,0,0,0,50K,.1M,,,,
200409,15,200409,22,5420549,IOWA,Flood,WINNEBAGO,0,0,0,0,50K,.1M,,,,
200409,17,200409,17,5424611,IOWA,Flash Flood,CLAY,0,0,0,0,,,,,,
200409,15,200409,15,5420234,IOWA,Flash Flood,EMMET,0,0,0,0,200K,50K,,,,
200409,15,200409,15,5420235,IOWA,Flash Flood,WORTH,0,0,0,0,100K,25K,,,,
200409,15,200409,15,5420236,IOWA,Flash Flood,PALO ALTO,0,0,0,0,50K,10K,,,,
200409,15,200409,15,5420237,IOWA,Flash Flood,PALO ALTO,0,0,0,0,25K,5K,,,,
200409,15,200409,22,5420248,IOWA,Flood,BUTLER,0,0,0,0,50K,.1M,,,,
200409,14,200409,14,5424517,IOWA,Flash Flood,CLAY,0,0,0,0,,,,,,
200409,14,200409,14,5424518,IOWA,Flash Flood,DICKINSON,0,0,0,0,,,,,,
200409,14,200409,14,5424519,IOWA,Flash Flood,CHEROKEE,0,0,0,0,,,,,,
200409,15,200409,15,5424520,IOWA,Flash Flood,DICKINSON,0,0,0,0,,,,,,
200409,15,200409,15,5424521,IOWA,Flash Flood,O'BRIEN,0,0,0,0,,,,,,
200409,15,200409,18,5423974,IOWA,Flood,FLOYD,0,0,0,0,20K,15K,,,,
200409,15,200409,15,5424523,IOWA,Flash Flood,CLAY,0,0,0,0,,,,,,
200408,26,200408,27,5422486,IOWA,Flash Flood,IOWA,0,0,0,0,40K,5K,,,,
200409,23,200409,24,5424296,IOWA,Flood,MUSCATINE,0,0,0,0,,5K,,,,
200409,23,200409,24,5424297,IOWA,Flood,LOUISA,0,0,0,0,,5K,,,,
200409,16,200409,20,5424614,IOWA,Flood,CHEROKEE,0,0,0,0,,,,,,
200409,16,200409,30,5424615,IOWA,Flood,O'BRIEN,0,0,0,0,,,,,,
200409,15,200409,29,5424612,IOWA,Flood,CLAY,0,0,0,0,,,,,,
200409,16,200409,30,5424613,IOWA,Flood,BUENA VISTA,0,0,0,0,,,,,,
200409,15,200409,18,5423973,IOWA,Flood,MITCHELL,0,0,0,0,12K,15K,,,,
200408,27,200408,27,5422485,IOWA,Flash Flood,VAN BUREN,0,0,0,0,50K,5K,,,,
200409,15,200409,22,5420313,IOWA,Flood,CERRO GORDO,0,0,0,0,50K,.1M,,,,
200409,15,200409,22,5420247,IOWA,Flood,BREMER,0,0,0,0,50K,.1M,,,,
200408,27,200408,29,5422391,IOWA,Flood,IOWA,0,0,0,0,,10K,,,,
200407,5,200407,6,5418402,IOWA,Flash Flood,BUCHANAN,0,0,0,0,70K,,,,,
200407,5,200407,6,5418401,IOWA,Flash Flood,BUCHANAN,0,0,0,0,15K,,,,,
200409,15,200409,22,5420543,IOWA,Flood,EMMET,0,0,0,0,50K,.1M,,,,
200406,16,200406,16,5418383,IOWA,Flash Flood,BUCHANAN,0,0,0,0,20K,4K,,,,
200409,15,200409,22,5420544,IOWA,Flood,HANCOCK,0,0,0,0,50K,.1M,,,,
200406,16,200406,17,5418390,IOWA,Flash Flood,JONES,0,0,0,0,10K,3K,,,,
200409,15,200409,22,5420545,IOWA,Flood,HUMBOLDT,0,0,0,0,50K,.1M,,,,
200406,16,200406,17,5418391,IOWA,Flash Flood,JONES,0,0,0,0,10K,3K,,,,
200406,1,200406,25,5416364,IOWA,Flood,CLINTON,0,0,0,0,,,,,,
200406,1,200406,27,5416365,IOWA,Flood,SCOTT,0,0,0,0,,,,,,
200406,1,200406,9,5416366,IOWA,Flood,MUSCATINE,0,0,0,0,,,,,,
200406,1,200406,4,5416367,IOWA,Flood,JEFFERSON,0,0,0,0,,,,,,
200406,1,200406,29,5416368,IOWA,Flood,LOUISA,0,0,0,0,,,,,,
200406,1,200406,4,5416369,IOWA,Flood,HENRY,0,0,0,0,,,,,,
200406,1,200406,4,5416370,IOWA,Flood,WASHINGTON,0,0,0,0,,,,,,
200405,21,200405,21,5416442,IOWA,Flash Flood,LINN,0,0,0,0,10K,,,,,
200409,15,200409,22,5420550,IOWA,Flood,WORTH,0,0,0,0,50K,.1M,,,,
200409,14,200409,14,5420230,IOWA,Flash Flood,KOSSUTH,0,0,0,0,25K,10K,,,,
200409,15,200409,15,5420233,IOWA,Flash Flood,WINNEBAGO,0,0,0,0,50K,10K,,,,
200505,13,200505,17,5446471,IOWA,Flood,CARROLL,0,0,0,0,30K,,41.88333,-90.58333,41.88333,-90.58333
200505,13,200505,17,5446472,IOWA,Flood,CLARKE,0,0,0,0,30K,,42.38333,-93.23333,42.38333,-93.23333
200505,13,200505,17,5446474,IOWA,Flood,DALLAS,0,0,0,0,30K,,43.38333,-95.13333,43.38333,-95.13333
200505,13,200505,17,5446473,IOWA,Flood,CRAWFORD,0,0,0,0,30K,,,,,
200505,13,200505,17,5446555,IOWA,Flood,POCAHONTAS,0,0,0,0,30K,,42.66667,-92.73333,42.66667,-92.73333
200505,13,200505,17,5446541,IOWA,Flood,EMMET,0,0,0,0,30K,,,,,
200505,13,200505,17,5446542,IOWA,Flood,GREENE,0,0,0,0,30K,,,,,
200505,13,200505,17,5446556,IOWA,Flood,POLK,0,0,0,0,30K,,,,,
200505,13,200505,17,5446547,IOWA,Flood,JASPER,0,0,0,0,30K,,42.53333,-90.91667,42.53333,-90.91667
200505,13,200505,17,5446559,IOWA,Flood,WARREN,0,0,0,0,30K,,42.11667,-94.38333,42.11667,-94.38333
200505,13,200505,17,5446560,IOWA,Flood,WEBSTER,0,0,0,0,30K,,42.75,-95.6,42.75,-95.6
200505,13,200505,17,5446548,IOWA,Flood,KOSSUTH,0,0,0,0,30K,,43.28333,-91.43333,43.28333,-91.43333
200505,7,200505,9,5446463,IOWA,Flood,EMMET,0,0,0,0,10K,,,,,
200505,7,200505,7,5446192,IOWA,Flash Flood,EMMET,0,0,0,0,25K,,43.41667,-94.85,43.41667,-94.85
200505,8,200505,8,5446283,IOWA,Flash Flood,POCAHONTAS,0,0,0,0,25K,,42.73333,-94.61667,42.73333,-94.61667
200505,8,200505,8,5446284,IOWA,Flash Flood,KOSSUTH,0,0,0,0,25K,,43.06667,-94.23333,43.06667,-94.23333
200505,13,200505,17,5446469,IOWA,Flood,BOONE,0,0,0,0,30K,,42.05,-95.35,42.05,-95.35
200505,13,200505,17,5446553,IOWA,Flood,MONROE,0,0,0,0,30K,,41.68333,-95.78333,41.68333,-95.78333
200505,13,200505,17,5446554,IOWA,Flood,PALO ALTO,0,0,0,0,30K,,42.1,-93.93333,42.1,-93.93333
200505,13,200505,17,5446557,IOWA,Flood,SAC,0,0,0,0,30K,,43.1,-93.23333,43.1,-93.23333
200505,13,200505,17,5446558,IOWA,Flood,WAPELLO,0,0,0,0,30K,,,,,
200505,13,200505,17,5446466,IOWA,Flood,ADAIR,0,0,0,0,30K,,40.75,-95.45,40.75,-95.45
200505,13,200505,17,5446544,IOWA,Flood,HAMILTON,0,0,0,0,30K,,,,,
200505,13,200505,17,5446561,IOWA,Flood,WINNEBAGO,0,0,0,0,30K,,,,,
200505,13,200505,17,5446545,IOWA,Flood,HANCOCK,0,0,0,0,30K,,,,,
200505,13,200505,17,5446562,IOWA,Flood,WRIGHT,0,0,0,0,30K,,42.48333,-94.61667,42.48333,-94.61667
200505,13,200505,17,5446546,IOWA,Flood,HUMBOLDT,0,0,0,0,30K,,,,,
200505,13,200505,17,5446550,IOWA,Flood,MADISON,0,0,0,0,30K,,,,,
200505,7,200505,9,5446465,IOWA,Flood,PALO ALTO,0,0,0,0,10K,,42.1,-93.93333,42.1,-93.93333
200505,7,200505,9,5446464,IOWA,Flood,KOSSUTH,0,0,0,0,10K,,43.28333,-91.43333,43.28333,-91.43333
200505,13,200505,17,5446467,IOWA,Flood,APPANOOSE,0,0,0,0,30K,,,,,
200505,13,200505,17,5446468,IOWA,Flood,AUDUBON,0,0,0,0,30K,,40.93333,-91.18333,40.93333,-91.18333
200505,13,200505,17,5446470,IOWA,Flood,CALHOUN,0,0,0,0,30K,,,,,
200505,13,200505,17,5446543,IOWA,Flood,GUTHRIE,0,0,0,0,30K,,,,,
200505,13,200505,17,5446551,IOWA,Flood,MAHASKA,0,0,0,0,30K,,42.46667,-92.73333,42.46667,-92.73333
200505,13,200505,17,5446552,IOWA,Flood,MARION,0,0,0,0,30K,,,,,
200505,13,200505,17,5446549,IOWA,Flood,LUCAS,0,0,0,0,30K,,,,,
200504,6,200504,6,5447366,IOWA,Flash Flood,CLAY,0,0,0,0,,,43.15,-95.15,43.15,-95.15
200505,13,200505,17,5446475,IOWA,Flood,DAVIS,0,0,0,0,30K,,42.21667,-90.65,42.21667,-90.65
200505,13,200505,23,5451889,IOWA,Flood,IOWA,0,0,0,0,,5K,43.38333,-94.71667,43.38333,-94.71667
200506,26,200506,30,5454724,IOWA,Flood,HARDIN,0,0,0,0,74.07K,50K,43.06667,-92.28333,43.06667,-92.28333
200506,26,200506,30,5454725,IOWA,Flood,HUMBOLDT,0,0,0,0,74.07K,50K,,,,
200506,26,200506,30,5454726,IOWA,Flood,JASPER,0,0,0,0,74.07K,50K,42.53333,-90.91667,42.53333,-90.91667
200506,26,200506,30,5454727,IOWA,Flood,MAHASKA,0,0,0,0,74.07K,50K,42.46667,-92.73333,42.46667,-92.73333
200506,26,200506,30,5454728,IOWA,Flood,MARION,0,0,0,0,74.07K,50K,,,,
200506,26,200506,30,5454729,IOWA,Flood,MARSHALL,0,0,0,0,74.07K,50K,41.66667,-94.03333,41.66667,-94.03333
200506,26,200506,30,5454730,IOWA,Flood,POCAHONTAS,0,0,0,0,74.07K,50K,42.66667,-92.73333,42.66667,-92.73333
200506,26,200506,30,5454731,IOWA,Flood,POLK,0,0,0,0,74.07K,50K,,,,
200506,26,200506,30,5454732,IOWA,Flood,POWESHIEK,0,0,0,0,74.07K,50K,,,,
200506,26,200506,30,5454733,IOWA,Flood,SAC,0,0,0,0,74.07K,50K,43.1,-93.23333,43.1,-93.23333
200506,26,200506,30,5454734,IOWA,Flood,STORY,0,0,0,0,74.07K,50K,,,,
200506,26,200506,30,5454735,IOWA,Flood,TAMA,0,0,0,0,74.07K,50K,,,,
200506,26,200506,30,5454736,IOWA,Flood,WEBSTER,0,0,0,0,74.07K,50K,42.75,-95.6,42.75,-95.6
200505,13,200505,14,5449775,IOWA,Flood,FREMONT,0,0,0,0,,,,,,
200506,5,200506,5,5457655,IOWA,Flash Flood,SIOUX,0,0,0,0,,,43.0,-96.46667,43.0,-96.46667
200506,5,200506,5,5457656,IOWA,Flash Flood,LYON,0,0,0,0,,,43.28333,-96.3,43.28333,-96.3
200506,26,200506,26,5453471,IOWA,Flash Flood,WRIGHT,0,0,0,0,50K,5K,42.73333,-93.68333,42.73333,-93.68333
200506,25,200506,25,5458443,IOWA,Flood,CHEROKEE,0,0,0,0,,,42.73333,-95.13333,42.73333,-95.13333
200506,24,200506,25,5458367,IOWA,Flash Flood,BUENA VISTA,0,0,0,0,.2M,,42.65,-95.2,42.7,-95.35
200506,24,200506,25,5458368,IOWA,Flash Flood,CHEROKEE,0,0,0,0,,,42.75,-95.55,42.73333,-95.4
200506,25,200506,25,5458369,IOWA,Flash Flood,PLYMOUTH,0,0,0,0,,,42.78333,-96.16667,42.78333,-96.16667
200507,26,200507,31,5458506,IOWA,Flood,BOONE,0,0,0,0,10K,30K,,,,
200507,26,200507,31,5458507,IOWA,Flood,BUTLER,0,0,0,0,10K,30K,,,,
200507,26,200507,31,5458520,IOWA,Flood,MARSHALL,0,0,0,0,10K,30K,,,,
200507,26,200507,31,5458521,IOWA,Flood,POCAHONTAS,0,0,0,0,10K,30K,41.88333,-90.58333,41.88333,-90.58333
200507,26,200507,31,5458508,IOWA,Flood,CALHOUN,0,0,0,0,10K,30K,43.06667,-92.28333,43.06667,-92.28333
200507,26,200507,31,5458509,IOWA,Flood,CARROLL,0,0,0,0,10K,30K,,,,
200506,12,200506,15,5454459,IOWA,Flood,POCAHONTAS,0,0,0,0,25K,10K,42.66667,-92.73333,42.66667,-92.73333
200506,12,200506,15,5454460,IOWA,Flood,SAC,0,0,0,0,25K,10K,43.1,-93.23333,43.1,-93.23333
200506,12,200506,15,5454461,IOWA,Flood,WEBSTER,0,0,0,0,25K,10K,42.75,-95.6,42.75,-95.6
200506,26,200506,30,5454462,IOWA,Flood,BLACK HAWK,0,0,0,0,74.07K,50K,41.03333,-93.78333,41.03333,-93.78333
200506,12,200506,15,5454458,IOWA,Flood,GREENE,0,0,0,0,25K,10K,,,,
200506,25,200506,26,5453390,IOWA,Flash Flood,WEBSTER,0,0,0,0,75K,5K,42.41667,-94.15,42.41667,-94.15
200505,14,200505,23,5453444,IOWA,Flood,BUENA VISTA,0,0,0,0,,,,,,
200505,12,200505,22,5453445,IOWA,Flood,CLAY,0,0,0,0,,,,,,
200506,25,200506,26,5453389,IOWA,Flash Flood,CALHOUN,0,0,0,0,50K,5K,42.48333,-94.61667,42.48333,-94.61667
200506,26,200506,27,5453477,IOWA,Flood,WEBSTER,0,0,1,0,100K,15K,42.75,-95.6,42.75,-95.6
200506,26,200506,26,5453472,IOWA,Flash Flood,FRANKLIN,0,0,0,0,50K,5K,42.73333,-93.25,42.73333,-93.25
200506,25,200506,25,5453473,IOWA,Flood,POCAHONTAS,0,0,0,0,50K,10K,42.66667,-92.73333,42.66667,-92.73333
200506,26,200506,26,5453478,IOWA,Flood,BLACK HAWK,0,0,0,0,100K,10K,41.03333,-93.78333,41.03333,-93.78333
200506,26,200506,26,5453479,IOWA,Flood,BUTLER,0,0,0,0,50K,10K,42.05,-94.81667,42.05,-94.81667
200506,26,200506,27,5453476,IOWA,Flood,HAMILTON,0,0,0,0,50K,10K,,,,
200506,20,200506,20,5457963,IOWA,Flash Flood,DICKINSON,0,0,0,0,,,43.43333,-95.1,43.43333,-95.1
200506,25,200506,26,5453474,IOWA,Flood,WEBSTER,0,0,0,0,75K,10K,42.75,-95.6,42.75,-95.6
200506,25,200506,26,5453475,IOWA,Flood,BOONE,0,0,0,0,50K,5K,42.05,-95.35,42.05,-95.35
200506,25,200506,25,5453388,IOWA,Flash Flood,WEBSTER,0,0,0,0,100K,10K,42.41667,-94.15,42.41667,-94.15
200506,26,200506,26,5453480,IOWA,Flood,FRANKLIN,0,0,0,0,50K,10K,,,,
200506,26,200506,26,5453481,IOWA,Flood,CALHOUN,0,0,0,0,50K,10K,,,,
200506,26,200506,30,5454712,IOWA,Flood,BOONE,0,0,0,0,74.07K,50K,42.05,-95.35,42.05,-95.35
200506,26,200506,30,5454713,IOWA,Flood,BREMER,0,0,0,0,74.07K,50K,,,,
200506,26,200506,30,5454714,IOWA,Flood,BUTLER,0,0,0,0,74.07K,50K,42.05,-94.81667,42.05,-94.81667
200506,26,200506,30,5454715,IOWA,Flood,CALHOUN,0,0,0,0,74.07K,50K,,,,
200506,26,200506,30,5454716,IOWA,Flood,CARROLL,0,0,0,0,74.07K,50K,41.88333,-90.58333,41.88333,-90.58333
200506,26,200506,30,5454717,IOWA,Flood,CERRO GORDO,0,0,0,0,74.07K,50K,42.78333,-92.28333,42.78333,-92.28333
200506,26,200506,30,5454718,IOWA,Flood,DALLAS,0,0,0,0,74.07K,50K,43.38333,-95.13333,43.38333,-95.13333
200506,26,200506,30,5454719,IOWA,Flood,FRANKLIN,0,0,0,0,74.07K,50K,,,,
200506,26,200506,30,5454720,IOWA,Flood,GREENE,0,0,0,0,74.07K,50K,,,,
200506,26,200506,30,5454721,IOWA,Flood,GRUNDY,0,0,0,0,74.07K,50K,,,,
200506,26,200506,30,5454722,IOWA,Flood,HAMILTON,0,0,0,0,74.07K,50K,,,,
200505,8,200505,8,5454131,IOWA,Flash Flood,PLYMOUTH,0,0,0,0,,,42.78333,-96.16667,42.73333,-96.16667
200506,27,200506,28,5453498,IOWA,Flash Flood,WAYNE,0,0,0,0,5K,5K,40.71667,-93.31667,40.71667,-93.31667
200506,12,200506,15,5454456,IOWA,Flood,CALHOUN,0,0,0,0,25K,10K,,,,
200506,12,200506,15,5454457,IOWA,Flood,CARROLL,0,0,0,0,25K,10K,41.88333,-90.58333,41.88333,-90.58333
200506,26,200506,30,5454723,IOWA,Flood,HANCOCK,0,0,0,0,74.07K,50K,,,,
200506,26,200506,30,5454737,IOWA,Flood,WRIGHT,0,0,0,0,74.07K,50K,42.48333,-94.61667,42.48333,-94.61667
200505,11,200505,19,5453554,IOWA,Flood,DICKINSON,0,0,0,0,,,41.05,-94.66667,41.05,-94.66667
200505,12,200505,12,5449583,IOWA,Flash Flood,PAGE,0,0,0,0,,,40.88333,-94.96667,40.88333,-94.96667
200507,26,200507,31,5458522,IOWA,Flood,SAC,0,0,0,0,10K,30K,42.78333,-92.28333,42.78333,-92.28333
200507,26,200507,31,5458519,IOWA,Flood,KOSSUTH,0,0,0,0,10K,30K,42.05,-94.81667,42.05,-94.81667
200507,25,200507,25,5466132,IOWA,Flash Flood,WINNESHIEK,0,0,0,0,3K,5K,43.28333,-91.9,43.28333,-91.9
200506,13,200506,13,5457763,IOWA,Flash Flood,LYON,0,0,0,0,,,43.3,-96.48333,43.3,-96.48333
200506,13,200506,13,5457765,IOWA,Flash Flood,SIOUX,0,0,0,0,,,43.25,-96.5,43.25,-96.5
200507,26,200507,31,5458511,IOWA,Flood,DALLAS,0,0,0,0,10K,30K,41.66667,-94.03333,41.66667,-94.03333
200507,26,200507,31,5458512,IOWA,Flood,FRANKLIN,0,0,0,0,10K,30K,42.66667,-92.73333,42.66667,-92.73333
200507,26,200507,31,5458516,IOWA,Flood,HAMILTON,0,0,0,0,10K,30K,42.48333,-94.61667,42.48333,-94.61667
200507,26,200507,31,5458517,IOWA,Flood,HARDIN,0,0,0,0,10K,30K,41.03333,-93.78333,41.03333,-93.78333
200507,26,200507,31,5458518,IOWA,Flood,HUMBOLDT,0,0,0,0,10K,30K,42.05,-95.35,42.05,-95.35
200507,26,200507,31,5458513,IOWA,Flood,GREENE,0,0,0,0,10K,30K,43.1,-93.23333,43.1,-93.23333
200507,26,200507,31,5458514,IOWA,Flood,GRUNDY,0,0,0,0,10K,30K,,,,
200507,26,200507,31,5458525,IOWA,Flood,WRIGHT,0,0,0,0,10K,30K,,,,
200507,26,200507,31,5458515,IOWA,Flood,GUTHRIE,0,0,0,0,10K,30K,42.75,-95.6,42.75,-95.6
200507,26,200507,31,5458505,IOWA,Flood,BLACK HAWK,0,0,0,0,10K,30K,,,,
200507,26,200507,31,5458510,IOWA,Flood,CERRO GORDO,0,0,0,0,10K,30K,43.28333,-91.43333,43.28333,-91.43333
200507,26,200507,31,5458524,IOWA,Flood,WEBSTER,0,0,0,0,10K,30K,,,,
200507,26,200507,31,5458523,IOWA,Flood,STORY,0,0,0,0,10K,30K,43.38333,-95.13333,43.38333,-95.13333
200509,25,200509,30,5472206,IOWA,Flood,EMMET,0,0,0,0,25K,50K,,,,
200508,26,200508,26,5471575,IOWA,Flash Flood,DICKINSON,0,0,0,0,,,43.43333,-95.1,43.43333,-95.1
200509,8,200509,8,5474277,IOWA,Flash Flood,DICKINSON,0,0,0,0,,,43.43333,-95.1,43.43333,-95.1
200509,8,200509,8,5474278,IOWA,Flash Flood,CLAY,0,0,0,0,,,43.16667,-95.35,43.16667,-95.35
200509,25,200509,30,5472207,IOWA,Flood,KOSSUTH,0,0,0,0,25K,50K,43.28333,-91.43333,43.28333,-91.43333
200509,8,200509,8,5472128,IOWA,Flood,WARREN,0,0,0,0,10K,,41.13333,-92.96667,41.13333,-92.96667
200507,25,200507,25,5465457,IOWA,Flash Flood,LYON,0,0,0,0,,,43.48333,-96.31667,43.48333,-96.31667
200510,4,200510,4,5476545,IOWA,Flash Flood,WOODBURY,0,0,0,0,,,42.5,-96.38333,42.5,-96.38333
200604,1,200604,14,5496325,IOWA,Flood,WINNEBAGO,0,0,0,0,5K,,43.38333,-93.7,43.38333,-93.7
200604,1,200604,14,5496326,IOWA,Flood,WORTH,0,0,0,0,5K,,43.38333,-93.23333,43.38333,-93.23333
200604,1,200604,14,5496317,IOWA,Flood,EMMET,0,0,0,0,5K,,43.38333,-94.71667,43.38333,-94.71667
200604,1,200604,14,5496318,IOWA,Flood,FRANKLIN,0,0,0,0,5K,,42.73333,-93.25,42.73333,-93.25
200604,1,200604,14,5496319,IOWA,Flood,HAMILTON,0,0,0,0,5K,,42.36667,-93.7,42.36667,-93.7
200604,1,200604,14,5496320,IOWA,Flood,HUMBOLDT,0,0,0,0,5K,,42.76667,-94.2,42.76667,-94.2
200604,1,200604,14,5496313,IOWA,Flood,BLACK HAWK,0,0,0,0,5K,,42.46667,-92.28333,42.46667,-92.28333
200604,1,200604,14,5496314,IOWA,Flood,BREMER,0,0,0,0,5K,,42.78333,-92.28333,42.78333,-92.28333
200604,1,200604,14,5496315,IOWA,Flood,BUTLER,0,0,0,0,5K,,42.66667,-92.73333,42.66667,-92.73333
200604,1,200604,14,5496316,IOWA,Flood,CERRO GORDO,0,0,0,0,5K,,43.1,-93.23333,43.1,-93.23333
200604,1,200604,14,5496327,IOWA,Flood,WRIGHT,0,0,0,0,5K,,42.73333,-93.68333,42.73333,-93.68333
200604,1,200604,14,5496321,IOWA,Flood,KOSSUTH,0,0,0,0,5K,,43.21667,-94.2,43.21667,-94.2
200604,1,200604,14,5496322,IOWA,Flood,PALO ALTO,0,0,0,0,5K,,43.08333,-94.61667,43.08333,-94.61667
200604,1,200604,14,5496323,IOWA,Flood,POCAHONTAS,0,0,0,0,5K,,42.73333,-94.61667,42.73333,-94.61667
200604,1,200604,14,5496324,IOWA,Flood,WEBSTER,0,0,0,0,5K,,42.41667,-94.15,42.41667,-94.15
200603,12,200603,13,5498868,IOWA,Flash Flood,SCOTT,0,0,0,0,400K,,,,,
200604,8,200604,9,5502088,IOWA,Flood,SIOUX,0,0,0,0,,,43.2,-96.3,43.2,-96.3
200604,1,200604,17,5502089,IOWA,Flood,DICKINSON,0,0,0,0,,,43.33333,-95.15,43.33333,-95.15
200604,1,200604,23,5502092,IOWA,Flood,CLAY,0,0,0,0,,,43.15,-95.15,43.15,-95.15
200604,1,200604,9,5502082,IOWA,Flood,LYON,0,0,0,0,,,43.38333,-96.53333,43.38333,-96.53333
200604,1,200604,13,5502084,IOWA,Flood,SIOUX,0,0,0,0,,,43.0,-96.46667,43.0,-96.46667
200604,1,200604,18,5502085,IOWA,Flood,WOODBURY,0,0,0,0,,,42.55,-96.45,42.55,-96.45
200604,7,200604,9,5502087,IOWA,Flood,LYON,0,0,0,0,,,43.43333,-96.18333,43.43333,-96.18333
200604,1,200604,18,5502083,IOWA,Flood,PLYMOUTH,0,0,0,0,,,42.83333,-96.55,42.83333,-96.55
200604,1,200604,23,5502090,IOWA,Flood,BUENA VISTA,0,0,0,0,,,42.88333,-95.25,42.88333,-95.25
200604,4,200604,11,5502091,IOWA,Flood,CHEROKEE,0,0,0,0,,,42.75,-95.55,42.75,-95.55
200605,2,200605,10,5513074,IOWA,Flood,SIOUX,0,0,0,0,,,,,,
200605,2,200605,10,5513075,IOWA,Flood,PLYMOUTH,0,0,0,0,,,,,,
200605,2,200605,7,5513076,IOWA,Flood,BUENA VISTA,0,0,0,0,,,,,,
200605,9,200605,10,5512545,IOWA,Flood,SCOTT,0,0,0,0,,,,,,
200605,9,200605,10,5512546,IOWA,Flood,CLINTON,0,0,0,0,,,,,,
200605,2,200605,7,5513077,IOWA,Flood,CLAY,0,0,0,0,,,,,,
200606,16,200606,16,5513934,IOWA,Flash Flood,WOODBURY,0,0,0,0,,,,,,
200606,16,200606,16,5513936,IOWA,Flash Flood,PLYMOUTH,0,0,0,0,,,,,,
200608,13,200608,13,5528445,IOWA,Flash Flood,CLARKE,1,0,0,0,25K,2K,,,,
200608,13,200608,13,5528448,IOWA,Flash Flood,WAPELLO,0,0,0,0,10K,,,,,
200608,1,200608,2,5528427,IOWA,Flash Flood,KOSSUTH,0,0,0,0,100K,10K,,,,
200608,1,200608,2,5528430,IOWA,Flash Flood,EMMET,0,0,0,0,25K,,,,,
200608,1,200608,1,5527847,IOWA,Flash Flood,DICKINSON,0,0,0,0,,,,,,
200607,11,200607,11,5516901,IOWA,Flash Flood,FRANKLIN,0,0,0,0,10K,,,,,
200608,9,200608,9,5528523,IOWA,Flash Flood,WEBSTER,0,0,0,0,20K,,,,,
200608,28,200608,28,5528522,IOWA,Flash Flood,TAYLOR,0,0,0,0,100K,25K,,,,
200608,1,200608,1,5527913,IOWA,Flash Flood,CLAY,0,0,0,0,,,,,,
200609,11,200609,11,5534215,IOWA,Flood,BOONE,0,0,0,0,10K,5K,,,,
200609,11,200609,12,5534214,IOWA,Flood,STORY,0,0,0,0,10K,10K,,,,
200708,4,200708,4,54021,IOWA,Flash Flood,BUENA VISTA,0,0,0,0,0.00K,0.00K,42.65,-95.2,42.65,-95.2
200708,22,200708,22,55751,IOWA,Flash Flood,BUENA VISTA,0,0,0,0,0.00K,0.00K,42.65,-95.2,42.65,-95.2
200708,20,200708,20,55063,IOWA,Flash Flood,DICKINSON,0,0,0,0,0.00K,0.00K,43.43,-95.1,43.43,-95.1
200708,20,200708,20,55067,IOWA,Flash Flood,SIOUX,0,0,0,0,0.00K,0.00K,43.02,-96.05,43.02,-96.05
200708,21,200708,21,55738,IOWA,Flash Flood,CHEROKEE,0,0,0,0,0.00K,0.00K,42.8,-95.63,42.8,-95.63
200708,22,200708,31,56540,IOWA,Flood,BUENA VISTA,0,0,0,0,0.00K,0.00K,42.9005,-95.1221,42.88,-95.3486
200708,22,200708,22,55744,IOWA,Flash Flood,WOODBURY,0,0,0,0,0.00K,0.00K,42.4,-96.35,42.4,-96.35
200705,24,200705,25,23360,IOWA,Flood,PAGE,0,0,0,0,0.00K,0.00K,41.15,-95.17,40.92,-95.28
200708,24,200708,28,58614,IOWA,Flood,HENRY,0,0,0,0,0.00K,0.00K,40.93,-91.62,40.93,-91.62
200708,24,200708,25,58615,IOWA,Flood,VAN BUREN,0,0,0,0,0.00K,0.00K,40.73,-91.95,40.73,-91.95
200703,14,200703,14,11196,IOWA,Flash Flood,WEBSTER,0,0,0,0,500.00K,0.00K,42.5578,-94.18,42.5578,-94.18
200703,14,200703,19,15712,IOWA,Flood,BLACK HAWK,0,0,0,0,50.00K,0.00K,42.5,-92.35,42.5,-92.35
200703,14,200703,14,11198,IOWA,Flash Flood,EMMET,0,0,0,0,25.00K,0.00K,43.42,-94.85,43.42,-94.7505
200703,12,200703,19,15713,IOWA,Flood,MARSHALL,0,0,0,0,50.00K,0.00K,42.05,-92.92,42.05,-92.92
200703,23,200703,26,15717,IOWA,Flood,BLACK HAWK,0,0,0,0,10.00K,0.00K,42.52,-92.45,42.52,-92.45
200703,14,200703,14,11199,IOWA,Flash Flood,DALLAS,0,0,0,0,25.00K,0.00K,41.62,-94.02,41.6923,-94.02
200703,13,200703,15,15710,IOWA,Flood,BUTLER,0,0,0,0,50.00K,0.00K,42.57,-92.62,42.57,-92.62
200704,26,200704,27,21811,IOWA,Flood,BUTLER,0,0,0,0,0.00K,0.00K,42.57,-92.62,42.57,-92.62
200704,25,200704,28,21817,IOWA,Flood,STORY,0,0,0,0,100.00K,0.00K,42.03,-93.62,42.03,-93.62
200704,25,200704,28,21820,IOWA,Flood,LUCAS,0,0,0,0,25.00K,0.00K,41.02,-93.32,41.02,-93.32
200704,1,200704,2,21793,IOWA,Flood,CERRO GORDO,0,0,0,0,10.00K,0.00K,43.15,-93.2,43.15,-93.2
200704,2,200704,5,21794,IOWA,Flood,HUMBOLDT,0,0,0,0,10.00K,0.00K,42.72,-94.22,42.72,-94.22
200704,25,200704,27,21804,IOWA,Flood,WAPELLO,0,0,0,0,25.00K,0.00K,41.02,-92.4,41.02,-92.4
200704,2,200704,5,21795,IOWA,Flood,KOSSUTH,0,0,0,0,10.00K,0.00K,43.07,-94.23,43.07,-94.23
200704,3,200704,5,21796,IOWA,Flood,HAMILTON,0,0,0,0,10.00K,0.00K,42.27,-93.93,42.27,-93.93
200704,25,200704,27,21810,IOWA,Flood,MARION,0,0,0,0,25.00K,0.00K,41.2,-92.9,41.2,-92.9
200704,25,200704,30,21819,IOWA,Flood,MAHASKA,0,0,0,0,100.00K,0.00K,41.3,-92.65,41.3,-92.65
200704,25,200704,30,21802,IOWA,Flood,POLK,0,0,0,0,250.00K,0.00K,41.6,-93.62,41.6,-93.62
200704,25,200704,30,21807,IOWA,Flood,DALLAS,0,0,0,0,250.00K,0.00K,41.83,-94.12,41.53,-93.97
200704,25,200704,30,21813,IOWA,Flood,MARSHALL,0,0,0,0,100.00K,0.00K,42.05,-92.92,42.05,-92.92
200704,25,200704,28,21809,IOWA,Flood,WARREN,0,0,0,0,10.00K,0.00K,41.48,-93.68,41.48,-93.68
200704,25,200704,30,21818,IOWA,Flood,JASPER,0,0,0,0,25.00K,0.00K,41.67,-93.25,41.67,-93.25
200704,3,200704,6,21797,IOWA,Flood,BLACK HAWK,0,0,0,0,20.00K,0.00K,42.63,-92.55,42.52,-92.45
200704,27,200704,29,21812,IOWA,Flood,BLACK HAWK,0,0,0,0,0.00K,0.00K,42.63,-92.55,42.63,-92.55
200704,24,200704,30,21800,IOWA,Flood,HAMILTON,0,0,0,0,25.00K,0.00K,42.27,-93.93,42.27,-93.93
200704,24,200704,30,21805,IOWA,Flood,GREENE,0,0,0,0,250.00K,0.00K,42.02,-94.38,42.02,-94.38
200705,7,200705,15,36475,IOWA,Flood,O'BRIEN,0,0,0,0,0.00K,0.00K,42.9313,-95.3723,42.9087,-95.4162
200705,6,200705,11,36476,IOWA,Flood,CHEROKEE,0,0,0,0,0.00K,0.00K,42.9198,-95.3659,42.6164,-95.6253
200705,6,200705,15,36480,IOWA,Flood,BUENA VISTA,0,0,0,0,0.00K,0.00K,42.9004,-95.1221,42.88,-95.3486
200706,1,200706,3,34319,IOWA,Flood,MAHASKA,0,0,0,0,0.00K,10.00K,41.3,-92.65,41.3,-92.65
200706,1,200706,4,34318,IOWA,Flood,MARSHALL,0,0,0,0,0.00K,10.00K,42.05,-92.92,42.05,-92.92
200706,22,200706,27,34321,IOWA,Flood,MARSHALL,0,0,0,0,0.00K,25.00K,42.05,-92.92,42.05,-92.92
200706,10,200706,10,41614,IOWA,Flash Flood,LYON,0,0,0,0,0.00K,0.00K,43.2655,-96.23,43.2655,-96.23
200706,16,200706,16,41680,IOWA,Flash Flood,CHEROKEE,0,0,0,0,0.00K,0.00K,42.8522,-95.4107,42.8522,-95.4107
200706,16,200706,16,41682,IOWA,Flash Flood,BUENA VISTA,0,0,0,0,0.00K,0.00K,42.6,-95.0,42.6,-95.0
200705,24,200705,24,23037,IOWA,Flash Flood,ADAIR,0,0,0,0,250.00K,50.00K,41.25,-94.67,41.5,-94.65
200705,24,200705,24,23064,IOWA,Flood,CASS,0,0,0,0,75.00K,0.00K,41.25,-94.71,41.25,-94.71
200705,24,200705,27,25680,IOWA,Flood,POLK,0,0,0,0,50.00K,5.00K,41.6,-93.62,41.6,-93.62
200705,27,200705,27,25682,IOWA,Flood,POLK,0,0,0,0,10.00K,5.00K,41.68,-93.8,41.68,-93.8
200705,24,200705,27,25676,IOWA,Flood,DALLAS,0,0,0,0,25.00K,50.00K,41.53,-93.97,41.53,-93.97
200705,24,200705,31,25683,IOWA,Flood,MARSHALL,0,0,0,0,25.00K,25.00K,42.05,-92.92,42.05,-92.92
200704,1,200704,7,30024,IOWA,Flood,SIOUX,0,0,0,0,0.00K,0.00K,43.0723,-96.47,42.92,-96.5197
200704,1,200704,7,30025,IOWA,Flood,PLYMOUTH,0,0,0,0,0.00K,0.00K,42.8968,-96.5123,42.75,-96.6197
200704,2,200704,8,30027,IOWA,Flood,BUENA VISTA,0,0,0,0,0.00K,0.00K,42.8966,-95.0953,42.88,-95.3486
200705,24,200705,25,23284,IOWA,Flood,ADAMS,0,0,0,0,200.00K,50.00K,41.1289,-94.8682,40.9734,-94.88
200705,24,200705,27,25678,IOWA,Flood,POLK,0,0,0,0,25.00K,50.00K,41.58,-93.72,41.58,-93.72
200705,24,200705,24,23065,IOWA,Flood,CASS,0,0,0,0,200.00K,0.00K,41.44,-94.77,41.25,-94.77
200705,24,200705,24,23066,IOWA,Flood,GUTHRIE,0,0,0,0,500.00K,0.00K,41.5079,-94.4589,41.68,-94.5
200704,25,200704,27,22248,IOWA,Flood,FREMONT,0,0,0,0,0.00K,0.00K,40.6307,-95.6904,40.5898,-95.6365
200703,31,200703,31,22570,IOWA,Flash Flood,SIOUX,0,0,0,0,0.00K,0.00K,43.0,-96.47,43.0,-96.47
200708,20,200708,20,41771,IOWA,Flash Flood,WEBSTER,0,0,0,0,5.00K,0.00K,42.4762,-94.3012,42.5743,-94.2957
200708,19,200708,19,41476,IOWA,Flash Flood,BLACK HAWK,0,0,0,0,25.00K,0.00K,42.5531,-92.3016,42.5561,-92.2155
200708,22,200708,22,42526,IOWA,Flood,WEBSTER,0,0,0,0,10.00K,0.00K,42.6016,-94.2847,42.6269,-94.2023
200708,20,200708,20,41486,IOWA,Flash Flood,WEBSTER,0,0,0,0,10.00K,0.00K,42.4802,-94.389,42.4919,-94.2524
200710,14,200710,15,54417,IOWA,Flash Flood,GUTHRIE,0,0,0,0,25.00K,10.00K,41.59,-94.5,41.6029,-94.503
200710,15,200710,15,54420,IOWA,Flash Flood,GUTHRIE,0,0,0,0,50.00K,10.00K,41.61,-94.59,41.7175,-94.5889
200710,14,200710,15,54414,IOWA,Flash Flood,GUTHRIE,0,0,0,0,25.00K,10.00K,41.51,-94.52,41.5682,-94.5229
200710,14,200710,15,54415,IOWA,Flash Flood,GUTHRIE,0,0,0,0,25.00K,10.00K,41.51,-94.52,41.5381,-94.5168
200709,6,200709,6,59773,IOWA,Flash Flood,WOODBURY,0,0,0,0,0.00K,0.00K,42.5,-96.38,42.5,-96.38
200708,23,200708,24,42842,IOWA,Flash Flood,MAHASKA,0,0,0,0,25.00K,0.00K,41.3521,-92.7466,41.2866,-92.7425
200708,23,200708,24,42843,IOWA,Flash Flood,MAHASKA,0,0,0,0,250.00K,75.00K,41.3933,-92.7631,41.2799,-92.7672
200708,7,200708,7,38621,IOWA,Flash Flood,WARREN,0,0,0,0,5.00K,25.00K,41.2326,-93.7731,41.2927,-93.7717
200708,28,200708,28,45407,IOWA,Flash Flood,CALHOUN,0,0,0,0,75.00K,0.00K,42.3504,-94.8175,42.3494,-94.6664
200708,25,200708,27,49801,IOWA,Flood,DALLAS,0,0,0,0,25.00K,50.00K,41.84,-94.2694,41.6237,-94.0677
200708,24,200708,26,49800,IOWA,Flood,MARION,0,0,0,0,25.00K,50.00K,41.2112,-92.9318,41.2685,-92.8932
200708,24,200708,26,49806,IOWA,Flood,APPANOOSE,0,0,0,0,25.00K,50.00K,40.5973,-92.6614,40.8445,-92.8575
200708,6,200708,7,38427,IOWA,Flash Flood,CASS,0,0,0,0,50.00K,25.00K,41.2476,-95.121,41.246,-95.1507
200708,23,200708,24,42844,IOWA,Flash Flood,UNION,0,0,0,0,100.00K,25.00K,41.1532,-94.4598,41.1425,-94.2641
200708,23,200708,24,42845,IOWA,Flash Flood,WAYNE,0,0,0,0,150.00K,50.00K,40.7722,-93.2849,40.7701,-93.1352
200708,23,200708,24,42846,IOWA,Flash Flood,CLARKE,0,0,0,0,50.00K,20.00K,41.1532,-93.9338,41.1566,-93.8196
200708,23,200708,24,42847,IOWA,Flash Flood,CLARKE,0,0,0,0,50.00K,10.00K,41.129,-93.8727,41.1347,-93.7065
200708,23,200708,24,42848,IOWA,Flash Flood,WAPELLO,0,0,0,0,25.00K,0.00K,40.9467,-92.3319,40.9633,-92.5076
200708,23,200708,24,42849,IOWA,Flash Flood,APPANOOSE,0,0,0,0,100.00K,50.00K,40.766,-92.7521,40.8933,-92.7426
200708,23,200708,24,42850,IOWA,Flash Flood,APPANOOSE,0,0,0,0,250.00K,10.00K,40.7036,-92.8674,40.7244,-93.0212
200708,23,200708,24,42851,IOWA,Flash Flood,WAPELLO,0,0,0,0,100.00K,25.00K,41.1549,-92.2162,40.8999,-92.2601
200708,20,200708,20,49789,IOWA,Flood,WEBSTER,0,0,0,0,50.00K,50.00K,42.5208,-94.2222,42.3504,-94.0969
200708,21,200708,24,49790,IOWA,Flood,WEBSTER,0,0,0,0,50.00K,50.00K,42.5208,-94.2222,42.3504,-94.0969
200708,23,200708,24,49802,IOWA,Flood,MAHASKA,0,0,0,0,25.00K,50.00K,41.4888,-92.8635,41.319,-92.417
200708,24,200708,24,49799,IOWA,Flood,WAPELLO,0,0,0,0,25.00K,50.00K,41.1254,-92.6374,40.9011,-92.2869
200708,6,200708,7,38428,IOWA,Flash Flood,AUDUBON,0,0,0,0,10.00K,5.00K,41.6432,-95.0915,41.6167,-95.0905
200708,24,200708,24,43072,IOWA,Flash Flood,WAYNE,0,0,0,0,500.00K,100.00K,40.7077,-93.2602,40.7337,-93.4016
200708,23,200708,24,43076,IOWA,Flash Flood,CLARKE,0,0,0,0,25.00K,10.00K,40.9654,-93.8947,40.973,-94.0019
200708,23,200708,25,49804,IOWA,Flood,WAYNE,0,0,0,0,25.00K,50.00K,40.8436,-93.1129,40.769,-93.1038
200708,28,200708,28,45384,IOWA,Flash Flood,CALHOUN,0,0,0,0,10.00K,10.00K,42.2809,-94.8285,42.2865,-94.7482
200708,28,200708,28,45385,IOWA,Flash Flood,WRIGHT,0,0,0,0,10.00K,10.00K,42.7387,-93.9647,42.6335,-93.9398
200708,28,200708,28,45386,IOWA,Flash Flood,CALHOUN,0,0,0,0,50.00K,0.00K,42.5167,-94.7406,42.5288,-94.5456
200708,23,200708,24,43052,IOWA,Flash Flood,DECATUR,0,0,0,0,200.00K,50.00K,40.7928,-93.5635,40.8091,-93.6482
200708,23,200708,24,43055,IOWA,Flash Flood,UNION,0,0,0,0,25.00K,10.00K,41.1564,-94.4162,41.0245,-94.3945
200708,23,200708,24,43057,IOWA,Flash Flood,APPANOOSE,0,0,0,0,500.00K,75.00K,40.7972,-92.829,40.6995,-92.7778
200708,24,200708,24,43061,IOWA,Flash Flood,UNION,0,0,0,0,75.00K,50.00K,41.0979,-94.0181,40.8999,-94.0315
200708,24,200708,24,43064,IOWA,Flash Flood,DAVIS,0,0,0,0,200.00K,75.00K,40.8637,-92.3346,40.845,-92.5159
200708,24,200708,24,43066,IOWA,Flash Flood,CLARKE,0,0,0,0,100.00K,50.00K,40.96,-93.77,40.9197,-93.7659
200708,24,200708,24,43067,IOWA,Flash Flood,WAPELLO,0,0,0,0,75.00K,10.00K,40.984,-92.2797,40.9879,-92.1829
200708,24,200708,24,43068,IOWA,Flash Flood,DAVIS,0,0,0,0,500.00K,75.00K,40.6952,-92.2426,40.6931,-92.5324
200708,24,200708,24,43069,IOWA,Flash Flood,UNION,0,0,0,0,50.00K,25.00K,41.0545,-94.1254,41.059,-94.0196
200708,24,200708,24,43070,IOWA,Flash Flood,APPANOOSE,0,0,0,0,500.00K,100.00K,40.6973,-92.9169,40.7202,-93.0281
200708,21,200708,26,49791,IOWA,Flood,HUMBOLDT,0,0,0,0,50.00K,50.00K,42.7224,-94.2486,42.6646,-94.2317
200708,20,200708,28,49792,IOWA,Flood,HAMILTON,0,0,0,0,50.00K,50.00K,42.2888,-93.9308,42.289,-93.9183
200708,24,200708,24,43071,IOWA,Flash Flood,WAYNE,0,0,0,0,500.00K,100.00K,40.8304,-93.3838,40.7317,-93.3756
200708,22,200708,23,49793,IOWA,Flood,CERRO GORDO,0,0,0,0,50.00K,50.00K,43.1371,-93.0309,43.2492,-93.3618
200708,22,200708,26,49794,IOWA,Flood,BLACK HAWK,0,0,0,0,50.00K,50.00K,42.6407,-92.5518,42.6103,-92.5521
200708,24,200708,27,49805,IOWA,Flood,LUCAS,0,0,0,0,25.00K,50.00K,40.9691,-93.2575,40.9382,-93.2781
200708,21,200708,25,49795,IOWA,Flood,BUTLER,0,0,0,0,50.00K,50.00K,42.5589,-92.5583,42.5886,-92.7608
200708,22,200708,25,49797,IOWA,Flood,BLACK HAWK,0,0,0,0,50.00K,50.00K,42.5485,-92.5152,42.5672,-92.4651
200706,22,200706,22,45989,IOWA,Flash Flood,IOWA,0,0,0,0,750.00K,0.00K,41.8,-92.07,41.8,-92.07
200708,22,200708,28,49796,IOWA,Flood,BLACK HAWK,0,0,0,0,50.00K,50.00K,42.5485,-92.5152,42.5672,-92.4651
200710,14,200710,15,54416,IOWA,Flash Flood,ADAIR,0,0,0,0,25.00K,10.00K,41.5014,-94.6362,41.4697,-94.6393
200708,18,200708,18,41075,IOWA,Flash Flood,PALO ALTO,0,0,0,0,75.00K,0.00K,43.1005,-94.6438,43.2422,-94.6774
200708,19,200708,19,41117,IOWA,Flash Flood,CERRO GORDO,0,0,0,0,250.00K,25.00K,43.1726,-93.2331,43.1807,-93.1682
200708,19,200708,19,41470,IOWA,Flash Flood,CERRO GORDO,0,0,0,0,25.00K,15.00K,43.1584,-93.264,43.1569,-93.2018
200708,20,200708,20,41487,IOWA,Flash Flood,WEBSTER,0,0,0,0,5.00K,0.00K,42.5753,-94.1686,42.4359,-94.0673
200708,21,200708,22,42135,IOWA,Flash Flood,POCAHONTAS,0,0,0,0,75.00K,25.00K,42.884,-94.5868,42.7234,-94.537
200708,21,200708,22,42136,IOWA,Flash Flood,WEBSTER,0,0,0,0,75.00K,10.00K,42.5521,-94.2297,42.6403,-94.2376
200708,21,200708,22,42137,IOWA,Flash Flood,WRIGHT,0,0,0,0,100.00K,0.00K,42.8357,-93.9565,42.6184,-93.9594
200708,21,200708,22,42138,IOWA,Flash Flood,HUMBOLDT,0,0,0,0,100.00K,0.00K,42.6582,-94.3561,42.7556,-94.3472
200708,21,200708,22,42139,IOWA,Flash Flood,WEBSTER,0,0,0,0,100.00K,0.00K,42.6138,-94.3176,42.6158,-94.1007
200708,21,200708,21,42140,IOWA,Flash Flood,WINNEBAGO,0,0,0,0,25.00K,10.00K,43.2795,-93.6698,43.2598,-93.6828
200708,21,200708,21,42132,IOWA,Flash Flood,WINNEBAGO,0,0,0,0,30.00K,0.00K,43.4851,-93.6164,43.4793,-93.501
200708,21,200708,21,42133,IOWA,Flash Flood,WORTH,0,0,0,0,10.00K,0.00K,43.4888,-93.2849,43.495,-93.1994
200708,20,200708,20,41772,IOWA,Flash Flood,CALHOUN,0,0,0,0,5.00K,0.00K,42.465,-94.5827,42.4503,-94.4495
200708,21,200708,21,42131,IOWA,Flash Flood,WINNEBAGO,0,0,0,0,20.00K,0.00K,43.4768,-93.8947,43.4868,-93.6502
200708,21,200708,21,42134,IOWA,Flash Flood,WORTH,0,0,0,0,10.00K,0.00K,43.2892,-93.3072,43.2902,-93.1785
200708,21,200708,22,42141,IOWA,Flash Flood,HUMBOLDT,0,0,0,0,50.00K,0.00K,42.7994,-94.3121,42.8145,-94.1817
200710,14,200710,15,54418,IOWA,Flash Flood,ADAIR,0,0,0,0,25.00K,10.00K,41.48,-94.69,41.4872,-94.6189
200708,19,200708,19,41471,IOWA,Flash Flood,BLACK HAWK,0,0,0,0,25.00K,10.00K,42.4912,-92.2443,42.4916,-92.1751
200710,17,200710,26,60050,IOWA,Flood,KOSSUTH,0,0,0,0,50.00K,25.00K,43.07,-94.23,43.1065,-94.0025
200710,18,200710,24,60052,IOWA,Flood,HAMILTON,0,0,0,0,25.00K,50.00K,42.2698,-93.9127,42.3596,-93.9098
200708,19,200708,20,41478,IOWA,Flash Flood,BOONE,0,0,0,0,75.00K,15.00K,42.1186,-94.0814,42.1944,-94.0917
200708,19,200708,19,41468,IOWA,Flash Flood,BLACK HAWK,0,0,0,0,50.00K,10.00K,42.5841,-92.1619,42.59,-92.1914
200708,19,200708,19,41475,IOWA,Flash Flood,HAMILTON,0,0,0,0,5.00K,0.00K,42.3004,-93.6794,42.3337,-93.6794
200710,14,200710,15,54413,IOWA,Flash Flood,CASS,0,0,0,0,75.00K,10.00K,41.4695,-95.0894,41.44,-94.77
200710,15,200710,15,60055,IOWA,Flood,DALLAS,0,0,0,0,1.00K,10.00K,41.53,-93.97,41.5119,-94.1233
200708,19,200708,20,41474,IOWA,Flash Flood,FRANKLIN,0,0,0,0,25.00K,10.00K,42.7389,-93.2739,42.7422,-93.1809
200708,19,200708,19,41469,IOWA,Flash Flood,BLACK HAWK,0,0,0,0,100.00K,10.00K,42.5715,-92.1289,42.5766,-92.1825
200708,20,200708,20,41484,IOWA,Flash Flood,WEBSTER,0,0,0,0,50.00K,10.00K,42.5215,-94.2981,42.6169,-94.2742
200710,15,200710,15,54570,IOWA,Flood,ADAIR,0,0,0,0,50.00K,25.00K,41.4632,-94.4651,41.4654,-94.4217
200708,4,200708,5,38229,IOWA,Flash Flood,CALHOUN,0,0,0,0,10.00K,0.00K,42.5576,-94.7176,42.5318,-94.7166
200708,4,200708,5,38230,IOWA,Flash Flood,WEBSTER,0,0,0,0,15.00K,0.00K,42.5217,-94.2267,42.4812,-94.2291
200708,20,200708,20,41482,IOWA,Flash Flood,WEBSTER,0,0,0,0,25.00K,10.00K,42.51,-94.18,42.4488,-94.1364
200708,20,200708,20,41485,IOWA,Flash Flood,CALHOUN,0,0,0,0,50.00K,0.00K,42.5427,-94.5604,42.5437,-94.4532
200710,15,200710,15,54419,IOWA,Flash Flood,GUTHRIE,0,0,0,0,25.00K,10.00K,41.5058,-94.5477,41.5451,-94.5483
200710,15,200710,15,54576,IOWA,Flood,ADAMS,0,0,0,0,50.00K,25.00K,41.1169,-94.8494,41.1528,-94.8566
200708,19,200708,20,41477,IOWA,Flash Flood,FRANKLIN,0,0,0,0,75.00K,15.00K,42.5748,-93.2128,42.7397,-93.2568
200708,19,200708,19,41119,IOWA,Flash Flood,HUMBOLDT,0,0,0,0,15.00K,0.00K,42.7405,-94.2627,42.7069,-94.2582
200708,19,200708,19,41467,IOWA,Flash Flood,CERRO GORDO,0,0,0,0,75.00K,0.00K,43.14,-93.37,43.1163,-93.3714
200708,20,200708,20,41483,IOWA,Flash Flood,CALHOUN,0,0,0,0,25.00K,5.00K,42.2951,-94.3999,42.2941,-94.4543
200708,20,200708,20,41489,IOWA,Flash Flood,WEBSTER,0,0,0,0,25.00K,5.00K,42.5389,-94.4234,42.5799,-94.0457
200710,15,200710,15,54574,IOWA,Flood,CASS,0,0,0,0,50.00K,25.00K,41.3829,-94.9818,41.3799,-94.9075
200708,19,200708,20,41472,IOWA,Flash Flood,WRIGHT,0,0,0,0,30.00K,5.00K,42.6413,-93.8771,42.6432,-93.9278
200710,18,200710,22,60059,IOWA,Flood,EMMET,0,0,0,0,10.00K,10.00K,43.4843,-94.9121,43.4995,-94.9124
200708,19,200708,20,41480,IOWA,Flash Flood,WEBSTER,0,0,0,0,25.00K,5.00K,42.6153,-94.3729,42.6148,-94.1322
200708,20,200708,20,41709,IOWA,Flash Flood,HUMBOLDT,0,0,0,0,10.00K,0.00K,42.6615,-94.3623,42.7302,-94.3614
200708,4,200708,5,38228,IOWA,Flash Flood,CALHOUN,0,0,0,0,15.00K,10.00K,42.3783,-94.7887,42.4377,-94.7942
200708,20,200708,20,41491,IOWA,Flash Flood,CALHOUN,0,0,0,0,25.00K,10.00K,42.4303,-94.4416,42.4412,-94.6678
200708,20,200708,20,41710,IOWA,Flash Flood,HUMBOLDT,0,0,0,0,10.00K,0.00K,42.6722,-94.3791,42.7157,-94.377
200703,14,200703,14,11197,IOWA,Flash Flood,WEBSTER,0,0,0,0,50.00K,0.00K,42.5,-94.18,42.5,-94.18
200703,13,200703,18,15702,IOWA,Flood,GREENE,0,0,0,0,50.00K,0.00K,42.02,-94.38,42.02,-94.38
200703,12,200703,18,15700,IOWA,Flood,POLK,0,0,0,0,50.00K,0.00K,41.6,-93.62,41.6,-93.62
200703,14,200703,17,15693,IOWA,Flood,PALO ALTO,0,0,0,0,50.00K,0.00K,43.12,-94.7,43.12,-94.7
200703,12,200703,27,15692,IOWA,Flood,EMMET,0,0,0,0,50.00K,0.00K,43.42,-94.85,43.42,-94.85
200703,14,200703,18,15708,IOWA,Flood,CERRO GORDO,0,0,0,0,50.00K,0.00K,43.15,-93.2,43.15,-93.2
200703,12,200703,18,15707,IOWA,Flood,MAHASKA,0,0,0,0,50.00K,0.00K,41.5,-92.47,41.5,-92.47
200703,14,200703,14,15705,IOWA,Flood,JASPER,0,0,0,0,50.00K,0.00K,41.67,-93.25,41.67,-93.25
200703,14,200703,24,15699,IOWA,Flood,HAMILTON,0,0,0,0,50.00K,0.00K,42.27,-93.93,42.27,-93.93
200703,14,200703,14,15697,IOWA,Flood,WEBSTER,0,0,0,0,50.00K,0.00K,42.5,-94.18,42.5,-94.18
200703,12,200703,15,15704,IOWA,Flood,STORY,0,0,0,0,50.00K,0.00K,42.03,-93.62,42.03,-93.62
200703,13,200703,18,15703,IOWA,Flood,DALLAS,0,0,0,0,50.00K,0.00K,41.83,-94.12,41.83,-94.12
200703,14,200703,26,15695,IOWA,Flood,KOSSUTH,0,0,0,0,50.00K,0.00K,43.07,-94.23,43.07,-94.23
200703,14,200703,27,15694,IOWA,Flood,HUMBOLDT,0,0,0,0,50.00K,0.00K,42.72,-94.22,42.72,-94.22
200704,24,200704,24,17577,IOWA,Flash Flood,GUTHRIE,0,0,0,0,25.00K,0.00K,41.52,-94.53,41.52,-94.53
200704,24,200704,25,17574,IOWA,Flash Flood,CASS,0,0,0,0,50.00K,0.00K,41.27,-94.87,41.27,-94.87
200704,24,200704,24,17575,IOWA,Flash Flood,ADAIR,0,0,0,0,25.00K,0.00K,41.5,-94.64,41.5,-94.64
200704,24,200704,25,17576,IOWA,Flash Flood,CASS,0,0,0,0,50.00K,0.00K,41.39,-95.0,41.39,-95.0
200702,24,200702,26,10749,IOWA,Flood,ADAIR,0,0,0,0,5.00K,0.00K,41.5,-94.65,41.5,-94.65
200702,24,200702,26,10750,IOWA,Flood,WARREN,0,0,0,0,5.00K,0.00K,41.5,-94.65,41.5,-94.65
200702,24,200702,26,10751,IOWA,Flood,MADISON,0,0,0,0,5.00K,0.00K,41.17,-94.03,41.17,-94.03
200702,24,200702,26,10752,IOWA,Flood,CLARKE,0,0,0,0,5.00K,0.00K,40.93,-93.98,40.93,-93.98
200702,24,200702,26,10753,IOWA,Flood,LUCAS,0,0,0,0,5.00K,0.00K,41.02,-93.32,41.02,-93.32
200702,24,200702,26,10754,IOWA,Flood,DECATUR,0,0,0,0,5.00K,0.00K,40.63,-93.9,40.63,-93.9
200702,24,200702,26,10755,IOWA,Flood,WAYNE,0,0,0,0,5.00K,0.00K,40.7,-93.37,40.7,-93.37
200703,13,200703,20,23508,IOWA,Flood,O'BRIEN,0,0,0,0,0.00K,0.00K,42.9368,-95.3905,42.9291,-95.4441
200703,13,200703,23,23509,IOWA,Flood,CHEROKEE,0,0,0,0,0.00K,0.00K,42.8977,-95.4389,42.57,-95.72
200705,24,200705,24,23034,IOWA,Flash Flood,CASS,0,0,0,0,250.00K,50.00K,41.27,-94.85,41.25,-94.78
200703,13,200703,20,23490,IOWA,Flood,LYON,0,0,0,0,0.00K,0.00K,43.4878,-96.18,43.2511,-96.62
200705,24,200705,25,23124,IOWA,Flood,MONTGOMERY,0,0,0,0,0.00K,0.00K,41.15,-95.17,40.92,-95.28
200703,12,200703,22,23494,IOWA,Flood,SIOUX,0,0,0,0,0.00K,0.00K,43.2553,-96.4833,42.9332,-96.5078
200705,7,200705,7,19942,IOWA,Flash Flood,MARION,0,0,0,0,150.00K,0.00K,41.32,-93.1,41.32,-93.1
200705,7,200705,8,20717,IOWA,Flood,LUCAS,0,0,0,0,300.00K,0.00K,41.08,-93.27,40.93,-93.45
200705,24,200705,24,23036,IOWA,Flash Flood,GUTHRIE,0,0,0,0,500.00K,100.00K,41.5106,-94.5603,41.68,-94.5
200703,13,200703,24,23497,IOWA,Flood,PLYMOUTH,0,0,0,0,0.00K,0.00K,42.9167,-96.55,42.5636,-96.5177
200703,11,200703,18,23505,IOWA,Flood,DICKINSON,0,0,0,0,0.00K,0.00K,43.4369,-95.2109,43.2577,-95.15
200703,12,200703,19,23506,IOWA,Flood,CLAY,0,0,0,0,0.00K,0.00K,43.25,-95.2692,43.0098,-95.044
200705,7,200705,8,20718,IOWA,Flood,MARION,0,0,0,0,300.00K,0.00K,41.22,-93.23,41.47,-93.03
200704,26,200704,27,20640,IOWA,Flood,APPANOOSE,0,0,0,0,250.00K,0.00K,40.73,-92.87,40.88,-92.88
200704,26,200704,27,20641,IOWA,Flood,LUCAS,0,0,0,0,250.00K,0.00K,41.03,-93.47,41.02,-93.32
200704,26,200704,27,20642,IOWA,Flood,MAHASKA,0,0,0,0,250.00K,0.00K,41.5,-92.75,41.22,-92.43
200704,25,200704,26,20631,IOWA,Flood,HAMILTON,0,0,0,0,250.00K,0.00K,42.47,-93.82,42.23,-93.6
200704,25,200704,27,20633,IOWA,Flood,STORY,0,0,0,0,500.00K,0.00K,42.03,-93.62,42.17,-93.5
200704,25,200704,26,20632,IOWA,Flood,POLK,0,0,0,0,500.00K,0.00K,41.82,-93.62,41.53,-93.67
200704,25,200704,28,20629,IOWA,Flood,DALLAS,0,0,0,0,500.00K,0.00K,41.58,-94.2,41.83,-94.12
200704,25,200704,27,20630,IOWA,Flood,BOONE,0,0,0,0,250.00K,0.00K,42.18,-94.1,42.07,-93.88
200704,25,200704,26,20637,IOWA,Flood,CARROLL,0,0,0,0,250.00K,0.00K,42.07,-94.88,41.87,-94.68
200704,25,200704,27,20638,IOWA,Flood,GREENE,0,0,0,0,250.00K,0.00K,42.17,-94.48,41.93,-94.2
200704,25,200704,26,20639,IOWA,Flood,SAC,0,0,0,0,250.00K,0.00K,42.32,-95.05,42.42,-95.0
200705,6,200705,8,21957,IOWA,Flood,FREMONT,0,0,0,0,0.00K,0.00K,40.8967,-95.5846,40.6307,-95.6096
200705,6,200705,6,22097,IOWA,Flood,HARRISON,0,0,0,0,0.00K,0.00K,41.85,-95.6,41.57,-95.9
200704,25,200704,26,20634,IOWA,Flood,WEBSTER,0,0,0,0,250.00K,0.00K,42.55,-94.18,42.27,-94.07
200704,25,200704,26,20635,IOWA,Flood,AUDUBON,0,0,0,0,250.00K,0.00K,41.72,-94.93,41.55,-94.93
200704,25,200704,26,20636,IOWA,Flood,CALHOUN,0,0,0,0,250.00K,0.00K,42.28,-94.4,42.4,-94.63
200705,7,200705,7,25659,IOWA,Flood,WARREN,0,0,0,0,25.00K,0.00K,41.37,-93.48,41.37,-93.48
200705,6,200705,10,25669,IOWA,Flood,DECATUR,0,0,0,0,25.00K,0.00K,40.63,-93.8,40.63,-93.8
200705,6,200705,10,25661,IOWA,Flood,LUCAS,0,0,0,0,25.00K,0.00K,41.02,-93.32,41.02,-93.32
200705,6,200705,6,20713,IOWA,Flood,CARROLL,0,0,0,0,250.00K,0.00K,42.18,-94.7,41.92,-94.95
200705,6,200705,6,20714,IOWA,Flood,AUDUBON,0,0,0,0,250.00K,0.00K,41.85,-94.98,41.58,-94.88
200705,6,200705,7,20715,IOWA,Flood,CASS,0,0,0,0,1.00M,0.00K,41.45,-94.77,41.23,-95.15
200705,6,200705,6,19904,IOWA,Flash Flood,CASS,0,0,0,0,50.00K,0.00K,41.4,-95.01,41.4,-95.01
200705,6,200705,6,19905,IOWA,Flash Flood,CASS,0,0,0,0,100.00K,0.00K,41.27,-94.93,41.27,-94.93
200705,6,200705,6,19906,IOWA,Flash Flood,CASS,0,0,0,0,200.00K,0.00K,41.27,-94.93,41.27,-94.93
200705,6,200705,6,19907,IOWA,Flash Flood,CASS,0,0,0,0,200.00K,0.00K,41.35,-95.01,41.35,-95.01
200705,6,200705,6,19908,IOWA,Flash Flood,CASS,0,0,0,0,50.00K,0.00K,41.4,-95.01,41.4,-95.01
200705,6,200705,6,19909,IOWA,Flash Flood,CASS,0,0,0,0,200.00K,0.00K,41.23,-95.14,41.23,-95.14
200705,6,200705,6,19910,IOWA,Flash Flood,AUDUBON,0,0,0,0,50.00K,0.00K,41.72,-94.93,41.72,-94.93
200705,6,200705,6,19911,IOWA,Flash Flood,SAC,0,0,0,0,50.00K,0.00K,42.42,-95.0,42.42,-95.0
200705,6,200705,6,19912,IOWA,Flash Flood,AUDUBON,0,0,0,0,75.00K,0.00K,41.69,-94.93,41.69,-94.93
200705,6,200705,8,22253,IOWA,Flood,PAGE,0,0,0,0,932.00K,0.00K,40.8416,-95.2755,40.77,-95.37
200705,6,200705,6,19913,IOWA,Flash Flood,AUDUBON,0,0,0,0,50.00K,0.00K,41.59,-94.88,41.59,-94.88
200705,6,200705,7,25662,IOWA,Flood,WAYNE,0,0,0,0,25.00K,0.00K,40.75,-93.15,40.75,-93.15
200705,6,200705,7,25666,IOWA,Flood,CASS,0,0,0,0,50.00K,0.00K,41.4,-95.02,41.4,-95.02
200705,8,200705,8,25656,IOWA,Flood,MARSHALL,0,0,0,0,25.00K,0.00K,42.05,-92.92,42.05,-92.92
200705,6,200705,11,25658,IOWA,Flood,MAHASKA,0,0,0,0,25.00K,0.00K,41.3,-92.65,41.3,-92.65
200705,7,200705,12,25650,IOWA,Flood,POLK,0,0,0,0,50.00K,0.00K,41.6,-93.62,41.6,-93.62
200705,7,200705,10,25651,IOWA,Flood,WARREN,0,0,0,0,25.00K,0.00K,41.48,-93.68,41.48,-93.68
200705,6,200705,8,25639,IOWA,Flood,EMMET,0,0,0,0,25.00K,0.00K,43.42,-94.85,43.42,-94.85
200705,7,200705,7,25640,IOWA,Flood,WAPELLO,0,0,0,0,25.00K,0.00K,41.02,-92.4,41.02,-92.4
200705,6,200705,12,25648,IOWA,Flood,DALLAS,0,0,0,0,50.00K,0.00K,41.53,-93.97,41.53,-93.97
200705,6,200705,12,25649,IOWA,Flood,POLK,0,0,0,0,50.00K,0.00K,41.58,-93.72,41.58,-93.72
200705,7,200705,7,19940,IOWA,Flash Flood,LUCAS,0,0,0,0,75.00K,0.00K,41.02,-93.46,41.02,-93.46
200705,7,200705,7,19941,IOWA,Flash Flood,DECATUR,0,0,0,0,50.00K,0.00K,40.83,-93.96,40.83,-93.96
200705,7,200705,13,25645,IOWA,Flood,DALLAS,0,0,0,0,50.00K,0.00K,41.83,-94.12,41.83,-94.12
200705,6,200705,7,25647,IOWA,Flood,DALLAS,0,0,0,0,50.00K,0.00K,41.58,-94.2,41.58,-94.2
200705,6,200705,8,25652,IOWA,Flood,WARREN,0,0,0,0,25.00K,0.00K,41.37,-93.57,41.37,-93.57
200705,6,200705,8,25654,IOWA,Flood,MARION,0,0,0,0,25.00K,0.00K,41.2,-92.9,41.2,-92.9
200705,7,200705,8,25641,IOWA,Flood,POLK,0,0,0,0,50.00K,0.00K,41.6,-93.62,41.6,-93.62
200705,6,200705,13,25643,IOWA,Flood,GREENE,0,0,0,0,50.00K,0.00K,42.02,-94.38,42.02,-94.38
200705,6,200705,7,19939,IOWA,Flash Flood,DECATUR,0,0,0,0,50.00K,0.00K,40.83,-93.96,40.83,-93.96
200705,24,200705,25,23283,IOWA,Flood,ADAIR,0,0,0,0,250.00K,50.00K,41.25,-94.67,41.5,-94.65
200705,6,200705,6,21952,IOWA,Flood,PAGE,0,0,0,0,932.00K,0.00K,40.73,-95.03,40.57,-95.03
200705,25,200705,27,23359,IOWA,Flood,FREMONT,0,0,0,0,0.00K,0.00K,40.7711,-95.4025,40.6,-95.65
200704,2,200704,2,21886,IOWA,Flash Flood,LINN,0,0,0,0,0.00K,0.00K,42.28,-91.53,42.28,-91.53
200704,3,200704,3,21895,IOWA,Flash Flood,BUCHANAN,0,0,0,0,0.00K,0.00K,42.48,-92.07,42.48,-92.07
200705,6,200705,8,21955,IOWA,Flood,MONTGOMERY,0,0,0,0,150.00K,0.00K,41.15,-95.17,40.9098,-95.2935
200705,6,200705,7,21960,IOWA,Flood,POTTAWATTAMIE,0,0,0,0,1.56M,0.00K,41.5004,-95.3773,41.1796,-95.4572
200705,6,200705,15,36474,IOWA,Flood,CLAY,0,0,0,0,0.00K,0.00K,43.1777,-95.0584,42.92,-95.35
200705,6,200705,6,20308,IOWA,Flash Flood,MILLS,0,0,0,0,2.50M,0.00K,41.05,-95.77,41.05,-95.77
200705,5,200705,6,20262,IOWA,Flash Flood,HARRISON,0,0,0,0,15.00M,0.00K,41.56,-95.9,41.56,-95.9
200705,5,200705,5,20260,IOWA,Flash Flood,MONONA,0,0,0,0,1.44M,0.00K,42.03,-96.0901,42.03,-96.0901
200705,6,200705,15,21966,IOWA,Flood,FREMONT,0,0,0,0,500.00K,0.00K,40.7107,-95.5296,40.5898,-95.6365
200705,6,200705,6,35379,IOWA,Flash Flood,O'BRIEN,0,0,0,0,0.00K,0.00K,42.9598,-95.514,42.9598,-95.514
200705,6,200705,15,22098,IOWA,Flood,HARRISON,0,0,0,0,0.00K,0.00K,41.57,-95.9,41.5598,-95.9137
200705,6,200705,6,35380,IOWA,Flash Flood,IDA,0,0,0,0,0.00K,0.00K,42.5289,-95.42,42.5,-95.42
200705,6,200705,6,35381,IOWA,Flash Flood,CHEROKEE,0,0,0,0,0.00K,0.00K,42.6477,-95.43,42.6477,-95.43
200705,6,200705,6,35382,IOWA,Flash Flood,BUENA VISTA,0,0,0,0,0.00K,0.00K,42.5784,-95.2972,42.65,-95.2
200705,7,200705,7,21949,IOWA,Flash Flood,MONTGOMERY,0,0,0,0,1.13M,0.00K,41.02,-95.23,41.02,-95.23
200704,26,200704,26,20646,IOWA,Flood,DAVIS,0,0,0,0,250.00K,0.00K,40.87,-92.32,40.75,-92.42
200704,26,200704,27,20647,IOWA,Flood,WAPELLO,0,0,0,0,350.00K,0.00K,41.15,-92.5,41.02,-92.4
200704,25,200704,26,20648,IOWA,Flood,GUTHRIE,0,0,0,0,250.00K,0.00K,41.5,-94.65,41.85,-94.32
200704,26,200704,27,20643,IOWA,Flood,MARION,0,0,0,0,250.00K,0.00K,41.38,-93.27,41.2,-92.9
200705,6,200705,8,22100,IOWA,Flood,MONONA,0,0,0,0,0.00K,0.00K,42.0923,-95.97,41.861,-95.97
200704,26,200704,27,20644,IOWA,Flood,MONROE,0,0,0,0,250.00K,0.00K,41.03,-92.82,41.13,-92.93
200704,26,200704,26,20645,IOWA,Flood,WAYNE,0,0,0,0,250.00K,0.00K,40.87,-93.48,40.68,-93.12
200705,6,200705,7,22254,IOWA,Flood,MILLS,0,0,0,0,20.00K,0.00K,41.13,-95.45,40.8682,-95.6282
200706,22,200706,22,45971,IOWA,Flash Flood,JOHNSON,0,0,0,0,0.00K,0.00K,41.6122,-91.55,41.6122,-91.55
200706,22,200706,22,45975,IOWA,Flash Flood,DES MOINES,0,0,0,0,0.00K,0.00K,40.81,-91.12,40.81,-91.12
200706,22,200706,22,45977,IOWA,Flash Flood,LINN,0,0,0,0,0.00K,0.00K,42.0,-91.65,42.0,-91.65
200706,22,200706,22,46000,IOWA,Flash Flood,WASHINGTON,0,0,0,0,0.00K,0.00K,41.3,-91.69,41.3,-91.69
200706,22,200706,22,45986,IOWA,Flash Flood,BENTON,0,0,0,0,0.00K,0.00K,41.91,-92.08,41.91,-92.08
200706,22,200706,22,45987,IOWA,Flash Flood,BENTON,0,0,0,0,0.00K,0.00K,41.88,-92.27,41.88,-92.27
200706,22,200706,22,46001,IOWA,Flash Flood,HENRY,0,0,0,0,0.00K,0.00K,40.83,-91.43,40.83,-91.43
200706,22,200706,22,45966,IOWA,Flash Flood,LOUISA,0,0,0,0,0.00K,0.00K,41.18,-91.19,41.18,-91.19
200706,22,200706,22,45988,IOWA,Flash Flood,IOWA,0,0,0,0,0.00K,0.00K,41.76,-92.19,41.76,-92.19
200706,22,200706,22,45968,IOWA,Flash Flood,JOHNSON,0,0,0,0,0.00K,0.00K,41.66,-91.54,41.66,-91.54
200706,22,200706,22,45983,IOWA,Flash Flood,MUSCATINE,0,0,0,0,0.00K,0.00K,41.48,-91.31,41.48,-91.31
200706,22,200706,22,45984,IOWA,Flash Flood,BENTON,0,0,0,0,0.00K,0.00K,41.9145,-92.28,41.9145,-92.28
200706,22,200706,22,45985,IOWA,Flash Flood,BENTON,0,0,0,0,0.00K,0.00K,41.9,-92.28,41.9,-92.28
200706,22,200706,22,46020,IOWA,Flash Flood,LOUISA,0,0,0,0,0.00K,0.00K,41.2311,-91.2679,41.2311,-91.2679
200706,22,200706,22,45978,IOWA,Flash Flood,IOWA,0,0,0,0,0.00K,0.00K,41.8,-92.07,41.8,-92.07
200706,22,200706,22,45980,IOWA,Flash Flood,LINN,0,0,0,0,0.00K,0.00K,41.97,-91.67,41.97,-91.67
200706,23,200706,23,46050,IOWA,Flood,BENTON,0,0,0,0,0.00K,0.00K,41.8964,-91.92,41.8964,-91.92
200706,22,200706,22,45969,IOWA,Flash Flood,JOHNSON,0,0,0,0,0.00K,0.00K,41.66,-91.54,41.66,-91.54
200706,22,200706,22,45970,IOWA,Flash Flood,JOHNSON,0,0,0,0,0.00K,0.00K,41.4888,-91.4183,41.4888,-91.4183
200706,22,200706,22,45982,IOWA,Flash Flood,JOHNSON,0,0,0,0,0.00K,0.00K,41.6612,-91.5382,41.6612,-91.5382
200706,22,200706,22,45973,IOWA,Flash Flood,DES MOINES,0,0,0,0,0.00K,0.00K,40.97,-91.14,40.97,-91.14
200706,22,200706,22,46017,IOWA,Flash Flood,WASHINGTON,0,0,0,0,0.00K,0.00K,41.47,-91.83,41.47,-91.83
200706,22,200706,22,46018,IOWA,Flash Flood,MUSCATINE,0,0,0,0,0.00K,0.00K,41.42,-91.05,41.42,-91.05
200706,22,200706,22,46019,IOWA,Flash Flood,LOUISA,0,0,0,0,0.00K,0.00K,41.33,-91.23,41.33,-91.23
200706,22,200706,22,46003,IOWA,Flash Flood,WASHINGTON,0,0,0,0,100.00K,0.00K,41.29,-91.55,41.29,-91.55
200706,22,200706,22,46010,IOWA,Flash Flood,IOWA,0,0,0,0,10.00K,0.00K,41.8434,-92.07,41.8434,-92.07
200706,22,200706,22,46004,IOWA,Flash Flood,JOHNSON,0,0,0,0,0.00K,0.00K,41.66,-91.54,41.66,-91.54
200706,22,200706,22,46011,IOWA,Flash Flood,IOWA,0,0,0,0,10.00K,0.00K,41.8434,-92.07,41.8434,-92.07
200706,22,200706,22,46005,IOWA,Flash Flood,HENRY,0,0,0,0,0.00K,0.00K,41.13,-91.55,41.13,-91.55
200706,22,200706,22,46006,IOWA,Flash Flood,HENRY,0,0,0,0,0.00K,0.00K,40.96,-91.55,40.96,-91.55
200706,22,200706,22,46012,IOWA,Flash Flood,JOHNSON,0,0,0,0,500.00K,0.00K,41.67,-91.55,41.67,-91.55
200706,22,200706,22,46008,IOWA,Flash Flood,LEE,0,0,0,0,0.00K,0.00K,40.41,-91.4,40.41,-91.4
200709,6,200709,7,47410,IOWA,Flash Flood,DALLAS,0,0,0,0,5.00K,10.00K,41.68,-93.9506,41.68,-93.9506
200706,27,200706,27,45573,IOWA,Flash Flood,KEOKUK,0,0,0,0,0.00K,0.00K,41.19,-92.0,41.19,-92.0
200706,2,200706,2,45484,IOWA,Flash Flood,HENRY,0,0,0,0,0.00K,0.00K,41.11,-91.539,41.11,-91.539
200706,10,200706,10,41611,IOWA,Flash Flood,SIOUX,0,0,0,0,0.00K,0.00K,43.2578,-96.3,43.2578,-96.3
200706,22,200706,22,28305,IOWA,Flash Flood,DALLAS,0,0,0,0,100.00K,250.00K,41.7699,-93.9745,41.77,-93.9269
200706,22,200706,22,28306,IOWA,Flash Flood,POLK,0,0,0,0,100.00K,100.00K,41.77,-93.72,41.68,-93.8
200706,22,200706,22,28308,IOWA,Flash Flood,HAMILTON,0,0,0,0,50.00K,100.00K,42.4,-93.7104,42.4,-93.73
200706,22,200706,22,28309,IOWA,Flash Flood,HARDIN,0,0,0,0,100.00K,250.00K,42.2855,-93.3,42.37,-93.1
200706,22,200706,22,28310,IOWA,Flash Flood,WRIGHT,0,0,0,0,100.00K,250.00K,42.73,-93.73,42.73,-93.55
200706,22,200706,22,28311,IOWA,Flash Flood,GRUNDY,0,0,0,0,100.00K,250.00K,42.37,-92.907,42.37,-92.907
200706,22,200706,22,28312,IOWA,Flash Flood,POLK,0,0,0,0,200.00K,200.00K,41.73,-93.62,41.65,-93.47
200706,22,200706,22,28313,IOWA,Flash Flood,MARSHALL,0,0,0,0,150.00K,250.00K,42.05,-92.92,42.05,-92.92
200706,22,200706,22,28314,IOWA,Flash Flood,TAMA,0,0,0,0,100.00K,250.00K,41.92,-92.4,42.0,-92.58
200706,22,200706,22,28315,IOWA,Flash Flood,ADAIR,0,0,0,0,50.00K,100.00K,41.3,-94.47,41.3,-94.47
200706,22,200706,22,28316,IOWA,Flash Flood,POWESHIEK,0,0,0,0,50.00K,100.00K,41.8234,-92.35,41.8234,-92.35
200704,1,200704,7,30026,IOWA,Flood,CLAY,0,0,0,0,0.00K,0.00K,43.2011,-95.2201,42.9193,-95.1081
200708,19,200708,19,54966,IOWA,Flash Flood,ALLAMAKEE,0,0,0,0,0.50M,8.00K,43.48,-91.55,43.48,-91.55
200707,18,200707,18,52596,IOWA,Flash Flood,DUBUQUE,0,0,0,0,500.00K,0.00K,42.5,-90.69,42.5,-90.69
200708,21,200708,31,56539,IOWA,Flood,CLAY,0,0,0,0,0.00K,0.00K,43.2301,-95.1955,42.9193,-95.1081
200707,3,200707,4,52368,IOWA,Flash Flood,CLINTON,0,0,0,0,50.00K,0.00K,41.8394,-90.2303,41.8394,-90.2303
200707,16,200707,16,52543,IOWA,Flash Flood,JOHNSON,0,0,0,0,0.00K,0.00K,41.71,-91.6,41.71,-91.6
200707,16,200707,16,52540,IOWA,Flash Flood,JOHNSON,0,0,0,0,0.00K,0.00K,41.69,-91.62,41.69,-91.62
200707,16,200707,16,52541,IOWA,Flash Flood,WASHINGTON,0,0,0,0,0.00K,0.00K,41.3,-91.69,41.3,-91.69
200707,16,200707,16,52542,IOWA,Flash Flood,LINN,0,0,0,0,1.00K,0.00K,41.97,-91.67,41.97,-91.67
200707,4,200707,4,52387,IOWA,Flash Flood,CLINTON,0,0,0,0,150.00K,0.00K,41.96,-90.47,41.96,-90.47
200707,4,200707,4,52389,IOWA,Flash Flood,SCOTT,0,0,0,0,1.00K,0.00K,41.5588,-90.4818,41.5588,-90.4818
200707,4,200707,4,52396,IOWA,Flash Flood,CLINTON,0,0,0,0,1.00K,0.00K,41.7899,-90.55,41.7899,-90.55
200707,4,200707,4,52386,IOWA,Flash Flood,JACKSON,0,0,0,0,25.00K,0.00K,42.07,-90.6701,42.07,-90.6701
200707,9,200707,9,52420,IOWA,Flash Flood,HENRY,0,0,0,0,15.00K,0.00K,40.96,-91.55,40.96,-91.55
200707,9,200707,9,52423,IOWA,Flash Flood,SCOTT,0,0,0,0,0.00K,0.00K,41.56,-90.6,41.56,-90.6
200707,4,200707,4,52388,IOWA,Flash Flood,SCOTT,0,0,0,0,1.00K,0.00K,41.6,-90.36,41.6,-90.36
200707,4,200707,4,52390,IOWA,Flash Flood,SCOTT,0,0,0,0,1.00K,0.00K,41.57,-90.42,41.57,-90.42
200707,4,200707,4,52395,IOWA,Flash Flood,SCOTT,0,0,0,0,25.00K,0.00K,41.561,-90.5972,41.561,-90.5972
200707,9,200707,9,52422,IOWA,Flash Flood,CLINTON,0,0,0,0,0.00K,0.00K,41.82,-90.55,41.82,-90.55
200708,8,200708,9,38839,IOWA,Flash Flood,MAHASKA,0,0,0,0,10.00K,5.00K,41.3425,-92.6266,41.3425,-92.6266
200708,8,200708,9,38837,IOWA,Flash Flood,MAHASKA,0,0,0,0,20.00K,15.00K,41.2911,-92.6382,41.2911,-92.6382
200708,8,200708,9,38838,IOWA,Flash Flood,MAHASKA,0,0,0,0,10.00K,5.00K,41.4838,-92.6256,41.4838,-92.6256
200710,15,200710,15,55180,IOWA,Flood,FREMONT,0,0,0,0,0.00K,0.00K,40.9,-95.579,40.6532,-95.6193
200706,22,200706,22,46007,IOWA,Flash Flood,LOUISA,0,0,0,0,0.00K,0.00K,41.2789,-91.3618,41.2789,-91.3618
200707,17,200707,17,52547,IOWA,Flash Flood,JOHNSON,0,0,0,0,0.00K,0.00K,41.8409,-91.5549,41.8409,-91.5549
200710,7,200710,7,56154,IOWA,Flash Flood,DELAWARE,0,0,0,0,500.00K,0.00K,42.5524,-91.45,42.48,-91.5481
200710,15,200710,16,60056,IOWA,Flood,DALLAS,0,0,0,0,1.00K,10.00K,41.62,-93.9,41.6293,-93.9654
200710,14,200710,15,60054,IOWA,Flood,WARREN,0,0,0,0,25.00K,50.00K,41.37,-93.57,41.4736,-93.5046
200710,19,200710,24,60058,IOWA,Flood,HUMBOLDT,0,0,0,0,10.00K,10.00K,42.8125,-94.4041,42.8196,-94.2929
200710,3,200710,7,60049,IOWA,Flood,KOSSUTH,0,0,0,0,25.00K,10.00K,43.07,-94.23,42.9896,-94.2291
200710,15,200710,16,55197,IOWA,Flood,PAGE,0,0,0,0,0.00K,0.00K,40.8992,-95.0043,40.6619,-95.0307
200710,15,200710,18,55200,IOWA,Flood,FREMONT,0,0,0,0,0.00K,0.00K,40.6519,-95.625,40.6299,-95.6212
200710,7,200710,7,56769,IOWA,Flash Flood,CLAYTON,0,0,0,0,5.00K,0.00K,42.6461,-91.3815,42.7034,-91.3173
200710,7,200710,7,56773,IOWA,Flash Flood,CLAYTON,0,0,0,0,8.00K,0.00K,42.6718,-91.3005,42.7152,-91.294
200710,7,200710,7,56774,IOWA,Flash Flood,CLAYTON,0,0,0,0,5.00K,0.00K,42.747,-91.2882,42.7384,-91.2729
200710,7,200710,7,56779,IOWA,Flash Flood,CLAYTON,0,0,0,0,3.00K,0.00K,42.6628,-91.4255,42.7243,-91.3747
200710,14,200710,16,55226,IOWA,Flood,MONTGOMERY,0,0,0,0,0.00K,0.00K,41.1551,-95.1768,40.9133,-95.2837
200708,19,200708,19,53861,IOWA,Flash Flood,FLOYD,0,0,0,0,100.00K,60.00K,43.07,-92.7,43.07,-92.7
200708,19,200708,19,53862,IOWA,Flash Flood,CHICKASAW,0,0,0,0,10.00K,20.00K,43.18,-92.2601,43.18,-92.2601
200708,19,200708,19,53865,IOWA,Flash Flood,HOWARD,0,0,0,0,20.00K,20.00K,43.22,-92.09,43.22,-92.09
200708,19,200708,19,53867,IOWA,Flood,HOWARD,0,0,0,0,50.00K,25.00K,43.22,-92.1,43.22,-92.1
200708,19,200708,19,57316,IOWA,Flood,WINNESHIEK,0,0,0,0,150.00K,2.00K,43.4,-91.93,43.4,-91.93
200707,17,200707,18,40419,IOWA,Flash Flood,CLAYTON,0,0,0,0,1.30M,300.00K,43.02,-91.18,43.02,-91.18
200708,4,200708,4,54019,IOWA,Flash Flood,PLYMOUTH,0,0,0,0,0.00K,0.00K,42.78,-96.17,42.78,-96.17
200708,4,200708,4,54020,IOWA,Flash Flood,BUENA VISTA,0,0,0,0,0.00K,0.00K,42.65,-95.2,42.65,-95.2
200708,21,200708,21,49388,IOWA,Flash Flood,WINNESHIEK,0,0,0,0,45.00K,10.00K,43.4301,-91.93,43.4301,-91.93
200708,21,200708,21,49391,IOWA,Flash Flood,WINNESHIEK,0,0,0,0,110.00K,22.00K,43.3286,-91.9837,43.3286,-91.9837
200708,19,200708,19,53872,IOWA,Flood,ALLAMAKEE,0,0,0,1,25.00K,20.00K,43.08,-91.58,43.08,-91.58
200707,18,200707,18,52647,IOWA,Flash Flood,JACKSON,0,0,0,0,5.00K,0.00K,42.15,-90.32,42.15,-90.32
200708,21,200708,21,49382,IOWA,Flash Flood,HOWARD,0,0,0,0,5.00K,0.00K,43.38,-92.12,43.38,-92.12
200708,21,200708,21,49394,IOWA,Flash Flood,ALLAMAKEE,0,0,0,0,4.00K,0.00K,43.3219,-91.5574,43.3219,-91.5574
200708,27,200708,27,50299,IOWA,Flash Flood,ALLAMAKEE,0,0,0,0,4.00K,0.00K,43.47,-91.52,43.47,-91.52
200708,19,200708,19,58470,IOWA,Flash Flood,BUCHANAN,0,0,0,0,5.00K,0.00K,42.47,-91.89,42.47,-91.89
200708,23,200708,23,57130,IOWA,Flash Flood,SCOTT,0,0,0,0,0.00K,0.00K,41.75,-90.6,41.75,-90.6
200708,8,200708,8,57216,IOWA,Flash Flood,JOHNSON,0,0,0,0,0.00K,0.00K,41.65,-91.55,41.65,-91.55
200708,24,200708,24,57182,IOWA,Flash Flood,JEFFERSON,0,0,0,0,0.00K,0.00K,41.01,-91.97,41.01,-91.97
200708,24,200708,24,57184,IOWA,Flash Flood,JEFFERSON,0,0,0,0,0.00K,0.00K,40.9198,-91.9692,40.9198,-91.9692
200708,24,200708,24,57189,IOWA,Flash Flood,LEE,0,0,0,0,0.00K,0.00K,40.78,-91.6099,40.78,-91.6099
200709,30,200709,30,60418,IOWA,Flash Flood,PLYMOUTH,0,0,0,0,0.00K,0.00K,42.8,-96.27,42.8,-96.27
200710,15,200710,16,60057,IOWA,Flood,POLK,0,0,0,0,10.00K,5.00K,41.6,-93.62,41.6468,-93.7848
200710,15,200710,23,60051,IOWA,Flood,MAHASKA,0,0,0,0,50.00K,50.00K,41.3,-92.65,41.4345,-92.5159
200705,6,200705,6,35383,IOWA,Flash Flood,CLAY,0,0,0,0,0.00K,0.00K,43.17,-95.2705,43.17,-95.2705
200706,22,200706,22,45967,IOWA,Flash Flood,JOHNSON,0,0,0,0,0.00K,0.00K,41.7145,-91.67,41.7145,-91.67
200706,16,200706,16,41677,IOWA,Flash Flood,WOODBURY,0,0,0,0,0.00K,0.00K,42.5,-96.38,42.5,-96.38
200703,13,200703,20,23507,IOWA,Flood,BUENA VISTA,0,0,0,0,0.00K,0.00K,42.9132,-95.1406,42.9077,-95.3412
200706,22,200706,22,28307,IOWA,Flash Flood,GUTHRIE,0,0,0,0,100.00K,250.00K,41.6133,-94.53,41.7698,-94.5437
200708,25,200708,27,49803,IOWA,Flood,DECATUR,0,0,0,0,25.00K,50.00K,40.8341,-93.953,40.5842,-93.7511
200708,21,200708,31,56538,IOWA,Flood,DICKINSON,0,0,0,0,0.00K,0.00K,43.4118,-95.0375,43.2499,-95.1956
200708,21,200708,21,49385,IOWA,Flash Flood,WINNESHIEK,0,0,0,0,60.00K,25.00K,43.3825,-91.9059,43.3825,-91.9059
200806,26,200806,27,105719,IOWA,Flood,WAYNE,0,0,0,0,5.00K,10.00K,40.8436,-93.1129,40.769,-93.1038
200806,1,200806,1,92172,IOWA,Flood,DALLAS,0,0,0,0,50.00K,0.00K,41.61,-94.03,41.6144,-94.0062
200806,25,200806,29,105720,IOWA,Flood,POLK,0,0,0,0,10.00K,25.00K,41.591,-93.5821,41.5687,-93.4725
200805,30,200805,31,108076,IOWA,Flood,CLAY,0,0,0,0,0.00K,0.00K,43.15,-95.15,43.15,-95.154
200805,31,200805,31,108078,IOWA,Flood,BUENA VISTA,0,0,0,0,0.00K,0.00K,42.88,-95.25,42.885,-95.25
200805,30,200805,30,108268,IOWA,Flood,DELAWARE,0,0,0,0,0.00K,0.00K,42.58,-91.5893,42.48,-91.4893
200806,26,200806,28,105718,IOWA,Flood,LUCAS,0,0,0,0,10.00K,50.00K,40.9691,-93.2575,40.9009,-93.2108
200804,25,200804,27,92810,IOWA,Flood,BUTLER,0,0,0,0,30.00K,0.00K,42.5589,-92.5583,42.5886,-92.7608
200804,25,200804,30,92809,IOWA,Flood,BLACK HAWK,0,0,0,0,30.00K,0.00K,42.6407,-92.5518,42.6103,-92.5521
200804,25,200804,27,92808,IOWA,Flood,BUTLER,0,0,0,0,15.00K,0.00K,42.8194,-92.7455,42.8465,-92.6839
200804,25,200804,26,92811,IOWA,Flood,BREMER,0,0,0,0,10.00K,0.00K,42.8239,-92.5338,42.8279,-92.4762
200804,25,200804,25,92807,IOWA,Flood,CERRO GORDO,0,0,0,0,0.00K,0.00K,43.1371,-93.0309,43.2492,-93.3618
200804,25,200804,28,92814,IOWA,Flood,MARSHALL,0,0,0,0,20.00K,0.00K,42.1086,-93.0539,42.1365,-93.0038
200806,26,200806,26,121689,IOWA,Flash Flood,FREMONT,0,0,0,0,0.00K,0.00K,40.6,-95.65,40.6172,-95.6526
200806,8,200806,9,97255,IOWA,Flood,MONTGOMERY,0,0,0,0,0.00K,0.00K,41.1554,-95.1842,41.1538,-95.1509
200806,1,200806,2,101464,IOWA,Flood,FREMONT,0,0,0,0,0.00K,0.00K,40.8945,-95.78,40.9052,-95.8502
200806,1,200806,2,101453,IOWA,Flood,MILLS,0,0,0,0,0.00K,0.00K,41.0514,-95.8907,41.0607,-95.8516
200806,8,200806,8,97240,IOWA,Flash Flood,PAGE,0,0,0,0,0.00K,0.00K,40.87,-94.99,40.8737,-94.9794
200806,8,200806,9,97247,IOWA,Flood,PAGE,0,0,0,0,0.00K,0.00K,40.852,-95.0105,40.8143,-94.9861
200804,25,200804,29,92813,IOWA,Flood,BLACK HAWK,0,0,0,0,200.00K,0.00K,42.5485,-92.5152,42.5672,-92.4651
200806,8,200806,9,97261,IOWA,Flood,POTTAWATTAMIE,0,0,0,0,0.00K,0.00K,41.4829,-95.36,41.478,-95.3119
200803,14,200803,14,86491,IOWA,Flood,CERRO GORDO,0,0,0,0,25.00K,0.00K,43.1371,-93.0309,43.2492,-93.3618
200803,15,200803,18,86492,IOWA,Flood,BLACK HAWK,0,0,0,0,50.00K,0.00K,42.6407,-92.5518,42.6103,-92.5521
200803,14,200803,16,86493,IOWA,Flood,BUTLER,0,0,0,0,50.00K,0.00K,42.5589,-92.5583,42.5886,-92.7608
200803,12,200803,17,86496,IOWA,Flood,MAHASKA,0,0,0,0,50.00K,0.00K,41.4888,-92.8635,41.319,-92.417
200807,6,200807,6,123361,IOWA,Flash Flood,CHEROKEE,0,0,0,0,0.00K,0.00K,42.73,-95.57,42.73,-95.53
200807,6,200807,6,123363,IOWA,Flash Flood,WOODBURY,0,0,0,0,0.00K,0.00K,42.48,-96.41,42.48,-96.37
200807,6,200807,6,123365,IOWA,Flash Flood,BUENA VISTA,0,0,0,0,0.00K,0.00K,42.55,-95.22,42.55,-95.18
200806,5,200806,6,120305,IOWA,Flood,SIOUX,0,0,0,0,0.00K,0.00K,43.1447,-96.47,42.9089,-96.5365
200806,6,200806,16,120312,IOWA,Flood,PLYMOUTH,0,0,0,0,0.00K,0.00K,42.9313,-96.55,42.7091,-96.6557
200806,5,200806,8,120337,IOWA,Flood,LYON,0,0,0,0,0.00K,0.00K,43.4969,-96.2182,43.2399,-96.2528
200806,1,200806,15,120362,IOWA,Flood,CHEROKEE,0,0,0,0,0.00K,0.00K,42.9254,-95.3475,42.9109,-95.4741
200806,1,200806,15,120664,IOWA,Flood,O'BRIEN,0,0,0,0,0.00K,0.00K,42.97,-95.3813,42.9121,-95.5
200807,6,200807,6,100171,IOWA,Flash Flood,APPANOOSE,0,0,0,0,25.00K,25.00K,40.68,-93.0373,40.6093,-93.0669
200806,14,200806,14,117094,IOWA,Flash Flood,LOUISA,0,0,0,1,0.00K,0.00K,41.1055,-91.0678,41.0898,-91.0636
200806,11,200806,11,118267,IOWA,Flash Flood,BUENA VISTA,0,0,0,0,0.00K,0.00K,42.62,-95.23,42.62,-95.17
200808,1,200808,1,125253,IOWA,Flood,LUCAS,0,0,0,0,0.00K,25.00K,40.9691,-93.2575,40.9009,-93.2108
200806,11,200806,11,118263,IOWA,Flash Flood,CHEROKEE,0,0,0,0,0.00K,0.00K,42.78,-95.64,42.78,-95.62
200808,1,200808,8,125254,IOWA,Flood,WAPELLO,0,0,0,0,0.00K,25.00K,41.1254,-92.6374,40.9011,-92.2869
200808,28,200808,28,132740,IOWA,Flash Flood,DES MOINES,0,0,0,0,0.00K,0.00K,40.8247,-91.142,40.8224,-91.142
200812,27,200812,28,140010,IOWA,Flood,MARION,0,0,0,0,5.00K,0.00K,41.2112,-92.9318,41.2685,-92.8932
200812,27,200812,29,140011,IOWA,Flood,POLK,0,0,0,0,75.00K,0.00K,41.5586,-93.6751,41.5731,-93.6085
200812,29,200812,30,140012,IOWA,Flood,POLK,0,0,0,0,5.00K,0.00K,41.5586,-93.6751,41.5731,-93.6085
200812,27,200812,29,140013,IOWA,Flood,POLK,0,0,0,0,5.00K,0.00K,41.5658,-93.6716,41.5742,-93.6953
200812,26,200812,31,140008,IOWA,Flood,LUCAS,0,0,0,0,5.00K,0.00K,40.9691,-93.2575,40.9009,-93.2108
200812,27,200812,27,139070,IOWA,Flash Flood,POLK,0,0,0,0,50.00K,0.00K,41.5565,-93.6756,41.566,-93.6457
200812,27,200812,27,140009,IOWA,Flood,DECATUR,0,0,0,0,5.00K,0.00K,40.8341,-93.953,40.5842,-93.7511
200806,1,200806,30,117261,IOWA,Flood,BENTON,0,0,0,0,10.00M,0.00K,42.2865,-92.0792,42.1889,-91.8718
200806,1,200806,30,117263,IOWA,Flood,BUCHANAN,0,0,0,0,3.10M,0.00K,42.5303,-92.0393,42.549,-91.9583
200806,1,200806,30,117264,IOWA,Flood,CEDAR,0,0,0,0,3.50M,0.00K,41.7995,-91.3431,41.8123,-91.2882
200806,1,200806,30,117295,IOWA,Flood,SCOTT,0,0,0,0,4.40M,0.00K,41.7283,-90.3502,41.4746,-90.7484
200806,1,200806,30,117298,IOWA,Flood,VAN BUREN,0,0,0,0,540.00K,0.00K,40.8559,-92.1629,40.8845,-92.1066
200806,1,200806,30,117301,IOWA,Flood,WASHINGTON,0,0,0,0,198.00K,0.00K,41.488,-91.8931,41.5081,-91.8938
200806,1,200806,30,117265,IOWA,Flood,CLINTON,0,0,0,0,646.00K,0.00K,41.8977,-90.8851,41.7713,-90.2678
200806,1,200806,30,117267,IOWA,Flood,DELAWARE,0,0,0,0,4.20M,0.00K,42.6426,-91.6006,42.6542,-91.5518
200806,1,200806,30,117268,IOWA,Flood,DES MOINES,0,0,0,0,3.80M,0.00K,41.0747,-90.9847,41.1042,-90.9256
200806,1,200806,30,117269,IOWA,Flood,DUBUQUE,0,0,0,0,6.40M,0.00K,42.6471,-90.8597,42.3849,-90.5576
200806,1,200806,30,117271,IOWA,Flood,HENRY,0,0,0,0,535.00K,0.00K,40.9856,-91.7005,41.0079,-91.6658
200806,1,200806,30,117272,IOWA,Flood,IOWA,0,0,0,0,747.00K,0.00K,41.8609,-92.2858,41.8823,-92.2817
200806,1,200806,30,117274,IOWA,Flood,JACKSON,0,0,0,0,599.00K,0.00K,42.1698,-90.9009,42.199,-90.3447
200806,1,200806,30,117276,IOWA,Flood,JEFFERSON,0,0,0,0,0.00K,0.00K,41.1606,-91.7413,41.1621,-91.7043
200806,1,200806,30,117278,IOWA,Flood,JOHNSON,0,0,0,0,230.00M,0.00K,41.802,-91.8553,41.5661,-91.626
200806,1,200806,30,117281,IOWA,Flood,JONES,0,0,0,0,5.00M,0.00K,42.1049,-91.353,42.1308,-91.3493
200806,1,200806,30,117283,IOWA,Flood,KEOKUK,0,0,0,0,570.00K,0.00K,41.3217,-92.3573,41.3356,-92.3415
200806,1,200806,30,117285,IOWA,Flood,LEE,0,0,0,0,4.50M,0.00K,40.69,-91.144,40.3968,-91.3431
200806,1,200806,30,117287,IOWA,Flood,LINN,0,0,0,0,750.00M,0.00K,42.1619,-91.8279,42.1827,-91.7894
200806,1,200806,30,117292,IOWA,Flood,LOUISA,0,0,0,0,19.00M,0.00K,41.4108,-91.501,41.4206,-91.4529
200806,1,200806,30,117293,IOWA,Flood,MUSCATINE,0,0,0,0,9.10M,0.00K,41.4618,-90.7814,41.3376,-91.0465
200803,14,200803,14,75372,IOWA,Flash Flood,MARSHALL,0,0,0,0,15.00K,0.00K,42.0896,-93.0096,42.102,-92.9897
200803,14,200803,14,75373,IOWA,Flash Flood,BOONE,0,0,0,0,25.00K,0.00K,42.1644,-93.9977,42.1909,-93.9482
200803,2,200803,3,73494,IOWA,Flood,GRUNDY,0,0,0,0,25.00K,0.00K,42.4442,-92.8276,42.4072,-92.829
200803,2,200803,2,73497,IOWA,Flash Flood,STORY,0,0,0,0,20.00K,0.00K,42.0055,-93.32,42.0049,-93.2959
200803,2,200803,3,73491,IOWA,Flood,WARREN,0,0,0,0,30.00K,0.00K,41.37,-93.47,41.3745,-93.4531
200803,2,200803,3,73492,IOWA,Flood,WARREN,0,0,0,0,30.00K,0.00K,41.3315,-93.5046,41.3273,-93.4792
200804,18,200804,19,81844,IOWA,Flood,MAHASKA,0,0,0,0,10.00K,0.00K,41.2472,-92.6563,41.2474,-92.7038
200804,18,200804,19,81854,IOWA,Flood,BLACK HAWK,0,0,0,0,10.00K,0.00K,42.5988,-92.2401,42.5987,-92.2191
200804,18,200804,19,81848,IOWA,Flood,TAMA,0,0,0,0,10.00K,0.00K,42.1904,-92.3806,42.1722,-92.3797
200803,2,200803,2,73479,IOWA,Flash Flood,MARSHALL,0,0,0,0,25.00K,0.00K,42.02,-93.22,42.0284,-93.1716
200803,2,200803,2,73481,IOWA,Flash Flood,WAPELLO,0,0,0,0,100.00K,0.00K,41.0752,-92.5873,40.998,-92.4149
200803,2,200803,2,73478,IOWA,Flash Flood,MARSHALL,0,0,0,0,25.00K,0.00K,42.02,-93.22,41.9569,-93.2087
200803,2,200803,3,73487,IOWA,Flood,BUTLER,0,0,0,0,10.00K,0.00K,42.69,-92.97,42.6746,-92.9715
200803,2,200803,3,73490,IOWA,Flood,HAMILTON,0,0,0,0,50.00K,0.00K,42.3707,-93.4731,42.2128,-93.4844
200803,2,200803,2,73483,IOWA,Flash Flood,WAPELLO,0,0,0,0,100.00K,0.00K,41.0586,-92.5378,41.0856,-92.4966
200803,2,200803,3,73484,IOWA,Flood,HARDIN,0,0,0,0,20.00K,0.00K,42.5149,-93.3845,42.5253,-93.2973
200803,3,200803,3,73507,IOWA,Flood,WAPELLO,0,0,0,0,100.00K,0.00K,41.15,-92.64,40.9096,-92.6367
200803,3,200803,4,73642,IOWA,Flood,MARION,0,0,0,0,100.00K,0.00K,41.51,-93.32,41.17,-93.32
200803,2,200803,3,86480,IOWA,Flood,WAYNE,0,0,0,0,50.00K,0.00K,40.8436,-93.1129,40.769,-93.1038
200804,25,200804,25,83797,IOWA,Flash Flood,BLACK HAWK,0,0,0,0,20.00K,0.00K,42.52,-92.45,42.5235,-92.448
200804,25,200804,25,83800,IOWA,Flash Flood,GRUNDY,0,0,0,0,10.00K,0.00K,42.32,-92.62,42.3285,-92.6199
200804,25,200804,25,83804,IOWA,Flash Flood,FRANKLIN,0,0,0,0,10.00K,0.00K,42.7799,-93.2324,42.7805,-93.2619
200804,25,200804,25,83806,IOWA,Flash Flood,BLACK HAWK,0,0,0,0,10.00K,0.00K,42.52,-92.49,42.5297,-92.5351
200804,25,200804,25,83808,IOWA,Flash Flood,GRUNDY,0,0,0,0,10.00K,0.00K,42.46,-92.97,42.4469,-92.9629
200804,25,200804,25,83881,IOWA,Flood,TAMA,0,0,0,0,10.00K,0.00K,42.19,-92.66,42.1744,-92.6522
200803,2,200803,3,86482,IOWA,Flood,WARREN,0,0,0,0,50.00K,0.00K,41.4853,-93.3827,41.4191,-93.5425
200805,6,200805,6,86281,IOWA,Flash Flood,BOONE,0,0,0,0,25.00K,0.00K,41.8834,-93.724,41.8691,-94.1619
200804,25,200804,25,83891,IOWA,Flood,HUMBOLDT,0,0,0,0,100.00K,0.00K,42.66,-94.45,42.886,-94.4591
200804,25,200804,26,83920,IOWA,Flood,BLACK HAWK,0,0,0,0,20.00K,0.00K,42.52,-92.51,42.4052,-92.4397
200804,25,200804,26,83926,IOWA,Flood,BLACK HAWK,0,0,0,0,250.00K,0.00K,42.3771,-92.4915,42.3885,-92.4225
200804,25,200804,26,83936,IOWA,Flood,BLACK HAWK,0,0,0,0,25.00K,0.00K,42.5626,-92.1495,42.5632,-92.1668
200804,25,200804,26,83946,IOWA,Flood,GRUNDY,0,0,0,0,150.00K,0.00K,42.5549,-93.0236,42.2117,-92.9984
200804,25,200804,26,83952,IOWA,Flood,HARDIN,0,0,0,0,150.00K,0.00K,42.55,-93.03,42.5559,-93.4969
200804,25,200804,26,83955,IOWA,Flood,FRANKLIN,0,0,0,0,100.00K,0.00K,42.9,-93.03,42.9068,-93.4959
200804,25,200804,26,83961,IOWA,Flood,WRIGHT,0,0,0,0,100.00K,0.00K,42.9,-93.97,42.5686,-93.9602
200804,25,200804,26,83962,IOWA,Flood,BREMER,0,0,0,0,200.00K,0.00K,42.9161,-92.549,42.9048,-92.0902
200805,7,200805,7,86287,IOWA,Flood,HARDIN,0,0,0,0,25.00K,0.00K,42.51,-93.36,42.5207,-93.3589
200803,3,200803,5,86483,IOWA,Flood,WARREN,0,0,0,0,50.00K,0.00K,41.4286,-93.79,41.4103,-93.7903
200803,2,200803,3,86481,IOWA,Flood,WARREN,0,0,0,0,50.00K,0.00K,41.3199,-93.4869,41.3791,-93.3723
200804,25,200804,25,83796,IOWA,Flash Flood,TAMA,0,0,0,0,10.00K,0.00K,42.19,-92.73,42.2091,-92.7215
200803,3,200803,6,86484,IOWA,Flood,MAHASKA,0,0,0,0,50.00K,0.00K,41.4888,-92.8635,41.319,-92.417
200805,26,200805,31,94249,IOWA,Flood,BLACK HAWK,0,0,0,0,25.00K,20.00K,42.5485,-92.5152,42.5672,-92.4651
200805,27,200805,31,94260,IOWA,Flood,BLACK HAWK,0,0,0,0,10.00K,20.00K,42.6407,-92.5518,42.6103,-92.5521
200806,3,200806,3,92161,IOWA,Flash Flood,APPANOOSE,0,0,0,0,50.00K,0.00K,40.7795,-92.8855,40.7861,-92.7912
200806,1,200806,1,92173,IOWA,Flood,TAMA,0,0,0,0,50.00K,0.00K,41.9319,-92.4541,41.8979,-92.3701
200804,25,200804,25,96157,IOWA,Flash Flood,LINN,0,0,0,0,0.00K,0.00K,41.97,-91.67,41.9691,-91.6328
200804,25,200804,25,96162,IOWA,Flash Flood,IOWA,0,0,0,0,0.00K,0.00K,41.77,-92.08,41.7714,-92.0541
200804,25,200804,25,96167,IOWA,Flash Flood,DUBUQUE,0,0,0,0,0.00K,0.00K,42.509,-91.12,42.48,-91.1593
200804,25,200804,25,96173,IOWA,Flash Flood,DUBUQUE,0,0,0,0,0.00K,0.00K,42.5,-90.69,42.5074,-90.7
200805,30,200805,31,94281,IOWA,Flood,CERRO GORDO,0,0,0,0,0.00K,0.00K,43.1371,-93.0309,43.2492,-93.3618
200805,30,200805,31,94283,IOWA,Flood,MAHASKA,0,0,0,0,10.00K,50.00K,41.4888,-92.8635,41.319,-92.417
200805,24,200805,25,94247,IOWA,Flood,WAYNE,0,0,0,0,0.00K,20.00K,40.8436,-93.1129,40.769,-93.1038
200805,31,200805,31,94282,IOWA,Flood,JASPER,0,0,0,0,10.00K,50.00K,41.7305,-93.3475,41.6769,-93.1087
200806,3,200806,3,92163,IOWA,Flash Flood,BOONE,0,0,0,0,25.00K,0.00K,42.0432,-93.9208,42.0934,-93.8916
200805,30,200805,30,94266,IOWA,Flood,STORY,0,0,0,0,50.00K,5.00K,42.0429,-93.6451,42.0314,-93.6575
200805,30,200805,31,94270,IOWA,Flood,STORY,0,0,0,0,15.00K,25.00K,42.0665,-93.6109,42.067,-93.6304
200804,25,200804,25,96129,IOWA,Flash Flood,DELAWARE,0,0,0,0,0.00K,0.00K,42.49,-91.46,42.4712,-91.4619
200804,25,200804,25,96134,IOWA,Flash Flood,BUCHANAN,0,0,0,0,0.00K,0.00K,42.64,-91.81,42.6588,-91.808
200806,3,200806,3,92162,IOWA,Flash Flood,MARION,0,0,0,0,50.00K,0.00K,41.1732,-92.9138,41.2138,-93.2437
200805,11,200805,11,94244,IOWA,Flood,LUCAS,0,0,0,0,0.00K,0.00K,40.9691,-93.2575,40.9009,-93.2108
200805,11,200805,11,94245,IOWA,Flood,WAPELLO,0,0,0,0,0.00K,0.00K,41.1254,-92.6374,40.9011,-92.2869
200805,24,200805,25,94246,IOWA,Flood,LUCAS,0,0,0,0,0.00K,20.00K,40.9691,-93.2575,40.9009,-93.2108
200805,30,200805,31,94284,IOWA,Flood,LUCAS,0,0,0,0,0.00K,10.00K,40.9691,-93.2575,40.9009,-93.2108
200806,3,200806,3,92171,IOWA,Flash Flood,MARION,0,0,0,0,50.00K,0.00K,41.3119,-93.0899,41.3285,-93.087
200805,31,200805,31,94285,IOWA,Flood,WEBSTER,0,0,0,0,0.00K,20.00K,42.3199,-93.9336,42.0737,-93.9072
200805,30,200805,31,94286,IOWA,Flood,POLK,0,0,0,0,15.00K,0.00K,41.5586,-93.6751,41.5731,-93.6085
200805,30,200805,31,94280,IOWA,Flood,STORY,0,0,0,0,15.00K,50.00K,42.0114,-93.5866,41.7307,-93.3487
200806,3,200806,3,92164,IOWA,Flash Flood,POLK,0,0,0,0,25.00K,0.00K,41.6317,-93.7014,41.6332,-93.6382
200806,3,200806,3,92167,IOWA,Flash Flood,BOONE,0,0,0,0,50.00K,0.00K,41.9554,-93.8287,41.8941,-93.8384
200806,3,200806,3,92169,IOWA,Flash Flood,JASPER,0,0,0,0,50.00K,0.00K,41.6688,-93.2369,41.6874,-93.2386
200805,30,200805,31,94287,IOWA,Flood,POLK,0,0,0,0,15.00K,0.00K,41.5658,-93.6716,41.5742,-93.6953
200805,31,200805,31,94288,IOWA,Flood,POLK,0,0,0,0,15.00K,0.00K,41.8498,-93.9994,41.7549,-93.7758
200805,30,200805,31,94289,IOWA,Flood,MARSHALL,0,0,0,0,5.00K,25.00K,42.1086,-93.0539,42.1365,-93.0038
200806,3,200806,3,92165,IOWA,Flash Flood,STORY,0,0,0,0,25.00K,0.00K,41.9186,-93.6365,41.9631,-93.608
200805,30,200805,31,94291,IOWA,Flood,DALLAS,0,0,0,0,10.00K,25.00K,41.84,-94.2694,41.637,-94.0842
200806,3,200806,3,92170,IOWA,Flash Flood,MAHASKA,0,0,0,0,25.00K,0.00K,41.2861,-92.6683,41.2978,-92.6664
200806,3,200806,3,92166,IOWA,Flash Flood,POLK,0,0,0,0,25.00K,0.00K,41.5905,-93.61,41.5753,-93.6015
200806,3,200806,3,92168,IOWA,Flash Flood,STORY,0,0,0,0,25.00K,0.00K,41.95,-93.65,41.9779,-93.6736
200804,18,200804,19,81847,IOWA,Flood,BLACK HAWK,0,0,0,0,25.00K,0.00K,42.4088,-92.2721,42.4093,-92.338
200804,18,200804,19,81849,IOWA,Flood,WAPELLO,0,0,0,0,5.00K,0.00K,41.0628,-92.5653,41.0866,-92.5698
200804,18,200804,19,81850,IOWA,Flood,BLACK HAWK,0,0,0,0,10.00K,0.00K,42.3271,-92.3382,42.3475,-92.3384
200804,18,200804,19,81851,IOWA,Flood,BLACK HAWK,0,0,0,0,10.00K,0.00K,42.4599,-92.3966,42.4631,-92.4356
200804,18,200804,19,81853,IOWA,Flood,BLACK HAWK,0,0,0,0,10.00K,0.00K,42.5765,-92.5531,42.5776,-92.5104
200804,25,200804,25,83882,IOWA,Flood,TAMA,0,0,0,0,10.00K,0.00K,42.18,-92.6,42.1806,-92.5841
200804,25,200804,25,83883,IOWA,Flood,TAMA,0,0,0,0,25.00K,0.00K,42.1835,-92.7002,42.1817,-92.6883
200804,25,200804,26,83922,IOWA,Flood,BUTLER,0,0,0,0,10.00K,0.00K,42.57,-92.82,42.5805,-92.8211
200804,25,200804,26,83923,IOWA,Flood,BLACK HAWK,0,0,0,0,20.00K,0.00K,42.42,-92.45,42.4171,-92.4785
200803,8,200803,8,86490,IOWA,Flood,KOSSUTH,0,0,0,0,25.00K,0.00K,43.2241,-94.1398,42.909,-94.1616
200804,24,200804,25,83795,IOWA,Flash Flood,BREMER,0,0,0,0,100.00K,0.00K,42.73,-92.47,42.7414,-92.4706
200804,25,200804,25,83799,IOWA,Flash Flood,BREMER,0,0,0,0,100.00K,0.00K,42.67,-92.33,42.6701,-92.3229
200804,25,200804,25,83801,IOWA,Flash Flood,BUTLER,0,0,0,0,10.00K,0.00K,42.72,-92.8,42.742,-92.8024
200804,25,200804,25,83803,IOWA,Flash Flood,HARDIN,0,0,0,0,25.00K,0.00K,42.42,-93.32,42.4382,-93.3285
200803,3,200803,3,86479,IOWA,Flood,LUCAS,0,0,0,0,50.00K,0.00K,40.5973,-92.6614,40.8445,-92.8575
200803,2,200803,7,86478,IOWA,Flood,LUCAS,0,0,0,0,50.00K,0.00K,40.9691,-93.2575,40.9009,-93.2108
200803,15,200803,17,86494,IOWA,Flood,BLACK HAWK,0,0,0,0,50.00K,0.00K,42.5485,-92.5152,42.5672,-92.4651
200803,14,200803,16,86495,IOWA,Flood,MARSHALL,0,0,0,0,20.00K,0.00K,42.1086,-93.0539,42.1365,-93.0038
200803,12,200803,14,86497,IOWA,Flood,WEBSTER,0,0,0,0,50.00K,0.00K,42.5208,-94.2222,42.3504,-94.0969
200803,2,200803,3,86488,IOWA,Flood,POLK,0,0,0,0,50.00K,0.00K,41.5586,-93.6751,41.5731,-93.6085
200803,15,200803,16,86498,IOWA,Flood,HAMILTON,0,0,0,0,0.00K,0.00K,42.3199,-93.9336,42.0725,-93.9837
200803,2,200803,3,86485,IOWA,Flood,DALLAS,0,0,0,0,30.00K,0.00K,41.5501,-93.9584,41.5335,-93.8916
200804,18,200804,19,81852,IOWA,Flood,BLACK HAWK,0,0,0,0,10.00K,0.00K,42.4877,-92.4177,42.4945,-92.3782
200803,2,200803,3,86486,IOWA,Flood,DALLAS,0,0,0,0,50.00K,0.00K,41.5658,-93.6716,41.5742,-93.6953
200804,18,200804,21,92805,IOWA,Flood,MAHASKA,0,0,0,0,10.00K,0.00K,41.4888,-92.8635,41.319,-92.417
200804,18,200804,19,92806,IOWA,Flood,MARION,0,0,0,0,15.00K,0.00K,41.2112,-92.9318,41.2685,-92.8932
200806,8,200806,11,117773,IOWA,Flood,FAYETTE,0,0,0,0,3.60M,1.20M,42.9986,-91.6335,43.099,-91.8993
200804,11,200804,15,92797,IOWA,Flood,BLACK HAWK,0,0,0,0,10.00K,0.00K,42.5485,-92.5152,42.5672,-92.4651
200804,11,200804,15,92798,IOWA,Flood,MAHASKA,0,0,0,0,0.00K,0.00K,41.4888,-92.8635,41.319,-92.417
200804,11,200804,11,92799,IOWA,Flood,MARION,0,0,0,0,10.00K,0.00K,41.2112,-92.9318,41.2685,-92.8932
200804,18,200804,21,92787,IOWA,Flood,LUCAS,0,0,0,0,25.00K,0.00K,40.9691,-93.2575,40.9009,-93.2108
200804,18,200804,18,92788,IOWA,Flood,WAYNE,0,0,0,0,10.00K,0.00K,40.8436,-93.1129,40.769,-93.1038
200804,19,200804,21,92804,IOWA,Flood,BLACK HAWK,0,0,0,0,10.00K,0.00K,42.5485,-92.5152,42.5672,-92.4651
200804,1,200804,2,92785,IOWA,Flood,BUTLER,0,0,0,0,20.00K,0.00K,42.5589,-92.5583,42.5886,-92.7608
200804,8,200804,13,92786,IOWA,Flood,LUCAS,0,0,0,0,25.00K,0.00K,40.9691,-93.2575,40.9009,-93.2108
200805,6,200805,7,86283,IOWA,Flash Flood,WRIGHT,0,0,0,0,25.00K,0.00K,42.663,-93.7594,42.6249,-93.7728
200805,6,200805,7,86285,IOWA,Flash Flood,HARDIN,0,0,0,0,25.00K,0.00K,42.4843,-93.3344,42.4997,-93.4933
200805,7,200805,7,86286,IOWA,Flood,HARDIN,0,0,0,0,75.00K,0.00K,42.5063,-93.3471,42.5312,-93.3536
200805,7,200805,7,86288,IOWA,Flood,HARDIN,0,0,0,0,50.00K,0.00K,42.5087,-93.3543,42.5322,-93.3495
200805,30,200805,30,91579,IOWA,Flash Flood,STORY,0,0,0,0,250.00K,25.00K,42.0207,-93.6859,42.1841,-93.6894
200805,30,200805,30,91580,IOWA,Flash Flood,SAC,0,0,0,0,25.00K,0.00K,42.2763,-94.9899,42.2532,-94.9871
200805,30,200805,30,91581,IOWA,Flood,BLACK HAWK,0,0,0,0,25.00K,0.00K,42.31,-92.19,42.2985,-92.1946
200805,30,200805,30,91582,IOWA,Flood,TAMA,0,0,0,0,100.00K,10.00K,42.0371,-92.6477,41.9432,-92.6285
200805,30,200805,30,91583,IOWA,Flood,STORY,0,0,0,0,250.00K,50.00K,41.9779,-93.7079,42.1794,-93.6952
200805,30,200805,30,91584,IOWA,Flood,STORY,0,0,0,0,50.00K,0.00K,42.0044,-93.4964,42.0365,-93.4985
200806,12,200806,13,93627,IOWA,Flash Flood,WAPELLO,0,0,0,0,100.00K,0.00K,41.01,-92.43,41.0061,-92.3755
200806,12,200806,13,93625,IOWA,Flash Flood,WAPELLO,0,0,0,0,100.00K,0.00K,41.0224,-92.4561,41.0561,-92.4321
200805,30,200805,31,101468,IOWA,Flood,FREMONT,0,0,0,0,0.00K,0.00K,40.8943,-95.8035,40.926,-95.8695
200804,11,200804,16,92802,IOWA,Flood,BOONE,0,0,0,0,10.00K,0.00K,42.3199,-93.9336,42.0737,-93.9072
200804,25,200804,30,92812,IOWA,Flood,BLACK HAWK,0,0,0,0,150.00K,0.00K,42.5485,-92.5152,42.5672,-92.4651
200804,25,200804,25,87671,IOWA,Flood,CHICKASAW,0,0,0,0,50.00K,0.00K,42.9464,-92.623,43.106,-92.6093
200804,25,200804,25,87672,IOWA,Flood,FAYETTE,0,0,0,0,60.00K,0.00K,42.7773,-92.0805,42.7884,-91.6068
200804,25,200804,25,87674,IOWA,Flood,CLAYTON,0,0,0,0,80.00K,0.00K,42.6643,-91.637,42.8226,-91.6081
200804,25,200804,30,91647,IOWA,Flood,CLAYTON,0,0,0,0,50.00K,0.00K,43.02,-91.18,43.0147,-91.1453
200804,25,200804,30,92815,IOWA,Flood,MAHASKA,0,0,0,0,20.00K,0.00K,41.4888,-92.8635,41.319,-92.417
200805,4,200805,7,94238,IOWA,Flood,KOSSUTH,0,0,0,0,0.00K,20.00K,43.2241,-94.1398,42.879,-94.1547
200804,24,200804,25,85960,IOWA,Flash Flood,FAYETTE,0,0,0,0,120.00K,0.00K,42.6744,-92.0435,42.8397,-92.0393
200804,25,200804,25,85976,IOWA,Flash Flood,CHICKASAW,0,0,0,0,50.00K,0.00K,42.97,-92.2,42.9755,-92.531
200805,30,200805,30,101555,IOWA,Flood,HARRISON,0,0,0,0,0.00K,0.00K,41.5281,-95.8818,41.6729,-95.7362
200805,29,200805,30,91573,IOWA,Flash Flood,CRAWFORD,0,0,0,0,25.00K,0.00K,41.87,-95.59,41.9442,-95.636
200805,29,200805,30,91574,IOWA,Flash Flood,CARROLL,0,0,0,0,25.00K,0.00K,42.13,-94.86,42.1545,-94.8584
200805,29,200805,30,91575,IOWA,Flash Flood,GREENE,0,0,0,0,25.00K,0.00K,42.1206,-94.4852,42.0873,-94.4251
200805,30,200805,30,91576,IOWA,Flash Flood,STORY,0,0,0,0,50.00K,10.00K,41.9472,-93.5156,41.9209,-93.4895
200805,30,200805,30,91577,IOWA,Flash Flood,STORY,0,0,0,0,25.00K,0.00K,42.0559,-93.5864,42.0655,-93.6468
200805,30,200805,30,91578,IOWA,Flash Flood,GREENE,0,0,0,0,100.00K,10.00K,41.9876,-94.5641,41.9911,-94.3499
200805,30,200805,31,101554,IOWA,Flood,FREMONT,0,0,0,0,0.00K,0.00K,40.5983,-95.6731,40.6572,-95.6408
200807,6,200807,6,100143,IOWA,Flash Flood,SAC,0,0,0,0,10.00K,2.00K,42.5504,-95.3482,42.5539,-95.2861
200806,1,200806,1,104431,IOWA,Flood,BUTLER,0,0,0,0,5.00K,10.00K,42.5589,-92.5583,42.5886,-92.7608
200806,1,200806,19,104437,IOWA,Flood,BLACK HAWK,0,0,0,0,500.00K,1.00M,42.6407,-92.5518,42.6103,-92.5521
200806,1,200806,2,104441,IOWA,Flood,POLK,0,0,0,0,100.00K,50.00M,41.8498,-93.9994,41.7549,-93.7758
200806,1,200806,1,104449,IOWA,Flood,MARSHALL,0,0,0,0,100.00K,250.00M,42.1086,-93.0539,42.1365,-93.0038
200805,30,200805,31,101450,IOWA,Flood,MILLS,0,0,0,0,0.00K,0.00K,41.0473,-95.8852,41.0473,-95.8475
200806,8,200806,11,93559,IOWA,Flood,DALLAS,0,0,0,0,500.00K,0.00K,41.73,-94.11,41.7305,-94.104
200806,6,200806,9,105522,IOWA,Flood,DECATUR,0,0,0,0,50.00K,100.00K,40.8341,-93.953,40.5842,-93.7511
200806,5,200806,15,105521,IOWA,Flood,WARREN,0,0,0,0,150.00K,300.00K,41.4286,-93.79,41.4103,-93.7903
200806,6,200806,18,105523,IOWA,Flood,MARSHALL,0,0,0,0,100.00K,500.00K,42.1086,-93.0539,42.1365,-93.0038
200806,5,200806,10,105525,IOWA,Flood,WARREN,0,0,0,0,100.00K,500.00K,41.4853,-93.3827,41.4191,-93.5425
200806,8,200806,18,105526,IOWA,Flood,BUTLER,0,0,0,0,250.00K,500.00K,42.8194,-92.7455,42.8465,-92.6839
200805,25,200805,25,106282,IOWA,Flash Flood,DELAWARE,0,0,0,0,0.00K,0.00K,42.5201,-91.49,42.4399,-91.49
200805,25,200805,26,106303,IOWA,Flash Flood,BUCHANAN,0,0,0,0,0.00K,0.00K,42.6427,-91.8771,42.6138,-91.8771
200805,25,200805,25,106762,IOWA,Flash Flood,BUCHANAN,0,0,0,0,1.00M,0.00K,42.6166,-91.6845,42.5834,-91.6845
200805,25,200805,25,106757,IOWA,Flash Flood,BUCHANAN,0,0,0,0,10.00K,0.00K,42.6405,-91.7578,42.5995,-91.7578
200805,25,200805,25,106770,IOWA,Flash Flood,DELAWARE,0,0,0,0,100.00K,0.00K,42.6437,-91.6,42.59,-91.6
200805,25,200805,26,106780,IOWA,Flash Flood,DUBUQUE,0,0,0,0,0.00K,0.00K,42.4713,-91.1341,42.53,-91.1341
200806,5,200806,9,105440,IOWA,Flood,LUCAS,0,0,0,0,10.00K,50.00K,40.9691,-93.2575,40.9009,-93.2108
200806,7,200806,18,105436,IOWA,Flood,BLACK HAWK,0,0,0,0,2.00M,250.00K,42.5485,-92.5152,42.5672,-92.4651
200806,8,200806,17,105444,IOWA,Flood,WEBSTER,0,0,0,0,500.00K,500.00K,42.5208,-94.2222,42.3504,-94.0969
200806,5,200806,21,105449,IOWA,Flood,BOONE,0,0,0,0,100.00K,500.00K,42.3199,-93.9336,42.3103,-94.0039
200806,8,200806,13,105509,IOWA,Flood,HAMILTON,0,0,0,0,75.00K,250.00K,42.4817,-93.7739,42.3413,-93.8114
200806,8,200806,20,105507,IOWA,Flood,HUMBOLDT,0,0,0,0,50.00K,100.00K,42.7224,-94.2486,42.6646,-94.2317
200806,6,200806,14,105512,IOWA,Flood,BUTLER,0,0,0,0,300.00K,500.00K,42.5589,-92.5583,42.5886,-92.7608
200806,1,200806,5,104414,IOWA,Flood,BOONE,0,0,0,0,100.00K,250.00K,42.3199,-93.9336,42.0737,-93.9072
200805,25,200805,25,106258,IOWA,Flash Flood,DELAWARE,0,0,0,0,0.00K,0.00K,42.6443,-91.4093,42.6355,-91.4093
200806,6,200806,15,105517,IOWA,Flood,POLK,0,0,0,0,300.00K,250.00K,41.8498,-93.9994,41.7549,-93.7758
200806,26,200806,27,105716,IOWA,Flood,MARION,0,0,0,0,10.00K,100.00K,41.2112,-92.9318,41.2685,-92.8932
200806,8,200806,30,105500,IOWA,Flood,WAPELLO,0,0,0,0,1.00M,1.00M,41.1254,-92.6374,40.9011,-92.2869
200806,8,200806,30,105496,IOWA,Flood,MARION,0,0,0,0,500.00K,1.00M,41.2034,-92.6412,41.387,-92.9555
200806,8,200806,16,105502,IOWA,Flood,DALLAS,0,0,0,0,200.00K,500.00K,41.5501,-93.9584,41.5335,-93.8916
200806,7,200806,22,105505,IOWA,Flood,EMMET,0,0,0,0,50.00K,100.00K,43.5007,-94.9125,43.3224,-94.8385
200806,8,200806,12,105372,IOWA,Flood,STORY,0,0,0,0,100.00K,250.00K,42.0665,-93.6109,42.067,-93.6304
200806,8,200806,21,105366,IOWA,Flood,KOSSUTH,0,0,0,0,1.00M,500.00K,43.2241,-94.1398,42.879,-94.1547
200805,25,200805,25,91464,IOWA,Flood,CLAYTON,0,0,0,0,15.00K,0.00K,42.6597,-91.4804,42.6451,-91.4828
200805,25,200805,25,91465,IOWA,Flood,CLAYTON,0,0,0,0,20.00K,0.00K,42.7067,-91.4317,42.7117,-91.181
200804,1,200804,30,97246,IOWA,Flood,CEDAR,0,0,0,0,0.00K,0.00K,41.6845,-91.17,41.67,-91.1894
200804,1,200804,30,97256,IOWA,Flood,IOWA,0,0,0,0,0.00K,0.00K,41.8145,-91.88,41.8,-91.8994
200804,1,200804,30,97252,IOWA,Flood,DES MOINES,0,0,0,0,0.00K,0.00K,40.8345,-91.08,40.82,-91.0991
200804,1,200804,30,97257,IOWA,Flood,JACKSON,0,0,0,0,0.00K,0.00K,42.0845,-90.68,42.07,-90.6995
200804,1,200804,30,97248,IOWA,Flood,CLINTON,0,0,0,0,0.00K,0.00K,41.8345,-90.55,41.82,-90.5694
200804,1,200804,30,97249,IOWA,Flood,DELAWARE,0,0,0,0,0.00K,0.00K,42.4945,-91.45,42.48,-91.4696
200804,1,200804,30,97253,IOWA,Flood,DUBUQUE,0,0,0,0,0.00K,0.00K,42.5145,-90.67,42.5,-90.6896
200804,1,200804,30,97268,IOWA,Flood,SCOTT,0,0,0,0,0.00K,0.00K,41.5445,-90.58,41.53,-90.5993
200804,1,200804,30,97266,IOWA,Flood,LOUISA,0,0,0,0,0.00K,0.00K,41.2845,-91.35,41.27,-91.3693
200804,1,200804,30,97267,IOWA,Flood,MUSCATINE,0,0,0,0,0.00K,0.00K,41.4345,-91.05,41.42,-91.0693
200806,4,200806,5,92592,IOWA,Flash Flood,WEBSTER,0,0,0,0,50.00K,0.00K,42.5005,-94.2242,42.5172,-94.2164
200806,4,200806,5,92593,IOWA,Flash Flood,UNION,0,0,0,0,100.00K,0.00K,41.0876,-94.444,41.0447,-94.4265
200806,4,200806,5,92594,IOWA,Flash Flood,WEBSTER,0,0,0,0,25.00K,0.00K,42.506,-94.2321,42.5586,-94.2397
200806,4,200806,5,92595,IOWA,Flash Flood,CASS,0,0,0,0,50.00K,0.00K,41.2737,-94.8862,41.2766,-94.8631
200806,4,200806,5,92596,IOWA,Flash Flood,WRIGHT,0,0,0,0,50.00K,0.00K,42.67,-93.9,42.658,-93.8847
200806,4,200806,5,92597,IOWA,Flash Flood,WRIGHT,0,0,0,0,25.00K,0.00K,42.75,-93.89,42.7581,-93.7793
200806,4,200806,5,92598,IOWA,Flash Flood,ADAIR,0,0,0,0,10.00K,0.00K,41.26,-94.66,41.2605,-94.6477
200806,4,200806,5,92599,IOWA,Flash Flood,BUTLER,0,0,0,0,20.00K,0.00K,42.7488,-92.9788,42.7529,-93.0223
200806,5,200806,5,92600,IOWA,Flash Flood,CASS,0,0,0,0,25.00K,0.00K,41.2685,-94.8125,41.2737,-94.7248
200806,5,200806,5,92601,IOWA,Flash Flood,TAYLOR,0,0,0,0,5.00K,0.00K,40.68,-94.88,40.684,-94.8793
200806,7,200806,8,93027,IOWA,Flash Flood,BLACK HAWK,0,0,0,0,25.00K,0.00K,42.52,-92.45,42.5198,-92.4271
200806,7,200806,8,93031,IOWA,Flash Flood,CARROLL,0,0,0,0,25.00K,0.00K,42.12,-94.78,42.1301,-94.7763
200806,8,200806,8,93039,IOWA,Flash Flood,BREMER,0,0,0,0,10.00K,0.00K,42.73,-92.47,42.7224,-92.4643
200806,8,200806,8,93040,IOWA,Flash Flood,SAC,0,0,0,0,10.00K,0.00K,42.5,-95.3,42.5013,-95.2874
200806,8,200806,8,93044,IOWA,Flash Flood,CRAWFORD,0,0,0,0,10.00K,0.00K,42.04,-95.32,42.0947,-95.2988
200806,8,200806,9,93046,IOWA,Flash Flood,CERRO GORDO,0,0,0,0,200.00K,0.00K,43.13,-93.19,43.1719,-93.1593
200806,8,200806,8,93053,IOWA,Flash Flood,DALLAS,0,0,0,0,10.00K,0.00K,41.61,-94.05,41.618,-93.999
200806,8,200806,8,93059,IOWA,Flash Flood,JASPER,0,0,0,0,10.00K,0.00K,41.68,-93.24,41.683,-93.2283
200806,8,200806,8,93070,IOWA,Flash Flood,TAMA,0,0,0,0,10.00K,0.00K,41.95,-92.57,41.9535,-92.5839
200806,8,200806,8,93071,IOWA,Flash Flood,UNION,0,0,0,0,50.00K,0.00K,41.13,-94.06,41.132,-94.0289
200806,8,200806,8,93072,IOWA,Flash Flood,DALLAS,0,0,0,0,10.00K,0.00K,41.64,-94.15,41.6423,-94.1022
200806,8,200806,8,93076,IOWA,Flash Flood,BUTLER,0,0,0,0,10.00K,0.00K,42.75,-93.01,42.7497,-92.9807
200806,8,200806,11,93552,IOWA,Flood,CARROLL,0,0,0,0,25.00K,0.00K,42.07,-94.86,42.0614,-94.8618
200806,8,200806,8,93554,IOWA,Flood,POLK,0,0,0,0,2.00K,0.00K,41.73,-93.5,41.7338,-93.495
200806,8,200806,11,98782,IOWA,Flood,DALLAS,0,0,0,0,500.00K,0.00K,41.73,-94.11,41.7305,-94.104
200804,1,200804,30,97262,IOWA,Flood,LEE,0,0,0,0,0.00K,0.00K,40.4145,-91.38,40.4,-91.399
200805,25,200805,25,93778,IOWA,Flash Flood,FAYETTE,0,0,0,0,25.00K,0.00K,42.7551,-91.6507,42.6865,-91.6404
200804,1,200804,30,97265,IOWA,Flood,LINN,0,0,0,0,0.00K,0.00K,42.0145,-91.65,42.0,-91.6695
200804,1,200804,30,97258,IOWA,Flood,JOHNSON,0,0,0,0,0.00K,0.00K,41.6845,-91.55,41.67,-91.5694
200804,1,200804,30,97260,IOWA,Flood,JONES,0,0,0,0,0.00K,0.00K,42.1345,-91.28,42.12,-91.2995
200804,1,200804,30,97244,IOWA,Flood,BENTON,0,0,0,0,0.00K,0.00K,42.1845,-92.03,42.17,-92.0495
200806,5,200806,6,105386,IOWA,Flood,TAYLOR,0,0,0,0,10.00K,50.00K,40.792,-94.5339,40.6983,-94.742
200806,7,200806,18,105392,IOWA,Flood,CERRO GORDO,0,0,0,0,1.00M,500.00K,43.1371,-93.0309,43.2492,-93.3618
200806,8,200806,16,105408,IOWA,Flood,BREMER,0,0,0,0,250.00K,500.00K,42.8239,-92.5338,42.8279,-92.4762
200806,6,200806,20,105429,IOWA,Flood,BLACK HAWK,0,0,0,0,500.00K,250.00K,42.5485,-92.5152,42.5672,-92.4651
200805,3,200805,12,108067,IOWA,Flood,CLAY,0,0,0,0,0.00K,0.00K,43.15,-95.15,43.15,-95.154
200805,6,200805,9,108069,IOWA,Flood,BUENA VISTA,0,0,0,0,0.00K,0.00K,42.88,-95.25,42.885,-95.25
200805,25,200805,25,91462,IOWA,Flood,CLAYTON,0,0,0,0,20.00K,0.00K,42.6867,-91.6061,42.6867,-91.4921
200804,1,200804,30,97245,IOWA,Flood,BUCHANAN,0,0,0,0,0.00K,0.00K,42.4845,-91.88,42.47,-91.8996
200806,5,200806,5,92602,IOWA,Flash Flood,CASS,0,0,0,0,50.00K,0.00K,41.2306,-94.8831,41.2309,-94.864
200806,5,200806,5,92603,IOWA,Flash Flood,MADISON,0,0,0,0,10.00K,0.00K,41.2,-94.17,41.1983,-94.0031
200806,5,200806,5,92604,IOWA,Flash Flood,MADISON,0,0,0,0,10.00K,0.00K,41.21,-93.93,41.2174,-93.9446
200806,5,200806,5,92605,IOWA,Flash Flood,ADAMS,0,0,0,0,25.00K,0.00K,40.97,-94.51,40.9828,-94.5092
200806,5,200806,5,92606,IOWA,Flash Flood,BUTLER,0,0,0,0,25.00K,0.00K,42.7994,-92.7644,42.8012,-92.7397
200806,5,200806,5,92607,IOWA,Flood,MADISON,0,0,0,0,100.00K,0.00K,41.2541,-93.9702,41.2572,-93.9153
200806,5,200806,5,92608,IOWA,Flood,HAMILTON,0,0,0,0,25.00K,0.00K,42.436,-93.751,42.4261,-93.7531
200806,5,200806,5,92609,IOWA,Flood,ADAMS,0,0,0,0,200.00K,0.00K,40.99,-94.74,41.0,-94.7423
200806,26,200806,26,97600,IOWA,Flash Flood,MONROE,0,0,0,0,10.00K,0.00K,40.967,-93.0645,40.9852,-93.057
200807,8,200807,8,100739,IOWA,Flash Flood,DAVIS,0,0,0,0,25.00K,0.00K,40.7451,-92.3358,40.7458,-92.3192
200807,8,200807,8,100738,IOWA,Flash Flood,APPANOOSE,0,0,0,0,25.00K,0.00K,40.7361,-92.7559,40.7267,-92.6819
200806,26,200806,26,97592,IOWA,Flash Flood,BOONE,0,0,0,0,10.00K,0.00K,42.0456,-93.9166,42.0779,-93.9029
200807,17,200807,17,103745,IOWA,Flood,POLK,0,0,0,0,5.00K,0.00K,41.62,-93.65,41.6225,-93.6253
200807,17,200807,17,103746,IOWA,Flood,POLK,0,0,0,0,20.00K,0.00K,41.64,-93.74,41.6455,-93.6821
200807,7,200807,8,100737,IOWA,Flash Flood,APPANOOSE,0,0,0,0,25.00K,0.00K,40.73,-92.86,40.7348,-92.8643
200807,8,200807,8,100740,IOWA,Flash Flood,DAVIS,0,0,0,0,75.00K,0.00K,40.7459,-92.4303,40.7608,-92.429
200807,8,200807,8,100741,IOWA,Flash Flood,MARION,0,0,0,0,25.00K,0.00K,41.19,-93.25,41.1918,-93.2567
200807,8,200807,8,100742,IOWA,Flash Flood,MARION,0,0,0,0,25.00K,0.00K,41.18,-93.05,41.1888,-93.0531
200807,8,200807,8,100745,IOWA,Flash Flood,MONROE,0,0,0,0,25.00K,0.00K,41.03,-92.71,41.0306,-92.6858
200806,8,200806,8,115765,IOWA,Flash Flood,BENTON,0,0,0,0,0.00K,0.00K,42.13,-92.125,42.09,-92.125
200806,8,200806,8,115786,IOWA,Flash Flood,DUBUQUE,0,0,0,0,25.00K,0.00K,42.49,-91.1301,42.4627,-91.1301
200806,5,200806,6,92655,IOWA,Flood,WARREN,0,0,0,0,25.00K,5.00K,41.44,-93.56,41.4301,-93.556
200806,5,200806,6,92656,IOWA,Flood,WARREN,0,0,0,0,25.00K,0.00K,41.39,-93.73,41.3963,-93.7314
200806,6,200806,6,92657,IOWA,Flood,STORY,0,0,0,0,20.00K,0.00K,42.03,-93.4646,42.0323,-93.4432
200806,5,200806,6,92658,IOWA,Flash Flood,WARREN,0,0,0,0,10.00K,0.00K,41.5117,-93.7329,41.5059,-93.7331
200806,5,200806,6,92660,IOWA,Flash Flood,MADISON,0,0,0,0,5.00K,0.00K,41.22,-93.93,41.2304,-93.9347
200806,5,200806,6,92661,IOWA,Flash Flood,WARREN,0,0,0,0,10.00K,0.00K,41.42,-93.58,41.4174,-93.5809
200806,5,200806,6,92664,IOWA,Flash Flood,POLK,0,0,0,0,50.00K,0.00K,41.5127,-93.6974,41.5129,-93.6663
200806,5,200806,6,92665,IOWA,Flash Flood,POLK,0,0,0,0,2.00K,0.00K,41.5199,-93.6983,41.5533,-93.6605
200806,5,200806,6,92666,IOWA,Flash Flood,WARREN,0,0,0,0,5.00K,0.00K,41.5,-93.68,41.5005,-93.6704
200806,5,200806,6,92669,IOWA,Flash Flood,TAYLOR,0,0,0,0,10.00K,0.00K,40.7905,-94.9249,40.783,-94.9254
200806,5,200806,6,92671,IOWA,Flash Flood,TAYLOR,0,0,0,0,5.00K,0.00K,40.82,-94.9138,40.8201,-94.9019
200806,5,200806,6,92672,IOWA,Flash Flood,DECATUR,0,0,0,0,10.00K,0.00K,40.7259,-93.7398,40.7516,-93.735
200806,6,200806,6,92675,IOWA,Flash Flood,POLK,0,0,0,0,5.00K,0.00K,41.5794,-93.6215,41.5862,-93.6236
200806,6,200806,6,92676,IOWA,Flash Flood,POLK,0,0,0,0,5.00K,0.00K,41.5855,-93.6082,41.5831,-93.6275
200806,26,200806,26,97599,IOWA,Flash Flood,MONROE,0,0,0,0,5.00K,0.00K,40.974,-92.8983,40.9643,-92.9752
200806,26,200806,26,97602,IOWA,Flash Flood,MONROE,0,0,0,0,25.00K,0.00K,41.0058,-92.7589,40.9923,-92.8839
200806,6,200806,6,92678,IOWA,Flash Flood,MADISON,0,0,0,0,5.00K,0.00K,41.3438,-93.8643,41.3418,-93.887
200806,6,200806,6,92679,IOWA,Flash Flood,POLK,0,0,0,0,10.00K,0.00K,41.58,-93.62,41.601,-93.631
200806,6,200806,6,92680,IOWA,Flash Flood,POLK,0,0,0,0,25.00K,0.00K,41.62,-93.68,41.6146,-93.68
200806,6,200806,6,92681,IOWA,Flash Flood,MADISON,0,0,0,0,5.00K,0.00K,41.4016,-93.9208,41.4072,-93.9264
200806,6,200806,6,92682,IOWA,Flash Flood,STORY,0,0,0,0,1.00K,0.00K,42.19,-93.59,42.1923,-93.6
200806,6,200806,6,92684,IOWA,Flash Flood,STORY,0,0,0,0,50.00K,0.00K,41.9041,-93.5383,41.9043,-93.5266
200806,6,200806,6,92685,IOWA,Flash Flood,STORY,0,0,0,0,50.00K,0.00K,41.9084,-93.5464,41.8892,-93.5431
200806,1,200806,14,104404,IOWA,Flood,JASPER,0,0,0,0,200.00K,100.00K,41.7305,-93.3475,41.6769,-93.1087
200806,1,200806,25,104410,IOWA,Flood,MAHASKA,0,0,0,0,500.00K,500.00K,41.4888,-92.8635,41.319,-92.417
200806,1,200806,13,103164,IOWA,Flood,STORY,0,0,0,0,100.00K,0.00K,42.0429,-93.6451,42.0314,-93.6575
200806,1,200806,4,103168,IOWA,Flood,KOSSUTH,0,0,0,0,15.00K,10.00K,43.2241,-94.1398,42.879,-94.1547
200806,1,200806,3,103170,IOWA,Flood,BLACK HAWK,0,0,0,0,25.00K,0.00K,42.5485,-92.5152,42.5672,-92.4651
200806,1,200806,24,104420,IOWA,Flood,POLK,0,0,0,0,6.00M,50.00K,41.6792,-93.6926,41.5905,-93.6585
200806,1,200806,19,104426,IOWA,Flood,POLK,0,0,0,0,500.00K,50.00K,41.5586,-93.6751,41.5731,-93.6085
200805,30,200805,30,101855,IOWA,Flash Flood,BENTON,0,0,0,0,50.00K,0.00K,42.1754,-91.9964,42.0796,-92.0294
200805,30,200805,30,101945,IOWA,Flash Flood,BUCHANAN,0,0,0,0,0.00K,0.00K,42.3333,-91.7955,42.3127,-91.7956
200805,30,200805,30,101950,IOWA,Flash Flood,BUCHANAN,0,0,0,0,0.00K,0.00K,42.6415,-91.9087,42.6414,-91.6078
200805,30,200805,30,102165,IOWA,Flash Flood,DUBUQUE,0,0,0,0,0.00K,0.00K,42.5268,-90.678,42.5727,-90.7199
200805,29,200805,29,94152,IOWA,Flash Flood,MONONA,0,0,0,0,0.00K,0.00K,42.0212,-96.1087,42.0222,-96.0838
200806,1,200806,19,104427,IOWA,Flood,POLK,0,0,0,0,100.00K,150.00K,41.5658,-93.6716,41.5742,-93.6953
200805,30,200805,30,102166,IOWA,Flash Flood,JONES,0,0,0,0,0.00K,0.00K,42.2405,-91.1742,42.262,-91.2009
200806,12,200806,13,93692,IOWA,Flood,POLK,0,0,0,0,200.00K,0.00K,41.58,-93.62,41.6468,-93.6193
200806,8,200806,8,93052,IOWA,Flash Flood,DALLAS,0,0,0,0,10.00K,0.00K,41.78,-93.85,41.7465,-93.8425
200806,8,200806,8,93054,IOWA,Flash Flood,DALLAS,0,0,0,0,10.00K,0.00K,41.66,-93.87,41.6611,-93.8895
200806,13,200806,13,93629,IOWA,Flash Flood,MONROE,0,0,0,0,25.00K,0.00K,41.03,-92.72,41.039,-92.7892
200806,11,200806,12,93696,IOWA,Flash Flood,WEBSTER,0,0,0,0,50.00K,0.00K,42.51,-94.18,42.4977,-94.1504
200806,12,200806,13,93624,IOWA,Flash Flood,APPANOOSE,0,0,0,0,25.00K,0.00K,40.79,-92.94,40.8006,-92.9417
200806,13,200806,13,93630,IOWA,Flash Flood,APPANOOSE,0,0,0,0,25.00K,0.00K,40.6786,-92.9759,40.6849,-92.9758
200806,8,200806,8,93041,IOWA,Flash Flood,SAC,0,0,0,0,10.00K,0.00K,42.4088,-95.0098,42.4287,-95.0122
200806,8,200806,8,93043,IOWA,Flash Flood,SAC,0,0,0,0,10.00K,0.00K,42.4694,-95.1576,42.4516,-95.1557
200806,8,200806,8,93045,IOWA,Flash Flood,SAC,0,0,0,0,10.00K,0.00K,42.42,-94.87,42.419,-94.8581
200806,8,200806,8,93048,IOWA,Flash Flood,WRIGHT,0,0,1,0,25.00K,0.00K,42.7188,-93.9304,42.7248,-93.8493
200806,8,200806,8,93051,IOWA,Flash Flood,WRIGHT,0,0,0,0,20.00K,0.00K,42.7389,-93.7479,42.7276,-93.7477
200806,12,200806,13,93693,IOWA,Flood,KOSSUTH,0,0,0,0,150.00K,10.00K,43.0308,-94.3204,43.0397,-93.976
200805,1,200805,2,108252,IOWA,Flood,LOUISA,0,0,0,0,0.00K,0.00K,41.418,-91.5024,41.2727,-91.3808
200806,8,200806,8,93553,IOWA,Flood,HAMILTON,0,0,0,0,50.00K,0.00K,42.46,-93.82,42.4713,-93.7879
200806,8,200806,11,93557,IOWA,Flood,BUTLER,0,0,0,0,100.00K,0.00K,42.5652,-92.9004,42.5589,-92.6165
200806,8,200806,11,93558,IOWA,Flood,BUTLER,0,0,0,0,50.00K,0.00K,42.9,-92.8,42.9,-92.815
200806,8,200806,11,98783,IOWA,Flood,MADISON,0,0,0,0,250.00K,0.00K,41.3742,-94.2376,41.2714,-94.2392
200806,8,200806,11,93556,IOWA,Flood,GUTHRIE,0,0,0,0,25.00K,0.00K,41.5074,-94.5449,41.559,-94.5435
200805,1,200805,6,108236,IOWA,Flood,LEE,0,0,0,0,0.00K,0.00K,40.6895,-91.133,40.6445,-91.32
200805,26,200805,26,108258,IOWA,Flood,DELAWARE,0,0,0,0,0.00K,0.00K,42.58,-91.5893,42.48,-91.4893
200805,1,200805,5,109078,IOWA,Flood,CLINTON,0,0,0,0,0.00K,0.00K,41.83,-90.85,41.6963,-90.7758
200806,7,200806,8,93022,IOWA,Flash Flood,BREMER,0,0,0,0,10.00K,0.00K,42.7422,-92.4757,42.744,-92.4572
200806,7,200806,8,93026,IOWA,Flash Flood,FRANKLIN,0,0,0,0,10.00K,0.00K,42.6026,-93.2286,42.6518,-93.2245
200806,7,200806,8,93028,IOWA,Flash Flood,BUTLER,0,0,0,0,10.00K,0.00K,42.7418,-93.0003,42.74,-92.9404
200806,7,200806,8,93030,IOWA,Flash Flood,HAMILTON,0,0,1,0,50.00K,0.00K,42.39,-93.73,42.4022,-93.5596
200806,11,200806,12,93708,IOWA,Flash Flood,DALLAS,0,0,0,0,25.00K,0.00K,41.68,-94.02,41.6914,-94.0208
200806,11,200806,12,93707,IOWA,Flash Flood,POCAHONTAS,0,0,0,0,150.00K,0.00K,42.8433,-94.8587,42.8553,-94.8634
200806,11,200806,12,93710,IOWA,Flash Flood,STORY,0,0,0,0,25.00K,0.00K,42.195,-93.6006,42.1969,-93.5867
200806,11,200806,11,93470,IOWA,Flash Flood,CRAWFORD,0,0,0,0,25.00K,0.00K,41.92,-95.53,41.9253,-95.4781
200806,12,200806,12,93739,IOWA,Flash Flood,ADAIR,0,0,0,0,20.00K,0.00K,41.48,-94.45,41.4831,-94.4593
200806,11,200806,11,93244,IOWA,Flash Flood,CRAWFORD,0,0,0,0,25.00K,0.00K,41.9615,-95.5234,41.8765,-95.6387
200806,11,200806,11,93473,IOWA,Flash Flood,TAYLOR,0,0,0,0,25.00K,0.00K,40.6822,-94.7155,40.6611,-94.7147
200806,12,200806,13,93691,IOWA,Flood,GUTHRIE,0,0,0,0,100.00K,10.00K,41.68,-94.5,41.6718,-94.4884
200807,18,200807,19,111904,IOWA,Flood,LUCAS,0,0,0,0,10.00K,5.00K,40.9691,-93.2575,40.9009,-93.2108
200806,12,200806,12,93732,IOWA,Flash Flood,MADISON,0,0,0,0,20.00K,0.00K,41.42,-93.9,41.4221,-93.8995
200806,11,200806,12,93705,IOWA,Flash Flood,KOSSUTH,0,0,0,0,25.00K,0.00K,43.3012,-94.2764,43.2052,-94.2641
200806,14,200806,14,93934,IOWA,Flash Flood,POLK,0,0,0,0,7.00M,0.00K,41.6152,-93.6217,41.6188,-93.6195
200806,12,200806,12,93737,IOWA,Flash Flood,TAMA,0,0,0,0,50.00K,0.00K,41.9787,-92.71,41.9852,-92.7093
200806,12,200806,12,93729,IOWA,Flash Flood,MADISON,0,0,0,0,25.00K,0.00K,41.42,-93.9,41.4216,-93.8986
200806,7,200806,8,93033,IOWA,Flash Flood,BLACK HAWK,0,0,0,0,20.00K,0.00K,42.4974,-92.3363,42.4959,-92.3334
200806,8,200806,8,93035,IOWA,Flash Flood,HARDIN,0,0,0,0,20.00K,0.00K,42.5212,-93.3742,42.5248,-93.2942
200806,11,200806,12,93703,IOWA,Flash Flood,ADAIR,0,0,0,0,25.00K,0.00K,41.4632,-94.7562,41.4489,-94.7399
200806,11,200806,12,93709,IOWA,Flash Flood,STORY,0,0,0,0,20.00K,0.00K,41.8831,-93.6911,41.8854,-93.675
200806,8,200806,8,93036,IOWA,Flash Flood,HARDIN,0,0,0,0,25.00K,0.00K,42.52,-93.27,42.5206,-93.261
200806,8,200806,8,93037,IOWA,Flash Flood,WEBSTER,0,0,0,0,10.00K,0.00K,42.44,-94.18,42.4507,-94.18
200806,12,200806,12,93736,IOWA,Flash Flood,TAMA,0,0,0,0,20.00K,0.00K,42.19,-92.45,42.1886,-92.4524
200806,5,200806,5,111555,IOWA,Flash Flood,LINN,0,0,0,0,0.00K,0.00K,41.9804,-91.7165,41.9673,-91.7165
200806,12,200806,12,93723,IOWA,Flash Flood,DALLAS,0,0,0,0,25.00K,0.00K,41.76,-93.84,41.7663,-93.8409
200806,11,200806,12,93711,IOWA,Flash Flood,DALLAS,0,0,0,0,20.00K,0.00K,41.73,-94.09,41.7393,-94.0162
200806,11,200806,12,93697,IOWA,Flash Flood,CASS,0,0,0,0,25.00K,0.00K,41.35,-95.06,41.349,-95.0551
200806,8,200806,9,93061,IOWA,Flash Flood,CERRO GORDO,0,0,0,0,500.00K,0.00K,43.1691,-93.2231,43.1699,-93.1833
200806,8,200806,9,93056,IOWA,Flash Flood,CERRO GORDO,0,0,0,0,50.00K,0.00K,43.1619,-93.2269,43.1347,-93.2302
200806,8,200806,8,93063,IOWA,Flash Flood,KOSSUTH,0,0,0,0,20.00K,0.00K,42.95,-94.09,42.9103,-94.1075
200806,8,200806,8,93065,IOWA,Flash Flood,CASS,0,0,0,0,10.00K,0.00K,41.2447,-95.1243,41.2451,-95.0479
200806,8,200806,8,93067,IOWA,Flash Flood,KOSSUTH,0,0,0,0,10.00K,0.00K,43.0649,-94.2654,43.1048,-94.0495
200806,8,200806,8,93068,IOWA,Flash Flood,CASS,0,0,0,0,10.00K,0.00K,41.4124,-94.8031,41.4715,-94.7797
200806,8,200806,8,93069,IOWA,Flash Flood,WORTH,0,0,0,0,10.00K,0.00K,43.3801,-93.2307,43.4059,-93.2248
200806,8,200806,8,93073,IOWA,Flash Flood,MARION,0,0,0,0,10.00K,0.00K,41.4916,-92.9253,41.5009,-92.9272
200806,8,200806,8,93074,IOWA,Flash Flood,CLARKE,0,0,0,0,10.00K,0.00K,41.0317,-93.6595,41.0504,-93.6564
200806,7,200806,8,92999,IOWA,Flash Flood,WINNEBAGO,0,0,0,0,20.00K,0.00K,43.3143,-93.6215,43.2965,-93.6198
200806,7,200806,8,93000,IOWA,Flash Flood,WORTH,0,0,0,0,100.00K,0.00K,43.29,-93.2,43.2962,-93.1084
200806,7,200806,8,93002,IOWA,Flash Flood,WEBSTER,0,0,0,0,100.00K,0.00K,42.521,-94.2071,42.4893,-94.2109
200806,7,200806,8,93003,IOWA,Flash Flood,WEBSTER,0,0,0,0,25.00K,0.00K,42.487,-94.1662,42.5356,-94.1806
200806,7,200806,8,93004,IOWA,Flash Flood,CRAWFORD,0,0,0,0,20.00K,0.00K,42.06,-95.63,42.0555,-95.6452
200806,7,200806,8,93005,IOWA,Flash Flood,CRAWFORD,0,0,0,0,25.00K,0.00K,42.1802,-95.3905,42.1313,-95.3778
200806,12,200806,12,93728,IOWA,Flash Flood,ADAMS,0,0,0,0,25.00K,0.00K,41.14,-94.72,41.1399,-94.6769
200806,8,200806,8,93079,IOWA,Flash Flood,MARSHALL,0,0,0,0,50.00K,0.00K,42.0197,-92.9522,42.0195,-92.8849
200806,12,200806,12,93720,IOWA,Flash Flood,DALLAS,0,0,0,0,25.00K,0.00K,41.68,-94.0,41.6948,-94.0007
200806,11,200806,12,93700,IOWA,Flash Flood,CARROLL,0,0,0,0,20.00K,0.00K,42.04,-94.73,42.0394,-94.723
200806,7,200806,9,93009,IOWA,Flash Flood,CERRO GORDO,0,0,0,0,200.00K,0.00K,43.2544,-93.2098,43.2283,-93.2094
200806,7,200806,8,93011,IOWA,Flash Flood,WEBSTER,0,0,0,0,100.00K,0.00K,42.5055,-94.1735,42.5058,-94.1918
200806,7,200806,7,93012,IOWA,Flash Flood,SAC,0,0,0,0,20.00K,0.00K,42.3084,-95.0584,42.3016,-95.0588
200806,7,200806,8,93016,IOWA,Flash Flood,WORTH,0,0,0,0,50.00K,0.00K,43.2916,-93.2118,43.2992,-93.0276
200806,7,200806,8,93018,IOWA,Flash Flood,WEBSTER,0,0,0,0,50.00K,0.00K,42.5232,-94.2071,42.4916,-94.2047
200806,7,200806,8,93021,IOWA,Flash Flood,CRAWFORD,0,0,0,0,10.00K,0.00K,42.1868,-95.3331,42.195,-95.3133
200806,11,200806,12,93704,IOWA,Flash Flood,KOSSUTH,0,0,0,0,50.00K,0.00K,43.0934,-93.9968,43.0945,-93.9837
200806,12,200806,12,93730,IOWA,Flash Flood,BLACK HAWK,0,0,0,0,50.00K,0.00K,42.4979,-92.395,42.4683,-92.3954
200806,11,200806,12,93702,IOWA,Flash Flood,GUTHRIE,0,0,0,0,20.00K,0.00K,41.8006,-94.3125,41.8202,-94.3084
200806,12,200806,12,93726,IOWA,Flash Flood,WORTH,0,0,0,0,25.00K,0.00K,43.4511,-93.2298,43.4415,-93.2295
200806,12,200806,12,93727,IOWA,Flash Flood,STORY,0,0,0,0,25.00K,0.00K,42.1031,-93.6463,42.1099,-93.6432
200806,12,200806,12,93733,IOWA,Flash Flood,BLACK HAWK,0,0,0,0,150.00K,0.00K,42.49,-92.35,42.4845,-92.3315
200806,11,200806,12,93712,IOWA,Flash Flood,DALLAS,0,0,0,0,25.00K,0.00K,41.83,-93.82,41.8313,-93.8154
200806,12,200806,12,95964,IOWA,Flood,FLOYD,0,0,0,0,10.00K,0.00K,43.1651,-92.7658,43.1862,-92.6051
200806,11,200806,12,93715,IOWA,Flash Flood,MARSHALL,0,0,0,0,50.00K,5.00K,41.985,-92.9828,42.0636,-92.9478
200806,11,200806,12,93699,IOWA,Flash Flood,CARROLL,0,0,0,0,20.00K,0.00K,41.9659,-94.833,41.9708,-94.8321
200806,12,200806,12,93724,IOWA,Flash Flood,POLK,0,0,0,0,50.00K,0.00K,41.575,-93.6241,41.5824,-93.6166
200807,20,200807,24,111905,IOWA,Flood,MAHASKA,0,0,0,0,10.00K,5.00K,41.4888,-92.8635,41.319,-92.417
200806,12,200806,12,105708,IOWA,Flood,CASS,0,0,0,0,10.00K,10.00K,41.4318,-95.0292,41.411,-95.0106
200806,12,200806,16,105709,IOWA,Flood,WAYNE,0,0,0,0,10.00K,10.00K,40.8436,-93.1129,40.769,-93.1038
200806,13,200806,14,105710,IOWA,Flood,APPANOOSE,0,0,0,0,10.00K,10.00K,40.5973,-92.6614,40.8445,-92.8575
200806,10,200806,20,105711,IOWA,Flood,POLK,0,0,0,0,2.00M,1.00M,41.6792,-93.6926,41.5905,-93.6585
200806,12,200806,12,105712,IOWA,Flood,DALLAS,0,0,0,0,10.00K,10.00K,41.5806,-94.1905,41.6009,-94.1505
200806,11,200806,12,93695,IOWA,Flash Flood,PALO ALTO,0,0,0,0,25.00K,0.00K,42.9308,-94.6294,42.9101,-94.6259
200806,11,200806,12,93713,IOWA,Flash Flood,DALLAS,0,0,0,0,25.00K,0.00K,41.85,-93.82,41.8512,-93.816
200806,11,200806,12,93701,IOWA,Flash Flood,GUTHRIE,0,0,0,0,25.00K,0.00K,41.7564,-94.4065,41.7575,-94.4381
200806,12,200806,12,95965,IOWA,Flood,MITCHELL,0,0,0,0,10.00K,0.00K,43.28,-92.82,43.1972,-92.851
200806,12,200806,12,93717,IOWA,Flash Flood,STORY,0,0,0,0,25.00K,0.00K,41.934,-93.6543,41.972,-93.631
200806,12,200806,12,93725,IOWA,Flash Flood,HAMILTON,0,0,0,0,25.00K,0.00K,42.4622,-93.8445,42.4568,-93.8025
200806,12,200806,13,105713,IOWA,Flood,DECATUR,0,0,0,0,10.00K,50.00K,40.8341,-93.953,40.5842,-93.7511
200806,11,200806,14,105714,IOWA,Flood,WARREN,0,0,0,0,10.00K,50.00K,41.4853,-93.3827,41.4191,-93.5425
200806,5,200806,5,113006,IOWA,Flash Flood,CLAYTON,0,0,0,0,0.00K,0.00K,42.8,-91.1,42.8714,-91.1048
200806,8,200806,8,116710,IOWA,Flash Flood,SCOTT,0,0,0,0,0.00K,0.00K,41.6167,-90.5631,41.5762,-90.4994
200806,8,200806,9,116712,IOWA,Flash Flood,JONES,0,0,0,0,0.00K,0.00K,42.074,-91.0392,42.0414,-91.0384
200806,9,200806,9,116717,IOWA,Flood,BUCHANAN,0,0,0,0,0.00K,0.00K,42.5417,-92.0936,42.4493,-91.891
200806,26,200806,26,97598,IOWA,Flash Flood,POLK,0,0,0,0,5.00K,0.00K,41.5953,-93.5829,41.5913,-93.5822
200805,1,200805,8,109080,IOWA,Flood,LOUISA,0,0,0,0,0.00K,0.00K,41.3202,-91.1096,41.2329,-91.1652
200805,1,200805,16,108230,IOWA,Flood,DES MOINES,0,0,0,0,0.00K,0.00K,41.0823,-90.8943,41.0969,-90.9933
200805,1,200805,5,108210,IOWA,Flood,MUSCATINE,0,0,0,0,0.00K,0.00K,41.3398,-91.0943,41.35,-91.0336
200805,1,200805,4,109073,IOWA,Flood,SCOTT,0,0,0,0,0.00K,0.00K,41.4335,-90.8199,41.4295,-90.7027
200805,1,200805,5,108250,IOWA,Flood,SCOTT,0,0,0,0,0.00K,0.00K,41.7959,-90.769,41.7273,-90.7993
200806,26,200806,26,97580,IOWA,Flash Flood,WARREN,0,0,0,0,30.00K,0.00K,41.18,-93.62,41.1846,-93.5599
200806,26,200806,26,97589,IOWA,Flash Flood,POLK,0,0,0,0,5.00K,0.00K,41.6375,-93.7233,41.6248,-93.7209
200806,27,200806,27,114902,IOWA,Flash Flood,KEOKUK,0,0,0,0,5.00K,0.00K,41.371,-91.968,41.355,-91.968
200806,8,200806,8,115771,IOWA,Flash Flood,DUBUQUE,0,0,0,0,25.00K,0.00K,42.5752,-90.8068,42.5623,-90.8073
200806,26,200806,26,97590,IOWA,Flash Flood,POLK,0,0,0,0,10.00K,0.00K,41.5965,-93.7563,41.5973,-93.7431
200806,26,200806,26,97595,IOWA,Flash Flood,POLK,0,0,0,0,10.00K,0.00K,41.6169,-93.6991,41.6081,-93.6974
200807,8,200807,8,100743,IOWA,Flash Flood,MARION,0,0,0,0,25.00K,0.00K,41.23,-93.32,41.2138,-93.3225
200807,8,200807,8,100744,IOWA,Flash Flood,MARION,0,0,0,0,50.00K,0.00K,41.18,-92.95,41.1917,-92.9598
200807,8,200807,8,100746,IOWA,Flash Flood,MONROE,0,0,0,0,30.00K,0.00K,40.9693,-93.066,40.9837,-93.064
200806,8,200806,8,116460,IOWA,Flash Flood,JONES,0,0,0,0,0.00K,0.00K,42.2293,-91.1948,42.2257,-91.1948
200806,8,200806,8,116659,IOWA,Flash Flood,LINN,0,0,0,0,0.00K,0.00K,42.2055,-91.7981,42.1733,-91.795
200806,26,200806,26,97596,IOWA,Flash Flood,POLK,0,0,0,0,5.00K,0.00K,41.6582,-93.6794,41.6719,-93.6772
200807,8,200807,8,100747,IOWA,Flash Flood,MONROE,0,0,0,0,10.00K,0.00K,41.03,-92.8,41.0621,-92.7919
200807,8,200807,8,100749,IOWA,Flash Flood,MONROE,0,0,0,0,50.00K,0.00K,40.962,-92.7998,40.9592,-92.8544
200807,8,200807,8,100750,IOWA,Flash Flood,WARREN,0,0,0,0,20.00K,0.00K,41.3516,-93.5788,41.361,-93.5848
200806,26,200806,26,97582,IOWA,Flash Flood,BOONE,0,0,0,0,50.00K,0.00K,41.9926,-93.9056,42.0363,-93.8318
200806,25,200806,26,97541,IOWA,Flash Flood,POLK,0,0,0,0,10.00K,0.00K,41.7775,-93.807,41.8026,-93.8113
200806,19,200806,19,95480,IOWA,Flash Flood,TAYLOR,0,0,0,0,10.00K,0.00K,40.789,-94.606,40.8663,-94.6046
200806,26,200806,26,97583,IOWA,Flash Flood,POLK,0,0,0,0,5.00K,0.00K,41.6315,-93.6847,41.6165,-93.6839
200806,8,200806,8,116472,IOWA,Flash Flood,DELAWARE,0,0,0,0,25.00K,0.00K,42.6107,-91.5917,42.5493,-91.5917
200806,8,200806,8,116478,IOWA,Flash Flood,DELAWARE,0,0,0,0,0.00K,0.00K,42.614,-91.216,42.559,-91.216
200806,26,200806,26,97591,IOWA,Flash Flood,WARREN,0,0,0,0,5.00K,0.00K,41.4637,-93.7024,41.507,-93.6942
200806,26,200806,26,97593,IOWA,Flash Flood,POLK,0,0,0,0,25.00K,0.00K,41.58,-93.62,41.5812,-93.65
200806,8,200806,8,116683,IOWA,Flash Flood,JOHNSON,0,0,0,0,25.00K,0.00K,41.6433,-91.5353,41.6401,-91.5353
200806,26,200806,26,97597,IOWA,Flash Flood,POLK,0,0,0,0,5.00K,0.00K,41.6683,-93.5239,41.6509,-93.5192
200806,3,200806,4,111536,IOWA,Flash Flood,DES MOINES,0,0,0,0,0.00K,0.00K,40.8262,-91.1418,40.8196,-91.142
200806,3,200806,3,111226,IOWA,Flash Flood,JOHNSON,0,0,0,0,0.00K,0.00K,41.665,-91.585,41.65,-91.585
200806,3,200806,3,111258,IOWA,Flash Flood,KEOKUK,0,0,0,0,0.00K,0.00K,41.51,-92.411,41.337,-92.411
200806,11,200806,12,101557,IOWA,Flood,POTTAWATTAMIE,0,0,0,0,0.00K,0.00K,41.4,-95.3936,41.0255,-95.544
200806,5,200806,15,101495,IOWA,Flood,FREMONT,0,0,0,0,0.00K,0.00K,40.8959,-95.7884,40.872,-95.8585
200806,8,200806,9,97233,IOWA,Flood,HARRISON,0,0,0,0,0.00K,0.00K,41.8609,-95.6216,41.8448,-95.6068
200806,8,200806,8,122514,IOWA,Flash Flood,ALLAMAKEE,0,0,0,0,750.00K,250.00K,43.4908,-91.7001,43.4908,-91.236
200806,7,200806,10,112025,IOWA,Flood,ALLAMAKEE,0,0,0,0,1.25M,1.00M,43.4988,-91.648,43.4988,-91.2277
200804,24,200804,27,87926,IOWA,Flood,CLAYTON,0,0,0,0,380.00K,0.00K,42.8528,-91.4142,42.8606,-91.3973
200806,8,200806,11,112554,IOWA,Flood,CLAYTON,0,0,0,0,2.00M,2.50M,42.736,-91.272,42.7471,-91.2758
200806,7,200806,7,112016,IOWA,Flash Flood,HOWARD,0,0,0,0,80.00K,70.00K,43.4711,-92.37,43.4993,-92.3456
200804,25,200804,25,85963,IOWA,Flash Flood,CLAYTON,0,0,0,0,290.00K,0.00K,42.68,-91.53,42.6633,-91.1247
200806,7,200806,7,112015,IOWA,Flash Flood,MITCHELL,0,0,0,0,1.00M,1.50M,43.4928,-92.9869,43.2552,-92.9279
200806,8,200806,11,112313,IOWA,Flood,ALLAMAKEE,0,0,0,0,750.00K,500.00K,43.3841,-91.5436,43.4245,-91.5621
200806,8,200806,9,97269,IOWA,Flood,FREMONT,0,0,0,0,0.00K,0.00K,40.8907,-95.5948,40.9011,-95.557
200806,8,200806,10,112311,IOWA,Flood,WINNESHIEK,0,0,0,0,750.00K,1.00M,43.4619,-91.9954,43.3134,-91.6744
200806,11,200806,11,98343,IOWA,Flash Flood,POTTAWATTAMIE,0,0,0,0,0.00K,0.00K,41.2421,-95.8701,41.2547,-95.8731
200806,7,200806,10,112026,IOWA,Flood,CLAYTON,0,0,0,0,4.70M,20.00M,42.6461,-91.6095,43.0488,-91.5985
200806,5,200806,18,97286,IOWA,Flood,FREMONT,0,0,0,0,0.00K,0.00K,40.6525,-95.6332,40.6431,-95.612
200806,5,200806,6,97131,IOWA,Flood,FREMONT,0,0,0,0,0.00K,0.00K,40.8977,-95.5866,40.8588,-95.5735
200806,12,200806,13,101560,IOWA,Flood,PAGE,0,0,0,0,0.00K,0.00K,40.912,-95.0098,40.8325,-94.9658
200806,5,200806,6,97133,IOWA,Flood,PAGE,0,0,0,0,550.00K,0.00K,40.7838,-95.0057,40.7613,-94.9809
200806,11,200806,13,101559,IOWA,Flood,FREMONT,0,0,0,0,0.00K,0.00K,40.6635,-95.6381,40.9052,-95.2988
200806,11,200806,13,101558,IOWA,Flood,MONTGOMERY,0,0,0,0,0.00K,0.00K,41.1476,-95.1389,40.9975,-95.018
200806,5,200806,5,113534,IOWA,Flood,PAGE,0,0,0,0,800.00K,0.00K,40.8855,-95.3019,40.7961,-95.3854
200806,11,200806,13,101556,IOWA,Flood,FREMONT,0,0,0,0,0.00K,0.00K,40.8969,-95.5927,40.8985,-95.5687
200806,11,200806,12,101561,IOWA,Flood,POTTAWATTAMIE,0,0,0,0,0.00K,0.00K,41.8327,-95.6854,41.7938,-95.6085
200806,5,200806,14,101489,IOWA,Flood,MILLS,0,0,0,0,0.00K,0.00K,41.0524,-95.8955,41.0348,-95.8365
200806,12,200806,12,117761,IOWA,Flash Flood,BENTON,0,0,0,0,0.00K,0.00K,42.022,-92.1633,41.964,-92.1628
200806,12,200806,12,117765,IOWA,Flash Flood,LINN,0,0,0,0,0.00K,0.00K,42.0771,-91.7015,42.0353,-91.7015
200806,12,200806,12,117767,IOWA,Flash Flood,DUBUQUE,0,0,0,0,0.00K,0.00K,42.5151,-91.1334,42.4712,-91.1309
200806,12,200806,13,117777,IOWA,Flash Flood,CLINTON,0,0,0,0,5.00K,0.00K,41.8747,-90.1737,41.8749,-90.2242
200806,13,200806,13,117705,IOWA,Flash Flood,LOUISA,0,0,0,0,100.00K,0.00K,41.1969,-91.1742,41.1878,-91.1716
200806,12,200806,13,117148,IOWA,Flash Flood,JONES,0,0,0,0,500.00K,0.00K,42.1119,-91.2964,42.103,-91.3005
200806,12,200806,13,117781,IOWA,Flash Flood,HENRY,0,0,0,0,0.00K,0.00K,40.9701,-91.642,40.9094,-91.6418
200806,13,200806,13,117789,IOWA,Flash Flood,LEE,0,0,0,0,0.00K,0.00K,40.8137,-91.7188,40.77,-91.7188
200806,12,200806,13,117783,IOWA,Flash Flood,VAN BUREN,0,0,0,0,0.00K,0.00K,40.6752,-91.8045,40.6119,-91.8052
200806,13,200806,13,117792,IOWA,Flash Flood,JONES,0,0,0,0,0.00K,0.00K,42.09,-91.0551,42.0291,-91.0551
200806,13,200806,13,117797,IOWA,Flash Flood,MUSCATINE,0,0,0,0,0.00K,0.00K,41.6116,-90.8803,41.583,-90.8813
200806,12,200806,12,117751,IOWA,Flash Flood,BUCHANAN,0,0,0,0,0.00K,0.00K,42.3207,-92.0141,42.3088,-92.0143
200806,12,200806,12,117756,IOWA,Flash Flood,IOWA,0,0,0,0,0.00K,0.00K,41.7366,-92.3195,41.7146,-92.3001
200806,12,200806,13,117768,IOWA,Flash Flood,LOUISA,0,0,0,0,0.00K,0.00K,41.1332,-91.3134,41.075,-91.3136
200806,12,200806,13,117770,IOWA,Flash Flood,WASHINGTON,0,0,0,0,0.00K,0.00K,41.3228,-91.7345,41.257,-91.7352
200806,12,200806,13,117774,IOWA,Flash Flood,SCOTT,0,0,0,0,500.00K,0.00K,41.6042,-90.6764,41.5387,-90.677
200806,25,200806,25,117121,IOWA,Flash Flood,JEFFERSON,0,0,0,0,0.00K,0.00K,41.159,-92.08,41.13,-92.1184
200806,12,200806,12,98344,IOWA,Flash Flood,POTTAWATTAMIE,0,0,0,0,0.00K,0.00K,41.3211,-95.4204,41.3242,-95.3984
200806,1,200806,19,120352,IOWA,Flood,CLAY,0,0,0,0,0.00K,0.00K,43.25,-95.2892,42.9099,-95.1727
200806,7,200806,7,118162,IOWA,Flash Flood,IDA,0,0,0,0,0.00K,0.00K,42.2,-95.38,42.2,-95.34
200806,3,200806,3,111216,IOWA,Flash Flood,IOWA,0,0,0,0,0.00K,0.00K,41.857,-92.2394,41.643,-92.2393
200806,13,200806,14,120345,IOWA,Flood,SIOUX,0,0,0,0,0.00K,0.00K,43.0469,-95.9621,42.9095,-96.078
200806,3,200806,3,111223,IOWA,Flash Flood,WASHINGTON,0,0,0,0,0.00K,0.00K,41.5,-91.735,41.47,-91.735
200806,26,200806,26,120364,IOWA,Flood,PLYMOUTH,0,0,0,0,0.00K,0.00K,42.7924,-96.25,42.7098,-96.2639
200806,1,200806,14,120348,IOWA,Flood,DICKINSON,0,0,0,0,0.00K,0.00K,43.3522,-95.2235,43.2379,-95.2765
200807,29,200807,29,111999,IOWA,Flood,POLK,0,0,0,0,10.00K,0.00K,41.591,-93.5821,41.5687,-93.4725
200807,28,200807,29,112001,IOWA,Flood,DALLAS,0,0,0,0,10.00K,5.00K,41.5501,-93.9584,41.5335,-93.8916
200807,24,200807,24,106363,IOWA,Flash Flood,ADAMS,0,0,0,0,100.00K,100.00K,40.9817,-94.5748,40.9826,-94.5615
200807,24,200807,26,111995,IOWA,Flood,DECATUR,0,0,0,0,10.00K,50.00K,40.8341,-93.953,40.5842,-93.7511
200807,25,200807,26,111996,IOWA,Flood,WAYNE,0,0,0,0,10.00K,50.00K,40.8436,-93.1129,40.769,-93.1038
200807,28,200807,29,111997,IOWA,Flood,WARREN,0,0,0,0,25.00K,50.00K,41.3199,-93.4869,41.3791,-93.3723
200807,24,200807,24,106371,IOWA,Flash Flood,RINGGOLD,0,0,0,0,100.00K,50.00K,40.74,-94.21,40.741,-94.1849
200807,28,200807,29,112006,IOWA,Flood,DALLAS,0,0,0,0,10.00K,10.00K,41.5806,-94.1905,41.6009,-94.1505
200807,28,200807,30,112007,IOWA,Flood,DECATUR,0,0,0,0,5.00K,25.00K,40.8341,-93.953,40.5842,-93.7511
200807,24,200807,24,106376,IOWA,Flash Flood,RINGGOLD,0,0,0,0,25.00K,25.00K,40.7603,-94.2315,40.7384,-94.2376
200807,24,200807,24,106364,IOWA,Flash Flood,DECATUR,0,0,0,0,25.00K,50.00K,40.728,-93.9544,40.7298,-93.9414
200807,28,200807,30,111998,IOWA,Flood,MARION,0,0,0,0,50.00K,100.00K,41.2112,-92.9318,41.2685,-92.8932
200807,28,200807,29,112000,IOWA,Flood,MARION,0,0,0,0,25.00K,0.00K,41.2034,-92.6412,41.387,-92.9555
200807,24,200807,24,106491,IOWA,Flash Flood,DECATUR,0,0,0,0,50.00K,25.00K,40.63,-93.78,40.6775,-93.7724
200807,28,200807,29,112010,IOWA,Flood,APPANOOSE,0,0,0,0,10.00K,5.00K,40.5973,-92.6614,40.8445,-92.8575
200807,28,200807,29,112011,IOWA,Flood,WAYNE,0,0,0,0,20.00K,50.00K,40.8436,-93.1129,40.769,-93.1038
200807,28,200807,30,112004,IOWA,Flood,POLK,0,0,0,0,50.00K,10.00K,41.8498,-93.9994,41.7549,-93.7758
200807,28,200807,30,112005,IOWA,Flood,POLK,0,0,0,0,10.00K,5.00K,41.5658,-93.6716,41.5742,-93.6953
200807,24,200807,24,106672,IOWA,Flash Flood,RINGGOLD,0,0,0,0,50.00K,100.00K,40.6686,-94.3066,40.6723,-94.239
200807,24,200807,24,106374,IOWA,Flash Flood,RINGGOLD,0,0,0,0,25.00K,50.00K,40.7043,-94.0684,40.7015,-94.123
200807,24,200807,24,106485,IOWA,Flash Flood,DECATUR,0,0,0,0,50.00K,25.00K,40.59,-93.75,40.6188,-93.7429
200807,24,200807,24,106367,IOWA,Flash Flood,RINGGOLD,0,0,0,0,25.00K,50.00K,40.78,-94.08,40.7851,-94.0177
200807,24,200807,24,106497,IOWA,Flash Flood,DECATUR,0,0,0,0,25.00K,25.00K,40.64,-94.01,40.6363,-94.0158
200807,29,200807,30,112008,IOWA,Flood,MAHASKA,0,0,0,0,0.00K,0.00K,41.4888,-92.8635,41.319,-92.417
200807,28,200807,29,112009,IOWA,Flood,WARREN,0,0,0,0,25.00K,50.00K,41.4853,-93.3827,41.4191,-93.5425
200807,24,200807,24,106673,IOWA,Flash Flood,RINGGOLD,0,0,0,0,25.00K,100.00K,40.8123,-94.3815,40.8366,-94.3811
200806,7,200806,8,112020,IOWA,Flash Flood,WINNESHIEK,0,0,0,0,1.00M,1.00M,43.4988,-92.0737,43.4968,-91.6782
200807,8,200807,8,111898,IOWA,Flood,WARREN,0,0,0,0,10.00K,5.00K,41.3199,-93.4869,41.3791,-93.3723
200807,8,200807,10,111900,IOWA,Flood,MARION,0,0,0,0,10.00K,5.00K,41.2034,-92.6412,41.387,-92.9555
200807,25,200807,31,111994,IOWA,Flood,LUCAS,0,0,0,0,10.00K,100.00K,40.9691,-93.2575,40.9009,-93.2108
200807,8,200807,10,111899,IOWA,Flood,MARION,0,0,0,0,10.00K,25.00K,41.2112,-92.9318,41.2685,-92.8932
200807,24,200807,24,106369,IOWA,Flash Flood,RINGGOLD,0,0,0,0,100.00K,50.00K,40.8489,-94.0958,40.8662,-94.0698
200807,28,200807,31,112012,IOWA,Flood,WARREN,0,0,0,0,25.00K,50.00K,41.4286,-93.79,41.4103,-93.7903
200807,25,200807,25,106959,IOWA,Flood,LUCAS,0,0,0,0,25.00K,25.00K,40.9815,-93.506,41.0041,-93.5086
200807,7,200807,7,104607,IOWA,Flash Flood,MITCHELL,0,0,0,0,0.00K,0.00K,43.2925,-92.8211,43.293,-92.7996
200809,13,200809,13,124503,IOWA,Flood,LUCAS,0,0,0,0,50.00K,0.00K,41.02,-93.32,40.9784,-93.3103
200809,13,200809,13,124506,IOWA,Flood,DAVIS,0,0,0,0,50.00K,0.00K,40.7,-92.27,40.7156,-92.1842
200807,25,200807,25,106946,IOWA,Flash Flood,WAYNE,0,0,0,0,50.00K,100.00K,40.8538,-93.2791,40.8427,-93.2767
200807,25,200807,25,106947,IOWA,Flood,WAYNE,0,0,0,0,25.00K,100.00K,40.78,-93.14,40.8211,-93.1445
200807,25,200807,25,106960,IOWA,Flood,LUCAS,0,0,0,0,25.00K,50.00K,41.0268,-93.4758,41.0262,-93.4571
200807,8,200807,8,111901,IOWA,Flood,WARREN,0,0,0,0,10.00K,5.00K,41.4853,-93.3827,41.4191,-93.5425
200807,8,200807,9,111902,IOWA,Flood,APPANOOSE,0,0,0,0,5.00K,0.00K,40.5973,-92.6614,40.8445,-92.8575
200807,24,200807,24,106675,IOWA,Flash Flood,UNION,0,0,0,0,50.00K,100.00K,41.04,-94.36,41.0471,-94.3303
200807,8,200807,9,111903,IOWA,Flood,WARREN,0,0,0,0,10.00K,5.00K,41.4286,-93.79,41.4103,-93.7903
200807,28,200807,28,107787,IOWA,Flash Flood,WAYNE,0,0,0,0,25.00K,25.00K,40.76,-93.1433,40.7884,-93.132
200807,2,200807,2,127034,IOWA,Flash Flood,JONES,0,0,0,0,0.00K,0.00K,42.1189,-91.3002,42.1018,-91.3007
200807,2,200807,2,127036,IOWA,Flash Flood,LINN,0,0,0,0,15.00K,0.00K,41.87,-91.6189,41.8501,-91.5662
200807,2,200807,2,127038,IOWA,Flash Flood,JOHNSON,0,0,0,0,0.00K,0.00K,41.6479,-91.5369,41.6431,-91.537
200807,27,200807,27,107475,IOWA,Flash Flood,BOONE,0,0,0,0,5.00K,0.00K,42.0638,-93.9412,42.1224,-93.9712
200807,27,200807,28,107476,IOWA,Flood,POLK,0,0,0,0,10.00K,5.00K,41.8177,-93.6158,41.8216,-93.6107
200807,28,200807,28,107477,IOWA,Flood,POLK,0,0,0,0,25.00K,0.00K,41.5651,-93.762,41.5733,-93.7646
200807,28,200807,28,107478,IOWA,Flood,POLK,0,0,0,0,25.00K,0.00K,41.7344,-93.6116,41.7401,-93.6145
200809,12,200809,12,124423,IOWA,Flash Flood,CLARKE,0,0,0,0,50.00K,0.00K,41.0066,-93.5944,41.0168,-93.5891
200807,28,200807,28,107479,IOWA,Flash Flood,APPANOOSE,0,0,0,0,25.00K,5.00K,40.73,-92.86,40.7366,-92.8592
200809,12,200809,12,124424,IOWA,Flash Flood,CLARKE,0,0,0,0,10.00K,0.00K,41.02,-93.76,41.026,-93.7776
200807,28,200807,28,107788,IOWA,Flood,DALLAS,0,0,0,0,5.00K,0.00K,41.5875,-93.8057,41.5902,-93.8059
200807,28,200807,28,107790,IOWA,Flood,MONROE,0,0,0,0,25.00K,0.00K,40.9713,-93.0266,40.9721,-93.0578
200807,28,200807,28,107793,IOWA,Flood,GUTHRIE,0,0,0,0,100.00K,100.00K,41.85,-94.56,41.8461,-94.308
200807,28,200807,28,107794,IOWA,Flood,WARREN,0,0,0,0,50.00K,10.00K,41.1859,-93.6955,41.1854,-93.7493
200807,28,200807,28,107795,IOWA,Flood,POLK,0,0,0,0,10.00K,5.00K,41.67,-93.54,41.6592,-93.5366
200807,28,200807,28,107796,IOWA,Flood,CLARKE,0,0,0,0,10.00K,10.00K,41.002,-93.7776,41.004,-93.7268
200809,12,200809,12,124422,IOWA,Flash Flood,CLARKE,0,0,0,0,25.00K,0.00K,41.02,-93.6,40.9965,-93.5973
200807,27,200807,27,107473,IOWA,Flash Flood,WAYNE,0,0,0,0,25.00K,0.00K,40.8414,-93.3984,40.8365,-93.3991
200807,27,200807,27,107474,IOWA,Flash Flood,WAYNE,0,0,0,0,15.00K,20.00K,40.89,-93.38,40.8911,-93.3671
200807,27,200807,28,107480,IOWA,Flash Flood,MONROE,0,0,0,0,25.00K,0.00K,41.03,-92.8,41.0376,-92.8009
200807,28,200807,28,107481,IOWA,Flash Flood,ADAIR,0,0,0,0,10.00K,0.00K,41.496,-94.3252,41.5,-94.3246
200807,28,200807,28,107767,IOWA,Flash Flood,WARREN,0,0,0,0,25.00K,0.00K,41.3568,-93.5781,41.3543,-93.5633
200807,28,200807,28,107769,IOWA,Flash Flood,LUCAS,0,0,0,0,25.00K,0.00K,41.0225,-93.3035,41.0245,-93.3332
200807,28,200807,28,107772,IOWA,Flash Flood,WARREN,0,0,0,0,10.00K,5.00K,41.2261,-93.7802,41.2305,-93.7791
200807,28,200807,28,107776,IOWA,Flash Flood,CLARKE,0,0,0,0,10.00K,5.00K,41.01,-93.77,41.0106,-93.7596
200807,28,200807,28,107778,IOWA,Flash Flood,MADISON,0,0,0,0,0.00K,0.00K,41.2106,-93.8523,41.213,-93.8271
200807,28,200807,28,107780,IOWA,Flash Flood,MADISON,0,0,0,0,15.00K,0.00K,41.3417,-94.0292,41.3412,-93.9971
200807,28,200807,28,107781,IOWA,Flash Flood,MADISON,0,0,0,0,25.00K,0.00K,41.2209,-93.8755,41.2114,-93.8759
200807,28,200807,28,107782,IOWA,Flash Flood,MONROE,0,0,0,0,10.00K,5.00K,41.0568,-92.8925,41.0543,-92.872
200807,28,200807,28,107783,IOWA,Flash Flood,MONROE,0,0,0,0,5.00K,5.00K,41.1287,-92.9376,41.1403,-92.9276
200807,28,200807,28,107785,IOWA,Flash Flood,CLARKE,0,0,0,0,25.00K,10.00K,41.01,-93.72,41.0592,-93.7168
200809,12,200809,13,124425,IOWA,Flash Flood,LUCAS,0,0,0,0,100.00K,0.00K,40.96,-93.49,41.0784,-93.4799
200806,7,200806,10,112017,IOWA,Flood,MITCHELL,0,0,0,0,1.20M,1.50M,43.4988,-92.715,43.2162,-92.612
200806,7,200806,10,112021,IOWA,Flood,FLOYD,0,0,0,0,1.00M,1.25M,43.2512,-92.8537,43.2532,-92.5955
200806,7,200806,10,112024,IOWA,Flood,FAYETTE,0,0,0,0,3.10M,2.20M,42.6582,-91.9913,43.0849,-92.0654
200806,8,200806,11,112553,IOWA,Flood,FLOYD,0,0,0,0,750.00K,800.00K,43.1055,-92.7473,43.117,-92.715
200809,13,200809,13,130499,IOWA,Flash Flood,LEE,0,0,0,0,25.00K,0.00K,40.6537,-91.5767,40.6314,-91.5769
200809,13,200809,13,130507,IOWA,Flash Flood,HENRY,0,0,0,0,250.00K,0.00K,40.9306,-91.6998,40.8465,-91.565
200809,13,200809,13,130510,IOWA,Flash Flood,VAN BUREN,0,0,0,0,50.00K,0.00K,40.8938,-91.8716,40.6098,-92.1508
200806,7,200806,10,112018,IOWA,Flood,HOWARD,0,0,0,0,750.00K,1.00M,43.2122,-92.0764,43.2492,-92.5049
200806,7,200806,10,112022,IOWA,Flood,CHICKASAW,0,0,0,0,600.00K,1.00M,42.9464,-92.579,42.9303,-92.1094
200806,8,200806,10,112023,IOWA,Flood,WINNESHIEK,0,0,0,0,2.70M,2.50M,43.4928,-92.0654,43.4968,-91.7084
200806,8,200806,12,112555,IOWA,Flood,CLAYTON,0,0,0,0,3.50M,3.00M,42.8689,-91.4399,42.875,-91.4155
200806,7,200806,7,112019,IOWA,Flash Flood,ALLAMAKEE,3,0,0,0,2.00M,1.50M,43.4908,-91.7001,43.4908,-91.236
200806,5,200806,5,117472,IOWA,Flash Flood,LYON,0,0,0,0,0.00K,0.00K,43.41,-96.19,43.41,-96.15
200809,13,200809,13,130513,IOWA,Flash Flood,DES MOINES,0,0,0,0,0.00K,0.00K,41.0227,-91.185,40.8263,-91.2099
200809,12,200809,13,130733,IOWA,Flood,WAYNE,0,0,0,0,0.00K,5.00K,40.8436,-93.1129,40.769,-93.1038
200809,13,200809,14,130734,IOWA,Flood,MARION,0,0,0,0,0.00K,5.00K,41.2112,-92.9318,41.2685,-92.8932
200809,12,200809,16,130732,IOWA,Flood,LUCAS,0,0,0,0,5.00K,25.00K,40.9691,-93.2575,40.9009,-93.2108
200809,13,200809,15,133113,IOWA,Flood,LEE,0,0,0,0,500.00K,500.00K,40.8128,-91.454,40.6765,-91.1172
200809,13,200809,15,133115,IOWA,Flood,DES MOINES,0,0,0,0,500.00K,500.00K,40.8128,-91.454,40.6765,-91.1171
200810,22,200810,22,134719,IOWA,Flood,TAYLOR,0,0,0,0,0.00K,10.00K,40.7513,-94.6431,40.5739,-94.818
200807,27,200807,27,129434,IOWA,Flash Flood,JEFFERSON,0,0,0,0,50.00K,0.00K,41.025,-92.0,40.985,-92.0
200811,7,200811,7,137422,IOWA,Flood,LUCAS,0,0,0,0,0.00K,5.00K,40.9691,-93.2575,40.9009,-93.2108
200806,12,200806,13,93694,IOWA,Flood,POLK,0,0,0,0,250.00K,0.00K,41.5414,-93.6602,41.5749,-93.5307
200806,27,200806,27,114897,IOWA,Flash Flood,WASHINGTON,0,0,0,0,0.00K,0.00K,41.34,-91.9465,41.335,-91.9465
200806,11,200806,12,93698,IOWA,Flash Flood,CASS,0,0,0,0,100.00K,0.00K,41.4124,-95.0317,41.3907,-95.0441
200806,12,200806,13,117132,IOWA,Flash Flood,JOHNSON,0,0,0,0,500.00K,0.00K,41.6791,-91.5674,41.6681,-91.5674
200805,7,200805,9,94240,IOWA,Flood,WEBSTER,0,0,0,0,0.00K,20.00K,42.3199,-93.9336,42.0737,-93.9072
200805,25,200805,25,106241,IOWA,Flash Flood,DELAWARE,0,0,0,0,0.00K,0.00K,42.5902,-91.5639,42.5698,-91.5639
200806,5,200806,5,97135,IOWA,Flood,MONTGOMERY,0,0,0,0,0.00K,0.00K,41.0949,-95.2127,41.0845,-95.1952
200806,7,200806,8,93025,IOWA,Flash Flood,CRAWFORD,0,0,0,0,25.00K,0.00K,41.9453,-95.5371,41.9009,-95.5977
200804,25,200804,25,83807,IOWA,Flash Flood,HARDIN,0,0,0,0,5.00K,0.00K,42.45,-93.31,42.4465,-93.3091
200805,30,200805,31,94290,IOWA,Flood,BUTLER,0,0,0,0,0.00K,15.00K,42.5589,-92.5583,42.5886,-92.7608
200806,8,200806,8,93555,IOWA,Flood,POLK,0,0,0,0,1.00K,0.00K,41.57,-93.45,41.5705,-93.4475
200806,1,200806,21,120360,IOWA,Flood,BUENA VISTA,0,0,0,0,0.00K,0.00K,42.8966,-95.0953,42.9022,-95.323
200809,13,200809,13,124427,IOWA,Flash Flood,DAVIS,0,0,0,0,50.00K,0.00K,40.62,-92.2,40.7036,-92.198
200806,1,200806,2,104422,IOWA,Flood,POLK,0,0,0,0,10.00K,50.00K,41.5501,-93.9584,41.5335,-93.8916
200911,1,200911,3,198739,IOWA,Flood,MAHASKA,0,0,0,0,10.00K,0.00K,41.4888,-92.8635,41.319,-92.417
200910,1,200910,1,198427,IOWA,Flash Flood,DICKINSON,0,0,0,0,0.00K,0.00K,43.41,-95.12,43.41,-95.09
200904,30,200904,30,164712,IOWA,Flood,KEOKUK,0,0,0,0,0.00K,0.00K,41.35,-92.4113,41.25,-92.4113
200905,15,200905,15,159138,IOWA,Flash Flood,TAYLOR,0,0,0,0,10.00K,0.00K,40.6,-94.68,40.5957,-94.6775
200905,15,200905,15,159139,IOWA,Flash Flood,TAYLOR,0,0,0,0,10.00K,0.00K,40.62,-94.48,40.6151,-94.4839
200905,2,200905,6,170182,IOWA,Flood,SCOTT,0,0,0,0,125.00K,0.00K,41.95,-90.9,41.73,-90.9
200905,15,200905,17,170186,IOWA,Flood,DES MOINES,0,0,0,0,150.00K,0.00K,40.81,-91.43,40.66,-91.11
200905,15,200905,17,170187,IOWA,Flood,LEE,0,0,0,0,150.00K,0.00K,40.81,-91.43,40.66,-91.11
200905,1,200905,7,170074,IOWA,Flood,IOWA,0,0,0,0,500.00K,0.00K,41.8628,-92.2983,41.75,-92.2983
200905,2,200905,6,170181,IOWA,Flood,CLINTON,0,0,0,0,125.00K,0.00K,41.95,-90.9,41.73,-90.9
200907,14,200907,14,190205,IOWA,Flash Flood,DICKINSON,0,0,0,0,0.00K,0.00K,43.4,-95.13,43.4,-95.08
200907,7,200907,7,187816,IOWA,Flash Flood,WOODBURY,0,0,0,0,0.00K,0.00K,42.49,-96.4,42.49,-96.38
200907,7,200907,7,187818,IOWA,Flash Flood,PLYMOUTH,0,0,0,0,0.00K,0.00K,42.805,-96.275,42.805,-96.262
200907,10,200907,10,189901,IOWA,Flash Flood,PLYMOUTH,0,0,0,0,0.00K,0.00K,42.77,-96.19,42.77,-96.14
200907,7,200907,7,191418,IOWA,Flash Flood,JEFFERSON,0,0,0,0,0.00K,0.00K,41.011,-92.005,41.009,-92.005
200907,9,200907,9,189569,IOWA,Flash Flood,DICKINSON,0,0,0,0,0.00K,0.00K,43.31,-95.17,43.31,-95.13
200907,9,200907,9,189577,IOWA,Flash Flood,DICKINSON,0,0,0,0,0.00K,0.00K,43.32,-95.15,43.27,-94.91
200907,7,200907,7,187815,IOWA,Flash Flood,PLYMOUTH,0,0,0,0,0.00K,0.00K,42.82,-96.565,42.82,-96.55
200903,24,200903,25,153826,IOWA,Flood,WAYNE,0,0,0,0,25.00K,0.00K,40.8436,-93.1129,40.769,-93.1038
200903,8,200903,8,149635,IOWA,Flood,MARION,0,0,0,0,25.00K,0.00K,41.25,-93.28,41.2519,-93.282
200903,24,200903,25,153823,IOWA,Flood,DECATUR,0,0,0,0,25.00K,0.00K,40.8341,-93.953,40.5842,-93.7511
200903,25,200903,27,153824,IOWA,Flood,MAHASKA,0,0,0,0,25.00K,0.00K,41.4888,-92.8635,41.319,-92.417
200903,24,200903,24,153821,IOWA,Flood,TAYLOR,0,0,0,0,25.00K,0.00K,40.7513,-94.6431,40.5739,-94.818
200903,24,200903,27,153822,IOWA,Flood,LUCAS,0,0,0,0,25.00K,0.00K,40.9691,-93.2575,40.9009,-93.2108
200902,10,200902,15,150600,IOWA,Flood,POLK,0,0,0,0,10.00K,0.00K,41.5658,-93.6716,41.5742,-93.6953
200902,14,200902,15,150601,IOWA,Flood,BLACK HAWK,0,0,0,0,10.00K,0.00K,42.6407,-92.5518,42.6103,-92.5521
200902,11,200902,12,150602,IOWA,Flood,BUTLER,0,0,0,0,10.00K,0.00K,42.5589,-92.5583,42.5886,-92.7608
200902,9,200902,13,150603,IOWA,Flood,MAHASKA,0,0,0,0,15.00K,0.00K,41.4888,-92.8635,41.319,-92.417
200903,8,200903,8,149632,IOWA,Flood,MAHASKA,0,0,0,0,10.00K,0.00K,41.29,-92.68,41.2968,-92.6802
200903,8,200903,8,149633,IOWA,Flood,MONROE,0,0,0,0,10.00K,0.00K,41.03,-92.72,41.0291,-92.7092
200902,10,200902,10,150597,IOWA,Flood,WEBSTER,0,0,0,0,0.00K,0.00K,42.5208,-94.2222,42.3504,-94.0969
200902,10,200902,10,150598,IOWA,Flood,WEBSTER,0,0,0,0,0.00K,0.00K,42.3199,-93.9336,42.3103,-94.0039
200906,22,200906,22,173626,IOWA,Flood,JOHNSON,0,0,0,0,250.00K,0.00K,41.58,-91.56,41.4,-91.52
200906,22,200906,22,173628,IOWA,Flood,WASHINGTON,0,0,0,0,250.00K,0.00K,41.58,-91.56,41.4,-91.52
200906,22,200906,23,173646,IOWA,Flood,LOUISA,0,0,0,0,250.00K,0.00K,41.26,-91.37,41.07,-91.18
200906,21,200906,22,173676,IOWA,Flood,WASHINGTON,0,0,0,0,250.00K,0.00K,41.5108,-91.9465,41.46,-91.9465
200912,25,200912,26,200730,IOWA,Flood,LUCAS,0,0,0,0,0.00K,0.00K,40.9691,-93.2575,40.9009,-93.2108
200912,25,200912,26,200729,IOWA,Flood,MARION,0,0,0,0,0.00K,0.00K,41.2112,-92.9318,41.2685,-92.8932
200903,9,200903,9,150251,IOWA,Flood,STORY,0,0,0,0,5.00K,0.00K,42.0152,-93.6324,42.0201,-93.6229
200903,10,200903,10,150252,IOWA,Flood,MAHASKA,0,0,0,0,3.00K,0.00K,41.2903,-92.6257,41.2804,-92.702
200903,8,200903,8,149634,IOWA,Flood,MAHASKA,0,0,0,0,10.00K,0.00K,41.29,-92.7,41.2883,-92.6951
200902,10,200902,15,150599,IOWA,Flood,POLK,0,0,0,0,25.00K,0.00K,41.5586,-93.6751,41.5731,-93.6085
200903,8,200903,9,153804,IOWA,Flood,MARION,0,0,0,0,25.00K,0.00K,41.2112,-92.9318,41.2685,-92.8932
200903,8,200903,12,153807,IOWA,Flood,LUCAS,0,0,0,0,25.00K,0.00K,40.9691,-93.2575,40.9009,-93.2108
200903,8,200903,9,153817,IOWA,Flood,WAYNE,0,0,0,0,25.00K,0.00K,40.8436,-93.1129,40.769,-93.1038
200904,27,200904,28,158431,IOWA,Flood,POLK,0,0,0,0,10.00K,0.00K,41.5586,-93.6751,41.5731,-93.6085
200904,27,200904,28,158432,IOWA,Flood,DALLAS,0,0,0,0,5.00K,0.00K,41.5658,-93.6716,41.5742,-93.6953
200904,27,200904,28,158434,IOWA,Flood,MARION,0,0,0,0,10.00K,0.00K,41.2112,-92.9318,41.2685,-92.8932
200904,27,200904,30,158435,IOWA,Flood,LUCAS,0,0,0,0,10.00K,0.00K,40.9691,-93.2575,40.9009,-93.2108
200904,27,200904,27,158437,IOWA,Flood,DECATUR,0,0,0,0,1.00K,0.00K,40.8341,-93.953,40.5842,-93.7511
200904,27,200904,30,158440,IOWA,Flood,MAHASKA,0,0,0,0,10.00K,0.00K,41.4888,-92.8635,41.319,-92.417
200904,26,200904,28,158444,IOWA,Flood,WARREN,0,0,0,0,5.00K,0.00K,41.4853,-93.3827,41.4191,-93.5425
200904,28,200904,28,158439,IOWA,Flood,BUTLER,0,0,0,0,1.00K,0.00K,42.5589,-92.5583,42.5886,-92.7608
200904,30,200904,30,158450,IOWA,Flood,WAPELLO,0,0,0,0,1.00K,0.00K,41.1254,-92.6374,40.9011,-92.2869
200904,26,200904,27,160184,IOWA,Flood,CLAYTON,0,0,0,0,0.00K,0.00K,42.75,-91.37,42.7546,-91.3603
200904,27,200904,27,160185,IOWA,Flood,CLAYTON,0,0,0,0,0.00K,0.00K,42.7533,-91.2816,42.736,-91.2779
200904,26,200904,27,192622,IOWA,Flood,CLAYTON,0,0,0,0,0.00K,4.00K,42.7349,-91.5491,43.0488,-91.5271
200904,27,200904,28,158452,IOWA,Flood,MARSHALL,0,0,0,0,5.00K,0.00K,42.1086,-93.0539,42.1365,-93.0038
200904,27,200904,30,158448,IOWA,Flood,WARREN,0,0,0,0,10.00K,0.00K,41.4286,-93.79,41.4103,-93.7903
200903,8,200903,11,153811,IOWA,Flood,BUTLER,0,0,0,0,50.00K,0.00K,42.5589,-92.5583,42.5886,-92.7608
200903,8,200903,9,153812,IOWA,Flood,WARREN,0,0,0,0,25.00K,0.00K,41.4853,-93.3827,41.4191,-93.5425
200903,10,200903,10,153813,IOWA,Flood,WARREN,0,0,0,0,25.00K,0.00K,41.4853,-93.3827,41.4191,-93.5425
200903,8,200903,13,153814,IOWA,Flood,MAHASKA,0,0,0,0,25.00K,0.00K,41.4888,-92.8635,41.319,-92.417
200903,10,200903,10,153818,IOWA,Flood,WAYNE,0,0,0,0,25.00K,0.00K,40.8436,-93.1129,40.769,-93.1038
200903,8,200903,11,153815,IOWA,Flood,WARREN,0,0,0,0,25.00K,0.00K,41.4286,-93.79,41.4103,-93.7903
200904,27,200904,27,158430,IOWA,Flood,DALLAS,0,0,0,0,2.00K,0.00K,41.5501,-93.9584,41.5335,-93.8916
200904,26,200904,26,156017,IOWA,Flash Flood,GUTHRIE,0,0,0,0,25.00K,0.00K,41.6682,-94.526,41.6941,-94.5307
200904,26,200904,26,156016,IOWA,Flash Flood,GUTHRIE,0,0,0,0,25.00K,0.00K,41.6711,-94.4761,41.6749,-94.5132
200904,26,200904,26,156018,IOWA,Flash Flood,GUTHRIE,0,0,0,0,10.00K,0.00K,41.7319,-94.5521,41.6849,-94.5415
200904,26,200904,26,156019,IOWA,Flash Flood,ADAIR,0,0,0,0,10.00K,0.00K,41.444,-94.6546,41.4505,-94.6522
200904,26,200904,26,156023,IOWA,Flash Flood,GUTHRIE,0,0,0,0,10.00K,0.00K,41.779,-94.3976,41.8448,-94.3966
200904,26,200904,26,156055,IOWA,Flash Flood,MARSHALL,0,0,0,0,10.00K,0.00K,42.09,-92.95,42.0846,-92.956
200904,26,200904,26,156028,IOWA,Flash Flood,GUTHRIE,0,0,0,0,20.00K,0.00K,41.59,-94.64,41.582,-94.6387
200904,26,200904,26,156049,IOWA,Flash Flood,BLACK HAWK,0,0,0,0,10.00K,0.00K,42.5045,-92.3709,42.5035,-92.379
200904,26,200904,26,156057,IOWA,Flash Flood,MARSHALL,0,0,0,0,10.00K,0.00K,42.08,-92.91,42.08,-92.9044
200904,26,200904,26,156052,IOWA,Flash Flood,BLACK HAWK,0,0,0,0,5.00K,0.00K,42.5233,-92.2728,42.5446,-92.2742
200905,15,200905,15,159137,IOWA,Flash Flood,TAYLOR,0,0,0,0,10.00K,0.00K,40.5906,-94.6999,40.5933,-94.6623
200902,11,200902,14,156168,IOWA,Flood,DICKINSON,0,0,0,0,0.00K,0.00K,43.3505,-95.1781,43.359,-95.15
200902,11,200902,14,156170,IOWA,Flood,CLAY,0,0,0,0,0.00K,0.00K,43.2472,-95.2834,42.8921,-95.15
200902,11,200902,14,156173,IOWA,Flood,CHEROKEE,0,0,0,0,0.00K,0.00K,42.87,-95.4708,42.75,-95.5894
200902,11,200902,15,156175,IOWA,Flood,CLAY,0,0,0,0,0.00K,0.00K,43.17,-95.33,43.1411,-95.33
200902,11,200902,14,156181,IOWA,Flood,SIOUX,0,0,0,0,0.00K,0.00K,43.0579,-96.47,42.92,-96.4802
200904,26,200904,26,156015,IOWA,Flash Flood,BLACK HAWK,0,0,0,0,50.00K,0.00K,42.51,-92.37,42.4914,-92.2289
200904,26,200904,26,156020,IOWA,Flash Flood,GUTHRIE,0,0,0,0,10.00K,0.00K,41.52,-94.65,41.5224,-94.6308
200904,26,200904,26,156050,IOWA,Flash Flood,GUTHRIE,0,0,0,0,15.00K,0.00K,41.78,-94.36,41.7824,-94.3087
200904,26,200904,26,156051,IOWA,Flash Flood,GUTHRIE,0,0,0,0,10.00K,0.00K,41.85,-94.31,41.8195,-94.2998
200904,26,200904,26,156053,IOWA,Flash Flood,GUTHRIE,0,0,0,0,10.00K,0.00K,41.85,-94.43,41.8585,-94.4247
200904,26,200904,26,156054,IOWA,Flash Flood,MARSHALL,0,0,0,0,15.00K,0.00K,42.05,-92.93,42.0525,-92.8987
200904,26,200904,26,156056,IOWA,Flash Flood,MARSHALL,0,0,0,0,10.00K,0.00K,42.07,-92.91,42.0715,-92.8992
200904,26,200904,26,156252,IOWA,Flash Flood,GUTHRIE,0,0,0,0,10.00K,0.00K,41.62,-94.5,41.6362,-94.5223
200904,26,200904,26,157360,IOWA,Flash Flood,BENTON,0,0,0,0,0.00K,0.00K,42.2562,-92.0298,42.22,-92.0298
200904,27,200904,28,156338,IOWA,Flood,MARION,0,0,0,0,5.00K,0.00K,41.1933,-93.2061,41.1823,-93.2078
200904,27,200904,28,156339,IOWA,Flood,MARION,0,0,0,0,5.00K,0.00K,41.283,-93.1448,41.2849,-93.1011
200904,27,200904,28,156340,IOWA,Flood,MARION,0,0,0,0,10.00K,0.00K,41.5069,-92.989,41.4946,-92.9936
200904,27,200904,28,156347,IOWA,Flood,LUCAS,0,0,0,0,20.00K,0.00K,41.017,-93.4758,41.0407,-93.4897
200904,26,200904,26,157361,IOWA,Flash Flood,BUCHANAN,0,0,0,0,0.00K,0.00K,42.4581,-92.0644,42.4353,-92.0644
200906,23,200906,23,167055,IOWA,Flash Flood,DALLAS,0,0,0,0,20.00K,0.00K,41.61,-93.86,41.616,-93.8868
200906,23,200906,23,167054,IOWA,Flash Flood,DALLAS,0,0,0,0,10.00K,0.00K,41.6033,-93.8736,41.5996,-93.8747
200906,23,200906,23,167056,IOWA,Flash Flood,DALLAS,0,0,0,0,10.00K,0.00K,41.61,-93.83,41.6121,-93.8308
200905,29,200905,31,164403,IOWA,Flood,BLACK HAWK,0,0,0,0,10.00K,0.00K,42.6407,-92.5518,42.6103,-92.5521
200904,30,200904,30,164678,IOWA,Flood,DES MOINES,0,0,0,0,10.00K,0.00K,40.7909,-91.1075,40.778,-91.1082
200905,14,200905,16,164385,IOWA,Flood,MARION,0,0,0,0,10.00K,0.00K,41.2112,-92.9318,41.2685,-92.8932
200905,15,200905,17,164386,IOWA,Flood,LUCAS,0,0,0,0,10.00K,0.00K,40.9691,-93.2575,40.9009,-93.2108
200905,15,200905,16,164392,IOWA,Flood,WAYNE,0,0,0,0,10.00K,0.00K,40.8436,-93.1129,40.769,-93.1038
200905,15,200905,15,164394,IOWA,Flood,TAYLOR,0,0,0,0,10.00K,0.00K,40.7513,-94.6431,40.5739,-94.818
200905,28,200905,29,164399,IOWA,Flood,BUTLER,0,0,0,0,0.00K,0.00K,42.5589,-92.5583,42.5886,-92.7608
200905,30,200905,30,164401,IOWA,Flood,BLACK HAWK,0,0,0,0,0.00K,0.00K,42.5485,-92.5152,42.5672,-92.4651
200905,29,200905,31,164402,IOWA,Flood,MAHASKA,0,0,0,0,5.00K,0.00K,41.4888,-92.8635,41.319,-92.417
200906,19,200906,19,165885,IOWA,Flood,WARREN,0,0,0,0,2.00K,0.00K,41.45,-93.71,41.4503,-93.6788
200906,19,200906,26,173623,IOWA,Flood,IOWA,0,0,0,0,500.00K,0.00K,41.8628,-92.2983,41.75,-92.2983
200907,4,200907,4,169806,IOWA,Flash Flood,ADAIR,0,0,0,0,50.00K,10.00K,41.1541,-94.5621,41.2706,-94.5683
200907,4,200907,4,169807,IOWA,Flash Flood,APPANOOSE,0,0,0,0,25.00K,10.00K,40.73,-92.87,40.7429,-92.8894
200907,4,200907,4,169283,IOWA,Flood,MADISON,0,0,0,0,10.00K,0.00K,41.22,-94.18,41.2229,-94.0673
200907,4,200907,4,169805,IOWA,Flash Flood,WAYNE,0,0,0,0,50.00K,10.00K,40.87,-93.48,40.8507,-93.3206
200906,17,200906,17,168008,IOWA,Flash Flood,CHICKASAW,0,0,0,0,20.00K,30.00K,43.09,-92.15,43.0754,-92.1508
200907,6,200907,8,177535,IOWA,Flood,DECATUR,0,0,0,0,5.00K,0.00K,40.8341,-93.953,40.5842,-93.7511
200907,4,200907,4,169808,IOWA,Flash Flood,CLARKE,0,0,0,0,35.00K,10.00K,41.05,-93.97,41.0535,-93.7972
200907,4,200907,4,169279,IOWA,Flood,CLARKE,0,0,0,0,10.00K,0.00K,40.9,-93.73,40.9061,-93.7602
200907,4,200907,4,169281,IOWA,Flood,DECATUR,0,0,0,0,10.00K,0.00K,40.87,-93.78,40.8554,-93.7843
200907,4,200907,5,177540,IOWA,Flood,WAYNE,0,0,0,0,15.00K,10.00K,40.8436,-93.1129,40.769,-93.1038
200907,4,200907,8,177529,IOWA,Flood,LUCAS,0,0,0,0,10.00K,10.00K,40.9691,-93.2575,40.9009,-93.2108
200907,4,200907,4,169258,IOWA,Flash Flood,DECATUR,0,0,0,0,25.00K,10.00K,40.7991,-93.636,40.7991,-93.6119
200907,4,200907,4,169260,IOWA,Flood,WAYNE,0,0,0,0,10.00K,0.00K,40.81,-93.42,40.8108,-93.4013
200907,24,200907,24,175655,IOWA,Flash Flood,CLAYTON,0,0,0,0,15.00K,10.00K,42.6754,-91.4193,42.6426,-91.4217
200907,24,200907,24,175654,IOWA,Flash Flood,FAYETTE,0,0,0,0,10.00K,20.00K,42.6812,-91.9387,42.6653,-91.9367
200907,24,200907,24,175227,IOWA,Flash Flood,WINNESHIEK,0,0,0,0,20.00K,50.00K,43.18,-91.87,43.1724,-91.8697
200906,22,200906,24,173914,IOWA,Flood,KEOKUK,0,0,0,0,250.00K,0.00K,41.4086,-92.4116,41.2,-92.4116
200906,8,200906,9,170036,IOWA,Flood,MAHASKA,0,0,0,0,5.00K,5.00K,41.4888,-92.8635,41.319,-92.417
200906,8,200906,9,170037,IOWA,Flood,LUCAS,0,0,0,0,5.00K,10.00K,40.9691,-93.2575,40.9009,-93.2108
200907,12,200907,12,170874,IOWA,Flash Flood,CRAWFORD,0,0,0,0,3.00K,0.00K,42.0619,-95.5731,42.0657,-95.5612
200905,1,200905,1,170076,IOWA,Flood,KEOKUK,0,0,0,0,500.00K,0.00K,41.4086,-92.4116,41.2,-92.4116
200906,19,200906,21,170049,IOWA,Flood,WARREN,0,0,0,0,10.00K,10.00K,41.4286,-93.79,41.4103,-93.7903
200906,18,200906,18,170041,IOWA,Flood,MARION,0,0,0,0,5.00K,5.00K,41.2112,-92.9318,41.2685,-92.8932
200905,15,200905,15,170305,IOWA,Flood,DES MOINES,0,0,0,0,0.00K,0.00K,40.93,-91.17,40.8,-91.17
200905,15,200905,15,170314,IOWA,Flash Flood,LEE,0,0,0,0,0.00K,0.00K,40.813,-91.718,40.77,-91.718
200905,15,200905,15,170329,IOWA,Flood,VAN BUREN,0,0,0,0,0.00K,0.00K,40.675,-92.01,40.62,-92.01
200906,18,200906,25,170042,IOWA,Flood,MAHASKA,0,0,0,0,10.00K,25.00K,41.4888,-92.8635,41.319,-92.417
200906,18,200906,18,170044,IOWA,Flood,WAPELLO,0,0,0,0,5.00K,5.00K,41.1254,-92.6374,40.9011,-92.2869
200906,21,200906,22,184180,IOWA,Flash Flood,LOUISA,0,0,0,0,250.00K,0.00K,41.3,-91.41,41.23,-91.41
200906,19,200906,19,183905,IOWA,Flash Flood,CEDAR,0,0,0,0,50.00K,0.00K,41.64,-91.05,41.56,-91.05
200906,19,200906,19,183893,IOWA,Flash Flood,CEDAR,0,0,0,0,100.00K,0.00K,41.9,-91.17,41.9,-91.13
200906,21,200906,22,184182,IOWA,Flash Flood,WASHINGTON,0,0,0,0,100.00K,0.00K,41.3374,-91.7352,41.257,-91.7352
200906,21,200906,22,184183,IOWA,Flash Flood,WASHINGTON,0,0,0,0,100.00K,0.00K,41.51,-91.64,41.45,-91.64
200906,21,200906,22,184174,IOWA,Flash Flood,IOWA,0,0,0,0,250.00K,0.00K,41.8205,-92.0975,41.7795,-92.0975
200906,21,200906,22,184177,IOWA,Flash Flood,BENTON,0,0,0,0,0.00K,0.00K,41.921,-92.2981,41.8629,-92.2982
200906,21,200906,22,184179,IOWA,Flash Flood,JOHNSON,0,0,0,0,100.00K,0.00K,41.4964,-91.4448,41.4745,-91.4452
200906,19,200906,19,183907,IOWA,Flash Flood,JACKSON,0,0,0,0,50.00K,0.00K,42.08,-90.7,42.04,-90.7
200906,21,200906,22,184185,IOWA,Flash Flood,LOUISA,0,0,0,0,100.00K,0.00K,41.2107,-91.2408,41.1493,-91.2408
200906,22,200906,22,184187,IOWA,Flash Flood,DES MOINES,0,0,0,0,0.00K,0.00K,41.0451,-91.371,40.9289,-91.3718
200908,29,200908,31,192681,IOWA,Flood,LOUISA,0,0,0,0,500.00K,0.00K,41.4235,-91.4843,41.3,-91.4843
200908,29,200908,30,192683,IOWA,Flood,MUSCATINE,0,0,0,0,500.00K,0.00K,41.6,-91.3666,41.33,-91.3666
200907,27,200907,28,189284,IOWA,Flash Flood,JACKSON,0,0,0,0,250.00K,0.00K,42.3,-90.65,42.16,-90.5
200908,27,200908,29,192659,IOWA,Flood,KEOKUK,0,0,0,0,500.00K,0.00K,41.4068,-92.4116,41.2,-92.4116
200908,28,200908,31,192666,IOWA,Flood,DES MOINES,0,0,0,0,250.00K,0.00K,40.81,-91.43,40.66,-91.11
200908,28,200908,31,192669,IOWA,Flood,LEE,0,0,0,0,250.00K,0.00K,40.81,-91.43,40.66,-91.11
200904,26,200904,26,192621,IOWA,Flash Flood,FAYETTE,0,0,0,0,0.00K,0.00K,42.7006,-92.0146,42.6703,-92.0023
200908,27,200908,27,184921,IOWA,Flood,TAMA,0,0,0,0,10.00K,0.00K,42.1151,-92.3935,42.1135,-92.4205
200908,27,200908,27,184927,IOWA,Flood,TAMA,0,0,0,0,10.00K,0.00K,41.96,-92.65,41.9517,-92.6523
200908,17,200908,18,188981,IOWA,Flood,LUCAS,0,0,0,0,0.00K,0.00K,40.9691,-93.2575,40.9009,-93.2108
200908,27,200908,27,184928,IOWA,Flood,TAMA,0,0,0,0,10.00K,0.00K,41.905,-92.3403,41.9091,-92.3856
200908,27,200908,28,188987,IOWA,Flood,WAYNE,0,0,0,0,100.00K,25.00K,40.8436,-93.1129,40.769,-93.1038
200908,27,200908,27,188988,IOWA,Flood,MARION,0,0,0,0,0.00K,0.00K,41.2112,-92.9318,41.2685,-92.8932
200908,27,200908,27,184923,IOWA,Flood,TAMA,0,0,0,0,10.00K,0.00K,42.01,-92.35,42.0012,-92.3588
200908,27,200908,27,184926,IOWA,Flood,TAMA,0,0,0,0,10.00K,0.00K,41.97,-92.61,41.9655,-92.6012
200908,27,200908,27,184925,IOWA,Flood,TAMA,0,0,0,0,10.00K,0.00K,41.9651,-92.6178,41.9711,-92.616
200908,27,200908,31,188984,IOWA,Flood,LUCAS,0,0,0,0,50.00K,10.00K,40.9691,-93.2575,40.9009,-93.2108
200908,27,200908,28,188986,IOWA,Flood,MAHASKA,0,0,0,0,0.00K,0.00K,41.4888,-92.8635,41.319,-92.417
200908,27,200908,30,192600,IOWA,Flood,WASHINGTON,0,0,0,0,500.00K,0.00K,41.5108,-91.9465,41.46,-91.9465
200908,3,200908,3,191622,IOWA,Flash Flood,IDA,0,0,0,0,0.00K,0.00K,42.47,-95.55,42.47,-95.53
200908,7,200908,7,192117,IOWA,Flash Flood,SCOTT,0,0,0,0,0.00K,0.00K,41.5457,-90.5915,41.5332,-90.5917
200908,27,200908,28,192601,IOWA,Flood,JONES,0,0,0,0,500.00K,0.00K,42.18,-91.3642,42.09,-91.3642
200904,26,200904,26,159200,IOWA,Flash Flood,CLAYTON,0,0,0,0,0.00K,0.00K,43.0775,-91.499,43.0519,-91.1776
200907,24,200907,24,191104,IOWA,Flash Flood,LINN,0,0,0,0,0.00K,0.00K,42.04,-91.72,42.0,-91.72
200907,24,200907,24,191107,IOWA,Flash Flood,SCOTT,0,0,0,0,0.00K,0.00K,41.5235,-90.5785,41.5194,-90.5787
200908,27,200908,31,192591,IOWA,Flood,SCOTT,0,0,0,0,500.00K,0.00K,41.95,-90.9,41.73,-90.9
200908,27,200908,31,192590,IOWA,Flood,CLINTON,0,0,0,0,500.00K,0.00K,41.95,-90.9,41.73,-90.9
200908,27,200908,31,192592,IOWA,Flood,IOWA,0,0,0,0,500.00K,0.00K,41.8628,-92.2983,41.75,-92.2983
200906,19,200906,19,183885,IOWA,Flash Flood,IOWA,0,0,0,0,0.00K,0.00K,41.78,-92.25,41.65,-92.25
200906,18,200906,18,175242,IOWA,Flash Flood,SCOTT,0,0,0,0,25.00K,0.00K,41.5819,-90.6632,41.5456,-90.6108
200906,19,200906,19,183879,IOWA,Flash Flood,IOWA,0,0,0,0,50.00K,0.00K,41.8,-92.09,41.78,-92.09
200906,23,200906,23,185566,IOWA,Flash Flood,JOHNSON,0,0,0,0,0.00K,0.00K,41.66,-91.58,41.63,-91.58
200906,19,200906,19,183868,IOWA,Flash Flood,IOWA,0,0,0,0,0.00K,0.00K,41.7028,-92.1631,41.6735,-92.1636
200906,19,200906,19,183876,IOWA,Flash Flood,IOWA,0,0,0,0,50.00K,0.00K,41.81,-91.885,41.79,-91.885
200908,8,200908,8,181419,IOWA,Flash Flood,WINNESHIEK,0,0,0,0,1.00K,1.00K,43.1607,-91.8487,43.101,-91.8546
200907,10,200907,10,189363,IOWA,Flash Flood,SCOTT,0,0,0,0,0.00K,0.00K,41.55,-90.707,41.52,-90.48
200907,10,200907,10,189370,IOWA,Flood,SCOTT,0,0,0,0,0.00K,0.00K,41.71,-90.86,41.68,-90.86
200907,11,200907,11,189378,IOWA,Flood,JOHNSON,0,0,0,0,0.00K,0.00K,41.6855,-91.5403,41.6781,-91.5348
200907,10,200907,10,189342,IOWA,Flash Flood,CEDAR,0,0,0,0,0.00K,0.00K,41.765,-91.138,41.73,-91.138
200907,10,200907,10,189347,IOWA,Flash Flood,SCOTT,0,0,0,0,100.00K,0.00K,41.6,-90.79,41.58,-90.79
200910,29,200910,31,195896,IOWA,Flood,MAHASKA,0,0,0,0,0.00K,25.00K,41.4888,-92.8635,41.319,-92.417
200910,29,200910,31,195898,IOWA,Flood,MARION,0,0,0,0,0.00K,25.00K,41.2112,-92.9318,41.2685,-92.8932
200911,1,200911,3,198737,IOWA,Flood,BLACK HAWK,0,0,0,0,10.00K,0.00K,42.5485,-92.5152,42.5672,-92.4651
200911,1,200911,3,198738,IOWA,Flood,BLACK HAWK,0,0,0,0,10.00K,0.00K,42.6407,-92.5518,42.6103,-92.5521
200908,27,200908,27,193227,IOWA,Flash Flood,BENTON,0,0,0,0,250.00K,0.00K,42.2,-92.22,41.95,-92.22
200908,27,200908,27,193228,IOWA,Flash Flood,JONES,0,0,0,0,500.00K,0.00K,42.3,-91.36,42.05,-91.36
200908,27,200908,27,193229,IOWA,Flash Flood,SCOTT,0,0,0,0,0.00K,0.00K,41.71,-90.85,41.68,-90.85
200908,27,200908,27,193322,IOWA,Flash Flood,JOHNSON,0,0,0,0,100.00K,0.00K,41.82,-91.52,41.79,-91.52
200908,26,200908,26,192336,IOWA,Flash Flood,WASHINGTON,0,0,0,0,10.00K,0.00K,41.1636,-91.9458,41.1623,-91.77
200908,27,200908,27,193221,IOWA,Flash Flood,CLINTON,0,0,0,0,500.00K,0.00K,41.92,-90.62,41.8,-90.62
200908,27,200908,27,193218,IOWA,Flash Flood,LINN,0,0,0,0,500.00K,0.00K,42.3,-91.58,42.1,-91.76
200908,27,200908,27,193230,IOWA,Flash Flood,MUSCATINE,0,0,0,0,0.00K,0.00K,41.6,-90.9,41.57,-90.9
200908,27,200908,27,193331,IOWA,Flash Flood,WASHINGTON,0,0,0,0,0.00K,0.00K,41.5,-91.6,41.46,-91.6
200908,26,200908,26,192304,IOWA,Flash Flood,LINN,0,0,0,0,0.00K,0.00K,42.0607,-91.7213,41.9993,-91.7213
200908,26,200908,26,192327,IOWA,Flash Flood,MUSCATINE,0,0,0,0,0.00K,0.00K,41.5019,-90.9,41.5019,-91.07
200908,26,200908,26,192335,IOWA,Flash Flood,CLINTON,0,0,0,0,0.00K,0.00K,41.86,-90.63,41.77,-90.63
200910,23,200910,23,195893,IOWA,Flood,MARION,0,0,0,0,0.00K,25.00K,41.2112,-92.9318,41.2685,-92.8932
200910,26,200910,28,195894,IOWA,Flood,KOSSUTH,0,0,0,0,0.00K,5.00K,43.2241,-94.1398,42.879,-94.1547
200908,26,200908,26,184918,IOWA,Flash Flood,WAYNE,0,0,0,0,2.50M,250.00K,40.7744,-93.3653,40.7819,-93.2863
200910,29,200910,31,195895,IOWA,Flood,LUCAS,0,0,0,0,0.00K,25.00K,40.9691,-93.2575,40.9009,-93.2108
200910,22,200910,24,195891,IOWA,Flood,LUCAS,0,0,0,0,0.00K,25.00K,40.9691,-93.2575,40.9009,-93.2108
200910,23,200910,25,195892,IOWA,Flood,MAHASKA,0,0,0,0,0.00K,25.00K,41.4888,-92.8635,41.319,-92.417
200910,29,200910,30,195897,IOWA,Flood,APPANOOSE,0,0,0,0,0.00K,25.00K,40.8436,-93.1129,40.769,-93.1038
200903,8,200903,9,153816,IOWA,Flood,WAPELLO,0,0,0,0,25.00K,0.00K,41.1254,-92.6374,40.9011,-92.2869
200904,30,200904,30,157363,IOWA,Flood,DES MOINES,0,0,0,0,0.00K,0.00K,40.78,-91.157,40.7595,-91.157
200904,29,200904,30,164711,IOWA,Flood,IOWA,0,0,0,0,0.00K,0.00K,41.8629,-92.2983,41.75,-92.2983
200903,25,200903,29,153825,IOWA,Flood,WAPELLO,0,0,0,0,25.00K,0.00K,41.1254,-92.6374,40.9011,-92.2869
201003,11,201003,16,214762,IOWA,Flood,BUTLER,0,0,0,0,50.00K,0.00K,42.5589,-92.5583,42.5886,-92.7608
201004,1,201004,4,223896,IOWA,Flood,BUENA VISTA,0,0,0,0,0.00K,0.00K,42.88,-95.25,42.9017,-95.25
201003,13,201003,20,222611,IOWA,Flood,LYON,0,0,0,0,0.00K,0.00K,43.5024,-96.18,43.2595,-96.2581
201003,13,201003,18,222615,IOWA,Flood,SIOUX,0,0,0,0,0.00K,0.00K,43.07,-95.9196,42.9134,-96.1048
201003,15,201003,17,222616,IOWA,Flood,PLYMOUTH,0,0,0,0,0.00K,0.00K,42.9169,-96.0922,42.72,-96.2894
201003,12,201003,29,221994,IOWA,Flood,LYON,0,0,0,0,0.00K,0.00K,43.4835,-96.1495,43.4866,-96.5147
201003,13,201003,31,221998,IOWA,Flood,SIOUX,0,0,0,0,0.00K,0.00K,43.2443,-96.4468,42.8987,-96.47
201004,1,201004,4,223893,IOWA,Flood,SIOUX,0,0,0,0,0.00K,0.00K,43.0669,-96.5079,42.9284,-96.5679
201004,1,201004,4,223894,IOWA,Flood,PLYMOUTH,0,0,0,0,0.00K,0.00K,42.9168,-96.55,42.7912,-96.6776
201004,1,201004,4,223895,IOWA,Flood,CLAY,0,0,0,0,0.00K,0.00K,43.25,-95.3588,43.0089,-95.0666
201009,24,201009,25,260016,IOWA,Flood,HOWARD,0,0,0,0,5.00K,0.00K,43.45,-92.28,43.4761,-92.2093
201009,29,201009,30,260711,IOWA,Flood,CLAYTON,0,0,0,0,0.00K,0.00K,42.8365,-91.101,42.8264,-91.0808
201006,23,201006,28,246895,IOWA,Flood,SIOUX,0,0,0,0,0.00K,0.00K,43.07,-95.9196,42.9134,-96.1048
201006,27,201006,29,246942,IOWA,Flood,CLAY,0,0,0,0,0.00K,0.00K,43.17,-95.33,43.1411,-95.33
201006,24,201006,30,246962,IOWA,Flood,BUENA VISTA,0,0,0,0,0.00K,0.00K,42.88,-95.25,42.9017,-95.25
201006,27,201006,30,246972,IOWA,Flood,WOODBURY,0,0,0,0,0.00K,0.00K,42.5736,-95.7474,42.48,-95.8196
201003,9,201003,10,214770,IOWA,Flood,DALLAS,0,0,0,0,25.00K,0.00K,41.5501,-93.9584,41.5335,-93.8916
201006,27,201006,28,233959,IOWA,Flood,MONTGOMERY,0,0,0,0,2.00K,0.00K,41.02,-95.23,41.0784,-95.1759
201006,14,201006,14,233969,IOWA,Flood,FREMONT,0,0,0,0,1.00K,0.00K,40.87,-95.57,40.8805,-95.6085
201006,27,201006,27,233968,IOWA,Flood,POTTAWATTAMIE,0,0,0,0,1.00K,0.00K,41.4994,-95.3778,41.2078,-95.4767
201006,11,201006,16,233947,IOWA,Flood,FREMONT,0,0,0,0,5.00K,0.00K,40.6,-95.65,40.6812,-95.6181
201006,27,201006,29,233952,IOWA,Flood,FREMONT,0,0,0,0,3.00K,0.00K,40.6,-95.65,40.6677,-95.6291
201006,27,201006,30,233955,IOWA,Flood,MONONA,0,0,0,0,5.00K,0.00K,42.02,-95.97,41.9086,-95.9216
201006,15,201006,30,237889,IOWA,Flood,POTTAWATTAMIE,0,0,0,0,5.00K,0.00K,41.482,-96.008,41.2428,-95.9175
201009,23,201009,28,262658,IOWA,Flood,LYON,0,0,0,0,0.00K,0.00K,43.5024,-96.18,43.2595,-96.2581
201009,24,201009,27,262659,IOWA,Flood,SIOUX,0,0,0,0,0.00K,0.00K,43.2669,-96.262,43.1612,-96.4284
201009,23,201009,30,262594,IOWA,Flood,LYON,0,0,0,0,0.00K,0.00K,43.5007,-96.6123,43.2493,-96.5778
201009,24,201009,30,262622,IOWA,Flood,DICKINSON,0,0,0,0,0.00K,0.00K,43.437,-95.211,43.2432,-95.15
201009,24,201009,27,262625,IOWA,Flood,CLAY,0,0,0,0,0.00K,0.00K,43.17,-95.33,43.1411,-95.33
201009,26,201009,30,262626,IOWA,Flood,BUENA VISTA,0,0,0,0,0.00K,0.00K,42.88,-95.25,42.9017,-95.25
201009,23,201009,30,262595,IOWA,Flood,SIOUX,0,0,0,0,0.00K,0.00K,43.236,-96.4193,42.9064,-96.417
201008,10,201008,10,257133,IOWA,Flash Flood,O'BRIEN,0,0,0,0,0.00K,0.00K,43.15,-95.51,43.13,-95.39
201008,10,201008,10,257136,IOWA,Flash Flood,DICKINSON,0,0,0,0,0.00K,0.00K,43.45,-95.14,43.39,-95.14
201008,4,201008,6,248940,IOWA,Flood,POLK,0,0,0,0,100.00K,5.00K,41.5586,-93.6751,41.5731,-93.6085
201008,4,201008,5,248942,IOWA,Flood,DALLAS,0,0,0,0,10.00K,5.00K,41.84,-94.2694,41.637,-94.0842
201005,25,201005,25,231541,IOWA,Flash Flood,CLAYTON,0,0,0,0,1.00K,0.00K,42.88,-91.32,42.888,-91.2957
201006,22,201006,28,247069,IOWA,Flood,LEE,0,0,0,0,75.00K,0.00K,40.55,-91.45,40.25,-91.57
201006,13,201006,26,246978,IOWA,Flood,WASHINGTON,0,0,0,0,500.00K,0.00K,41.5108,-91.9465,41.46,-91.9465
201006,22,201006,22,247011,IOWA,Flood,LEE,0,0,0,0,250.00K,0.00K,40.61,-91.81,40.31,-91.47
201006,22,201006,28,247034,IOWA,Flood,DES MOINES,0,0,0,0,250.00K,0.00K,40.85,-91.13,40.7,-91.13
201006,11,201006,11,242246,IOWA,Flash Flood,WOODBURY,0,0,0,0,0.00K,0.00K,42.53,-96.42,42.49,-96.43
201006,17,201006,30,230800,IOWA,Flood,POLK,0,0,0,0,250.00K,0.00K,41.591,-93.5821,41.5687,-93.4725
201006,19,201006,30,230801,IOWA,Flood,WAPELLO,0,0,0,0,100.00K,0.00K,41.1019,-92.5334,41.0917,-92.5669
201006,19,201006,30,230803,IOWA,Flood,WAPELLO,0,0,0,0,200.00K,0.00K,41.1254,-92.6374,40.9011,-92.2869
201006,21,201006,21,246904,IOWA,Flood,JONES,0,0,0,0,500.00K,0.00K,42.18,-91.3642,42.02,-91.3642
201006,17,201006,19,230804,IOWA,Flood,HUMBOLDT,0,0,0,0,0.00K,0.00K,42.7224,-94.2486,42.6646,-94.2317
201006,14,201006,30,246932,IOWA,Flood,IOWA,0,0,0,0,500.00K,0.00K,41.8628,-92.2983,41.75,-92.2983
201006,17,201006,27,246970,IOWA,Flood,LOUISA,0,0,0,0,500.00K,0.00K,41.26,-91.37,41.07,-91.18
201006,13,201006,13,247008,IOWA,Flood,LEE,0,0,0,0,250.00K,0.00K,40.61,-91.81,40.31,-91.47
201006,27,201006,29,246993,IOWA,Flood,PLYMOUTH,0,0,0,0,0.00K,0.00K,42.72,-96.3485,42.6381,-96.3614
201010,1,201010,6,265984,IOWA,Flood,LYON,0,0,0,0,0.00K,0.00K,43.5007,-96.6123,43.2493,-96.5778
201010,23,201010,23,265791,IOWA,Flash Flood,O'BRIEN,0,0,0,0,0.00K,0.00K,43.2,-95.85,43.16,-95.85
201010,1,201010,8,265985,IOWA,Flood,SIOUX,0,0,0,0,0.00K,0.00K,43.236,-96.4193,42.9064,-96.417
201010,1,201010,9,265986,IOWA,Flood,PLYMOUTH,0,0,0,0,0.00K,0.00K,42.9168,-96.55,42.7481,-96.6616
201010,1,201010,3,265987,IOWA,Flood,DICKINSON,0,0,0,0,0.00K,0.00K,43.437,-95.211,43.2432,-95.15
201010,1,201010,5,265988,IOWA,Flood,CLAY,0,0,0,0,0.00K,0.00K,43.25,-95.3588,42.9933,-95.0452
201010,1,201010,6,265989,IOWA,Flood,BUENA VISTA,0,0,0,0,0.00K,0.00K,42.88,-95.25,42.9017,-95.25
201007,21,201007,22,251357,IOWA,Flash Flood,LYON,0,0,0,0,0.00K,0.00K,43.45,-96.19,43.4,-96.19
201007,21,201007,22,251358,IOWA,Flash Flood,LYON,0,0,0,0,0.00K,0.00K,43.31,-96.46,43.27,-96.46
201007,22,201007,22,251362,IOWA,Flash Flood,SIOUX,0,0,0,0,0.00K,0.00K,43.12,-96.21,43.04,-96.21
201007,30,201007,30,253073,IOWA,Flash Flood,SIOUX,0,0,0,0,0.00K,0.00K,43.02,-95.95,43.02,-95.87
201007,30,201007,30,253074,IOWA,Flash Flood,SIOUX,0,0,0,0,50.00K,0.00K,43.15,-96.04,43.15,-95.96
201007,30,201007,30,253075,IOWA,Flash Flood,O'BRIEN,0,0,0,0,0.00K,0.00K,43.05,-95.86,43.05,-95.82
201007,30,201007,30,253076,IOWA,Flash Flood,IDA,0,0,0,0,0.00K,0.00K,42.43,-95.47,42.39,-95.47
201007,30,201007,30,253077,IOWA,Flash Flood,CHEROKEE,0,0,0,0,0.00K,0.00K,42.77,-95.57,42.73,-95.57
201007,17,201007,18,250925,IOWA,Flash Flood,DICKINSON,0,0,0,0,0.00K,0.00K,43.44,-95.13,43.38,-95.13
201007,5,201007,5,249064,IOWA,Flash Flood,DICKINSON,0,0,0,0,0.00K,0.00K,43.47,-95.34,43.35,-95.3
201007,22,201007,31,254446,IOWA,Flood,CLAY,0,0,0,0,0.00K,0.00K,43.25,-95.3588,43.0089,-95.0666
201007,24,201007,31,254457,IOWA,Flood,BUENA VISTA,0,0,0,0,0.00K,0.00K,42.88,-95.25,42.9017,-95.25
201007,22,201007,22,251378,IOWA,Flash Flood,CHEROKEE,0,0,0,0,30.00K,0.00K,42.78,-95.58,42.72,-95.58
201007,22,201007,22,251382,IOWA,Flash Flood,BUENA VISTA,0,0,0,0,50.00K,0.00K,42.69,-95.24,42.61,-95.24
201007,22,201007,31,254458,IOWA,Flood,DICKINSON,0,0,0,0,0.00K,0.00K,43.437,-95.211,43.2432,-95.15
201007,22,201007,22,251383,IOWA,Flash Flood,O'BRIEN,0,0,0,0,100.00K,0.00K,43.22,-95.91,43.14,-95.91
201007,23,201007,23,251999,IOWA,Flash Flood,IDA,0,0,0,0,0.00K,0.00K,42.38,-95.51,42.3,-95.51
201007,23,201007,31,254363,IOWA,Flood,SIOUX,0,0,0,0,0.00K,0.00K,43.236,-96.4193,42.8987,-96.47
201007,23,201007,31,254364,IOWA,Flood,PLYMOUTH,0,0,0,0,0.00K,0.00K,42.9168,-96.55,42.7481,-96.6616
201007,7,201007,7,249110,IOWA,Flash Flood,CHEROKEE,0,0,0,0,0.00K,0.00K,42.57,-95.8,42.57,-95.72
201010,1,201010,15,260391,IOWA,Flood,HUMBOLDT,0,0,0,0,25.00K,0.00K,42.7224,-94.2486,42.6646,-94.2317
201010,1,201010,19,260389,IOWA,Flood,EMMET,0,0,0,0,25.00K,0.00K,43.5007,-94.9125,43.3224,-94.8385
201010,1,201010,11,260390,IOWA,Flood,PALO ALTO,0,0,0,0,10.00K,0.00K,43.2413,-94.7559,43.085,-94.7457
201008,1,201008,17,243529,IOWA,Flood,POTTAWATTAMIE,0,0,0,0,1.00K,0.00K,41.4891,-96.0288,41.4573,-95.8887
201008,7,201008,7,255995,IOWA,Flash Flood,CLAY,0,0,0,0,0.00K,0.00K,42.96,-95.38,42.88,-95.38
201008,1,201008,2,257584,IOWA,Flood,CHEROKEE,0,0,0,0,0.00K,0.00K,42.9254,-95.3475,42.9109,-95.4741
201009,19,201009,20,254791,IOWA,Flood,WAYNE,0,0,0,0,5.00K,0.00K,40.8436,-93.1129,40.769,-93.1038
201008,11,201008,19,257587,IOWA,Flood,CLAY,0,0,0,0,0.00K,0.00K,43.25,-95.3588,43.0089,-95.0666
201008,10,201008,14,257591,IOWA,Flood,CLAY,0,0,0,0,0.00K,0.00K,43.17,-95.33,43.1411,-95.33
201008,8,201008,17,257595,IOWA,Flood,BUENA VISTA,0,0,0,0,0.00K,0.00K,42.88,-95.25,42.9017,-95.25
201008,11,201008,16,257597,IOWA,Flood,CHEROKEE,0,0,0,0,0.00K,0.00K,42.9254,-95.3475,42.9109,-95.4741
201008,1,201008,3,257516,IOWA,Flood,LYON,0,0,0,0,0.00K,0.00K,43.5007,-96.6123,43.2493,-96.5778
201008,1,201008,3,257518,IOWA,Flood,SIOUX,0,0,0,0,0.00K,0.00K,43.236,-96.4193,42.9064,-96.417
201008,1,201008,7,257519,IOWA,Flood,PLYMOUTH,0,0,0,0,0.00K,0.00K,42.9168,-96.55,42.7481,-96.6616
201008,10,201008,13,257574,IOWA,Flood,SIOUX,0,0,0,0,0.00K,0.00K,43.07,-95.9196,42.9165,-96.2103
201008,10,201008,13,257576,IOWA,Flood,PLYMOUTH,0,0,0,0,0.00K,0.00K,42.9119,-96.0455,42.8386,-96.0962
201008,4,201008,5,248929,IOWA,Flood,MAHASKA,0,0,0,0,0.00K,0.00K,41.4888,-92.8635,41.319,-92.417
201008,4,201008,6,248931,IOWA,Flood,WARREN,0,0,0,0,10.00K,5.00K,41.4286,-93.79,41.4103,-93.7903
201001,24,201001,24,204514,IOWA,Flood,MARION,0,0,0,0,0.00K,0.00K,41.2112,-92.9318,41.2685,-92.8932
201001,24,201001,24,204515,IOWA,Flood,WAPELLO,0,0,0,0,0.00K,0.00K,41.1019,-92.5334,41.0917,-92.5669
201003,10,201003,10,210183,IOWA,Flash Flood,POLK,0,0,0,0,50.00K,0.00K,41.5586,-93.6751,41.5731,-93.6085
201003,12,201003,13,210540,IOWA,Flash Flood,CERRO GORDO,0,0,0,0,50.00K,0.00K,43.15,-93.2,43.1782,-93.1996
201003,12,201003,13,210542,IOWA,Flash Flood,WEBSTER,0,0,0,0,200.00K,0.00K,42.56,-94.21,42.5526,-94.1899
201003,13,201003,13,210644,IOWA,Flash Flood,WEBSTER,0,0,0,0,100.00K,0.00K,42.53,-94.19,42.5617,-94.192
201003,12,201003,13,210543,IOWA,Flash Flood,WEBSTER,0,0,0,0,200.00K,0.00K,42.51,-94.18,42.5417,-94.1896
201003,16,201003,16,210926,IOWA,Flash Flood,EMMET,0,0,0,0,10.00K,0.00K,43.3913,-94.8442,43.381,-94.8312
201003,16,201003,28,212152,IOWA,Flood,FREMONT,0,0,0,0,5.00K,0.00K,40.8959,-95.8073,40.9158,-95.8667
201003,12,201003,30,222287,IOWA,Flood,DICKINSON,0,0,0,0,0.00K,0.00K,43.437,-95.211,43.2432,-95.15
201003,11,201003,31,222290,IOWA,Flood,BUENA VISTA,0,0,0,0,0.00K,0.00K,42.88,-95.25,42.9017,-95.25
201003,11,201003,31,222288,IOWA,Flood,CLAY,0,0,0,0,0.00K,0.00K,43.25,-95.3588,43.0089,-95.0666
201003,16,201003,23,222292,IOWA,Flood,WOODBURY,0,0,0,0,0.00K,0.00K,42.5736,-95.7474,42.48,-95.8196
201003,13,201003,25,222293,IOWA,Flood,CLAY,0,0,0,0,0.00K,0.00K,43.17,-95.33,43.1411,-95.33
201003,13,201003,29,222291,IOWA,Flood,CHEROKEE,0,0,0,0,0.00K,0.00K,42.9254,-95.3475,42.9109,-95.4741
201004,25,201004,26,219718,IOWA,Flood,LUCAS,0,0,0,0,25.00K,0.00K,40.9691,-93.2575,40.9009,-93.2108
201004,25,201004,26,219720,IOWA,Flood,DECATUR,0,0,0,0,0.00K,0.00K,40.8341,-93.953,40.5842,-93.7511
201004,25,201004,26,219713,IOWA,Flood,MARION,0,0,0,0,50.00K,0.00K,41.2112,-92.9318,41.2685,-92.8932
201005,13,201005,14,223548,IOWA,Flood,MARION,0,0,0,0,50.00K,0.00K,41.2112,-92.9318,41.2685,-92.8932
201005,13,201005,14,223550,IOWA,Flood,LUCAS,0,0,0,0,5.00K,0.00K,40.9691,-93.2575,40.9009,-93.2108
201005,12,201005,13,223551,IOWA,Flood,WARREN,0,0,0,0,15.00K,0.00K,41.4853,-93.3827,41.4191,-93.5425
201006,6,201006,6,223751,IOWA,Flood,FREMONT,0,0,0,0,0.00K,0.00K,40.6,-95.65,40.6724,-95.6291
201005,12,201005,13,219882,IOWA,Flash Flood,BUTLER,0,0,0,0,5.00K,0.00K,42.75,-92.63,42.7697,-92.6202
201005,11,201005,11,223545,IOWA,Flood,MARION,0,0,0,0,5.00K,0.00K,41.2112,-92.9318,41.2685,-92.8932
201004,24,201004,26,219723,IOWA,Flood,MAHASKA,0,0,0,0,25.00K,0.00K,41.1019,-92.5334,41.0917,-92.5669
201004,24,201004,26,219726,IOWA,Flood,WAPELLO,0,0,0,0,25.00K,0.00K,41.1254,-92.6374,40.9011,-92.2869
201005,25,201005,25,221728,IOWA,Flash Flood,UNION,0,0,0,0,15.00K,0.00K,41.1209,-94.2763,41.1562,-94.2809
201004,25,201004,26,217183,IOWA,Flood,MARION,0,0,0,0,50.00K,0.00K,41.3297,-93.1277,41.3671,-93.3241
201003,13,201003,31,221996,IOWA,Flood,PLYMOUTH,0,0,0,0,0.00K,0.00K,42.9168,-96.55,42.7584,-96.6476
201005,12,201005,12,219880,IOWA,Flash Flood,POLK,0,0,0,0,25.00K,0.00K,41.63,-93.45,41.6196,-93.4511
201005,12,201005,12,219881,IOWA,Flash Flood,POLK,0,0,0,0,5.00K,0.00K,41.5556,-93.504,41.5771,-93.5041
201004,24,201004,26,219734,IOWA,Flood,WAYNE,0,0,0,0,50.00K,0.00K,40.8436,-93.1129,40.769,-93.1038
201005,12,201005,15,223556,IOWA,Flood,WARREN,0,0,0,0,25.00K,0.00K,41.4286,-93.79,41.4103,-93.7903
201005,11,201005,11,223557,IOWA,Flood,WAYNE,0,0,0,0,10.00K,0.00K,40.8436,-93.1129,40.769,-93.1038
201005,13,201005,14,223558,IOWA,Flood,WAYNE,0,0,0,0,25.00K,0.00K,40.8436,-93.1129,40.769,-93.1038
201005,25,201005,25,221727,IOWA,Flash Flood,UNION,0,0,0,0,10.00K,0.00K,41.1573,-94.4254,41.1566,-94.4028
201003,10,201003,13,216558,IOWA,Flood,FLOYD,0,0,0,0,3.00K,0.00K,43.2132,-93.0242,42.9076,-93.0252
201003,10,201003,13,216562,IOWA,Flood,FAYETTE,0,0,0,0,2.00K,0.00K,43.0865,-92.0865,42.6421,-92.0818
201004,9,201004,10,219570,IOWA,Flood,IOWA,0,0,0,0,0.00K,0.00K,41.8628,-92.2983,41.75,-92.2983
201004,24,201004,24,220258,IOWA,Flash Flood,DES MOINES,0,0,0,0,0.00K,0.00K,40.86,-91.47,40.385,-91.47
201003,11,201003,14,218462,IOWA,Flood,CLAYTON,0,0,0,0,0.00K,0.00K,42.8442,-91.4051,42.8446,-91.4039
201003,11,201003,13,218463,IOWA,Flood,CLAYTON,0,0,0,0,0.00K,0.00K,42.7367,-91.2703,42.7399,-91.2712
201004,25,201004,26,219569,IOWA,Flood,IOWA,0,0,0,0,0.00K,0.00K,41.8628,-92.2983,41.75,-92.2983
201003,11,201003,13,216566,IOWA,Flood,MITCHELL,0,0,0,0,0.00K,0.00K,43.4998,-93.0245,43.213,-93.0242
201003,11,201003,12,218460,IOWA,Flood,CLAYTON,0,0,0,0,0.00K,0.00K,42.7527,-91.3754,42.7517,-91.3748
201005,13,201005,13,223553,IOWA,Flood,DECATUR,0,0,0,0,5.00K,0.00K,40.8341,-93.953,40.5842,-93.7511
201005,13,201005,15,223554,IOWA,Flood,BUTLER,0,0,0,0,5.00K,0.00K,42.5589,-92.5583,42.5886,-92.7608
201005,13,201005,15,223555,IOWA,Flood,MAHASKA,0,0,0,0,10.00K,0.00K,41.4888,-92.8635,41.319,-92.417
201003,12,201003,16,216539,IOWA,Flood,FLOYD,0,0,0,0,0.00K,0.00K,43.0696,-92.689,43.0743,-92.6837
201003,16,201003,21,212153,IOWA,Flood,POTTAWATTAMIE,0,0,0,0,10.00K,0.00K,41.4909,-96.0037,41.4685,-95.9258
201003,10,201003,13,216372,IOWA,Flood,CHICKASAW,1,0,0,0,7.00K,0.00K,43.2128,-92.5543,42.9075,-92.5543
201005,25,201005,25,221726,IOWA,Flash Flood,ADAIR,0,0,0,0,10.00K,0.00K,41.29,-94.55,41.2929,-94.5502
201005,25,201005,25,226277,IOWA,Flood,CLAYTON,0,0,0,0,0.00K,0.00K,42.9136,-91.2311,42.9121,-91.2311
201006,23,201006,25,231123,IOWA,Flood,MAHASKA,0,0,0,0,50.00K,100.00K,41.4888,-92.8635,41.319,-92.417
201006,24,201006,30,231124,IOWA,Flood,KOSSUTH,0,0,0,0,50.00K,200.00K,43.2241,-94.1398,42.879,-94.1547
201006,23,201006,30,231126,IOWA,Flood,HUMBOLDT,0,0,0,0,200.00K,500.00K,42.7224,-94.2486,42.6646,-94.2317
201006,15,201006,15,225033,IOWA,Flash Flood,APPANOOSE,0,0,0,0,100.00K,0.00K,40.78,-92.94,40.7912,-92.9411
201003,10,201003,15,214763,IOWA,Flood,WARREN,0,0,0,0,50.00K,0.00K,41.4286,-93.79,41.4103,-93.7903
201003,10,201003,11,214739,IOWA,Flood,MARION,0,0,0,0,25.00K,0.00K,41.2112,-92.9318,41.2685,-92.8932
201003,11,201003,12,214740,IOWA,Flood,LUCAS,0,0,0,0,10.00K,0.00K,40.9691,-93.2575,40.9009,-93.2108
201003,11,201003,12,214741,IOWA,Flood,STORY,0,0,0,0,50.00K,0.00K,42.0114,-93.5866,41.7307,-93.3487
201003,11,201003,21,214742,IOWA,Flood,MAHASKA,0,0,0,0,50.00K,0.00K,41.4888,-92.8635,41.319,-92.417
201003,10,201003,10,214743,IOWA,Flood,STORY,0,0,0,0,10.00K,0.00K,42.0429,-93.6451,42.0314,-93.6575
201003,12,201003,22,214747,IOWA,Flood,BLACK HAWK,0,0,0,0,100.00K,0.00K,42.5485,-92.5152,42.5672,-92.4651
201003,12,201003,20,214748,IOWA,Flood,BLACK HAWK,0,0,0,0,100.00K,0.00K,42.5485,-92.5152,42.5672,-92.4651
201003,14,201003,18,214749,IOWA,Flood,WEBSTER,0,0,0,0,50.00K,0.00K,42.4817,-93.7739,42.3413,-93.8114
201003,11,201003,23,214750,IOWA,Flood,CERRO GORDO,0,0,0,0,10.00K,0.00K,43.1371,-93.0309,43.2492,-93.3618
201003,11,201003,26,214751,IOWA,Flood,WEBSTER,0,0,0,0,200.00K,0.00K,42.5208,-94.2222,42.3504,-94.0969
201003,11,201003,31,214752,IOWA,Flood,HAMILTON,0,0,0,0,25.00K,0.00K,42.3199,-93.9336,42.0737,-93.9072
201003,12,201003,29,214753,IOWA,Flood,POLK,0,0,0,0,100.00K,0.00K,41.591,-93.5821,41.5687,-93.4725
201003,11,201003,31,214754,IOWA,Flood,WAPELLO,0,0,0,0,25.00K,0.00K,41.1019,-92.5334,41.0917,-92.5669
201003,13,201003,26,214755,IOWA,Flood,WAPELLO,0,0,0,0,25.00K,0.00K,41.1254,-92.6374,40.9011,-92.2869
201003,12,201003,23,214756,IOWA,Flood,WRIGHT,0,0,0,0,50.00K,0.00K,42.8405,-93.6353,42.8426,-93.5891
201003,11,201003,20,214757,IOWA,Flood,MARSHALL,0,0,0,0,50.00K,0.00K,42.1086,-93.0539,42.1365,-93.0038
201003,11,201003,22,214758,IOWA,Flood,BLACK HAWK,0,0,0,0,50.00K,0.00K,42.6407,-92.5518,42.6103,-92.5521
201003,12,201003,25,214759,IOWA,Flood,DALLAS,0,0,0,0,150.00K,0.00K,41.84,-94.2694,41.637,-94.0842
201003,16,201003,31,214774,IOWA,Flood,PALO ALTO,0,0,0,0,50.00K,0.00K,43.2413,-94.7559,43.085,-94.7457
201003,14,201003,31,214775,IOWA,Flood,HUMBOLDT,0,0,0,0,50.00K,0.00K,42.7224,-94.2486,42.6646,-94.2317
201003,19,201003,20,214776,IOWA,Flood,MARION,0,0,0,0,25.00K,0.00K,41.2112,-92.9318,41.2685,-92.8932
201003,14,201003,15,214746,IOWA,Flood,BREMER,0,0,0,0,25.00K,0.00K,42.6793,-92.4384,42.6801,-92.4079
201003,14,201003,31,214744,IOWA,Flood,KOSSUTH,0,0,0,0,250.00K,0.00K,43.2241,-94.1398,42.879,-94.1547
201003,10,201003,10,214771,IOWA,Flood,POLK,0,0,0,0,50.00K,0.00K,41.8498,-93.9994,41.7549,-93.7758
201003,16,201003,18,214772,IOWA,Flood,HUMBOLDT,0,0,0,0,25.00K,0.00K,42.8026,-94.0912,42.7364,-94.1279
201003,14,201003,31,214773,IOWA,Flood,EMMET,0,0,0,0,100.00K,0.00K,43.5007,-94.9125,43.3224,-94.8385
201003,11,201003,25,214760,IOWA,Flood,POLK,0,0,0,0,250.00K,0.00K,41.5586,-93.6751,41.5731,-93.6085
201003,11,201003,16,214761,IOWA,Flood,DALLAS,0,0,0,0,25.00K,0.00K,41.8498,-93.9994,41.7549,-93.7758
201003,10,201003,12,214764,IOWA,Flood,WARREN,0,0,0,0,50.00K,0.00K,41.4853,-93.3827,41.4191,-93.5425
201003,10,201003,21,214765,IOWA,Flood,WAYNE,0,0,0,0,25.00K,0.00K,40.8436,-93.1129,40.769,-93.1038
201003,9,201003,12,214768,IOWA,Flood,DECATUR,0,0,0,0,25.00K,0.00K,40.8341,-93.953,40.7899,-94.0001
201003,12,201003,21,214769,IOWA,Flood,BUTLER,0,0,0,0,50.00K,0.00K,42.8194,-92.7455,42.8465,-92.6839
201006,15,201006,15,225034,IOWA,Flash Flood,WAPELLO,0,0,0,0,25.00K,0.00K,41.16,-92.63,41.1658,-92.6192
201006,25,201006,26,227320,IOWA,Flash Flood,EMMET,0,0,0,0,150.00K,0.00K,43.32,-94.79,43.3224,-94.7785
201006,26,201006,26,227323,IOWA,Flash Flood,EMMET,0,0,0,0,500.00K,0.00K,43.32,-94.79,43.3179,-94.7895
201006,26,201006,26,227324,IOWA,Flood,HUMBOLDT,0,0,0,0,300.00K,0.00K,42.7415,-94.2627,42.7448,-94.1806
201006,26,201006,30,231141,IOWA,Flood,WRIGHT,0,0,0,0,200.00K,2.00M,42.8405,-93.6353,42.8426,-93.5891
201006,27,201006,30,231142,IOWA,Flood,MARSHALL,0,0,0,0,250.00K,2.00M,42.1086,-93.0539,42.1365,-93.0038
201006,26,201006,30,231143,IOWA,Flood,EMMET,0,0,0,0,250.00K,1.00M,43.5007,-94.9125,43.3224,-94.8385
201006,27,201006,29,231144,IOWA,Flood,PALO ALTO,0,0,0,0,10.00K,0.00K,43.2413,-94.7559,43.085,-94.7457
201006,27,201006,30,231145,IOWA,Flood,DALLAS,0,0,0,0,25.00K,100.00K,41.8498,-93.9994,41.7549,-93.7758
201006,27,201006,30,231146,IOWA,Flood,POLK,0,0,0,0,250.00K,10.00K,41.5586,-93.6751,41.5731,-93.6085
201006,27,201006,30,231147,IOWA,Flood,DALLAS,0,0,0,0,250.00K,200.00K,41.5658,-93.6716,41.5742,-93.6953
201006,5,201006,5,223526,IOWA,Flash Flood,ADAMS,0,0,0,0,25.00K,0.00K,41.09,-94.49,41.0852,-94.4815
201006,23,201006,30,231125,IOWA,Flood,WEBSTER,0,0,0,0,50.00K,1.00M,42.3199,-93.9336,42.0737,-93.9072
201006,23,201006,24,231127,IOWA,Flood,POLK,0,0,0,0,100.00K,0.00K,41.5586,-93.6751,41.5731,-93.6085
201007,5,201007,6,233954,IOWA,Flood,FREMONT,0,0,0,0,0.00K,0.00K,40.6,-95.65,40.6578,-95.6346
201005,25,201005,25,232924,IOWA,Flash Flood,SCOTT,0,0,0,0,0.00K,0.00K,41.78,-90.68,41.69,-90.68
201006,22,201006,24,231128,IOWA,Flood,POLK,0,0,0,0,100.00K,0.00K,41.5658,-93.6716,41.5742,-93.6953
201006,24,201006,30,231129,IOWA,Flood,HAMILTON,0,0,0,0,100.00K,1.00M,42.4817,-93.7739,42.3413,-93.8114
201006,5,201006,5,223524,IOWA,Flash Flood,ADAMS,0,0,0,0,25.00K,0.00K,41.09,-94.53,41.0931,-94.5077
201006,23,201006,24,226411,IOWA,Flood,WRIGHT,0,0,0,0,100.00K,10.00K,42.73,-93.81,42.7627,-93.7079
201006,25,201006,26,227463,IOWA,Flash Flood,WRIGHT,0,0,0,0,100.00K,0.00K,42.6956,-93.826,42.7078,-93.6914
201006,5,201006,5,223522,IOWA,Flash Flood,RINGGOLD,0,0,0,0,10.00K,0.00K,40.62,-94.39,40.6213,-94.3829
201005,25,201005,25,232915,IOWA,Flash Flood,CLINTON,0,0,0,0,0.00K,0.00K,41.82,-90.56,41.81,-90.56
201006,5,201006,5,223531,IOWA,Flash Flood,RINGGOLD,0,0,0,0,250.00K,0.00K,40.64,-94.28,40.6413,-94.284
201006,18,201006,18,225668,IOWA,Flash Flood,BLACK HAWK,0,0,0,0,25.00K,0.00K,42.4621,-92.348,42.4597,-92.3511
201006,12,201006,12,224583,IOWA,Flash Flood,POLK,0,0,0,0,1.00K,0.00K,41.68,-93.63,41.6818,-93.6181
201006,18,201006,18,225669,IOWA,Flash Flood,BLACK HAWK,0,0,0,0,10.00K,0.00K,42.5176,-92.4664,42.5146,-92.4669
201006,18,201006,18,225671,IOWA,Flash Flood,TAMA,0,0,0,0,10.00K,0.00K,42.08,-92.38,42.0686,-92.3593
201006,15,201006,15,225031,IOWA,Flash Flood,MONROE,0,0,0,0,100.00K,0.00K,41.03,-92.81,41.0361,-92.8216
201006,15,201006,15,225032,IOWA,Flash Flood,APPANOOSE,0,0,0,0,50.00K,0.00K,40.78,-92.98,40.8047,-92.9903
201006,23,201006,23,226376,IOWA,Flash Flood,PALO ALTO,0,0,0,0,20.00K,0.00K,43.11,-94.68,43.0993,-94.9023
201006,23,201006,23,226378,IOWA,Flash Flood,FRANKLIN,0,0,0,0,25.00K,0.00K,42.89,-93.21,42.9013,-93.2084
201006,23,201006,24,226412,IOWA,Flood,FRANKLIN,0,0,0,0,10.00K,0.00K,42.79,-93.2,42.7775,-93.2084
201006,23,201006,24,226702,IOWA,Flood,BUTLER,0,0,0,0,250.00K,0.00K,42.75,-92.97,42.7057,-92.9334
201006,5,201006,5,223529,IOWA,Flash Flood,UNION,0,0,0,0,10.00K,0.00K,40.95,-94.34,40.9509,-94.3331
201006,15,201006,15,225036,IOWA,Flash Flood,WAPELLO,0,0,0,0,25.00K,0.00K,41.05,-92.42,41.0589,-92.3947
201006,15,201006,15,225035,IOWA,Flash Flood,WAPELLO,0,0,0,0,100.00K,0.00K,41.02,-92.42,41.0154,-92.3703
201006,15,201006,15,229481,IOWA,Flood,LUCAS,0,0,0,0,150.00K,0.00K,41.02,-93.32,41.0279,-93.2921
201007,23,201007,23,235042,IOWA,Flash Flood,WEBSTER,0,0,0,0,25.00K,0.00K,42.55,-94.19,42.5588,-94.1647
201006,5,201006,5,223533,IOWA,Flash Flood,ADAMS,0,0,0,0,20.00K,0.00K,40.99,-94.49,40.9823,-94.4712
201006,27,201006,27,227555,IOWA,Flash Flood,CALHOUN,0,0,0,0,25.00K,0.00K,42.52,-94.76,42.5106,-94.753
201006,27,201006,27,227559,IOWA,Flash Flood,CALHOUN,0,0,0,0,50.00K,0.00K,42.55,-94.68,42.5509,-94.6676
201006,27,201006,27,227562,IOWA,Flash Flood,WEBSTER,0,0,0,0,500.00K,0.00K,42.5521,-94.2586,42.5603,-94.1048
201006,5,201006,5,223523,IOWA,Flash Flood,UNION,0,0,0,0,100.00K,0.00K,41.06,-94.36,41.0607,-94.3338
201006,27,201006,27,231965,IOWA,Flash Flood,CRAWFORD,0,0,0,0,25.00K,0.00K,42.08,-95.1,42.0812,-95.0851
201006,1,201006,1,223184,IOWA,Flash Flood,GUTHRIE,0,0,0,0,5.00K,0.00K,41.68,-94.55,41.6838,-94.5566
201006,12,201006,12,229482,IOWA,Flash Flood,MAHASKA,0,0,0,0,100.00K,0.00K,41.2895,-92.6563,41.2937,-92.6567
201006,5,201006,5,230776,IOWA,Flood,TAYLOR,0,0,0,0,50.00K,0.00K,40.7513,-94.6431,40.5739,-94.818
201006,5,201006,6,230777,IOWA,Flood,WAYNE,0,0,0,0,50.00K,0.00K,40.8436,-93.1129,40.769,-93.1038
201006,2,201006,2,230778,IOWA,Flood,WAPELLO,0,0,0,0,50.00K,0.00K,41.1254,-92.6374,40.9011,-92.2869
201006,25,201006,30,231130,IOWA,Flood,BLACK HAWK,0,0,0,0,100.00K,500.00K,42.6407,-92.5518,42.6103,-92.5521
201006,25,201006,30,231131,IOWA,Flood,BLACK HAWK,0,0,0,0,100.00K,250.00K,42.5485,-92.5152,42.5672,-92.4651
201006,29,201006,30,231132,IOWA,Flood,BLACK HAWK,0,0,0,0,50.00K,0.00K,42.5485,-92.5152,42.5672,-92.4651
201006,26,201006,30,231133,IOWA,Flood,WARREN,0,0,0,0,50.00K,500.00K,41.4286,-93.79,41.4103,-93.7903
201006,27,201006,28,231134,IOWA,Flood,STORY,0,0,0,0,50.00K,500.00K,42.0114,-93.5866,41.7307,-93.3487
201006,28,201006,29,231135,IOWA,Flood,JASPER,0,0,0,0,25.00K,100.00K,41.7305,-93.3475,41.6769,-93.1087
201006,26,201006,30,231136,IOWA,Flood,MAHASKA,0,0,0,0,100.00K,1.00M,41.4888,-92.8635,41.319,-92.417
201006,27,201006,28,231137,IOWA,Flood,HUMBOLDT,0,0,0,0,25.00K,250.00K,42.8026,-94.0912,42.7364,-94.1279
201006,26,201006,30,231138,IOWA,Flood,WEBSTER,0,0,0,0,250.00K,2.00M,42.5208,-94.2222,42.3504,-94.0969
201006,28,201006,30,231139,IOWA,Flood,POLK,0,0,0,0,250.00K,500.00K,41.6792,-93.6926,41.5905,-93.6585
201006,27,201006,30,231140,IOWA,Flood,DALLAS,0,0,0,0,200.00K,1.00M,41.84,-94.2694,41.637,-94.0842
201006,5,201006,7,230775,IOWA,Flood,DECATUR,0,0,0,0,100.00K,0.00K,40.8341,-93.953,40.5842,-93.7511
201006,12,201006,12,224584,IOWA,Flash Flood,MARION,0,0,0,0,10.00K,0.00K,41.39,-93.27,41.382,-93.2783
201006,15,201006,15,225037,IOWA,Flash Flood,WAYNE,0,0,0,0,25.00K,0.00K,40.72,-93.22,40.7193,-93.2073
201006,18,201006,18,225670,IOWA,Flash Flood,MARION,0,0,0,0,10.00K,0.00K,41.2,-92.95,41.2068,-92.8795
201006,12,201006,12,224586,IOWA,Flash Flood,MARION,0,0,0,0,2.00K,0.00K,41.49,-93.14,41.4896,-93.1222
201006,5,201006,6,223716,IOWA,Flood,DECATUR,0,0,0,0,250.00K,0.00K,40.5911,-93.9771,40.6849,-93.9523
201006,12,201006,12,224613,IOWA,Flash Flood,MAHASKA,0,0,0,0,10.00K,0.00K,41.29,-92.64,41.2924,-92.6398
201006,22,201006,22,226234,IOWA,Flash Flood,WAPELLO,0,0,0,0,10.00K,0.00K,41.03,-92.41,41.0288,-92.3949
201006,26,201006,26,227484,IOWA,Flash Flood,KOSSUTH,0,0,0,0,25.00K,0.00K,43.06,-94.24,43.0692,-94.2392
201006,26,201006,26,227495,IOWA,Flash Flood,PALO ALTO,0,0,0,0,5.00K,0.00K,43.1299,-94.9137,43.1332,-94.8395
201006,15,201006,15,225038,IOWA,Flash Flood,MONROE,0,0,0,0,25.00K,0.00K,41.03,-92.72,41.0343,-92.6398
201006,15,201006,15,225039,IOWA,Flash Flood,APPANOOSE,0,0,0,0,100.00K,0.00K,40.78,-92.94,40.7898,-92.9442
201006,15,201006,16,225049,IOWA,Flood,APPANOOSE,0,0,0,0,10.00K,0.00K,40.81,-92.89,40.8188,-92.8611
201006,22,201006,23,226374,IOWA,Flash Flood,WRIGHT,0,0,0,0,500.00K,25.00K,42.7855,-93.8425,42.7975,-93.7038
201006,5,201006,5,223521,IOWA,Flash Flood,DECATUR,0,0,0,0,100.00K,0.00K,40.62,-93.94,40.6144,-93.9414
201006,5,201006,6,223714,IOWA,Flood,RINGGOLD,0,0,0,0,100.00K,0.00K,40.64,-94.24,40.6734,-94.4
201006,12,201006,12,224587,IOWA,Flash Flood,MAHASKA,0,0,0,0,5.00K,0.00K,41.3,-92.73,41.2983,-92.7147
201006,5,201006,6,223717,IOWA,Flood,ADAMS,0,0,0,0,100.00K,0.00K,40.98,-94.73,41.0116,-94.6287
201007,23,201007,23,235045,IOWA,Flash Flood,WRIGHT,0,0,0,0,15.00K,0.00K,42.65,-93.73,42.6527,-93.8047
201006,14,201006,15,230781,IOWA,Flood,DECATUR,0,0,0,0,50.00K,0.00K,40.8341,-93.953,40.5842,-93.7511
201006,12,201006,17,230784,IOWA,Flood,WARREN,0,0,0,0,100.00K,0.00K,41.4286,-93.79,41.4103,-93.7903
201006,14,201006,19,230785,IOWA,Flood,WAYNE,0,0,0,0,100.00K,0.00K,40.8436,-93.1129,40.769,-93.1038
201006,14,201006,15,230786,IOWA,Flood,MARION,0,0,0,0,75.00K,0.00K,41.2112,-92.9318,41.2685,-92.8932
201006,14,201006,14,230787,IOWA,Flood,WARREN,0,0,0,0,75.00K,0.00K,41.4853,-93.3827,41.4191,-93.5425
201006,12,201006,19,230788,IOWA,Flood,MAHASKA,0,0,0,0,50.00K,0.00K,41.4888,-92.8635,41.319,-92.417
201006,13,201006,16,230790,IOWA,Flood,WEBSTER,0,0,0,0,0.00K,0.00K,42.3199,-93.9336,42.0737,-93.9072
201006,13,201006,15,230791,IOWA,Flood,POLK,0,0,0,0,0.00K,0.00K,41.591,-93.5821,41.5687,-93.4725
201006,12,201006,13,230792,IOWA,Flood,WAPELLO,0,0,0,0,50.00K,0.00K,41.1019,-92.5334,41.0917,-92.5669
201006,12,201006,16,230793,IOWA,Flood,WAPELLO,0,0,0,0,100.00K,0.00K,41.1254,-92.6374,40.9011,-92.2869
201006,13,201006,17,230794,IOWA,Flood,DALLAS,0,0,0,0,50.00K,0.00K,41.84,-94.2694,41.637,-94.0842
201006,23,201006,23,226375,IOWA,Flash Flood,FRANKLIN,0,0,0,0,100.00K,10.00K,42.7244,-93.2149,42.7579,-93.2187
201006,23,201006,23,226377,IOWA,Flash Flood,WRIGHT,0,0,0,0,50.00K,10.00K,42.73,-93.73,42.861,-93.7148
201006,12,201006,12,224614,IOWA,Flood,POLK,0,0,0,0,15.00K,0.00K,41.61,-93.53,41.6008,-93.5278
201006,12,201006,12,224585,IOWA,Flash Flood,MAHASKA,0,0,0,0,10.00K,0.00K,41.29,-92.7,41.2896,-92.7056
201006,15,201006,15,225040,IOWA,Flash Flood,MONROE,0,0,0,0,100.00K,0.00K,41.03,-92.8,41.0174,-92.8497
201006,12,201006,12,224588,IOWA,Flash Flood,MARION,0,0,0,0,50.00K,0.00K,41.37,-93.29,41.3623,-93.3235
201006,13,201006,14,230795,IOWA,Flood,DALLAS,0,0,0,0,0.00K,0.00K,41.8498,-93.9994,41.7549,-93.7758
201006,12,201006,20,230796,IOWA,Flood,POLK,0,0,0,0,100.00K,0.00K,41.5586,-93.6751,41.5731,-93.6085
201006,15,201006,16,225048,IOWA,Flood,APPANOOSE,0,0,0,0,10.00K,0.00K,40.78,-92.94,40.7873,-92.9469
201006,15,201006,16,225047,IOWA,Flood,MONROE,0,0,0,0,25.00K,0.00K,41.03,-92.72,41.0406,-92.6402
201006,5,201006,6,223715,IOWA,Flood,TAYLOR,0,0,0,0,100.00K,0.00K,40.5859,-94.7887,40.7099,-94.7818
201006,5,201006,6,223718,IOWA,Flood,UNION,0,0,0,0,100.00K,0.00K,41.07,-94.37,41.0781,-94.3211
201006,12,201006,15,230797,IOWA,Flood,DALLAS,0,0,0,0,25.00K,0.00K,41.5501,-93.9584,41.5335,-93.8916
201006,12,201006,21,230798,IOWA,Flood,POLK,0,0,0,0,100.00K,0.00K,41.5658,-93.6716,41.5742,-93.6953
201007,23,201007,23,251747,IOWA,Flash Flood,HAMILTON,0,0,0,0,50.00K,10.00K,42.46,-93.82,42.4754,-93.8064
201004,25,201004,25,217173,IOWA,Flood,MONROE,0,0,0,0,0.00K,0.00K,40.9488,-92.6546,40.9468,-92.7184
201004,1,201004,14,219706,IOWA,Flood,EMMET,0,0,0,0,50.00K,0.00K,43.5007,-94.9125,43.3224,-94.8385
201004,1,201004,2,219707,IOWA,Flood,PALO ALTO,0,0,0,0,50.00K,0.00K,43.2413,-94.7559,43.085,-94.7457
201004,1,201004,8,219709,IOWA,Flood,HUMBOLDT,0,0,0,0,50.00K,0.00K,42.7224,-94.2486,42.6646,-94.2317
201004,1,201004,1,219710,IOWA,Flood,WEBSTER,0,0,0,0,50.00K,0.00K,42.3199,-93.9336,42.0737,-93.9072
201004,1,201004,23,219711,IOWA,Flood,WAPELLO,0,0,0,0,0.00K,0.00K,41.1019,-92.5334,41.0917,-92.5669
201004,13,201004,16,219712,IOWA,Flood,HUMBOLDT,0,0,0,0,0.00K,0.00K,42.7224,-94.2486,42.6646,-94.2317
201004,1,201004,2,219705,IOWA,Flood,KOSSUTH,0,0,0,0,75.00K,0.00K,43.2241,-94.1398,42.879,-94.1547
201004,6,201004,6,226803,IOWA,Flood,FAYETTE,0,0,0,0,0.00K,0.00K,42.6629,-91.9204,42.6631,-91.9161
201008,4,201008,4,238412,IOWA,Flash Flood,STORY,0,0,0,0,50.00K,0.00K,41.9,-93.31,41.9048,-93.3099
201006,1,201006,1,223193,IOWA,Flash Flood,POTTAWATTAMIE,0,0,0,0,20.00K,0.00K,41.38,-95.68,41.3938,-95.6695
201006,1,201006,1,223199,IOWA,Flash Flood,HARRISON,0,0,0,0,5.00K,0.00K,41.5528,-95.8801,41.5682,-95.8949
201008,4,201008,4,238413,IOWA,Flash Flood,POLK,0,0,0,0,1.00M,0.00K,41.64,-93.7,41.6403,-93.6936
201006,11,201006,30,237836,IOWA,Flood,FREMONT,0,0,0,0,10.00K,0.00K,40.6037,-95.7047,40.6142,-95.809
201007,24,201007,28,238712,IOWA,Flood,BLACK HAWK,0,0,0,0,10.00K,50.00K,42.6407,-92.5518,42.6103,-92.5521
201007,26,201007,30,238714,IOWA,Flood,POLK,0,0,0,0,10.00K,0.00K,41.5658,-93.6716,41.5742,-93.6953
201007,25,201007,26,238713,IOWA,Flood,BLACK HAWK,0,0,0,0,0.00K,0.00K,42.5485,-92.5152,42.5672,-92.4651
201007,23,201007,24,238716,IOWA,Flood,WEBSTER,0,0,0,0,25.00K,0.00K,42.5208,-94.2222,42.3504,-94.0969
201007,22,201007,31,238717,IOWA,Flood,WEBSTER,0,0,0,0,25.00K,500.00K,42.3199,-93.9336,42.0737,-93.9072
201007,24,201007,26,238719,IOWA,Flood,HUMBOLDT,0,0,0,0,0.00K,0.00K,42.7224,-94.2486,42.6646,-94.2317
201008,4,201008,4,238408,IOWA,Flash Flood,DALLAS,0,0,0,0,50.00K,0.00K,41.61,-94.03,41.6251,-94.0342
201008,4,201008,4,238410,IOWA,Flash Flood,STORY,0,0,0,0,10.00K,0.00K,41.88,-93.37,41.9054,-93.3738
201006,23,201006,23,229419,IOWA,Flood,CHICKASAW,0,0,0,0,0.00K,0.00K,43.0597,-92.3199,43.0591,-92.3199
201006,23,201006,23,229417,IOWA,Flood,WINNESHIEK,0,0,0,0,0.00K,0.00K,43.3045,-91.7902,43.303,-91.7901
201007,26,201007,26,238718,IOWA,Flood,WRIGHT,0,0,0,0,0.00K,0.00K,42.8405,-93.6353,42.8426,-93.5891
201007,26,201007,30,238720,IOWA,Flood,POLK,0,0,0,0,10.00K,0.00K,41.5586,-93.6751,41.5731,-93.6085
201006,23,201006,23,247549,IOWA,Flood,MITCHELL,0,0,0,0,135.00K,45.00K,43.4848,-92.9883,43.2332,-92.9746
201007,24,201007,27,238721,IOWA,Flood,BUTLER,0,0,0,0,20.00K,50.00K,42.5589,-92.5583,42.5886,-92.7608
201008,1,201008,18,243530,IOWA,Flood,MILLS,0,0,0,0,3.00K,0.00K,41.1601,-95.8901,41.1747,-95.8365
201007,1,201007,31,237323,IOWA,Flood,FREMONT,0,0,0,0,5.00K,0.00K,40.8876,-95.8173,40.6102,-95.7074
201007,1,201007,31,237839,IOWA,Flood,MILLS,0,0,0,0,10.00K,0.00K,41.1334,-95.8942,41.1405,-95.853
201008,1,201008,18,243532,IOWA,Flood,FREMONT,0,0,0,0,3.00K,0.00K,40.5953,-95.7747,40.6163,-95.7156
201005,18,201005,23,233088,IOWA,Flood,CLINTON,0,0,0,0,250.00K,0.00K,41.95,-90.9,41.73,-90.9
201005,18,201005,23,233080,IOWA,Flood,SCOTT,0,0,0,0,250.00K,0.00K,41.95,-90.9,41.73,-90.9
201006,22,201006,22,233961,IOWA,Flood,MONTGOMERY,0,0,0,0,1.00K,0.00K,41.1271,-95.2336,40.9313,-95.3119
201005,13,201005,15,233108,IOWA,Flood,DES MOINES,0,0,0,0,250.00K,0.00K,40.81,-91.43,40.66,-91.11
201005,13,201005,13,233130,IOWA,Flood,LEE,0,0,0,0,250.00K,0.00K,40.61,-91.81,40.31,-91.47
201005,13,201005,22,233067,IOWA,Flood,IOWA,0,0,0,0,500.00K,0.00K,41.8628,-92.2983,41.75,-92.2983
201005,13,201005,17,233100,IOWA,Flood,KEOKUK,0,0,0,0,500.00K,0.00K,41.4068,-92.4116,41.2,-92.4116
201006,27,201006,27,246579,IOWA,Flash Flood,IDA,0,0,0,0,0.00K,0.00K,42.37,-95.5,42.31,-95.5
201006,15,201006,16,246951,IOWA,Flood,JOHNSON,0,0,0,0,375.00K,0.00K,41.58,-91.56,41.4,-91.52
201006,15,201006,16,246956,IOWA,Flood,WASHINGTON,0,0,0,0,125.00K,0.00K,41.58,-91.56,41.4,-91.52
201006,26,201006,30,246971,IOWA,Flood,CHEROKEE,0,0,0,0,100.00K,0.00K,42.9254,-95.3475,42.9109,-95.4741
201006,26,201006,27,246577,IOWA,Flash Flood,CLAY,0,0,0,0,0.00K,0.00K,43.18,-95.18,43.12,-95.18
201006,22,201006,23,245337,IOWA,Flash Flood,SIOUX,0,0,0,0,0.00K,0.00K,43.03,-96.51,43.01,-96.49
201006,22,201006,23,245341,IOWA,Flash Flood,SIOUX,0,0,0,0,0.00K,0.00K,43.03,-96.09,42.97,-96.09
201006,12,201006,27,246988,IOWA,Flood,KEOKUK,0,0,0,0,500.00K,0.00K,41.4068,-92.4116,41.2,-92.4116
201006,22,201006,23,245346,IOWA,Flash Flood,SIOUX,0,0,0,0,0.00K,0.00K,43.11,-96.2,43.05,-96.2
201006,22,201006,23,245357,IOWA,Flash Flood,PLYMOUTH,0,0,0,0,50.00K,0.00K,42.8969,-96.5122,42.83,-96.5697
201006,22,201006,23,245360,IOWA,Flash Flood,CLAY,0,0,0,0,0.00K,0.00K,43.17,-95.17,43.13,-95.17
201006,23,201006,23,245451,IOWA,Flash Flood,CLAY,0,0,0,0,0.00K,0.00K,43.17,-94.96,43.13,-94.96
201006,11,201006,30,237838,IOWA,Flood,MILLS,0,0,0,0,50.00K,0.00K,41.1209,-95.8791,41.1219,-95.8543
201006,26,201006,26,246562,IOWA,Flash Flood,SIOUX,0,0,0,0,0.00K,0.00K,43.04,-96.1,42.96,-96.1
201006,26,201006,27,246566,IOWA,Flash Flood,CHEROKEE,0,0,0,0,0.00K,0.00K,42.79,-95.59,42.71,-95.59
201007,21,201007,22,251361,IOWA,Flash Flood,LYON,0,0,0,0,80.00K,0.00K,43.38,-96.04,43.3,-96.04
201006,22,201006,25,233949,IOWA,Flood,FREMONT,0,0,0,0,4.00K,0.00K,40.6,-95.65,40.6666,-95.6312
201006,13,201006,30,246879,IOWA,Flood,LYON,0,0,0,0,0.00K,0.00K,43.5007,-96.6123,43.2493,-96.5778
201006,17,201006,28,246919,IOWA,Flood,CLINTON,0,0,0,0,500.00K,0.00K,41.95,-90.9,41.73,-90.9
201006,17,201006,28,246921,IOWA,Flood,SCOTT,0,0,0,0,500.00K,0.00K,41.95,-90.9,41.73,-90.9
201006,13,201006,30,246872,IOWA,Flood,SIOUX,0,0,0,0,0.00K,0.00K,43.236,-96.4193,42.8987,-96.47
201006,13,201006,30,246874,IOWA,Flood,PLYMOUTH,0,0,0,0,0.00K,0.00K,42.9168,-96.55,42.7481,-96.6616
201006,14,201006,27,246996,IOWA,Flood,DES MOINES,0,0,0,0,250.00K,0.00K,40.81,-91.43,40.66,-91.11
201006,14,201006,27,246999,IOWA,Flood,LEE,0,0,0,0,250.00K,0.00K,40.81,-91.43,40.66,-91.11
201006,23,201006,30,246939,IOWA,Flood,CLAY,0,0,0,0,0.00K,0.00K,43.25,-95.3588,43.0089,-95.0666
201007,12,201007,12,248455,IOWA,Flash Flood,LINN,0,0,0,0,0.00K,0.00K,42.06,-91.64,42.01,-91.64
201007,12,201007,12,248456,IOWA,Flash Flood,JONES,0,0,0,0,0.00K,0.00K,42.05,-91.365,41.99,-91.365
201007,19,201007,27,251720,IOWA,Flood,LEE,0,0,0,0,250.00K,0.00K,40.61,-91.81,40.31,-91.47
201007,25,201007,31,252965,IOWA,Flood,LOUISA,0,0,0,0,125.00K,0.00K,41.54,-91.1,40.37,-91.55
201007,25,201007,31,252966,IOWA,Flood,DES MOINES,0,0,0,0,125.00K,0.00K,41.54,-91.1,40.37,-91.55
201007,25,201007,31,252967,IOWA,Flood,LEE,0,0,0,0,125.00K,0.00K,41.54,-91.1,40.37,-91.55
201007,12,201007,12,248454,IOWA,Flash Flood,BENTON,0,0,0,0,0.00K,0.00K,42.16,-92.07,41.96,-92.07
201008,11,201008,11,240059,IOWA,Flash Flood,POLK,0,0,0,0,50.00K,25.00K,41.66,-93.44,41.6578,-93.4628
201008,10,201008,11,240074,IOWA,Flash Flood,HAMILTON,0,0,0,0,10.00K,0.00K,42.27,-93.87,42.2655,-93.869
201008,10,201008,10,239793,IOWA,Flash Flood,POLK,0,0,0,0,25.00K,0.00K,41.69,-93.8,41.6903,-93.7963
201007,23,201007,23,250750,IOWA,Flood,DELAWARE,0,0,0,0,100.00K,0.00K,42.457,-91.4812,42.327,-91.2812
201007,7,201007,7,234161,IOWA,Flash Flood,FAYETTE,0,0,0,0,20.00K,0.00K,42.6421,-92.0757,42.6482,-91.6328
201007,25,201007,31,252609,IOWA,Flood,SCOTT,0,0,0,0,125.00K,0.00K,41.54,-91.1,40.37,-91.55
201007,25,201007,31,252964,IOWA,Flood,MUSCATINE,0,0,0,0,125.00K,0.00K,41.54,-91.1,40.37,-91.55
201008,10,201008,12,248968,IOWA,Flood,STORY,0,0,0,0,500.00K,50.00K,42.0665,-93.6109,42.067,-93.6304
201008,10,201008,16,248956,IOWA,Flood,DALLAS,0,0,0,0,50.00K,100.00K,41.84,-94.2694,41.637,-94.0842
201008,10,201008,11,240078,IOWA,Flash Flood,WEBSTER,0,0,0,0,50.00K,0.00K,42.36,-94.15,42.3641,-94.1238
201008,10,201008,11,240079,IOWA,Flash Flood,WEBSTER,0,0,0,0,100.00K,0.00K,42.39,-94.11,42.4164,-94.1425
201008,10,201008,11,240080,IOWA,Flash Flood,WEBSTER,0,0,0,0,250.00K,0.00K,42.48,-94.21,42.4904,-94.1858
201008,10,201008,11,240081,IOWA,Flash Flood,WEBSTER,0,0,0,0,50.00K,0.00K,42.4418,-94.3036,42.4572,-94.2864
201008,10,201008,11,240082,IOWA,Flash Flood,WEBSTER,0,0,0,0,100.00K,0.00K,42.38,-94.09,42.3947,-94.1041
201008,10,201008,11,240084,IOWA,Flash Flood,CALHOUN,0,0,0,0,10.00K,0.00K,42.44,-94.86,42.4408,-94.8536
201008,10,201008,11,240085,IOWA,Flash Flood,CALHOUN,0,0,0,0,10.00K,0.00K,42.43,-94.46,42.4331,-94.45
201008,10,201008,11,240088,IOWA,Flash Flood,GREENE,0,0,0,0,25.00K,0.00K,42.2,-94.18,42.1979,-94.1904
201008,11,201008,11,240090,IOWA,Flash Flood,MARION,0,0,0,0,50.00K,0.00K,41.32,-92.92,41.3115,-92.9179
201007,5,201007,6,247909,IOWA,Flash Flood,LEE,0,0,0,0,100.00K,0.00K,40.67,-91.4,40.59,-91.4
201008,10,201008,10,239795,IOWA,Flash Flood,POLK,0,0,0,0,50.00K,0.00K,41.69,-93.8,41.6914,-93.7924
201008,10,201008,10,239796,IOWA,Flash Flood,POLK,0,0,0,0,100.00K,0.00K,41.69,-93.79,41.6944,-93.7908
201007,9,201007,12,251691,IOWA,Flood,JONES,0,0,0,0,250.00K,0.00K,42.18,-91.3642,42.02,-91.3642
201007,20,201007,21,251717,IOWA,Flood,VAN BUREN,0,0,0,0,250.00K,0.00K,40.95,-92.2,40.8,-92.2
201007,5,201007,10,251718,IOWA,Flood,LEE,0,0,0,0,125.00K,0.00K,40.61,-91.81,40.31,-91.47
201008,10,201008,13,248958,IOWA,Flood,WEBSTER,0,0,0,0,5.00K,200.00K,42.3199,-93.9336,42.0737,-93.9072
201008,10,201008,10,239818,IOWA,Flash Flood,DALLAS,0,0,0,0,10.00K,0.00K,41.63,-93.83,41.6249,-93.825
201008,10,201008,10,239822,IOWA,Flash Flood,MAHASKA,0,0,0,0,200.00K,0.00K,41.29,-92.64,41.3676,-92.6463
201007,19,201007,19,248506,IOWA,Flash Flood,VAN BUREN,0,0,0,0,0.00K,0.00K,40.65,-91.76,40.63,-91.76
201007,30,201007,31,248568,IOWA,Flash Flood,JOHNSON,0,0,0,0,25.00K,0.00K,41.482,-91.432,41.478,-91.432
201007,8,201007,9,251697,IOWA,Flood,CLINTON,0,0,0,0,150.00K,0.00K,41.95,-90.9,41.73,-90.9
201007,8,201007,9,251698,IOWA,Flood,SCOTT,0,0,0,0,150.00K,0.00K,41.95,-90.9,41.73,-90.9
201007,28,201007,31,251702,IOWA,Flood,CLINTON,0,0,0,0,250.00K,0.00K,41.95,-90.9,41.73,-90.9
201008,11,201008,18,257286,IOWA,Flood,IOWA,0,0,0,0,250.00K,0.00K,41.8628,-92.2983,41.75,-92.2983
201008,4,201008,7,257296,IOWA,Flood,JOHNSON,0,0,0,0,75.00K,0.00K,41.55,-91.6,41.35,-91.47
201008,9,201008,17,248970,IOWA,Flood,JASPER,0,0,0,0,400.00K,500.00K,41.7305,-93.3475,41.6769,-93.1087
201007,7,201007,7,234153,IOWA,Flash Flood,FAYETTE,0,0,0,0,580.00K,0.00K,42.6532,-91.9837,42.7294,-91.981
201008,11,201008,12,240076,IOWA,Flood,HAMILTON,0,0,0,0,200.00K,50.00K,42.2745,-93.7652,42.2359,-93.7587
201008,11,201008,12,240067,IOWA,Flood,STORY,0,0,0,0,50.00M,0.00K,42.02,-93.63,42.0463,-93.6368
201007,1,201007,15,251709,IOWA,Flood,IOWA,0,0,0,0,250.00K,0.00K,41.8628,-92.2983,41.75,-92.2983
201008,4,201008,7,257297,IOWA,Flood,WASHINGTON,0,0,0,0,75.00K,0.00K,41.55,-91.6,41.35,-91.47
201008,4,201008,7,257298,IOWA,Flood,LOUISA,0,0,0,0,100.00K,0.00K,41.55,-91.6,41.35,-91.47
201008,3,201008,6,257299,IOWA,Flood,WASHINGTON,0,0,0,0,500.00K,0.00K,41.5108,-91.9465,41.45,-91.9465
201008,4,201008,7,257301,IOWA,Flood,KEOKUK,0,0,0,0,250.00K,0.00K,41.4068,-92.4116,41.2,-92.4116
201008,10,201008,16,257303,IOWA,Flood,KEOKUK,0,0,0,0,500.00K,0.00K,41.4068,-92.4116,41.2,-92.4116
201008,13,201008,24,257309,IOWA,Flood,DES MOINES,0,0,0,0,250.00K,0.00K,40.81,-91.43,40.66,-91.11
201008,13,201008,24,258904,IOWA,Flood,HENRY,0,0,0,0,500.00K,0.00K,41.3,-91.946,41.11,-91.946
201008,13,201008,24,258905,IOWA,Flood,JEFFERSON,0,0,0,0,250.00K,0.00K,41.3,-91.946,41.11,-91.946
201008,9,201008,24,248971,IOWA,Flood,MAHASKA,0,0,0,0,200.00K,250.00K,41.4888,-92.8635,41.319,-92.417
201008,9,201008,17,248961,IOWA,Flood,POLK,0,0,0,0,10.00K,50.00K,41.591,-93.5821,41.5687,-93.4725
201009,13,201009,14,254790,IOWA,Flood,WAYNE,0,0,0,0,10.00K,0.00K,40.8436,-93.1129,40.769,-93.1038
201007,31,201007,31,251710,IOWA,Flood,IOWA,0,0,0,0,0.00K,0.00K,41.8628,-92.2983,41.75,-92.2983
201007,8,201007,8,251711,IOWA,Flood,LOUISA,0,0,0,0,250.00K,0.00K,41.26,-91.37,41.07,-91.18
201008,13,201008,24,258906,IOWA,Flood,WASHINGTON,0,0,0,0,250.00K,0.00K,41.3,-91.946,41.11,-91.946
201008,9,201008,14,257314,IOWA,Flood,VAN BUREN,0,0,0,0,500.00K,0.00K,40.95,-92.2,40.8,-92.2
201008,13,201008,14,248962,IOWA,Flood,APPANOOSE,0,0,0,0,5.00K,5.00K,40.5973,-92.6614,40.8445,-92.8575
201006,12,201006,30,252420,IOWA,Flood,APPANOOSE,0,0,0,0,0.00K,20.00M,40.926,-93.063,40.5854,-93.06
201006,12,201006,30,252526,IOWA,Flood,DECATUR,0,0,0,0,0.00K,20.00M,40.926,-93.978,40.5755,-93.9805
201006,12,201006,30,252527,IOWA,Flood,EMMET,0,0,0,0,0.00K,20.00M,43.49,-94.441,43.4985,-94.8975
201006,12,201006,30,252539,IOWA,Flood,KOSSUTH,0,0,0,0,0.00K,40.00M,42.931,-93.949,43.4975,-93.9565
201006,12,201006,30,252561,IOWA,Flood,RINGGOLD,0,0,0,0,0.00K,20.00M,40.926,-94.46,40.5712,-94.4413
201007,27,201007,31,254450,IOWA,Flood,CHEROKEE,0,0,0,0,0.00K,0.00K,42.9254,-95.3475,42.9109,-95.4741
201007,5,201007,6,251712,IOWA,Flood,KEOKUK,0,0,0,0,250.00K,0.00K,41.4068,-92.4116,41.2,-92.4116
201008,9,201008,15,257316,IOWA,Flood,LEE,0,0,0,0,250.00K,0.00K,40.61,-91.81,40.31,-91.47
201008,21,201008,21,257318,IOWA,Flood,LEE,0,0,0,0,125.00K,0.00K,40.61,-91.81,40.31,-91.47
201008,9,201008,14,248972,IOWA,Flood,DALLAS,0,0,0,0,100.00K,200.00K,41.8498,-93.9994,41.7549,-93.7758
201008,14,201008,16,257280,IOWA,Flood,CLINTON,0,0,0,0,125.00K,0.00K,41.95,-90.9,41.73,-90.9
201008,14,201008,16,257282,IOWA,Flood,SCOTT,0,0,0,0,125.00K,0.00K,41.95,-90.9,41.73,-90.9
201006,12,201006,30,252525,IOWA,Flood,DAVIS,0,0,0,0,0.00K,20.00M,40.926,-92.61,40.5919,-92.6095
201008,1,201008,1,248682,IOWA,Flood,BOONE,0,0,0,0,0.00K,0.00K,42.3199,-93.9336,42.0737,-93.9072
201008,3,201008,3,246836,IOWA,Flood,POWESHIEK,0,0,0,0,25.00K,0.00K,41.58,-92.7,41.6115,-92.7174
201008,1,201008,6,248701,IOWA,Flood,POLK,0,0,0,0,100.00K,25.00K,41.591,-93.5821,41.5687,-93.4725
201008,4,201008,4,257064,IOWA,Flash Flood,JOHNSON,0,0,0,0,0.00K,0.00K,41.62,-91.94,41.52,-91.94
201008,10,201008,11,240073,IOWA,Flash Flood,HAMILTON,0,0,0,0,100.00K,0.00K,42.29,-93.79,42.2851,-93.791
201008,10,201008,11,240087,IOWA,Flash Flood,BREMER,0,0,0,0,50.00K,0.00K,42.73,-92.48,42.7304,-92.4749
201008,10,201008,11,240086,IOWA,Flash Flood,BOONE,0,0,0,0,10.00K,0.00K,42.17,-93.8,42.1724,-93.6999
201008,10,201008,11,240061,IOWA,Flash Flood,STORY,0,0,0,0,25.00K,0.00K,42.19,-93.59,42.1902,-93.5845
201008,10,201008,10,239819,IOWA,Flash Flood,MARION,0,0,0,0,10.00K,0.00K,41.44,-93.02,41.4371,-93.0034
201008,10,201008,10,239820,IOWA,Flash Flood,MAHASKA,0,0,0,0,50.00K,0.00K,41.29,-92.54,41.2896,-92.5344
201008,10,201008,10,239823,IOWA,Flash Flood,MAHASKA,0,0,0,0,500.00K,0.00K,41.2711,-92.6508,41.274,-92.6055
201008,10,201008,10,239825,IOWA,Flash Flood,MAHASKA,0,0,0,0,250.00K,0.00K,41.22,-92.54,41.2779,-92.5317
201006,12,201006,30,252568,IOWA,Flood,TAYLOR,0,0,0,0,0.00K,20.00M,40.936,-94.913,40.576,-94.8858
201006,12,201006,30,252582,IOWA,Flood,WINNEBAGO,0,0,0,0,0.00K,20.00M,43.268,-93.468,43.4986,-93.4759
201006,12,201006,30,252583,IOWA,Flood,WORTH,0,0,0,0,0.00K,20.00M,43.4989,-93.4648,43.4984,-92.9838
201007,28,201007,31,254361,IOWA,Flood,LYON,0,0,0,0,0.00K,0.00K,43.5007,-96.6123,43.2493,-96.5778
201007,5,201007,7,251716,IOWA,Flood,VAN BUREN,0,0,0,0,250.00K,0.00K,40.95,-92.2,40.8,-92.2
201008,11,201008,12,248973,IOWA,Flood,MARSHALL,0,0,0,0,25.00K,10.00K,42.1086,-93.0539,42.1365,-93.0038
201008,11,201008,11,248948,IOWA,Flood,DALLAS,0,0,0,0,10.00K,10.00K,41.5501,-93.9584,41.5335,-93.8916
201008,10,201008,11,240075,IOWA,Flash Flood,HAMILTON,0,0,0,0,25.00K,0.00K,42.3138,-93.6509,42.226,-93.6557
201008,10,201008,11,240083,IOWA,Flash Flood,WEBSTER,0,0,0,0,25.00K,0.00K,42.27,-93.95,42.2708,-93.9336
201008,10,201008,11,240053,IOWA,Flash Flood,POLK,0,0,0,0,25.00K,0.00K,41.74,-93.6,41.7401,-93.6013
201008,10,201008,11,240057,IOWA,Flash Flood,POLK,0,0,0,0,25.00K,0.00K,41.73,-93.62,41.7343,-93.6206
201007,7,201007,7,247911,IOWA,Flash Flood,BUCHANAN,0,0,0,0,50.00K,0.00K,42.642,-92.082,42.57,-92.082
201007,7,201007,7,247913,IOWA,Flash Flood,SCOTT,0,0,0,0,0.00K,0.00K,41.61,-90.38,41.52,-90.55
201008,10,201008,11,240092,IOWA,Flash Flood,GRUNDY,0,0,0,0,25.00K,0.00K,42.53,-92.87,42.5267,-92.868
201008,12,201008,13,248974,IOWA,Flood,BUTLER,0,0,0,0,10.00K,5.00K,42.5589,-92.5583,42.5886,-92.7608
201008,13,201008,13,240800,IOWA,Flash Flood,DAVIS,0,0,0,0,25.00K,0.00K,40.87,-92.43,40.8713,-92.4301
201008,20,201008,20,242734,IOWA,Flash Flood,WAPELLO,0,0,0,0,250.00K,0.00K,41.05,-92.41,41.0783,-92.4029
201008,13,201008,13,240680,IOWA,Flash Flood,WAPELLO,0,0,0,0,100.00K,0.00K,41.02,-92.42,41.0455,-92.4175
201008,10,201008,10,239794,IOWA,Flash Flood,POLK,0,0,0,0,25.00K,0.00K,41.64,-93.66,41.6404,-93.6491
201008,10,201008,10,239797,IOWA,Flash Flood,POLK,0,0,0,0,75.00K,0.00K,41.52,-93.5,41.5198,-93.491
201009,13,201009,13,249967,IOWA,Flash Flood,APPANOOSE,0,0,0,0,50.00K,5.00K,40.62,-92.87,40.6286,-92.8393
201009,24,201009,30,254793,IOWA,Flood,WAPELLO,50,0,0,0,10.00K,0.00K,41.1254,-92.6374,40.9011,-92.2869
201008,3,201008,3,257048,IOWA,Flash Flood,WASHINGTON,0,0,0,0,1.00M,0.00K,41.511,-91.9448,41.4102,-91.9464
201008,13,201008,15,248952,IOWA,Flood,DALLAS,0,0,0,0,25.00K,100.00K,41.5501,-93.9584,41.5335,-93.8916
201008,10,201008,11,240093,IOWA,Flash Flood,GRUNDY,0,0,0,0,10.00K,0.00K,42.51,-92.82,42.5418,-92.7961
201008,11,201008,11,240091,IOWA,Flash Flood,MARION,0,0,0,0,10.00K,0.00K,41.3,-92.89,41.3055,-92.8901
201008,11,201008,11,240094,IOWA,Flash Flood,MONROE,0,0,0,0,10.00K,0.00K,41.05,-92.98,41.0576,-92.9861
201008,1,201008,31,248707,IOWA,Flood,MAHASKA,0,0,0,0,1.00M,500.00K,41.1019,-92.5334,41.0917,-92.5669
201008,1,201008,31,248715,IOWA,Flood,WAPELLO,0,0,0,0,2.00M,500.00K,41.1254,-92.6374,40.9011,-92.2869
201008,20,201008,20,242735,IOWA,Flash Flood,WAPELLO,0,0,0,0,100.00K,0.00K,41.08,-92.41,41.0688,-92.4122
201007,23,201007,31,254379,IOWA,Flood,SIOUX,0,0,0,0,0.00K,0.00K,43.07,-95.9196,42.9956,-96.215
201007,23,201007,31,254388,IOWA,Flood,PLYMOUTH,0,0,0,0,0.00K,0.00K,42.915,-96.05,42.8386,-96.0962
201008,9,201008,9,239719,IOWA,Flood,STORY,0,0,0,0,250.00K,0.00K,41.9,-93.53,41.9039,-93.5407
201008,8,201008,9,239720,IOWA,Flash Flood,SAC,0,0,0,0,25.00K,0.00K,42.42,-94.87,42.4244,-94.8701
201008,8,201008,8,239721,IOWA,Flash Flood,CARROLL,0,0,0,0,100.00K,0.00K,42.0571,-94.8585,42.0879,-94.8494
201008,8,201008,8,239723,IOWA,Flash Flood,CARROLL,0,0,0,0,50.00K,0.00K,42.0554,-94.7348,42.0632,-94.738
201008,8,201008,8,239725,IOWA,Flash Flood,GREENE,0,0,0,0,50.00K,0.00K,41.93,-94.2,41.9372,-94.1955
201008,8,201008,9,239764,IOWA,Flash Flood,GREENE,0,0,0,0,50.00K,0.00K,41.93,-94.2,41.9366,-94.1984
201008,9,201008,9,239768,IOWA,Flash Flood,BOONE,0,0,0,0,25.00K,0.00K,41.9815,-93.8617,41.9619,-93.8552
201008,9,201008,9,239770,IOWA,Flash Flood,POLK,0,0,0,0,25.00K,0.00K,41.67,-93.78,41.6781,-93.7758
201008,9,201008,9,239772,IOWA,Flash Flood,POLK,0,0,0,0,75.00K,0.00K,41.5786,-93.6938,41.5786,-93.7124
201008,9,201008,9,239774,IOWA,Flash Flood,DALLAS,0,0,0,0,25.00K,0.00K,41.68,-93.98,41.6809,-93.8377
201008,9,201008,9,239775,IOWA,Flash Flood,STORY,0,0,0,0,5.00K,0.00K,41.9962,-93.6387,42.0017,-93.6391
201008,9,201008,9,239776,IOWA,Flash Flood,POLK,0,0,0,0,500.00K,0.00K,41.5947,-93.5202,41.5803,-93.5213
201008,9,201008,9,239777,IOWA,Flash Flood,STORY,0,0,0,0,25.00K,0.00K,41.91,-93.4,41.9096,-93.4171
201008,9,201008,9,239779,IOWA,Flash Flood,STORY,0,0,0,0,25.00K,0.00K,42.02,-93.63,42.0243,-93.5929
201008,9,201008,9,239781,IOWA,Flash Flood,BOONE,0,0,0,0,50.00K,0.00K,42.05,-93.88,42.0417,-93.7879
201008,9,201008,9,239783,IOWA,Flash Flood,STORY,0,0,0,0,25.00K,0.00K,41.95,-93.66,41.955,-93.6607
201008,9,201008,9,239785,IOWA,Flash Flood,STORY,0,0,0,0,75.00K,0.00K,41.9,-93.53,41.9068,-93.5293
201008,11,201008,12,240077,IOWA,Flood,WEBSTER,0,0,0,0,200.00K,0.00K,42.2739,-94.3003,42.2927,-94.3008
201008,4,201008,4,238404,IOWA,Flash Flood,POLK,0,0,0,0,50.00K,0.00K,41.64,-93.74,41.6395,-93.7668
201008,20,201008,20,242736,IOWA,Flash Flood,WAPELLO,0,0,0,0,25.00K,0.00K,41.03,-92.4,41.0305,-92.4027
201008,20,201008,20,243035,IOWA,Flash Flood,WAPELLO,0,0,0,0,25.00K,0.00K,41.08,-92.41,41.0818,-92.3986
201008,9,201008,12,248965,IOWA,Flood,MARION,0,0,0,0,50.00K,200.00K,41.2112,-92.9318,41.2685,-92.8932
201008,9,201008,18,248953,IOWA,Flood,POLK,0,0,0,0,50.00K,50.00K,41.5658,-93.6716,41.5742,-93.6953
201008,20,201008,20,242738,IOWA,Flash Flood,WAPELLO,0,0,0,0,25.00K,0.00K,41.04,-92.44,41.0365,-92.4396
201007,1,201007,2,233958,IOWA,Flood,MONONA,0,0,0,0,2.00K,0.00K,42.02,-95.97,41.8718,-95.9409
201008,8,201008,9,239765,IOWA,Flash Flood,DALLAS,0,0,0,0,25.00K,0.00K,41.612,-93.893,41.611,-93.8813
201009,21,201009,21,251993,IOWA,Flash Flood,DECATUR,0,0,0,0,25.00K,5.00K,40.64,-93.65,40.6565,-93.6509
201008,4,201008,4,238401,IOWA,Flash Flood,POLK,0,0,0,0,25.00K,0.00K,41.64,-93.67,41.6408,-93.6656
201008,4,201008,4,238405,IOWA,Flash Flood,POLK,0,0,0,0,50.00K,0.00K,41.64,-93.74,41.6583,-93.7411
201008,13,201008,13,240799,IOWA,Flash Flood,APPANOOSE,0,0,0,0,25.00K,0.00K,40.81,-92.89,40.812,-92.8865
201008,9,201008,9,239786,IOWA,Flash Flood,WAPELLO,0,0,0,0,10.00K,0.00K,41.0,-92.32,40.9997,-92.3414
201008,9,201008,9,256056,IOWA,Flash Flood,MAHASKA,0,0,0,0,10.00K,0.00K,41.184,-92.824,41.2107,-92.8268
201008,9,201008,9,259894,IOWA,Flash Flood,POLK,0,0,0,0,300.00K,0.00K,41.6043,-93.7179,41.5952,-93.7094
201008,9,201008,13,248967,IOWA,Flood,STORY,0,0,0,0,50.00K,200.00K,42.0114,-93.5866,41.7307,-93.3487
201008,9,201008,17,248954,IOWA,Flood,POLK,0,0,0,0,50.00K,10.00K,41.5586,-93.6751,41.5731,-93.6085
201008,11,201008,11,240050,IOWA,Flash Flood,POLK,4,0,1,0,100.00K,25.00K,41.6445,-93.4387,41.6608,-93.4358
201008,11,201008,11,240049,IOWA,Flash Flood,POLK,0,0,0,0,25.00K,0.00K,41.74,-93.6,41.7409,-93.5911
201008,10,201008,11,240055,IOWA,Flash Flood,POLK,0,0,0,0,50.00K,25.00K,41.7845,-93.5682,41.7967,-93.5665
201008,10,201008,11,240056,IOWA,Flash Flood,POLK,0,0,0,0,25.00K,0.00K,41.74,-93.58,41.74,-93.5823
201008,10,201008,11,240058,IOWA,Flash Flood,POLK,0,0,0,0,25.00K,0.00K,41.73,-93.59,41.7307,-93.5912
201008,11,201008,11,240060,IOWA,Flash Flood,POLK,0,0,0,0,100.00K,0.00K,41.58,-93.62,41.6278,-93.6227
201008,10,201008,11,240062,IOWA,Flash Flood,STORY,0,0,0,0,500.00K,0.00K,42.1965,-93.6014,42.199,-93.573
201008,10,201008,11,240063,IOWA,Flash Flood,STORY,0,0,0,0,25.00K,0.00K,42.11,-93.31,42.1115,-93.2973
201008,4,201008,4,238409,IOWA,Flash Flood,DALLAS,0,0,0,0,10.00K,0.00K,41.76,-93.9,41.7517,-93.8358
201008,20,201008,20,243038,IOWA,Flash Flood,WAPELLO,0,0,0,0,50.00K,0.00K,41.0984,-92.4247,41.0804,-92.3631
201009,23,201009,25,260017,IOWA,Flood,MITCHELL,0,0,0,0,0.00K,0.00K,43.4309,-92.7653,43.4274,-92.7715
201008,10,201008,10,257081,IOWA,Flash Flood,LEE,0,0,0,0,250.00K,0.00K,40.67,-91.4,40.59,-91.4
201009,23,201009,30,254795,IOWA,Flood,EMMET,0,0,0,0,100.00K,25.00K,43.5007,-94.9125,43.3224,-94.8385
201009,26,201009,30,254796,IOWA,Flood,PALO ALTO,0,0,0,0,15.00K,5.00K,43.2413,-94.7559,43.085,-94.7459
201009,28,201009,30,254797,IOWA,Flood,HUMBOLDT,20,0,0,0,5.00K,0.00K,42.7224,-94.2486,42.6646,-94.2317
201008,13,201008,14,257125,IOWA,Flash Flood,JEFFERSON,0,0,0,0,100.00K,0.00K,41.02,-92.0,40.98,-92.0
201008,3,201008,3,257044,IOWA,Flash Flood,IOWA,0,0,0,0,100.00K,0.00K,41.86,-92.15,41.51,-92.15
201008,10,201008,10,257073,IOWA,Flash Flood,WASHINGTON,0,0,0,0,100.00K,0.00K,41.51,-91.947,41.25,-91.947
201008,13,201008,14,257130,IOWA,Flash Flood,JACKSON,0,0,0,0,0.00K,0.00K,42.052,-90.4325,42.044,-90.4325
201008,13,201008,14,257131,IOWA,Flash Flood,HENRY,0,0,0,0,0.00K,0.00K,41.1627,-91.7185,41.1582,-91.7185
201008,13,201008,13,257114,IOWA,Flash Flood,BUCHANAN,0,0,0,0,0.00K,0.00K,42.51,-91.73,42.46,-91.73
201008,13,201008,13,257120,IOWA,Flash Flood,LEE,0,0,0,0,25.00K,0.00K,40.4012,-91.3872,40.3998,-91.3893
201009,23,201009,30,262596,IOWA,Flood,PLYMOUTH,0,0,0,0,0.00K,0.00K,42.9168,-96.55,42.7481,-96.6616
201008,13,201008,13,257122,IOWA,Flash Flood,DELAWARE,0,0,0,0,5.00K,0.00K,42.5414,-91.5333,42.4186,-91.5332
201009,19,201009,19,251235,IOWA,Flash Flood,UNION,0,0,0,0,250.00K,25.00K,41.0779,-94.5133,41.0711,-94.3863
201009,28,201009,30,260710,IOWA,Flood,CLAYTON,0,0,0,0,0.00K,0.00K,43.0507,-91.1786,43.0508,-91.1766
201009,19,201009,19,251243,IOWA,Flash Flood,RINGGOLD,0,0,0,0,10.00K,0.00K,40.68,-94.34,40.6807,-94.3321
201009,19,201009,19,255738,IOWA,Flash Flood,ADAMS,0,0,0,0,20.00K,0.00K,41.03,-94.63,40.9753,-94.6321
201007,22,201007,27,254459,IOWA,Flood,CLAY,0,0,0,0,0.00K,0.00K,43.17,-95.33,43.1411,-95.33
201008,13,201008,24,257308,IOWA,Flood,LEE,0,0,0,0,250.00K,0.00K,40.81,-91.43,40.66,-91.11
201008,20,201008,20,257166,IOWA,Flash Flood,KEOKUK,0,0,0,0,0.00K,0.00K,41.4515,-92.3559,41.3398,-92.3538
201009,25,201009,26,260709,IOWA,Flood,FLOYD,0,0,0,0,0.00K,0.00K,43.0582,-92.6641,43.0541,-92.6675
201009,21,201009,21,251902,IOWA,Flash Flood,DECATUR,0,0,0,0,10.00K,0.00K,40.62,-93.71,40.6258,-93.7426
201009,21,201009,24,254792,IOWA,Flood,WAYNE,50,0,0,0,10.00K,0.00K,40.8436,-93.1129,40.769,-93.1038
201009,24,201009,24,254794,IOWA,Flood,MARION,0,0,0,0,0.00K,0.00K,41.2112,-92.9318,41.2685,-92.8932
201010,1,201010,10,264943,IOWA,Flood,CLAYTON,0,0,0,0,0.00K,0.00K,42.8365,-91.101,42.8264,-91.0808
201010,1,201010,10,264942,IOWA,Flood,CLAYTON,0,0,0,0,0.00K,0.00K,43.0507,-91.1786,43.0508,-91.1766
201010,1,201010,9,264628,IOWA,Flood,DUBUQUE,0,0,0,0,0.00K,0.00K,42.5401,-90.6475,42.5215,-90.6485
201010,1,201010,11,264632,IOWA,Flood,DUBUQUE,0,0,0,0,0.00K,0.00K,42.5082,-90.6589,42.4941,-90.6588
201007,4,201007,5,229461,IOWA,Flash Flood,APPANOOSE,0,0,0,0,200.00K,0.00K,40.81,-92.9,40.8183,-92.8616
201010,23,201010,23,265790,IOWA,Flash Flood,SIOUX,0,0,0,0,0.00K,0.00K,43.209,-95.87,43.15,-95.93
201010,1,201010,8,256085,IOWA,Flood,FREMONT,0,0,0,0,0.00K,0.00K,40.7764,-95.8234,40.7723,-95.8626
201010,2,201010,7,264635,IOWA,Flood,JACKSON,0,0,0,0,0.00K,0.00K,42.2689,-90.4274,42.2425,-90.4147
201010,2,201010,12,264636,IOWA,Flood,CLINTON,0,0,0,0,0.00K,0.00K,41.7963,-90.2426,41.781,-90.2513
201010,3,201010,9,264638,IOWA,Flood,SCOTT,0,0,0,0,0.00K,0.00K,41.6034,-90.3431,41.5944,-90.3441
201010,3,201010,12,264640,IOWA,Flood,MUSCATINE,0,0,0,0,0.00K,0.00K,41.4277,-91.0277,41.4166,-91.0492
201010,2,201010,16,264642,IOWA,Flood,DES MOINES,0,0,0,0,0.00K,0.00K,40.8211,-91.0986,40.8087,-91.0981
201007,7,201007,7,230767,IOWA,Flash Flood,POWESHIEK,0,0,0,0,50.00K,0.00K,41.73,-92.44,41.7346,-92.4235
201007,1,201007,10,238480,IOWA,Flood,HUMBOLDT,0,0,0,0,100.00K,250.00K,42.7224,-94.2486,42.6646,-94.2317
201007,1,201007,9,238481,IOWA,Flood,EMMET,0,0,0,0,50.00K,250.00K,43.5007,-94.9125,43.3224,-94.8385
201007,1,201007,11,238473,IOWA,Flood,POLK,0,0,0,0,500.00K,250.00K,41.591,-93.5821,41.5687,-93.4725
201006,12,201006,30,252585,IOWA,Flood,WRIGHT,0,0,0,0,0.00K,20.00M,42.941,-93.949,42.584,-93.949
201007,22,201007,22,248548,IOWA,Flash Flood,BUCHANAN,0,0,0,0,100.00K,0.00K,42.5,-91.925,42.45,-91.925
201007,12,201007,17,251700,IOWA,Flood,SCOTT,0,0,0,0,250.00K,0.00K,41.95,-90.9,41.73,-90.9
201006,12,201006,30,252535,IOWA,Flood,HARDIN,0,0,0,0,0.00K,20.00M,42.574,-93.468,42.227,-93.439
201006,12,201006,30,252537,IOWA,Flood,HUMBOLDT,0,0,0,0,0.00K,20.00M,42.941,-94.422,42.671,-94.412
201006,12,201006,30,252538,IOWA,Flood,JASPER,0,0,0,0,0.00K,20.00M,41.88,-93.323,41.543,-93.284
201006,12,201006,30,252540,IOWA,Flood,LUCAS,0,0,0,0,0.00K,20.00M,41.177,-93.525,40.926,-93.525
201006,22,201006,22,242204,IOWA,Flash Flood,HENRY,0,0,0,0,0.00K,0.00K,40.91,-91.719,40.814,-91.719
201006,18,201006,18,244442,IOWA,Flash Flood,BENTON,0,0,0,0,250.00K,0.00K,42.18,-92.17,42.11,-92.17
201007,7,201007,7,230172,IOWA,Flash Flood,BLACK HAWK,0,0,0,0,100.00K,0.00K,42.4559,-92.3951,42.4539,-92.3305
201007,22,201007,22,248557,IOWA,Flood,DELAWARE,0,0,0,0,0.00K,0.00K,42.6441,-91.47,42.6,-91.47
201007,12,201007,17,251699,IOWA,Flood,CLINTON,0,0,0,0,250.00K,0.00K,41.95,-90.9,41.73,-90.9
201006,12,201006,30,252523,IOWA,Flood,CRAWFORD,0,0,0,0,0.00K,20.00M,42.237,-95.646,41.89,-95.646
201006,12,201006,30,252524,IOWA,Flood,DALLAS,0,0,0,0,0.00K,20.00M,41.88,-94.258,41.524,-94.21
201006,12,201006,30,252547,IOWA,Flood,PALO ALTO,0,0,0,0,0.00K,20.00M,43.278,-94.894,42.941,-94.894
201006,22,201006,22,242205,IOWA,Flash Flood,LEE,0,0,0,0,100.00K,0.00K,40.43,-91.43,40.38,-91.43
201006,21,201006,21,242195,IOWA,Flash Flood,LEE,0,0,0,0,5.00K,0.00K,40.67,-91.72,40.6,-91.72
201006,21,201006,21,242200,IOWA,Flash Flood,VAN BUREN,0,0,0,0,10.00K,0.00K,40.66,-91.77,40.612,-91.77
201007,7,201007,7,230367,IOWA,Flash Flood,LUCAS,0,0,0,0,50.00K,0.00K,41.02,-93.31,41.0211,-93.2998
201006,12,201006,30,252519,IOWA,Flood,CARROLL,0,0,0,0,0.00K,20.00M,42.218,-95.077,41.9,-95.068
201007,24,201007,24,250797,IOWA,Flash Flood,DELAWARE,0,0,0,0,25.00M,0.00K,42.5,-91.5,42.425,-91.5
201007,24,201007,24,250795,IOWA,Flash Flood,LEE,0,0,0,0,0.00K,0.00K,40.5025,-91.58,40.4875,-91.58
201006,12,201006,30,252552,IOWA,Flood,POLK,0,0,0,0,0.00K,20.00M,41.88,-93.786,41.543,-93.795
201006,21,201006,21,244851,IOWA,Flash Flood,LEE,0,0,0,0,100.00K,0.00K,40.655,-91.58,40.655,-91.27
201006,12,201006,30,252514,IOWA,Flood,BOONE,0,0,0,0,0.00K,20.00M,42.227,-94.142,41.89,-94.133
201006,12,201006,30,252520,IOWA,Flood,CASS,0,0,0,0,0.00K,20.00M,41.524,-95.135,41.196,-95.125
201006,12,201006,30,252580,IOWA,Flood,WEBSTER,0,0,0,0,0.00K,20.00M,42.671,-94.422,42.237,-94.374
201007,23,201007,25,251692,IOWA,Flood,JONES,0,0,0,0,15.00M,0.00K,42.3037,-91.2167,42.3027,-91.284
201007,24,201007,27,251631,IOWA,Flood,JACKSON,0,0,0,0,1.00M,0.00K,42.2,-90.9,42.05,-90.9
201006,23,201006,23,244959,IOWA,Flash Flood,WASHINGTON,0,0,0,0,100.00K,0.00K,41.5,-91.86,41.45,-91.86
201006,23,201006,23,244960,IOWA,Flash Flood,IOWA,0,0,0,0,100.00K,0.00K,41.88,-92.1,41.77,-92.1
201007,7,201007,7,237728,IOWA,Flash Flood,TAMA,0,0,0,0,10.00K,0.00K,42.0,-92.58,41.9993,-92.5628
201007,20,201007,20,233808,IOWA,Flash Flood,LUCAS,0,0,0,0,1.00M,100.00K,41.02,-93.31,41.02,-93.2982
201006,12,201006,30,252515,IOWA,Flood,BREMER,0,0,0,0,0.00K,20.00M,42.941,-92.533,42.661,-92.513
201006,12,201006,30,252569,IOWA,Flood,UNION,0,0,0,0,0.00K,20.00M,41.186,-94.46,40.917,-94.451
201006,23,201006,23,244961,IOWA,Flash Flood,CLINTON,0,0,0,0,10.00K,0.00K,41.84,-90.57,41.8,-90.57
201006,23,201006,23,244964,IOWA,Flash Flood,MUSCATINE,0,0,0,0,10.00K,0.00K,41.6,-91.28,41.55,-91.28
201006,23,201006,23,244969,IOWA,Flash Flood,SCOTT,0,0,0,0,25.00K,0.00K,41.61,-90.9,41.59,-90.9
201007,7,201007,7,230176,IOWA,Flash Flood,BLACK HAWK,0,0,0,0,100.00K,0.00K,42.5,-92.22,42.4845,-92.2224
201006,12,201006,30,252571,IOWA,Flood,WAPELLO,0,0,0,0,0.00K,20.00M,41.186,-92.619,40.917,-92.61
201006,12,201006,30,252521,IOWA,Flood,CERRO GORDO,0,0,0,0,0.00K,20.00M,43.278,-93.468,42.95,-93.468
201006,12,201006,30,252531,IOWA,Flood,GRUNDY,0,0,0,0,0.00K,20.00M,42.574,-92.995,42.208,-92.986
201006,12,201006,30,252416,IOWA,Flood,ADAIR,0,0,0,0,0.00K,20.00M,41.514,-94.672,41.186,-94.682
201006,2,201006,2,245218,IOWA,Flash Flood,HENRY,0,0,0,0,10.00K,0.00K,41.0442,-91.6274,40.9,-91.6219
201006,23,201006,23,246340,IOWA,Flash Flood,MUSCATINE,0,0,0,0,10.00K,0.00K,41.5836,-91.0077,41.5849,-90.9962
201007,20,201007,20,233728,IOWA,Flash Flood,APPANOOSE,0,0,0,0,25.00K,0.00K,40.68,-93.1,40.6854,-93.0974
201007,20,201007,20,233727,IOWA,Flash Flood,WAYNE,0,0,0,0,25.00K,0.00K,40.76,-93.15,40.7612,-93.1407
201006,12,201006,30,252516,IOWA,Flood,BUTLER,0,0,0,0,0.00K,20.00M,42.931,-92.995,42.574,-92.995
201006,12,201006,30,252517,IOWA,Flood,CALHOUN,0,0,0,0,0.00K,20.00M,42.574,-94.884,42.227,-94.827
201006,12,201006,30,252522,IOWA,Flood,CLARKE,0,0,0,0,0.00K,20.00M,41.177,-93.998,40.936,-93.978
201006,12,201006,30,252532,IOWA,Flood,GUTHRIE,0,0,0,0,0.00K,20.00M,41.871,-94.73,41.533,-94.682
201007,7,201007,7,250524,IOWA,Flood,CLAYTON,0,0,0,0,0.00K,0.00K,42.8446,-91.4043,42.8437,-91.4046
201007,7,201007,8,250523,IOWA,Flood,CLAYTON,0,0,0,0,0.00K,0.00K,42.7527,-91.3709,42.7532,-91.3711
201007,7,201007,8,250529,IOWA,Flood,CLAYTON,0,0,0,0,0.00K,0.00K,42.7386,-91.2683,42.7377,-91.2674
201007,22,201007,22,249238,IOWA,Flash Flood,WEBSTER,0,0,0,0,250.00K,0.00K,42.516,-94.169,42.4972,-94.148
201007,7,201007,7,230370,IOWA,Flash Flood,LUCAS,0,0,0,0,100.00K,0.00K,41.02,-93.31,41.0225,-93.325
201007,20,201007,20,233731,IOWA,Flash Flood,APPANOOSE,0,0,0,0,25.00K,0.00K,40.68,-92.8,40.6512,-92.7874
201007,20,201007,20,233732,IOWA,Flash Flood,WAYNE,0,0,0,0,50.00K,0.00K,40.85,-93.31,40.8504,-93.2984
201007,22,201007,22,234461,IOWA,Flash Flood,WEBSTER,0,0,0,0,250.00K,0.00K,42.5142,-94.2304,42.5334,-94.1542
201007,22,201007,22,234487,IOWA,Flash Flood,WEBSTER,0,0,0,0,25.00K,0.00K,42.51,-94.18,42.4973,-94.1697
201007,22,201007,22,234492,IOWA,Flash Flood,CALHOUN,0,0,0,0,250.00K,0.00K,42.4,-94.63,42.3889,-94.6239
201007,20,201007,20,233730,IOWA,Flash Flood,APPANOOSE,0,0,0,0,250.00K,0.00K,40.68,-93.03,40.7651,-92.7947
201007,22,201007,22,234489,IOWA,Flash Flood,SAC,0,0,0,0,100.00K,0.00K,42.52,-95.28,42.4681,-95.2872
201005,12,201005,13,230921,IOWA,Flash Flood,DES MOINES,0,0,0,0,3.95M,0.00K,40.95,-91.25,40.76,-91.25
201005,12,201005,13,230920,IOWA,Flash Flood,LEE,0,0,0,0,859.00K,0.00K,40.67,-91.42,40.58,-91.42
201006,12,201006,30,252572,IOWA,Flood,WARREN,0,0,0,0,0.00K,20.00M,41.533,-93.776,41.186,-93.766
201006,12,201006,30,252576,IOWA,Flood,WAYNE,0,0,0,0,0.00K,20.00M,40.926,-93.545,40.589,-93.525
201006,12,201006,30,252512,IOWA,Flood,AUDUBON,0,0,0,0,0.00K,20.00M,41.89,-95.068,41.533,-95.068
201006,12,201006,30,252513,IOWA,Flood,BLACK HAWK,0,0,0,0,0.00K,20.00M,42.661,-92.523,42.314,-92.513
201007,22,201007,25,250540,IOWA,Flood,CLAYTON,0,0,0,0,0.00K,0.00K,42.7386,-91.2682,42.7377,-91.2682
201007,23,201007,25,250536,IOWA,Flood,CLAYTON,0,0,0,0,0.00K,0.00K,42.7532,-91.3712,42.7541,-91.3695
201006,23,201006,23,229416,IOWA,Flood,HOWARD,0,0,0,0,150.00K,50.00K,43.4948,-92.5406,43.2232,-92.5269
201007,5,201007,5,238667,IOWA,Flood,MARION,0,0,0,0,10.00K,0.00K,41.2112,-92.9318,41.2685,-92.8932
201007,8,201007,9,238668,IOWA,Flood,MAHASKA,0,0,0,0,0.00K,0.00K,41.4888,-92.8635,41.319,-92.417
201007,5,201007,5,238669,IOWA,Flood,WAYNE,0,0,0,0,10.00K,0.00K,40.8436,-93.1129,40.769,-93.1038
201007,5,201007,5,238670,IOWA,Flood,POLK,0,0,0,0,5.00K,0.00K,41.5658,-93.6716,41.5742,-93.6953
201007,5,201007,6,238671,IOWA,Flood,APPANOOSE,0,0,0,0,25.00K,10.00K,40.5973,-92.6614,40.8445,-92.8575
201007,7,201007,7,230182,IOWA,Flash Flood,BOONE,0,0,0,0,25.00K,0.00K,42.12,-93.87,42.2225,-93.8892
201007,7,201007,7,230173,IOWA,Flash Flood,BLACK HAWK,0,0,0,0,50.00K,0.00K,42.5,-92.32,42.4985,-92.3179
201007,20,201007,20,233729,IOWA,Flash Flood,WAYNE,0,0,0,0,100.00K,0.00K,40.73,-93.37,40.7306,-93.3335
201007,19,201007,20,248517,IOWA,Flash Flood,DES MOINES,0,0,0,0,250.00K,0.00K,40.85,-91.23,40.75,-91.23
201007,19,201007,20,248519,IOWA,Flash Flood,LEE,0,0,0,0,250.00K,0.00K,40.67,-91.41,40.58,-91.41
201007,18,201007,25,238702,IOWA,Flood,MARION,0,0,0,0,100.00K,250.00K,41.2112,-92.9318,41.2685,-92.8932
201007,19,201007,21,238703,IOWA,Flood,WARREN,0,0,0,0,50.00K,25.00K,41.4853,-93.3827,41.4191,-93.5425
201007,21,201007,23,238704,IOWA,Flood,WARREN,0,0,0,0,10.00K,25.00K,41.4286,-93.79,41.4103,-93.7903
201007,20,201007,21,238705,IOWA,Flood,WAYNE,0,0,0,0,10.00K,25.00K,40.8436,-93.1129,40.769,-93.1038
201007,20,201007,21,238706,IOWA,Flood,LUCAS,0,0,0,0,10.00K,25.00K,40.9691,-93.2575,40.9009,-93.2108
201007,22,201007,25,238707,IOWA,Flood,WEBSTER,0,0,0,0,50.00K,100.00K,42.5208,-94.2222,42.3504,-94.0969
201007,18,201007,21,238708,IOWA,Flood,POLK,0,0,0,0,25.00K,0.00K,41.5658,-93.6716,41.5742,-93.6953
201007,18,201007,31,238709,IOWA,Flood,POLK,0,0,0,0,75.00K,25.00K,41.6792,-93.6926,41.5905,-93.6585
201007,18,201007,20,238710,IOWA,Flood,POLK,0,0,0,0,25.00K,5.00K,41.5586,-93.6751,41.5731,-93.6085
201007,20,201007,22,238711,IOWA,Flood,APPANOOSE,0,0,0,0,10.00K,25.00K,40.5973,-92.6614,40.8445,-92.8575
201007,7,201007,7,230371,IOWA,Flash Flood,LUCAS,0,0,0,0,250.00K,0.00K,41.02,-93.31,41.0227,-93.2952
201007,4,201007,5,229462,IOWA,Flash Flood,WAPELLO,0,0,0,0,100.00K,0.00K,40.9896,-92.5698,41.0078,-92.5687
201007,19,201007,20,248523,IOWA,Flash Flood,VAN BUREN,0,0,0,0,250.00K,0.00K,40.675,-91.91,40.607,-91.91
201007,19,201007,19,248529,IOWA,Flash Flood,VAN BUREN,0,0,0,0,5.00K,0.00K,40.665,-92.0,40.625,-92.0
201007,7,201007,8,251689,IOWA,Flood,BUCHANAN,0,0,0,0,500.00K,0.00K,42.6425,-92.085,42.52,-92.085
201006,12,201006,30,252418,IOWA,Flood,ADAMS,0,0,0,0,0.00K,20.00M,41.177,-94.904,40.936,-94.913
201006,12,201006,30,252554,IOWA,Flood,POWESHIEK,0,0,0,0,0.00K,20.00M,41.89,-92.735,41.533,-92.725
201006,12,201006,30,252563,IOWA,Flood,SAC,0,0,0,0,0.00K,20.00M,42.584,-95.376,42.237,-95.308
201007,18,201007,18,233433,IOWA,Flash Flood,MARION,0,0,0,0,25.00K,0.00K,41.32,-93.1,41.3213,-93.0877
201006,15,201006,15,242489,IOWA,Flash Flood,KEOKUK,0,0,0,0,100.00K,0.00K,41.35,-92.23,41.31,-92.23
201006,15,201006,15,242497,IOWA,Flash Flood,JOHNSON,0,0,0,0,250.00K,0.00K,41.8,-91.65,41.55,-91.65
201006,15,201006,15,242499,IOWA,Flash Flood,LINN,0,0,0,0,5.00K,0.00K,42.09,-91.8,42.07,-91.8
201007,23,201007,24,238722,IOWA,Flood,STORY,0,0,0,0,0.00K,0.00K,42.0114,-93.5866,41.7307,-93.3487
201007,24,201007,29,238715,IOWA,Flood,DALLAS,0,0,0,0,75.00K,200.00K,41.84,-94.2694,41.637,-94.0842
201007,24,201007,24,235118,IOWA,Flash Flood,BLACK HAWK,0,0,0,0,100.00K,10.00K,42.56,-92.25,42.5734,-92.1732
201006,12,201006,30,252529,IOWA,Flood,FRANKLIN,0,0,0,0,0.00K,20.00M,42.941,-93.468,42.574,-93.468
201006,12,201006,30,252530,IOWA,Flood,GREENE,0,0,0,0,0.00K,20.00M,42.227,-94.605,41.89,-94.605
201007,24,201007,24,250594,IOWA,Flash Flood,BUCHANAN,0,0,0,0,500.00K,0.00K,42.6249,-91.9405,42.4437,-91.9803
201007,1,201007,31,237891,IOWA,Flood,POTTAWATTAMIE,0,0,0,0,10.00K,0.00K,41.4515,-95.9278,41.2882,-95.8626
201007,18,201007,18,233502,IOWA,Flash Flood,HAMILTON,0,0,0,0,100.00K,0.00K,42.46,-93.82,42.4736,-93.8157
201006,15,201006,15,242503,IOWA,Flash Flood,BUCHANAN,0,0,0,0,5.00K,0.00K,42.49,-91.82,42.45,-91.82
201006,15,201006,15,242504,IOWA,Flash Flood,WASHINGTON,0,0,0,0,10.00K,0.00K,41.32,-91.72,41.27,-91.72
201006,15,201006,15,242505,IOWA,Flash Flood,BENTON,0,0,0,0,10.00K,0.00K,42.13,-92.055,42.0,-92.055
201006,15,201006,15,242507,IOWA,Flash Flood,CEDAR,0,0,0,0,25.00K,0.00K,41.92,-91.366,41.8,-91.366
201007,7,201007,7,230185,IOWA,Flash Flood,BOONE,0,0,0,0,10.00K,0.00K,42.1527,-93.839,42.1353,-93.8392
201006,12,201006,30,252533,IOWA,Flood,HAMILTON,0,0,0,0,0.00K,20.00M,42.584,-93.94,42.237,-93.901
201006,12,201006,30,252534,IOWA,Flood,HANCOCK,0,0,0,0,0.00K,20.00M,43.278,-93.949,42.921,-93.949
201007,22,201007,22,246555,IOWA,Flood,CLAYTON,0,0,0,0,0.00K,0.00K,42.6757,-91.4024,42.6751,-91.4024
201006,18,201006,18,244576,IOWA,Flash Flood,MUSCATINE,0,0,0,0,0.00K,0.00K,41.46,-91.06,41.445,-91.06
201006,15,201006,15,242508,IOWA,Flash Flood,MUSCATINE,0,0,0,0,0.00K,0.00K,41.52,-90.845,41.515,-90.845
201006,15,201006,15,243059,IOWA,Flash Flood,SCOTT,0,0,0,0,100.00K,0.00K,41.7,-90.555,41.555,-90.613
201006,15,201006,15,245614,IOWA,Flash Flood,JONES,0,0,0,0,0.00K,0.00K,42.23,-91.2,42.2595,-91.204
201006,15,201006,15,245636,IOWA,Flash Flood,LINN,0,0,0,0,10.00K,0.00K,42.2,-91.8,42.17,-91.8
201006,12,201006,12,238784,IOWA,Flash Flood,LEE,0,0,0,0,100.00K,0.00K,40.45,-91.45,40.378,-91.45
201007,7,201007,7,230372,IOWA,Flash Flood,LUCAS,0,0,0,0,250.00K,0.00K,41.0189,-93.2997,41.0095,-93.2978
201007,7,201007,7,230179,IOWA,Flash Flood,BLACK HAWK,0,0,0,0,200.00K,0.00K,42.53,-92.22,42.5273,-92.2112
201007,23,201007,23,235046,IOWA,Flash Flood,SAC,0,0,0,0,250.00K,10.00K,42.3776,-94.9583,42.5474,-94.9387
201007,25,201007,29,253741,IOWA,Flood,JONES,0,0,0,0,10.00M,0.00K,42.18,-91.3642,42.02,-91.3642
201007,22,201007,23,249137,IOWA,Flash Flood,DUBUQUE,0,0,0,0,500.00K,0.00K,42.61,-91.135,42.45,-91.135
201007,23,201007,23,249139,IOWA,Flash Flood,BUCHANAN,0,0,0,0,100.00K,0.00K,42.61,-91.67,42.58,-91.67
201007,23,201007,26,251690,IOWA,Flood,BUCHANAN,0,0,0,0,500.00K,0.00K,42.6425,-92.085,42.52,-92.085
201006,12,201006,30,252541,IOWA,Flood,MADISON,0,0,0,0,0.00K,20.00M,41.524,-94.219,41.186,-94.21
201006,12,201006,30,252542,IOWA,Flood,MAHASKA,0,0,0,0,0.00K,20.00M,41.514,-92.822,41.177,-92.851
201007,23,201007,23,246593,IOWA,Flood,FAYETTE,0,0,0,0,0.00K,0.00K,42.6832,-91.9055,42.6836,-91.9067
201007,24,201007,24,246635,IOWA,Flood,FLOYD,0,0,0,0,0.00K,0.00K,43.0675,-92.6332,43.0668,-92.6332
201006,23,201006,23,244978,IOWA,Flash Flood,MUSCATINE,0,0,0,0,25.00K,0.00K,41.49,-91.34,41.49,-91.02
201006,18,201006,18,243863,IOWA,Flash Flood,BUCHANAN,0,0,0,0,0.00K,0.00K,42.475,-91.81,42.475,-91.65
201007,23,201007,23,235112,IOWA,Flash Flood,WARREN,0,0,0,0,50.00K,0.00K,41.34,-93.56,41.3407,-93.5695
201007,7,201007,7,230170,IOWA,Flash Flood,BLACK HAWK,0,0,0,0,100.00K,0.00K,42.4341,-92.3229,42.4355,-92.2968
201007,23,201007,23,235113,IOWA,Flash Flood,WARREN,0,0,0,0,25.00K,0.00K,41.37,-93.49,41.3681,-93.4997
201007,23,201007,23,235114,IOWA,Flash Flood,WARREN,0,0,0,0,25.00K,0.00K,41.37,-93.43,41.3753,-93.4183
201007,1,201007,2,238459,IOWA,Flood,MAHASKA,0,0,0,0,50.00K,200.00K,41.4888,-92.8635,41.419,-92.417
201007,1,201007,5,238462,IOWA,Flood,KOSSUTH,0,0,0,0,50.00K,200.00K,43.2241,-94.1398,42.879,-94.1547
201007,1,201007,3,238464,IOWA,Flood,BLACK HAWK,0,0,0,0,50.00K,200.00K,42.6407,-92.5518,42.6103,-92.5521
201007,1,201007,1,238465,IOWA,Flood,BLACK HAWK,0,0,0,0,50.00K,50.00K,42.5485,-92.5152,42.5872,-92.4651
201007,1,201007,4,238466,IOWA,Flood,POLK,0,0,0,0,75.00K,25.00K,41.5658,-93.6716,41.5742,-93.6953
201006,12,201006,30,252543,IOWA,Flood,MARION,0,0,0,0,0.00K,20.00M,41.533,-93.304,41.186,-93.313
201006,12,201006,30,252545,IOWA,Flood,MARSHALL,0,0,0,0,0.00K,20.00M,42.218,-93.207,41.9,-93.198
201007,23,201007,24,246639,IOWA,Flood,FAYETTE,0,0,0,0,5.00K,0.00K,42.7593,-91.7064,42.7605,-91.7064
201007,18,201007,18,233432,IOWA,Flash Flood,MARION,0,0,0,0,15.00K,0.00K,41.18,-93.15,41.189,-93.1477
201006,23,201006,23,244990,IOWA,Flash Flood,HENRY,0,0,0,0,0.00K,0.00K,41.0,-91.613,40.92,-91.613
201006,18,201006,19,246110,IOWA,Flash Flood,LOUISA,0,0,0,0,0.00K,0.00K,41.1781,-91.1838,41.1681,-91.1743
201006,18,201006,18,244422,IOWA,Flash Flood,LINN,0,0,0,0,0.00K,0.00K,42.07,-91.77,41.87,-91.77
201007,7,201007,7,230187,IOWA,Flash Flood,BOONE,0,0,0,0,50.00K,0.00K,42.16,-93.87,42.1609,-93.9214
201007,7,201007,7,230186,IOWA,Flash Flood,BLACK HAWK,0,0,0,0,500.00K,0.00K,42.4521,-92.3135,42.4431,-92.2967
201007,1,201007,3,238467,IOWA,Flood,DALLAS,0,0,0,0,50.00K,200.00K,41.84,-94.2694,41.637,-94.0842
201007,1,201007,3,238468,IOWA,Flood,WEBSTER,0,0,0,0,50.00K,200.00K,42.5208,-94.2222,42.3504,-94.0969
201007,1,201007,6,238471,IOWA,Flood,POLK,0,0,0,0,500.00K,250.00K,41.6792,-93.6926,41.5905,-93.6585
201007,23,201007,23,235044,IOWA,Flash Flood,BREMER,0,0,0,0,1.00M,100.00K,42.67,-92.33,42.6714,-92.1444
201007,24,201007,24,246678,IOWA,Flood,CLAYTON,0,0,0,0,80.00K,0.00K,42.6464,-91.604,42.6593,-90.9064
201007,23,201007,23,246565,IOWA,Flood,FAYETTE,0,0,0,0,0.00K,0.00K,42.6641,-91.9139,42.6638,-91.9139
201007,23,201007,24,246640,IOWA,Flood,FAYETTE,0,0,0,0,0.00K,0.00K,42.7525,-91.6767,42.7524,-91.6769
201007,23,201007,24,246643,IOWA,Flood,FAYETTE,0,0,0,0,0.00K,0.00K,42.6803,-91.912,42.6805,-91.9142
201007,23,201007,24,246674,IOWA,Flood,FAYETTE,0,0,0,0,75.00K,0.00K,42.6406,-92.0781,42.6466,-91.6122
201007,22,201007,22,246560,IOWA,Flood,CLAYTON,0,0,0,0,0.00K,0.00K,43.0503,-91.3903,43.0489,-91.3902
201007,7,201007,7,230171,IOWA,Flash Flood,JASPER,0,0,0,0,25.00K,0.00K,41.7,-92.98,41.7178,-92.9763
201007,1,201007,31,238475,IOWA,Flood,MAHASKA,0,0,0,0,250.00K,500.00K,41.1019,-92.5334,41.0917,-92.5669
201007,1,201007,31,238476,IOWA,Flood,WAPELLO,0,0,0,0,500.00K,500.00K,41.1254,-92.6374,40.9011,-92.2869
201007,1,201007,1,238478,IOWA,Flood,WRIGHT,0,0,0,0,10.00K,25.00K,42.8405,-93.6353,42.8426,-93.5891
201007,1,201007,1,238479,IOWA,Flood,MARSHALL,0,0,0,0,10.00K,25.00K,42.1086,-93.0539,42.1365,-93.0038
201006,12,201006,30,252546,IOWA,Flood,MONROE,0,0,0,0,0.00K,20.00M,41.177,-93.072,40.926,-93.063
201006,12,201006,30,252550,IOWA,Flood,POCAHONTAS,0,0,0,0,0.00K,20.00M,42.95,-94.894,42.584,-94.904
201006,12,201006,30,252564,IOWA,Flood,STORY,0,0,0,0,0.00K,20.00M,42.227,-93.699,41.89,-93.68
201006,12,201006,30,252566,IOWA,Flood,TAMA,0,0,0,0,0.00K,20.00M,42.295,-92.745,41.89,-92.754
201007,23,201007,23,246571,IOWA,Flood,FAYETTE,0,0,0,0,5.00K,0.00K,42.6419,-91.9082,42.6424,-91.9085
201006,18,201006,18,246121,IOWA,Flash Flood,SCOTT,0,0,0,0,0.00K,0.00K,41.7631,-90.7842,41.4633,-90.813
201005,13,201005,15,233110,IOWA,Flood,LEE,0,0,0,0,250.00K,0.00K,40.81,-91.43,40.66,-91.11
201003,15,201003,17,222613,IOWA,Flood,SIOUX,0,0,0,0,0.00K,0.00K,43.2669,-96.262,43.1612,-96.4284
201004,24,201004,24,223806,IOWA,Flash Flood,SIOUX,0,0,0,0,0.00K,0.00K,43.1902,-96.184,43.1698,-96.184
201003,11,201003,14,216537,IOWA,Flood,CHICKASAW,0,0,0,0,0.00K,0.00K,43.0589,-92.5392,43.0652,-92.5275
201004,25,201004,26,217177,IOWA,Flood,LUCAS,0,0,0,0,50.00K,0.00K,41.1446,-93.4621,41.1405,-93.2341
201006,19,201006,22,230799,IOWA,Flood,WEBSTER,0,0,0,0,0.00K,0.00K,42.3199,-93.9336,42.0737,-93.9072
201008,9,201008,13,248969,IOWA,Flood,STORY,0,0,0,0,1.00M,5.00K,42.0429,-93.6451,42.0314,-93.6575
201009,24,201009,30,262623,IOWA,Flood,CLAY,0,0,0,0,0.00K,0.00K,43.25,-95.3588,42.9933,-95.0452
201004,6,201004,7,222555,IOWA,Flood,CLAYTON,0,0,0,0,5.00K,0.00K,42.7528,-91.371,42.7531,-91.3712
201005,13,201005,15,233093,IOWA,Flood,WASHINGTON,0,0,0,0,500.00K,0.00K,41.5108,-91.9465,41.46,-91.9465
201007,23,201007,25,251376,IOWA,Flood,DELAWARE,0,0,0,0,25.00M,1.00M,42.6,-91.7,42.2,-91.3
201007,1,201007,7,238469,IOWA,Flood,WEBSTER,0,0,0,0,0.00K,250.00K,42.3199,-93.9336,42.0737,-93.9072
201006,22,201006,22,231122,IOWA,Flood,MARION,0,0,0,0,25.00K,0.00K,41.2112,-92.9318,41.2685,-92.8932
201007,1,201007,6,238484,IOWA,Flood,POLK,0,0,0,0,200.00K,50.00K,41.5586,-93.6751,41.5731,-93.6085
201007,28,201007,31,251703,IOWA,Flood,SCOTT,0,0,0,0,250.00K,0.00K,41.95,-90.9,41.73,-90.9
201003,13,201003,16,214745,IOWA,Flood,BREMER,0,0,0,0,50.00K,0.00K,42.8213,-92.5228,42.8272,-92.5002
201009,1,201009,7,254789,IOWA,Flood,WAPELLO,0,0,0,0,10.00K,0.00K,41.1254,-92.6374,40.9011,-92.2869
201008,4,201008,6,248932,IOWA,Flood,POLK,0,0,0,0,25.00K,10.00K,41.5658,-93.6716,41.5742,-93.6953
201007,22,201007,22,251375,IOWA,Flash Flood,OSCEOLA,0,0,0,0,0.00K,0.00K,43.43,-95.77,43.37,-95.77
201105,22,201105,31,316401,IOWA,Flood,SIOUX,0,0,0,0,0.00K,0.00K,43.0,-96.47,42.9064,-96.523
201105,22,201105,31,316403,IOWA,Flood,PLYMOUTH,0,0,0,0,0.00K,0.00K,42.9168,-96.55,42.7481,-96.6616
201105,22,201105,30,316407,IOWA,Flood,CLAY,0,0,0,0,0.00K,0.00K,43.25,-95.3588,43.0089,-95.0666
201105,22,201105,31,316408,IOWA,Flood,BUENA VISTA,0,0,0,0,0.00K,0.00K,42.88,-95.25,42.9017,-95.25
201105,25,201105,31,316545,IOWA,Flood,WOODBURY,0,0,0,0,0.00K,0.00K,42.44,-96.51,42.21,-96.4
201106,15,201106,30,311362,IOWA,Flood,EMMET,0,0,0,0,50.00K,100.00K,43.5007,-94.9125,43.3224,-94.8385
201106,18,201106,30,311365,IOWA,Flood,HUMBOLDT,0,0,0,0,10.00K,5.00K,42.7224,-94.2486,42.6646,-94.2317
201105,11,201105,11,290874,IOWA,Flash Flood,MONTGOMERY,0,0,0,0,1.00K,0.00K,40.9968,-95.1129,40.9972,-95.1038
201105,11,201105,11,290880,IOWA,Flood,MONTGOMERY,0,0,0,0,0.00K,0.00K,40.5791,-95.0263,40.5794,-95.0125
201106,26,201106,26,326077,IOWA,Flash Flood,PLYMOUTH,0,0,0,0,0.00K,0.00K,42.83,-96.29,42.81,-96.15
201103,16,201103,31,294616,IOWA,Flood,O'BRIEN,0,0,0,0,0.00K,0.00K,43.26,-95.86,42.91,-95.86
201106,26,201106,26,326091,IOWA,Flash Flood,CHEROKEE,0,0,0,0,0.00K,0.00K,42.72,-95.52,42.78,-95.52
201103,16,201103,31,294617,IOWA,Flood,CLAY,0,0,0,0,0.00K,0.00K,43.26,-95.39,42.91,-95.39
201103,16,201103,31,294960,IOWA,Flood,SIOUX,0,0,0,0,0.00K,0.00K,43.26,-96.56,43.09,-96.51
201106,26,201106,26,326099,IOWA,Flash Flood,CHEROKEE,0,0,0,0,10.00K,0.00K,42.84,-95.84,42.78,-95.84
201106,26,201106,26,326101,IOWA,Flash Flood,PLYMOUTH,0,0,0,0,0.00K,0.00K,42.78,-95.94,42.84,-95.94
201106,26,201106,26,326115,IOWA,Flash Flood,BUENA VISTA,0,0,0,0,0.00K,0.00K,42.61,-95.16,42.61,-95.28
201104,1,201104,30,304864,IOWA,Flood,LYON,0,0,0,0,0.00K,0.00K,43.5,-96.6,43.26,-96.56
201106,1,201106,30,327439,IOWA,Flood,SIOUX,0,0,0,0,0.00K,0.00K,43.0,-96.47,42.9064,-96.523
201106,1,201106,30,327442,IOWA,Flood,PLYMOUTH,0,0,0,0,0.00K,0.00K,42.9168,-96.55,42.7481,-96.6616
201106,14,201106,29,327460,IOWA,Flood,DICKINSON,0,0,0,0,0.00K,0.00K,43.437,-95.211,43.2432,-95.15
201104,1,201104,30,304909,IOWA,Flood,OSCEOLA,0,0,0,0,0.00K,0.00K,43.5,-95.86,43.26,-95.86
201104,1,201104,30,304911,IOWA,Flood,DICKINSON,0,0,0,0,0.00K,0.00K,43.5,-95.39,43.26,-95.39
201104,1,201104,30,304914,IOWA,Flood,PLYMOUTH,0,0,0,0,0.00K,0.00K,42.91,-96.54,42.74,-96.65
201104,1,201104,30,304917,IOWA,Flood,SIOUX,0,0,0,0,0.00K,0.00K,43.26,-96.56,43.09,-96.51
201106,5,201106,30,327561,IOWA,Flood,WOODBURY,0,0,0,0,0.00K,0.00K,42.44,-96.51,42.21,-96.4
201106,20,201106,20,325100,IOWA,Flash Flood,PLYMOUTH,0,0,0,0,0.00K,0.00K,42.72,-96.24,42.715,-96.243
201106,16,201106,25,328218,IOWA,Flood,LYON,0,0,0,0,0.00K,0.00K,43.5024,-96.18,43.2595,-96.2581
201106,13,201106,13,299757,IOWA,Flash Flood,FREMONT,0,0,0,0,100.00K,0.00K,40.5874,-95.7685,40.6082,-95.7488
201107,1,201107,1,320235,IOWA,Flood,KOSSUTH,0,0,0,0,10.00K,50.00K,43.2241,-94.1398,42.879,-94.1547
201107,1,201107,30,320238,IOWA,Flood,EMMET,0,0,0,0,10.00K,50.00K,43.5007,-94.9125,43.3224,-94.8385
201107,1,201107,6,320239,IOWA,Flood,HUMBOLDT,0,0,0,0,10.00K,50.00K,42.7224,-94.2486,42.6646,-94.2317
201107,1,201107,2,320241,IOWA,Flood,WEBSTER,0,0,0,0,0.00K,50.00K,42.3199,-93.9336,42.0737,-93.9072
201107,1,201107,31,320242,IOWA,Flood,WAPELLO,0,0,0,0,50.00K,50.00K,41.1254,-92.6374,40.9011,-92.2869
201107,14,201107,17,320243,IOWA,Flood,PALO ALTO,0,0,0,0,5.00K,10.00K,43.2413,-94.7559,43.085,-94.7457
201107,15,201107,23,320244,IOWA,Flood,HUMBOLDT,0,0,0,0,5.00K,10.00K,42.7224,-94.2486,42.6646,-94.2317
201107,28,201107,28,330547,IOWA,Flood,CLAYTON,0,0,0,0,5.00K,0.00K,42.73,-91.16,42.7231,-91.1203
201108,1,201108,10,342175,IOWA,Flood,SIOUX,0,0,0,0,0.00K,0.00K,42.487,-96.48,42.49,-96.44
201107,20,201107,22,330735,IOWA,Flood,FLOYD,0,0,0,0,0.00K,0.00K,43.05,-92.97,43.0494,-92.9595
201103,23,201103,23,290629,IOWA,Flood,CLAYTON,0,0,0,0,0.00K,0.00K,42.845,-91.4043,42.8445,-91.4052
201102,18,201102,19,286653,IOWA,Flood,SIOUX,0,0,0,0,0.00K,0.00K,43.07,-95.9196,42.9134,-96.1048
201103,20,201103,22,283413,IOWA,Flood,KOSSUTH,0,0,0,0,10.00K,0.00K,43.2241,-94.1398,42.879,-94.1547
201103,17,201103,31,283414,IOWA,Flood,EMMET,0,0,0,0,100.00K,0.00K,43.5007,-94.9125,43.3224,-94.8385
201103,24,201103,31,283415,IOWA,Flood,PALO ALTO,0,0,0,0,50.00K,0.00K,43.2413,-94.7559,43.085,-94.7457
201103,24,201103,31,283416,IOWA,Flood,HUMBOLDT,0,0,0,0,50.00K,0.00K,42.7224,-94.2486,42.6646,-94.2317
201103,22,201103,24,283417,IOWA,Flood,CERRO GORDO,0,0,0,0,25.00K,0.00K,43.1371,-93.0309,43.2492,-93.3618
201103,23,201103,25,283418,IOWA,Flood,BUTLER,0,0,0,0,50.00K,0.00K,42.8194,-92.7455,42.8465,-92.6839
201103,25,201103,26,283419,IOWA,Flood,BREMER,0,0,0,0,25.00K,0.00K,42.6793,-92.4384,42.6801,-92.4079
201103,21,201103,28,283420,IOWA,Flood,BLACK HAWK,0,0,0,0,100.00K,0.00K,42.5485,-92.5152,42.5672,-92.4651
201103,16,201103,31,294613,IOWA,Flood,OSCEOLA,0,0,0,0,0.00K,0.00K,43.5,-95.86,43.26,-95.86
201102,17,201102,18,277562,IOWA,Flood,FREMONT,0,0,0,0,0.00K,0.00K,40.6817,-95.5944,40.6942,-95.59
201103,16,201103,31,294612,IOWA,Flood,LYON,0,0,0,0,0.00K,0.00K,43.5,-96.6,43.26,-96.56
201103,16,201103,31,294614,IOWA,Flood,DICKINSON,0,0,0,0,0.00K,0.00K,43.5,-95.39,43.26,-95.39
201102,18,201102,20,286646,IOWA,Flood,DICKINSON,0,0,0,0,0.00K,0.00K,43.437,-95.211,43.2432,-95.15
201104,1,201104,7,289187,IOWA,Flood,PALO ALTO,0,0,0,0,5.00K,0.00K,43.2413,-94.7559,43.085,-94.7457
201104,1,201104,15,289188,IOWA,Flood,HUMBOLDT,0,0,0,0,5.00K,0.00K,42.7224,-94.2486,42.6646,-94.2317
201104,27,201104,30,289195,IOWA,Flood,KOSSUTH,0,0,0,0,0.00K,0.00K,43.2241,-94.1398,42.879,-94.1547
201104,26,201104,28,289196,IOWA,Flood,WEBSTER,0,0,0,0,0.00K,0.00K,42.3199,-93.9336,42.0737,-93.9072
201104,28,201104,30,289197,IOWA,Flood,BLACK HAWK,0,0,0,0,0.00K,0.00K,42.5485,-92.5152,42.5672,-92.4651
201102,18,201102,23,286648,IOWA,Flood,CLAY,0,0,0,0,0.00K,0.00K,43.25,-95.3588,43.0089,-95.0666
201102,18,201102,19,286650,IOWA,Flood,CHEROKEE,0,0,0,0,0.00K,0.00K,42.9254,-95.3475,42.9109,-95.4741
201102,18,201102,22,286651,IOWA,Flood,CLAY,0,0,0,0,0.00K,0.00K,43.17,-95.33,43.1411,-95.33
201104,19,201104,30,287366,IOWA,Flood,FREMONT,0,0,0,0,5.00K,0.00K,40.8897,-95.82,40.589,-95.7225
201106,26,201106,27,303976,IOWA,Flood,PAGE,0,0,0,0,6.00K,0.00K,40.6705,-95.0414,40.7775,-95.018
201105,1,201105,3,300805,IOWA,Flood,EMMET,0,0,0,0,0.00K,0.00K,43.5007,-94.9125,43.3224,-94.8385
201105,23,201105,31,300875,IOWA,Flood,KOSSUTH,0,0,0,0,50.00K,0.00K,43.2241,-94.1398,42.879,-94.1547
201105,22,201105,31,300877,IOWA,Flood,EMMET,0,0,0,0,100.00K,0.00K,43.5007,-94.9125,43.3224,-94.8385
201105,25,201105,31,300880,IOWA,Flood,HUMBOLDT,0,0,0,0,75.00K,0.00K,42.7224,-94.2486,42.6646,-94.2317
201105,26,201105,31,300886,IOWA,Flood,WEBSTER,0,0,0,0,25.00K,0.00K,42.3199,-93.9336,42.0737,-93.9072
201105,25,201105,26,300891,IOWA,Flood,WAPELLO,0,0,0,0,50.00K,0.00K,41.1254,-92.6374,40.9011,-92.2869
201105,25,201105,26,300896,IOWA,Flood,MARION,0,0,0,0,25.00K,0.00K,41.2112,-92.9318,41.2685,-92.8932
201105,11,201105,11,290662,IOWA,Flash Flood,UNION,0,0,0,0,250.00K,10.00K,40.99,-94.36,40.9945,-94.1679
201105,29,201105,30,300917,IOWA,Flood,MAHASKA,0,0,0,0,10.00K,0.00K,41.1019,-92.5334,41.0917,-92.5669
201105,29,201105,30,300918,IOWA,Flood,WAPELLO,0,0,0,0,25.00K,0.00K,41.1254,-92.6374,40.9011,-92.2869
201105,30,201105,30,300920,IOWA,Flood,WARREN,0,0,0,0,75.00K,0.00K,41.4853,-93.3827,41.4191,-93.5425
201105,25,201105,27,300901,IOWA,Flood,DECATUR,0,0,0,0,50.00K,0.00K,40.8341,-93.953,40.5842,-93.7511
201105,25,201105,26,300904,IOWA,Flood,WARREN,0,0,0,0,100.00K,0.00K,41.4853,-93.3827,41.4191,-93.5425
201105,25,201105,26,300909,IOWA,Flood,WAYNE,0,0,0,0,50.00K,0.00K,40.8436,-93.1129,40.769,-93.103
201104,19,201104,30,288797,IOWA,Flood,DES MOINES,0,0,0,0,250.00K,0.00K,40.69,-91.2,40.69,-91.05
201104,13,201104,22,288762,IOWA,Flood,DUBUQUE,0,0,0,0,250.00K,0.00K,42.7,-91.1,42.6,-90.8
201104,16,201104,30,288788,IOWA,Flood,SCOTT,0,0,0,0,250.00K,0.00K,41.47,-90.79,41.4,-90.79
201104,17,201104,30,288790,IOWA,Flood,MUSCATINE,0,0,0,0,250.00K,0.00K,41.47,-91.1,41.33,-91.1
201104,18,201104,30,288795,IOWA,Flood,LOUISA,0,0,0,0,250.00K,0.00K,41.23,-91.17,41.07,-91.0
201104,18,201104,23,288064,IOWA,Flood,JACKSON,0,0,0,0,250.00K,0.00K,42.38,-90.6,42.03,-90.2
201104,18,201104,25,288065,IOWA,Flood,CLINTON,0,0,0,0,250.00K,0.00K,42.03,-90.2,41.73,-90.4
201106,27,201106,28,303986,IOWA,Flood,FREMONT,0,0,0,0,2.00K,0.00K,40.6769,-95.6964,40.677,-95.5934
201106,10,201106,20,311324,IOWA,Flood,MAHASKA,0,0,0,0,10.00K,0.00K,41.1019,-92.5334,41.0917,-92.5669
201106,10,201106,21,311330,IOWA,Flood,WAPELLO,0,0,0,0,300.00K,0.00K,41.1254,-92.6374,40.9011,-92.2869
201106,10,201106,10,311332,IOWA,Flood,POLK,0,0,0,0,10.00K,0.00K,41.5586,-93.6751,41.5731,-93.6085
201106,10,201106,16,311333,IOWA,Flood,MARION,0,0,0,0,100.00K,0.00K,41.2112,-92.9318,41.2685,-92.8932
201106,10,201106,10,311334,IOWA,Flood,WARREN,0,0,0,0,200.00K,0.00K,41.4853,-93.3827,41.4191,-93.5425
201106,9,201106,17,311336,IOWA,Flood,WARREN,0,0,0,0,300.00K,0.00K,41.4286,-93.79,41.4103,-93.7903
201106,10,201106,10,311331,IOWA,Flood,DALLAS,0,0,0,0,10.00K,0.00K,41.5658,-93.6716,41.5742,-93.6953
201104,1,201104,29,297092,IOWA,Flood,CLAYTON,0,0,0,0,0.00K,0.00K,43.0296,-91.1737,43.0298,-91.1719
201104,2,201104,28,297093,IOWA,Flood,CLAYTON,0,0,0,0,0.00K,0.00K,42.8205,-91.104,42.8264,-91.0825
201102,19,201102,26,277852,IOWA,Flood,KOSSUTH,0,0,0,0,100.00K,0.00K,43.2241,-94.1398,42.879,-94.1547
201102,18,201102,18,277853,IOWA,Flood,EMMET,0,0,0,0,5.00K,0.00K,43.5007,-94.9125,43.3224,-94.8385
201102,20,201102,25,277854,IOWA,Flood,BLACK HAWK,0,0,0,0,25.00K,0.00K,42.6407,-92.5518,42.6103,-92.5521
201102,18,201102,19,277860,IOWA,Flood,BUTLER,0,0,0,0,25.00K,0.00K,42.5589,-92.5583,42.5886,-92.7608
201102,17,201102,18,277862,IOWA,Flood,MARION,0,0,0,0,10.00K,0.00K,41.2112,-92.9318,41.2685,-92.8932
201102,19,201102,20,277855,IOWA,Flood,WEBSTER,0,0,0,0,200.00K,0.00K,42.5208,-94.2222,42.3504,-94.0969
201102,19,201102,20,273972,IOWA,Flash Flood,WEBSTER,0,0,0,0,200.00K,0.00K,42.5,-94.18,42.5431,-94.1958
201102,20,201102,22,277857,IOWA,Flood,WEBSTER,0,0,0,0,10.00K,0.00K,42.3199,-93.9336,42.0737,-93.9072
201105,1,201105,31,297247,IOWA,Flood,MILLS,0,0,0,0,5.00K,0.00K,41.1715,-95.8695,41.1798,-95.8942
201105,25,201105,25,317076,IOWA,Flash Flood,DES MOINES,0,0,0,0,0.00K,0.00K,40.8351,-91.1481,40.812,-91.1489
201105,27,201105,31,297248,IOWA,Flood,POTTAWATTAMIE,0,0,0,0,10.00K,0.00K,41.1611,-95.8811,41.5335,-95.9381
201105,26,201105,31,297249,IOWA,Flood,HARRISON,0,0,0,0,5.00K,0.00K,41.5066,-96.0219,41.8473,-96.0562
201103,21,201103,25,290627,IOWA,Flood,FLOYD,0,0,0,0,0.00K,0.00K,43.0691,-92.6844,43.0673,-92.6853
201103,28,201103,31,290630,IOWA,Flood,CLAYTON,0,0,0,0,0.00K,0.00K,43.0296,-91.1737,43.0298,-91.1719
201105,11,201105,11,290646,IOWA,Flash Flood,ADAMS,0,0,0,0,25.00K,0.00K,40.939,-94.8833,40.9343,-94.923
201105,11,201105,11,290649,IOWA,Flash Flood,ADAMS,0,0,0,0,150.00K,0.00K,40.9319,-94.9015,40.938,-94.8998
201105,11,201105,11,290654,IOWA,Flash Flood,ADAMS,0,0,0,0,10.00K,0.00K,40.96,-94.87,40.9624,-94.8764
201105,11,201105,11,290659,IOWA,Flash Flood,ADAMS,0,0,0,0,20.00K,0.00K,40.8997,-94.6426,40.8996,-94.6212
201105,11,201105,11,290666,IOWA,Flash Flood,TAYLOR,0,0,0,0,15.00K,0.00K,40.82,-94.74,40.8194,-94.7325
201107,27,201107,28,336544,IOWA,Flash Flood,DUBUQUE,0,0,0,0,7.00M,0.00K,42.6178,-91.0959,42.3596,-91.0835
201107,27,201107,27,332349,IOWA,Flash Flood,DUBUQUE,0,0,0,0,1.00M,0.00K,42.295,-90.66,42.3672,-90.4813
201103,16,201103,31,294615,IOWA,Flood,PLYMOUTH,0,0,0,0,0.00K,0.00K,42.91,-96.54,42.74,-96.65
201104,1,201104,30,289185,IOWA,Flood,EMMET,0,0,0,0,10.00K,0.00K,43.5007,-94.9125,43.3224,-94.8385
201104,21,201104,24,289192,IOWA,Flood,KOSSUTH,0,0,0,0,5.00K,0.00K,43.2241,-94.1398,42.879,-94.1547
201104,19,201104,25,289193,IOWA,Flood,HUMBOLDT,0,0,0,0,5.00K,0.00K,42.7224,-94.2486,42.6646,-94.2317
201104,20,201104,23,289194,IOWA,Flood,WEBSTER,0,0,0,0,0.00K,0.00K,42.3199,-93.9336,42.0737,-93.9072
201105,11,201105,11,290651,IOWA,Flash Flood,ADAMS,0,0,0,0,200.00K,0.00K,40.94,-94.9,40.945,-94.8869
201105,11,201105,11,290655,IOWA,Flash Flood,ADAMS,0,0,0,0,25.00K,0.00K,40.94,-94.9,40.9366,-94.8964
201105,11,201105,11,290670,IOWA,Flash Flood,UNION,0,0,0,0,10.00K,0.00K,41.06,-94.34,41.0607,-94.3352
201107,11,201107,11,334225,IOWA,Flash Flood,DICKINSON,0,0,0,0,0.00K,0.00K,43.48,-95.05,43.48,-95.18
201107,14,201107,14,334236,IOWA,Flash Flood,DICKINSON,0,0,0,0,0.00K,0.00K,43.5,-95.37,43.47,-95.06
201107,10,201107,27,336476,IOWA,Flood,LYON,0,0,0,0,0.00K,0.00K,43.5007,-96.6123,43.2493,-96.5778
201107,13,201107,23,336477,IOWA,Flood,SIOUX,0,0,0,0,0.00K,0.00K,43.2614,-96.3843,42.9064,-96.523
201107,13,201107,23,336478,IOWA,Flood,PLYMOUTH,0,0,0,0,0.00K,0.00K,42.9168,-96.55,42.7481,-96.6616
201107,11,201107,25,336480,IOWA,Flood,DICKINSON,0,0,0,0,0.00K,0.00K,43.437,-95.211,43.2432,-95.15
201107,11,201107,28,336481,IOWA,Flood,CLAY,0,0,0,0,0.00K,0.00K,43.25,-95.3588,43.0089,-95.0666
201107,12,201107,29,336482,IOWA,Flood,BUENA VISTA,0,0,0,0,0.00K,0.00K,42.88,-95.25,42.9017,-95.25
201107,16,201107,25,336484,IOWA,Flood,WOODBURY,0,0,0,0,0.00K,0.00K,42.5736,-95.7474,42.48,-95.8196
201107,12,201107,20,336485,IOWA,Flood,CLAY,0,0,0,0,0.00K,0.00K,43.17,-95.33,43.1411,-95.33
201107,15,201107,17,336487,IOWA,Flood,LYON,0,0,0,0,0.00K,0.00K,43.5024,-96.18,43.2595,-96.2581
201106,15,201106,25,327471,IOWA,Flood,CLAY,0,0,0,0,0.00K,0.00K,43.17,-95.33,43.1411,-95.33
201106,18,201106,30,327472,IOWA,Flood,BUENA VISTA,0,0,0,0,0.00K,0.00K,42.88,-95.25,42.9017,-95.25
201106,19,201106,30,327474,IOWA,Flood,CHEROKEE,0,0,0,0,0.00K,0.00K,42.9254,-95.3475,42.9109,-95.4741
201106,14,201106,14,322884,IOWA,Flash Flood,DICKINSON,0,0,0,0,0.00K,0.00K,43.41,-95.29,43.49,-95.29
201107,1,201107,31,335513,IOWA,Flood,WOODBURY,0,0,0,0,0.00K,0.00K,42.44,-96.51,42.21,-96.4
201106,5,201106,30,327446,IOWA,Flood,WOODBURY,0,0,0,0,0.00K,0.00K,42.487,-96.48,42.49,-96.44
201106,15,201106,30,327464,IOWA,Flood,CLAY,0,0,0,0,0.00K,0.00K,43.25,-95.3588,43.0089,-95.0666
201109,1,201109,11,335159,IOWA,Flood,POTTAWATTAMIE,0,0,0,0,50.00K,0.00K,41.5478,-95.9903,41.2181,-95.9601
201107,15,201107,15,311265,IOWA,Flash Flood,WORTH,0,0,0,0,10.00K,0.00K,43.4,-93.28,43.4019,-93.288
201106,14,201106,14,318533,IOWA,Flash Flood,LEE,0,0,0,0,0.00K,0.00K,40.4643,-91.3833,40.62,-91.72
201107,15,201107,15,311063,IOWA,Flash Flood,WORTH,0,0,0,0,50.00K,0.00K,43.299,-93.0786,43.3349,-93.0827
201106,1,201106,30,297291,IOWA,Flood,HARRISON,0,0,0,0,150.00K,0.00K,41.8564,-96.1482,41.8166,-96.048
201106,26,201106,26,323670,IOWA,Flash Flood,VAN BUREN,0,0,0,0,0.00K,0.00K,40.9,-92.17,40.605,-92.17
201107,15,201107,15,311263,IOWA,Flash Flood,WORTH,0,0,0,0,10.00K,0.00K,43.3396,-93.1091,43.3408,-93.0968
201107,14,201107,14,311066,IOWA,Flash Flood,EMMET,0,0,0,0,100.00K,0.00K,43.33,-94.83,43.3363,-94.7612
201107,14,201107,14,322408,IOWA,Flash Flood,PALO ALTO,0,0,0,0,50.00K,0.00K,43.23,-94.77,43.2455,-94.7688
201106,14,201106,15,320102,IOWA,Flash Flood,KEOKUK,0,0,0,0,20.00K,0.00K,41.42,-92.42,41.21,-92.22
201106,15,201106,15,320158,IOWA,Flash Flood,LEE,0,0,0,0,250.00K,0.00K,40.8,-91.7,40.34,-91.7
201106,15,201106,15,320314,IOWA,Flash Flood,VAN BUREN,0,0,0,0,2.00K,0.00K,40.67,-92.02,40.61,-92.02
201106,14,201106,15,320301,IOWA,Flash Flood,WASHINGTON,0,0,0,0,250.00K,0.00K,41.5,-91.88,41.25,-91.88
201107,23,201107,23,330136,IOWA,Flash Flood,BUCHANAN,0,0,0,0,0.00K,0.00K,42.41,-91.77,42.39,-91.77
201106,27,201106,27,323676,IOWA,Flood,VAN BUREN,0,0,0,0,0.00K,0.00K,40.6386,-91.9967,40.6378,-91.9967
201106,13,201106,14,318495,IOWA,Flash Flood,VAN BUREN,0,0,0,0,0.00K,0.00K,40.6008,-92.1788,40.6171,-91.7236
201106,14,201106,15,299511,IOWA,Flood,MAHASKA,0,0,0,0,100.00K,100.00K,41.23,-92.5,41.3482,-92.3923
201106,14,201106,14,299158,IOWA,Flash Flood,MAHASKA,0,0,0,0,50.00K,10.00K,41.3057,-92.6683,41.3258,-92.869
201106,10,201106,10,329321,IOWA,Flash Flood,LINN,0,0,0,0,0.00K,0.00K,41.9965,-91.688,41.9873,-91.6873
201107,28,201107,28,330544,IOWA,Flood,CLAYTON,0,0,0,0,5.00K,0.00K,42.7066,-91.0698,42.6984,-91.07
201106,15,201106,15,299509,IOWA,Flash Flood,WAPELLO,0,0,0,0,300.00K,25.00K,41.0374,-92.4527,41.0084,-92.4043
201106,20,201106,20,320330,IOWA,Flash Flood,VAN BUREN,0,0,0,0,50.00K,0.00K,40.7,-92.02,40.62,-92.02
201108,22,201108,22,327091,IOWA,Flood,POTTAWATTAMIE,0,0,0,0,100.00K,0.00K,41.2076,-95.9079,41.2691,-95.9065
201108,23,201108,23,334867,IOWA,Flood,FAYETTE,0,0,0,0,0.00K,0.00K,42.8312,-91.7928,42.8487,-91.7919
201109,1,201109,28,335095,IOWA,Flood,FREMONT,0,0,0,0,3.00M,0.00K,40.5922,-95.7211,40.6413,-95.82
201107,1,201107,31,309607,IOWA,Flood,HARRISON,0,0,0,0,10.00K,0.00K,41.8407,-96.1218,41.8207,-96.0315
201108,1,201108,31,323005,IOWA,Flood,FREMONT,0,0,0,0,10.00M,0.00K,40.8913,-95.8269,40.6017,-95.6552
201108,1,201108,25,342169,IOWA,Flood,WOODBURY,0,0,0,0,0.00K,0.00K,42.44,-96.51,42.21,-96.4
201107,1,201107,31,309609,IOWA,Flood,POTTAWATTAMIE,0,0,0,0,3.00M,0.00K,41.4911,-96.0342,41.5458,-95.9573
201109,1,201109,27,335135,IOWA,Flood,MILLS,0,0,0,0,5.00K,0.00K,41.1792,-95.8626,41.1768,-95.8337
201107,1,201107,31,309610,IOWA,Flood,MILLS,0,0,0,0,25.00K,0.00K,41.1617,-95.888,41.1653,-95.8228
201108,22,201108,22,327072,IOWA,Flash Flood,POTTAWATTAMIE,0,0,0,0,50.00K,0.00K,41.2045,-95.9127,41.2768,-95.8873
201107,1,201107,31,309611,IOWA,Flood,FREMONT,0,0,0,0,150.00K,0.00K,40.8998,-95.8016,40.9033,-95.8804
201108,1,201108,31,322988,IOWA,Flood,MONONA,0,0,0,0,5.00M,0.00K,42.2185,-96.3817,42.2308,-96.2787
201107,27,201107,28,332388,IOWA,Flash Flood,JACKSON,0,0,0,0,1.50M,0.00K,42.295,-90.83,42.125,-90.18
201108,1,201108,31,322994,IOWA,Flood,HARRISON,0,0,0,0,7.00M,0.00K,41.8287,-96.1276,41.8329,-96.0535
201109,1,201109,18,335116,IOWA,Flood,HARRISON,0,0,0,0,5.00K,0.00K,41.8605,-96.1469,41.8575,-96.0645
201107,1,201107,31,309606,IOWA,Flood,MONONA,0,0,0,0,50.00K,0.00K,42.2159,-96.3666,42.245,-96.2787
201108,1,201108,31,322997,IOWA,Flood,POTTAWATTAMIE,0,0,0,0,5.00M,0.00K,41.5112,-96.0288,41.5396,-95.9464
201108,1,201108,31,323003,IOWA,Flood,MILLS,0,0,0,0,5.00M,0.00K,41.0737,-95.8955,41.0764,-95.8489
201108,23,201108,23,339661,IOWA,Flash Flood,CLINTON,0,0,0,0,0.00K,0.00K,41.83,-90.2777,41.8522,-90.2718
201108,23,201108,23,339723,IOWA,Flash Flood,CEDAR,0,0,0,0,0.00K,0.00K,41.85,-90.9494,41.67,-90.9881
201106,27,201106,28,311385,IOWA,Flood,DECATUR,0,0,0,0,10.00K,10.00K,40.8341,-93.953,40.6478,-93.7657
201106,25,201106,25,303535,IOWA,Flash Flood,UNION,0,0,0,0,25.00K,0.00K,41.0733,-94.3877,41.048,-94.387
201106,25,201106,25,303537,IOWA,Flash Flood,ADAMS,0,0,0,0,25.00K,0.00K,41.0779,-94.6026,41.1089,-94.604
201106,26,201106,27,305209,IOWA,Flash Flood,APPANOOSE,0,0,0,0,500.00K,20.00K,40.5905,-92.9279,40.591,-92.7129
201106,25,201106,25,303539,IOWA,Flash Flood,UNION,0,0,0,0,10.00K,0.00K,41.07,-94.0628,41.0718,-94.0384
201106,25,201106,25,303541,IOWA,Flash Flood,UNION,0,0,0,0,10.00K,0.00K,41.13,-94.0508,41.1315,-94.0298
201106,9,201106,10,297958,IOWA,Flash Flood,MARION,0,0,0,0,100.00K,0.00K,41.32,-93.1,41.3059,-93.0904
201106,10,201106,10,297960,IOWA,Flash Flood,WARREN,0,0,0,0,100.00K,0.00K,41.4726,-93.6942,41.4725,-93.6607
201106,25,201106,25,303543,IOWA,Flash Flood,CLARKE,0,0,0,0,20.00K,0.00K,41.0155,-93.78,40.9033,-93.7831
201106,26,201106,27,304547,IOWA,Flash Flood,APPANOOSE,0,0,0,0,100.00K,0.00K,40.59,-92.77,40.5897,-92.7619
201106,26,201106,27,304550,IOWA,Flash Flood,DAVIS,0,0,0,0,250.00K,0.00K,40.7395,-92.4421,40.7663,-92.4321
201106,26,201106,26,304551,IOWA,Flash Flood,ADAMS,0,0,0,0,15.00K,0.00K,41.08,-94.53,41.0964,-94.5332
201106,26,201106,26,321933,IOWA,Flash Flood,ADAMS,0,0,0,0,10.00K,0.00K,41.1311,-94.6046,41.068,-94.6053
201106,9,201106,10,297957,IOWA,Flash Flood,POLK,0,0,0,0,250.00K,0.00K,41.5696,-93.5326,41.5656,-93.5338
201106,10,201106,10,297962,IOWA,Flash Flood,MARION,0,0,0,0,50.00K,0.00K,41.4528,-92.8994,41.4533,-92.8904
201106,10,201106,11,298180,IOWA,Flood,WARREN,0,0,0,0,500.00K,250.00K,41.4646,-93.4425,41.4914,-93.4426
201106,10,201106,11,298181,IOWA,Flood,MAHASKA,0,0,0,0,250.00K,100.00K,41.29,-92.7,41.2841,-92.7024
201106,26,201106,26,304553,IOWA,Flash Flood,UNION,0,0,0,0,10.00K,0.00K,41.1,-94.41,41.0839,-94.4035
201106,1,201106,2,311312,IOWA,Flood,KOSSUTH,0,0,0,0,100.00K,0.00K,43.2241,-94.1398,42.879,-94.1547
201106,1,201106,8,311313,IOWA,Flood,EMMET,0,0,0,0,250.00K,0.00K,43.5007,-94.9125,43.3234,-94.8385
201106,22,201106,28,311377,IOWA,Flood,PALO ALTO,0,0,0,0,10.00K,25.00K,43.2413,-94.7559,43.085,-94.7457
201106,14,201106,15,324334,IOWA,Flood,LEE,0,0,0,0,125.00K,0.00K,40.61,-91.81,40.31,-91.47
201106,1,201106,1,311314,IOWA,Flood,HUMBOLDT,0,0,0,0,100.00K,0.00K,42.7224,-94.2486,42.6646,-94.2317
201106,22,201106,30,311378,IOWA,Flood,WEBSTER,0,0,0,0,0.00K,100.00K,42.3199,-93.9336,42.0737,-93.9072
201106,20,201106,21,311380,IOWA,Flood,DALLAS,0,0,0,0,5.00K,0.00K,41.5658,-93.6716,41.5742,-93.6953
201106,20,201106,21,311381,IOWA,Flood,POLK,0,0,0,0,25.00K,0.00K,41.5586,-93.6751,41.5731,-93.6085
201106,20,201106,23,311390,IOWA,Flood,WARREN,0,0,0,0,50.00K,25.00K,41.4286,-93.79,41.4103,-93.7903
201106,21,201106,21,311379,IOWA,Flood,POLK,0,0,0,0,0.00K,0.00K,41.591,-93.5821,41.5687,-93.4725
201106,1,201106,30,297287,IOWA,Flood,MONONA,0,0,0,0,20.00K,0.00K,42.2337,-96.3762,42.2348,-96.2979
201106,1,201106,30,297292,IOWA,Flood,POTTAWATTAMIE,0,0,0,0,200.00K,0.00K,41.5232,-96.0892,41.5499,-95.9711
201106,1,201106,30,297294,IOWA,Flood,MILLS,0,0,0,0,10.00K,0.00K,41.1706,-95.9079,41.1768,-95.853
201105,3,201105,5,310750,IOWA,Flood,CLAYTON,0,0,0,0,0.00K,0.00K,43.0296,-91.1737,43.0298,-91.1719
201106,27,201106,29,311382,IOWA,Flood,WEBSTER,0,0,0,0,25.00K,10.00K,42.5208,-94.2222,42.3504,-94.0969
201106,27,201106,30,311383,IOWA,Flood,WAPELLO,0,0,0,0,75.00K,10.00K,41.1254,-92.6374,40.9011,-92.2869
201106,27,201106,30,311384,IOWA,Flood,MARION,0,0,0,0,25.00K,10.00K,41.2112,-92.9318,41.2685,-92.8932
201106,25,201106,27,311386,IOWA,Flood,WAYNE,0,0,0,0,50.00K,10.00K,40.8436,-93.1129,40.769,-93.1038
201106,1,201106,30,297296,IOWA,Flood,FREMONT,0,0,0,0,500.00K,0.00K,40.8918,-95.8221,40.8929,-95.7871
201106,27,201106,27,311387,IOWA,Flood,LUCAS,0,0,0,0,0.00K,0.00K,40.9691,-93.2575,40.9009,-93.2108
201106,27,201106,27,311388,IOWA,Flood,APPANOOSE,0,0,0,0,5.00K,0.00K,40.5973,-92.6614,40.8445,-92.8575
201106,27,201106,27,311389,IOWA,Flood,TAYLOR,0,0,0,0,5.00K,0.00K,40.7513,-94.6431,40.5739,-94.818
201106,25,201106,25,305645,IOWA,Flash Flood,POTTAWATTAMIE,0,0,0,0,1.00K,0.00K,41.24,-95.86,41.2807,-95.8499
201107,15,201107,29,336483,IOWA,Flood,CHEROKEE,0,0,0,0,0.00K,0.00K,42.9254,-95.3475,42.9109,-95.4741
201105,1,201105,31,287912,IOWA,Flood,FREMONT,0,0,0,0,5.00K,0.00K,40.5838,-95.7829,40.6051,-95.7376
201103,21,201103,24,290628,IOWA,Flood,ALLAMAKEE,0,0,0,0,0.00K,0.00K,43.422,-91.5073,43.4266,-91.5194
201106,26,201106,26,325403,IOWA,Flash Flood,WOODBURY,0,0,0,0,0.00K,0.00K,42.53,-96.34,42.42,-96.37
201106,14,201106,15,320115,IOWA,Flash Flood,DES MOINES,0,0,0,0,0.00K,0.00K,40.86,-91.17,40.76,-91.17
201103,21,201103,27,283421,IOWA,Flood,BLACK HAWK,0,0,0,0,75.00K,0.00K,42.5485,-92.5152,42.5672,-92.4651
201107,10,201107,31,336479,IOWA,Flood,WOODBURY,0,0,0,0,0.00K,0.00K,42.487,-96.48,42.49,-96.44
201205,29,201205,31,379065,IOWA,Flood,EMMET,0,0,0,0,15.00K,0.00K,43.5007,-94.9125,43.3224,-94.8385
201205,6,201205,10,384452,IOWA,Flood,LYON,0,0,0,0,0.00K,0.00K,43.5007,-96.6123,43.2634,-96.5649
201205,28,201205,31,384455,IOWA,Flood,SIOUX,0,0,0,0,0.00K,0.00K,43.236,-96.4193,42.9064,-96.417
201205,28,201205,31,384456,IOWA,Flood,PLYMOUTH,0,0,0,0,0.00K,0.00K,42.9168,-96.55,42.7481,-96.6616
201205,28,201205,31,384779,IOWA,Flood,DICKINSON,0,0,0,0,0.00K,0.00K,43.4119,-95.2626,43.2432,-95.15
201205,28,201205,31,384780,IOWA,Flood,CLAY,0,0,0,0,0.00K,0.00K,43.25,-95.3588,42.9933,-95.0452
201205,29,201205,31,384782,IOWA,Flood,CLAY,0,0,0,0,0.00K,0.00K,43.17,-95.33,43.1411,-95.33
201205,7,201205,12,384453,IOWA,Flood,SIOUX,0,0,0,0,0.00K,0.00K,43.236,-96.4193,42.9064,-96.417
201205,8,201205,13,384454,IOWA,Flood,PLYMOUTH,0,0,0,0,0.00K,0.00K,42.9168,-96.55,42.7481,-96.6616
201205,3,201205,3,382311,IOWA,Flash Flood,CHEROKEE,0,0,0,0,0.00K,0.00K,42.78,-95.53,42.78,-95.45
201205,6,201205,6,369190,IOWA,Flash Flood,AUDUBON,0,0,0,0,10.00K,0.00K,41.7632,-94.9706,41.7025,-95.0673
201205,3,201205,4,383782,IOWA,Flash Flood,WASHINGTON,0,0,0,0,0.00K,0.00K,41.25,-91.76,41.3243,-91.778
201205,3,201205,4,383783,IOWA,Flash Flood,MUSCATINE,0,0,0,0,0.00K,0.00K,41.44,-91.03,41.4159,-91.0445
201205,3,201205,4,383784,IOWA,Flash Flood,LOUISA,0,0,0,0,0.00K,0.00K,41.28,-91.36,41.2652,-91.3653
201205,28,201205,30,384777,IOWA,Flood,LYON,0,0,0,0,0.00K,0.00K,43.5024,-96.18,43.2595,-96.2581
201205,27,201205,27,383743,IOWA,Flash Flood,SIOUX,0,0,0,0,0.00K,0.00K,43.16,-96.34,43.16,-96.26
201205,29,201205,31,384781,IOWA,Flood,BUENA VISTA,0,0,0,0,0.00K,0.00K,42.88,-95.25,42.9017,-95.25
201204,15,201204,15,379334,IOWA,Flood,PAGE,0,0,0,0,0.00K,0.00K,40.7214,-95.0317,40.7286,-95.0002
201204,14,201204,14,365266,IOWA,Flash Flood,MADISON,0,0,0,0,10.00K,0.00K,41.2893,-94.0086,41.4121,-93.9956
201204,14,201204,14,365267,IOWA,Flash Flood,POLK,0,0,0,0,25.00K,0.00K,41.7029,-93.5773,41.7045,-93.5889
201204,14,201204,14,365265,IOWA,Flash Flood,CASS,0,0,0,0,10.00K,0.00K,41.3895,-95.0266,41.4126,-95.0261
201204,14,201204,14,365268,IOWA,Flash Flood,POLK,0,0,0,0,25.00K,0.00K,41.74,-93.64,41.7268,-93.6382
201206,20,201206,20,378273,IOWA,Flash Flood,MONONA,0,0,0,0,0.00K,0.00K,42.19,-95.82,42.2068,-95.872
201206,20,201206,20,378274,IOWA,Flash Flood,MONONA,0,0,0,0,0.00K,0.00K,42.0337,-96.0856,42.04,-96.1087
201206,20,201206,20,396272,IOWA,Flash Flood,IDA,0,0,0,0,0.00K,0.00K,42.27,-95.58,42.27,-95.52
201208,4,201208,4,410122,IOWA,Flash Flood,LINN,0,0,0,0,0.00K,0.00K,41.9691,-91.6672,41.9666,-91.65
201207,18,201207,18,400415,IOWA,Flood,HOWARD,0,0,0,0,0.00K,0.00K,43.379,-92.1262,43.3716,-92.1324
201306,25,201306,30,455906,IOWA,Flood,BLACK HAWK,0,0,0,0,500.00K,0.00K,42.5485,-92.5152,42.5672,-92.4651
201306,12,201306,12,455922,IOWA,Flash Flood,MITCHELL,0,0,0,0,0.00K,0.00K,43.231,-92.693,43.2126,-92.6929
201306,21,201306,21,456301,IOWA,Flash Flood,WINNESHIEK,0,0,0,0,0.00K,0.00K,43.4989,-92.0771,43.0838,-92.0764
201306,9,201306,11,455692,IOWA,Flood,CLAY,0,0,0,0,0.00K,0.00K,43.17,-95.33,43.1411,-95.33
201306,6,201306,18,455695,IOWA,Flood,BUENA VISTA,0,0,0,0,0.00K,0.00K,42.88,-95.25,42.9017,-95.25
201306,25,201306,27,455907,IOWA,Flood,BLACK HAWK,0,0,0,0,250.00K,0.00K,42.5485,-92.5152,42.5672,-92.4651
201306,22,201306,22,457929,IOWA,Flood,CLAYTON,0,0,0,0,0.00K,0.00K,42.7386,-91.2686,42.7377,-91.269
201306,25,201306,26,457931,IOWA,Flood,CLAYTON,0,0,0,0,0.00K,0.00K,42.7386,-91.2686,42.7377,-91.269
201306,25,201306,30,461201,IOWA,Flood,CLAYTON,0,0,0,0,0.00K,0.00K,43.0296,-91.1737,43.0298,-91.1719
201306,25,201306,27,461202,IOWA,Flood,CLAYTON,0,0,0,0,0.00K,0.00K,42.8205,-91.104,42.8264,-91.0825
201306,23,201306,26,455712,IOWA,Flood,LYON,0,0,0,0,0.00K,0.00K,43.5024,-96.18,43.2595,-96.2581
201306,24,201306,25,457732,IOWA,Flash Flood,WINNESHIEK,0,0,0,0,75.00K,0.00K,43.1378,-91.9838,43.1329,-91.9849
201306,21,201306,21,456771,IOWA,Flood,FAYETTE,0,0,0,0,0.00K,0.00K,43.0291,-92.0407,43.0094,-92.0407
201306,22,201306,25,457926,IOWA,Flood,ALLAMAKEE,0,0,0,0,0.00K,0.00K,43.422,-91.5073,43.4266,-91.5194
201306,25,201306,26,457930,IOWA,Flood,CLAYTON,0,0,0,0,0.00K,0.00K,42.845,-91.4043,42.8445,-91.4052
201305,26,201305,30,454110,IOWA,Flood,CLAY,0,0,0,0,50.00K,0.00K,43.17,-95.33,43.1411,-95.33
201305,26,201305,29,454162,IOWA,Flood,LYON,0,0,0,0,0.00K,0.00K,43.5007,-96.6123,43.2493,-96.5778
201305,26,201305,30,454166,IOWA,Flood,PLYMOUTH,0,0,0,0,0.00K,0.00K,42.9168,-96.55,42.7481,-96.6616
201305,26,201305,29,454173,IOWA,Flood,PLYMOUTH,0,0,0,0,10.00K,0.00K,42.9012,-96.0602,42.58,-96.2807
201305,26,201305,26,452590,IOWA,Flash Flood,O'BRIEN,0,0,0,0,0.00K,0.00K,43.23,-95.76,43.11,-95.84
201308,11,201308,11,466027,IOWA,Flash Flood,MONONA,0,0,0,0,0.00K,0.00K,42.03,-96.09,42.0319,-96.1037
201305,26,201305,26,452592,IOWA,Flash Flood,CHEROKEE,0,0,0,0,0.00K,0.00K,42.74,-95.47,42.68,-95.47
201305,29,201305,29,452852,IOWA,Flash Flood,PLYMOUTH,0,0,0,0,0.00K,0.00K,42.79,-96.15,42.79,-96.13
201305,26,201305,30,454103,IOWA,Flood,BUENA VISTA,0,0,0,0,0.00K,0.00K,42.88,-95.25,42.9017,-95.25
201305,28,201305,28,454914,IOWA,Flood,WOODBURY,0,0,0,0,0.00K,0.00K,42.2734,-96.1,42.23,-96.1098
201305,9,201305,9,451011,IOWA,Flood,FAYETTE,0,0,0,0,10.00K,0.00K,43.0599,-92.0304,43.0593,-92.0303
201307,1,201307,2,467099,IOWA,Flood,SCOTT,0,0,0,0,0.00K,0.00K,41.46,-91.14,41.284,-91.14
201307,1,201307,2,467098,IOWA,Flood,MUSCATINE,0,0,0,0,0.00K,0.00K,41.46,-91.14,41.284,-91.14
201305,29,201305,29,450272,IOWA,Flash Flood,FAYETTE,0,0,0,0,75.00K,0.00K,42.7168,-91.6459,42.7163,-91.6062
201306,24,201306,24,448031,IOWA,Flash Flood,BUTLER,0,0,0,0,300.00K,0.00K,42.7589,-92.9818,42.7679,-93.0246
201305,26,201305,26,452322,IOWA,Flash Flood,SCOTT,0,0,0,0,0.00K,0.00K,41.56,-90.48,41.55,-90.4866
201305,26,201305,26,452323,IOWA,Flash Flood,IOWA,0,0,0,0,0.00K,0.00K,41.829,-92.07,41.8,-92.1088
201305,26,201305,26,452325,IOWA,Flash Flood,LOUISA,0,0,0,0,0.00K,0.00K,41.18,-91.19,41.1875,-91.2
201306,26,201306,26,448666,IOWA,Flash Flood,BLACK HAWK,0,0,0,0,50.00K,0.00K,42.53,-92.24,42.5325,-92.2237
201305,29,201305,29,454615,IOWA,Flash Flood,BENTON,0,0,0,0,0.00K,0.00K,42.16,-92.03,42.17,-92.0165
201305,26,201305,26,452326,IOWA,Flash Flood,IOWA,0,0,0,0,0.00K,0.00K,41.67,-92.01,41.6647,-92.0071
201305,29,201305,29,454617,IOWA,Flash Flood,DELAWARE,0,0,0,0,0.00K,0.00K,42.54,-91.53,42.5,-91.5842
201305,29,201305,29,454619,IOWA,Flash Flood,BUCHANAN,0,0,0,0,0.00K,0.00K,42.47,-91.6908,42.499,-91.73
201305,29,201305,29,454620,IOWA,Flash Flood,BUCHANAN,0,0,0,0,0.00K,0.00K,42.47,-91.6,42.4615,-91.7533
201305,26,201305,26,452329,IOWA,Flash Flood,SCOTT,0,0,0,0,0.00K,0.00K,41.56,-90.6,41.5063,-90.6117
201305,26,201305,26,452332,IOWA,Flash Flood,LOUISA,0,0,0,0,0.00K,0.00K,41.28,-91.42,41.2476,-91.4098
201305,29,201305,29,454622,IOWA,Flash Flood,LINN,0,0,0,0,0.00K,0.00K,42.29,-91.78,42.2947,-91.8779
201305,29,201305,29,454624,IOWA,Flash Flood,DELAWARE,0,0,0,0,0.00K,0.00K,42.6111,-91.4,42.65,-91.3471
201305,29,201305,29,454625,IOWA,Flash Flood,BUCHANAN,0,0,0,0,0.00K,0.00K,42.4,-91.7796,42.3782,-91.75
201305,26,201305,30,454102,IOWA,Flood,CLAY,0,0,0,0,0.00K,0.00K,43.25,-95.3588,42.9933,-95.0452
201305,29,201305,29,454629,IOWA,Flash Flood,BUCHANAN,0,0,0,0,0.00K,0.00K,42.47,-91.9096,42.4482,-91.88
201307,13,201307,13,452598,IOWA,Flash Flood,WORTH,0,0,0,0,50.00K,0.00K,43.36,-93.46,43.3613,-93.4514
201307,13,201307,13,452600,IOWA,Flash Flood,WORTH,0,0,0,0,10.00K,0.00K,43.26,-93.26,43.2617,-93.2532
201307,13,201307,13,452602,IOWA,Flash Flood,WORTH,0,0,0,0,10.00K,0.00K,43.31,-93.49,43.3104,-93.4848
201307,13,201307,13,452614,IOWA,Flash Flood,WINNEBAGO,0,0,0,0,25.00K,0.00K,43.46,-93.66,43.4606,-93.6551
201306,9,201306,12,455693,IOWA,Flood,CLAY,0,0,0,0,0.00K,0.00K,43.25,-95.3588,42.9933,-95.0452
201306,14,201306,15,446234,IOWA,Flash Flood,CARROLL,0,0,0,0,50.00K,0.00K,41.87,-94.63,41.8848,-94.6309
201306,14,201306,15,446235,IOWA,Flash Flood,CARROLL,0,0,0,0,75.00K,0.00K,41.88,-94.7,41.8696,-94.6803
201305,26,201305,26,452321,IOWA,Flash Flood,IOWA,0,0,0,0,0.00K,0.00K,41.83,-92.2,41.82,-92.2134
201306,24,201306,24,448030,IOWA,Flash Flood,BUTLER,0,0,0,0,500.00K,0.00K,42.61,-92.85,42.5727,-92.8547
201306,24,201306,24,461015,IOWA,Flood,GUTHRIE,0,0,0,0,200.00K,0.00K,41.5043,-94.515,41.5333,-94.5165
201306,24,201306,24,448032,IOWA,Flash Flood,GRUNDY,0,0,0,0,200.00K,0.00K,42.4493,-92.9612,42.5293,-92.9423
201306,14,201306,15,446238,IOWA,Flash Flood,MADISON,0,0,0,0,50.00K,0.00K,41.3422,-93.874,41.3545,-93.8777
201306,24,201306,24,448035,IOWA,Flash Flood,HARDIN,0,0,0,0,250.00K,0.00K,42.5303,-93.0806,42.527,-93.0288
201306,14,201306,15,446232,IOWA,Flash Flood,GUTHRIE,0,0,0,0,200.00K,0.00K,41.8482,-94.5487,41.8485,-94.567
201306,15,201306,15,446281,IOWA,Flood,MADISON,0,0,0,0,500.00K,25.00K,41.4251,-93.877,41.3639,-93.975
201307,13,201307,13,452599,IOWA,Flash Flood,WORTH,0,0,0,0,10.00K,0.00K,43.2651,-93.2849,43.2741,-93.2853
201306,22,201306,22,461877,IOWA,Flash Flood,DUBUQUE,0,0,0,0,0.00K,0.00K,42.55,-91.11,42.5326,-91.1048
201306,24,201306,24,462150,IOWA,Flash Flood,SCOTT,0,0,0,0,0.00K,0.00K,41.53,-90.59,41.5231,-90.5879
201306,24,201306,24,462223,IOWA,Flash Flood,CEDAR,0,0,0,0,0.00K,0.00K,41.9801,-91.3101,41.7838,-91.2964
201306,24,201306,24,462156,IOWA,Flash Flood,JOHNSON,0,0,0,0,0.00K,0.00K,41.66,-91.54,41.6483,-91.5345
201307,8,201307,9,458844,IOWA,Flash Flood,DELAWARE,0,0,0,0,50.00K,0.00K,42.64,-91.51,42.53,-91.41
201306,2,201306,5,464988,IOWA,Flood,MUSCATINE,0,0,0,0,0.00K,0.00K,41.3903,-91.2765,41.3418,-91.3218
201306,2,201306,10,465136,IOWA,Flood,LOUISA,0,0,0,0,0.00K,0.00K,41.094,-90.9465,41.0871,-90.9922
201306,28,201306,30,465183,IOWA,Flood,DES MOINES,0,0,0,0,0.00K,0.00K,40.82,-91.08,40.8556,-91.1206
201306,29,201306,30,465165,IOWA,Flood,MUSCATINE,0,0,0,0,0.00K,0.00K,41.42,-91.05,41.382,-91.0801
201306,2,201306,10,463821,IOWA,Flood,CLINTON,0,0,0,0,0.00K,0.00K,41.7709,-90.6558,41.7703,-90.5387
201306,2,201306,10,463823,IOWA,Flood,SCOTT,0,0,0,0,0.00K,0.00K,41.755,-90.5287,41.7598,-90.5648
201306,25,201306,30,465120,IOWA,Flood,CLINTON,0,0,0,0,0.00K,0.00K,41.7675,-90.557,41.7754,-90.4892
201306,26,201306,29,465117,IOWA,Flood,JONES,0,0,0,0,0.00K,0.00K,42.1036,-91.295,42.093,-91.2495
201306,27,201306,30,465168,IOWA,Flood,LOUISA,0,0,0,0,0.00K,0.00K,41.267,-91.1014,41.1043,-90.9531
201306,26,201306,26,463718,IOWA,Flash Flood,BUCHANAN,0,0,0,0,0.00K,0.00K,42.47,-91.89,42.4747,-91.924
201306,26,201306,26,463719,IOWA,Flash Flood,LINN,0,0,0,0,0.00K,0.00K,42.2,-91.52,42.1747,-91.4372
201306,24,201306,24,448033,IOWA,Flash Flood,BUTLER,0,0,0,0,500.00K,0.00K,42.6049,-92.9567,42.5592,-92.957
201306,21,201306,21,447567,IOWA,Flash Flood,WINNEBAGO,0,0,0,0,25.00K,0.00K,43.31,-93.68,43.312,-93.6264
201306,12,201306,12,455916,IOWA,Flash Flood,FLOYD,0,0,0,0,80.00K,0.00K,43.0371,-92.6336,43.2123,-92.6343
201306,1,201306,10,465151,IOWA,Flood,LEE,0,0,0,0,0.00K,0.00K,40.4,-91.38,40.6254,-91.3046
201306,22,201306,22,457928,IOWA,Flood,CLAYTON,0,0,0,0,0.00K,0.00K,42.845,-91.4043,42.8445,-91.4052
201306,22,201306,22,457567,IOWA,Flash Flood,ALLAMAKEE,0,0,0,0,0.00K,0.00K,43.2237,-91.3703,43.0858,-91.39
201306,22,201306,22,457570,IOWA,Flash Flood,CLAYTON,0,0,0,0,650.00K,0.00K,42.9026,-91.4154,42.6479,-91.363
201306,24,201306,24,447872,IOWA,Flash Flood,AUDUBON,0,0,0,0,30.00K,0.00K,41.52,-94.76,41.522,-94.7567
201306,1,201306,4,464993,IOWA,Flood,IOWA,0,0,0,0,0.00K,0.00K,41.8335,-92.12,41.8113,-92.0263
201306,24,201306,24,457923,IOWA,Flood,FLOYD,0,0,0,0,0.00K,0.00K,43.0691,-92.6844,43.0673,-92.6853
201306,22,201306,23,457696,IOWA,Flash Flood,ALLAMAKEE,0,0,0,0,6.40M,0.00K,43.3644,-91.2195,43.4968,-91.227
201306,24,201306,25,457734,IOWA,Flash Flood,CLAYTON,0,0,0,0,44.00K,0.00K,43.0171,-91.1694,43.0361,-91.1749
201306,21,201306,21,456778,IOWA,Flash Flood,FAYETTE,0,0,0,0,704.00K,0.00K,42.68,-91.93,42.6889,-91.9516
201306,23,201306,23,457728,IOWA,Flash Flood,WINNESHIEK,0,0,0,0,900.00K,0.00K,43.0975,-91.6068,43.5001,-91.6113
201306,26,201306,26,457736,IOWA,Flash Flood,CHICKASAW,0,0,0,0,120.00K,0.00K,42.9649,-92.5586,42.9355,-92.5483
201306,26,201306,26,463721,IOWA,Flash Flood,JONES,0,0,0,0,0.00K,0.00K,42.28,-91.25,42.2573,-91.2099
201306,26,201306,26,463724,IOWA,Flash Flood,DELAWARE,0,0,0,0,0.00K,0.00K,42.35,-91.25,42.3465,-91.245
201306,26,201306,26,448667,IOWA,Flash Flood,BLACK HAWK,0,0,0,0,50.00K,0.00K,42.5625,-92.2283,42.5776,-92.2279
201307,21,201307,21,454490,IOWA,Flash Flood,LUCAS,0,0,0,0,250.00K,0.00K,41.0323,-93.3337,40.9968,-93.336
201306,1,201306,2,463809,IOWA,Flood,JONES,0,0,0,0,0.00K,0.00K,42.0779,-91.2222,42.0361,-91.2676
201306,1,201306,3,463847,IOWA,Flood,LINN,0,0,0,0,0.00K,0.00K,42.029,-91.7825,41.9228,-91.5738
201306,22,201306,23,457725,IOWA,Flash Flood,HOWARD,0,0,0,0,0.00K,0.00K,43.4433,-92.5255,43.444,-92.0816
201306,22,201306,22,457002,IOWA,Flash Flood,ALLAMAKEE,0,0,0,0,0.00K,0.00K,43.2777,-91.4902,43.256,-91.4911
201306,1,201306,1,455641,IOWA,Flood,WEBSTER,0,0,0,0,0.00K,0.00K,42.5208,-94.2222,42.3504,-94.0969
201306,1,201306,1,455883,IOWA,Flood,POLK,0,0,0,0,0.00K,0.00K,41.6004,-93.7152,41.5709,-93.6733
201306,1,201306,1,455885,IOWA,Flood,POLK,0,0,0,0,0.00K,0.00K,41.5586,-93.6751,41.5731,-93.6085
201306,1,201306,4,455890,IOWA,Flood,POLK,0,0,0,0,0.00K,0.00K,41.591,-93.5821,41.5687,-93.4725
201306,1,201306,5,455892,IOWA,Flood,BLACK HAWK,0,0,0,0,0.00K,0.00K,42.5485,-92.5152,42.5672,-92.4651
201306,1,201306,3,455897,IOWA,Flood,BLACK HAWK,0,0,0,0,0.00K,0.00K,42.5485,-92.5152,42.5672,-92.4651
201306,1,201306,7,464994,IOWA,Flood,LOUISA,0,0,0,0,0.00K,0.00K,41.2754,-91.3456,41.2843,-91.3513
201306,1,201306,7,465093,IOWA,Flood,LOUISA,0,0,0,0,0.00K,0.00K,41.18,-91.2,41.1541,-91.1697
201306,1,201306,1,465099,IOWA,Flood,KEOKUK,0,0,0,0,0.00K,0.00K,41.3096,-92.2213,41.3103,-92.1645
201306,1,201306,2,465103,IOWA,Flood,DES MOINES,0,0,0,0,0.00K,0.00K,40.75,-91.28,40.7289,-91.2203
201306,1,201306,12,465143,IOWA,Flood,DES MOINES,0,0,0,0,0.00K,0.00K,40.82,-91.08,40.8398,-91.1158
201306,1,201306,1,455899,IOWA,Flood,JASPER,0,0,0,0,0.00K,0.00K,41.7305,-93.3475,41.6769,-93.1087
201306,1,201306,1,455900,IOWA,Flood,MARSHALL,0,0,0,0,0.00K,0.00K,42.1086,-93.0539,42.1365,-93.0038
201306,14,201306,15,455902,IOWA,Flood,BUTLER,0,0,0,0,250.00K,0.00K,42.8194,-92.7455,42.8465,-92.6839
201306,14,201306,17,455903,IOWA,Flood,BLACK HAWK,0,0,0,0,500.00K,0.00K,42.5485,-92.5152,42.5672,-92.4651
201306,15,201306,16,455904,IOWA,Flood,BLACK HAWK,0,0,0,0,250.00K,0.00K,42.5485,-92.5152,42.5672,-92.4651
201303,11,201303,11,439038,IOWA,Flood,ALLAMAKEE,0,0,0,0,0.00K,0.00K,43.422,-91.5073,43.4266,-91.5194
201303,10,201303,11,439042,IOWA,Flood,CLAYTON,0,0,0,0,0.00K,0.00K,42.845,-91.4043,42.8445,-91.4052
201305,29,201305,29,443137,IOWA,Flash Flood,HARDIN,0,0,0,0,200.00K,0.00K,42.36,-93.1,42.3683,-93.0628
201303,10,201303,11,439049,IOWA,Flood,CLAYTON,0,0,0,0,0.00K,0.00K,42.7386,-91.2687,42.7377,-91.269
201305,29,201305,29,443139,IOWA,Flash Flood,BLACK HAWK,0,0,0,0,200.00K,0.00K,42.5,-92.41,42.5217,-92.417
201305,29,201305,29,443144,IOWA,Flash Flood,STORY,0,0,0,0,25.00K,0.00K,42.02,-93.45,42.0271,-93.3714
201305,29,201305,29,443149,IOWA,Flash Flood,BREMER,0,0,0,0,300.00K,0.00K,42.73,-92.47,42.7582,-92.5633
201305,29,201305,29,443151,IOWA,Flash Flood,STORY,0,0,0,0,50.00K,0.00K,41.98,-93.37,41.9943,-93.3709
201305,29,201305,29,443162,IOWA,Flash Flood,GREENE,0,0,0,0,20.00K,0.00K,41.96,-94.46,41.9636,-94.4234
201304,10,201304,15,442919,IOWA,Flood,ALLAMAKEE,0,0,0,0,0.00K,0.00K,43.422,-91.5073,43.4266,-91.5194
201304,18,201304,19,434990,IOWA,Flood,MARION,0,0,0,0,10.00K,0.00K,41.2249,-92.9371,41.2279,-92.8734
201305,26,201305,26,442475,IOWA,Flash Flood,MARSHALL,0,0,0,0,25.00K,0.00K,42.17,-93.17,42.1712,-93.1831
201303,9,201303,12,441020,IOWA,Flood,CLAY,0,0,0,0,0.00K,0.00K,43.25,-95.3588,42.9933,-95.0452
201305,28,201305,28,443013,IOWA,Flash Flood,MONROE,0,0,0,0,500.00K,0.00K,40.98,-93.05,40.9823,-93.0358
201304,17,201304,17,434979,IOWA,Flash Flood,RINGGOLD,0,0,0,0,20.00K,0.00K,40.75,-94.1,40.7174,-94.0948
201304,17,201304,18,434980,IOWA,Flash Flood,MONROE,0,0,0,0,25.00K,0.00K,41.03,-92.69,41.0413,-92.6414
201304,17,201304,18,434981,IOWA,Flash Flood,WAPELLO,0,0,0,0,200.00K,0.00K,41.02,-92.42,41.0361,-92.3698
201305,16,201305,16,439990,IOWA,Flash Flood,UNION,0,0,0,0,10.00K,0.00K,41.03,-94.23,41.0088,-94.262
201305,9,201305,13,451759,IOWA,Flood,CLAYTON,0,0,0,0,0.00K,0.00K,43.0296,-91.1737,43.0298,-91.1719
201304,18,201304,19,434982,IOWA,Flood,MARION,0,0,0,0,25.00K,0.00K,41.18,-92.93,41.1918,-92.9467
201304,18,201304,19,435104,IOWA,Flood,CLARKE,0,0,0,0,200.00K,0.00K,41.0399,-93.9527,41.0982,-93.8134
201305,26,201305,26,442314,IOWA,Flash Flood,JASPER,0,0,0,0,200.00K,0.00K,41.7079,-92.9269,41.7262,-92.9092
201305,28,201305,28,443017,IOWA,Flash Flood,WAPELLO,0,0,0,0,250.00K,0.00K,41.03,-92.41,41.0471,-92.4223
201305,28,201305,29,443025,IOWA,Flash Flood,WAYNE,0,0,0,0,50.00K,0.00K,40.844,-93.2899,40.8457,-93.278
201304,18,201304,19,434983,IOWA,Flood,MARION,0,0,0,0,25.00K,0.00K,41.28,-93.05,41.2836,-93.0509
201305,26,201305,26,442316,IOWA,Flash Flood,JASPER,0,0,0,0,250.00K,0.00K,41.72,-92.91,41.7162,-92.8947
201305,28,201305,28,443022,IOWA,Flash Flood,WAPELLO,0,0,0,0,50.00K,0.00K,41.01,-92.46,41.011,-92.4621
201305,28,201305,28,443027,IOWA,Flash Flood,WAYNE,0,0,0,0,50.00K,0.00K,40.69,-93.12,40.69,-93.1241
201305,26,201305,26,442313,IOWA,Flash Flood,JASPER,0,0,0,0,100.00K,0.00K,41.72,-92.82,41.72,-92.8116
201305,16,201305,16,440028,IOWA,Flash Flood,CRAWFORD,0,0,0,0,300.00K,0.00K,42.02,-95.35,41.9871,-95.2281
201305,17,201305,17,440177,IOWA,Flash Flood,WINNEBAGO,0,0,0,0,10.00K,0.00K,43.31,-93.68,43.3157,-93.68
201305,28,201305,28,443016,IOWA,Flash Flood,MONROE,0,0,0,0,150.00K,0.00K,41.14,-92.91,41.1411,-92.8903
201305,17,201305,17,440183,IOWA,Flash Flood,PALO ALTO,0,0,0,0,10.00K,0.00K,43.11,-94.68,43.1128,-94.6799
201305,19,201305,20,447113,IOWA,Flash Flood,MITCHELL,0,0,0,0,4.50M,20.00M,43.49,-93.02,43.21,-93.02
201305,26,201305,26,442474,IOWA,Flash Flood,HARDIN,0,0,0,0,25.00K,0.00K,42.5,-93.05,42.5076,-93.0487
201305,28,201305,28,443020,IOWA,Flash Flood,WAPELLO,0,0,0,0,200.00K,0.00K,41.06,-92.45,41.0598,-92.4309
201306,1,201306,1,443457,IOWA,Flash Flood,WORTH,0,0,0,0,200.00K,0.00K,43.44,-93.22,43.329,-93.2132
201306,1,201306,1,443605,IOWA,Flood,WORTH,0,0,0,0,100.00K,0.00K,43.4078,-93.0281,43.3081,-93.0271
201305,20,201305,21,451159,IOWA,Flood,FLOYD,0,0,0,0,100.00K,0.00K,43.0794,-92.5625,43.0796,-92.5579
201305,25,201305,25,442232,IOWA,Flash Flood,MARSHALL,0,0,0,0,5.00K,0.00K,41.97,-93.17,41.9718,-93.1601
201305,28,201305,29,443034,IOWA,Flood,MONROE,0,0,0,0,250.00K,0.00K,40.98,-93.0,40.9719,-93.0024
201305,20,201305,22,451742,IOWA,Flood,FLOYD,0,0,0,0,0.00K,0.00K,43.0691,-92.6844,43.0673,-92.6853
201305,21,201305,22,451743,IOWA,Flood,ALLAMAKEE,0,0,0,0,0.00K,0.00K,43.422,-91.5073,43.4266,-91.5194
201305,28,201305,28,443023,IOWA,Flash Flood,WAPELLO,0,0,0,0,100.00K,0.00K,41.01,-92.5,41.0183,-92.5097
201305,25,201305,25,442293,IOWA,Flash Flood,STORY,0,0,0,0,10.00K,0.00K,42.02,-93.31,42.0275,-93.3133
201305,28,201305,28,443024,IOWA,Flash Flood,WAPELLO,0,0,0,0,150.00K,0.00K,41.0944,-92.5392,41.0964,-92.5255
201305,28,201305,28,443021,IOWA,Flash Flood,WAPELLO,0,0,0,0,50.00K,0.00K,41.03,-92.46,41.042,-92.4751
201305,26,201305,26,442469,IOWA,Flash Flood,FRANKLIN,0,0,0,0,100.00K,0.00K,42.5961,-93.2945,42.5965,-93.2312
201305,29,201305,29,448894,IOWA,Flash Flood,HOWARD,0,0,0,0,0.00K,0.00K,43.22,-92.09,43.2223,-92.0967
201305,28,201305,28,443019,IOWA,Flash Flood,MONROE,0,0,0,0,150.00K,0.00K,41.14,-92.9,41.1416,-92.886
201305,26,201305,26,442472,IOWA,Flash Flood,MARSHALL,0,0,0,0,20.00K,0.00K,42.09,-92.9,42.0716,-92.902
201304,18,201304,26,444302,IOWA,Flood,CLINTON,0,0,0,0,0.00K,0.00K,41.95,-90.9,41.73,-90.9
201304,18,201304,26,444305,IOWA,Flood,SCOTT,0,0,0,0,0.00K,0.00K,41.95,-90.9,41.73,-90.9
201304,18,201304,20,444310,IOWA,Flood,JOHNSON,0,0,0,0,0.00K,0.00K,41.55,-91.6,41.35,-91.47
201305,26,201305,26,442465,IOWA,Flash Flood,FRANKLIN,0,0,0,0,5.00K,0.00K,42.63,-93.35,42.6331,-93.3652
201305,26,201305,26,442470,IOWA,Flash Flood,GRUNDY,0,0,0,0,50.00K,0.00K,42.31,-92.91,42.321,-92.8304
201305,27,201305,27,442541,IOWA,Flash Flood,GUTHRIE,0,0,0,0,100.00K,0.00K,41.7657,-94.4807,41.7926,-94.4781
201305,27,201305,27,442542,IOWA,Flash Flood,GUTHRIE,0,0,0,0,10.00K,0.00K,41.82,-94.43,41.8307,-94.4302
201305,27,201305,27,442543,IOWA,Flood,GUTHRIE,0,0,0,0,25.00K,0.00K,41.85,-94.43,41.8522,-94.4773
201305,19,201305,19,440742,IOWA,Flash Flood,CRAWFORD,0,0,0,0,5.00K,0.00K,42.0325,-95.4959,42.0424,-95.4937
201304,18,201304,20,444311,IOWA,Flood,WASHINGTON,0,0,0,0,0.00K,0.00K,41.55,-91.6,41.35,-91.47
201304,18,201304,20,444312,IOWA,Flood,LOUISA,0,0,0,0,0.00K,0.00K,41.55,-91.6,41.35,-91.47
201304,18,201304,21,444316,IOWA,Flood,LOUISA,0,0,0,0,0.00K,0.00K,41.35,-91.47,41.22,-91.3
201305,26,201305,30,454107,IOWA,Flood,CHEROKEE,0,0,0,0,50.00K,0.00K,42.9254,-95.3475,42.9109,-95.4741
201305,26,201305,26,442387,IOWA,Flash Flood,POWESHIEK,0,0,0,0,150.00K,0.00K,41.65,-92.55,41.6504,-92.5531
201305,29,201305,29,443133,IOWA,Flash Flood,DALLAS,0,0,0,0,10.00K,0.00K,41.64,-93.86,41.627,-93.8735
201305,29,201305,29,443134,IOWA,Flash Flood,POLK,0,0,0,0,25.00K,0.00K,41.6519,-93.766,41.6548,-93.7578
201305,29,201305,29,443136,IOWA,Flash Flood,STORY,0,0,0,0,250.00K,0.00K,42.16,-93.3,42.1711,-93.3126
201305,26,201305,26,442476,IOWA,Flash Flood,FRANKLIN,0,0,0,0,50.00K,0.00K,42.6907,-93.2132,42.6657,-93.2094
201305,26,201305,27,442534,IOWA,Flood,JASPER,0,0,0,0,50.00K,0.00K,41.66,-93.09,41.6842,-93.2011
201305,26,201305,26,442471,IOWA,Flash Flood,GRUNDY,0,0,0,0,25.00K,0.00K,42.4486,-92.9327,42.4624,-92.9364
201305,26,201305,26,442473,IOWA,Flash Flood,HARDIN,0,0,0,0,50.00K,0.00K,42.48,-93.18,42.48,-93.1675
201305,26,201305,26,442503,IOWA,Flash Flood,MARSHALL,0,0,0,0,25.00K,0.00K,42.14,-93.16,42.1036,-93.1628
201305,26,201305,26,442504,IOWA,Flash Flood,STORY,0,0,0,0,100.00K,0.00K,42.1789,-93.2528,42.1329,-93.2554
201305,26,201305,26,442505,IOWA,Flash Flood,MARSHALL,0,0,0,0,250.00K,0.00K,42.0131,-92.9684,41.9964,-92.7806
201305,26,201305,26,442506,IOWA,Flash Flood,MARSHALL,0,0,0,0,100.00K,0.00K,41.9495,-92.9993,41.9657,-92.8949
201304,19,201304,21,444317,IOWA,Flood,LOUISA,0,0,0,0,0.00K,0.00K,41.26,-91.37,41.07,-91.18
201304,17,201304,20,444318,IOWA,Flood,WASHINGTON,0,0,0,0,0.00K,0.00K,41.5108,-91.9465,41.45,-91.9465
201304,18,201304,20,444319,IOWA,Flood,KEOKUK,0,0,0,0,0.00K,0.00K,41.4068,-92.4116,41.2,-92.4116
201304,17,201304,18,446753,IOWA,Flash Flood,JOHNSON,0,0,0,0,250.00K,0.00K,41.86,-91.83,41.51,-91.83
201304,17,201304,18,446760,IOWA,Flash Flood,WASHINGTON,0,0,0,0,250.00K,0.00K,41.51,-91.94,41.1636,-91.9456
201305,27,201305,31,453742,IOWA,Flood,WEBSTER,0,0,0,0,100.00K,0.00K,42.5208,-94.2222,42.3504,-94.0969
201305,27,201305,31,453749,IOWA,Flood,DALLAS,0,0,0,0,200.00K,0.00K,41.84,-94.2694,41.637,-94.0842
201305,30,201305,30,453759,IOWA,Flood,DALLAS,0,0,0,0,25.00K,0.00K,41.5501,-93.9584,41.5335,-93.8916
201305,31,201305,31,453763,IOWA,Flood,POLK,0,0,0,0,25.00K,0.00K,41.6004,-93.7152,41.5709,-93.6733
201305,30,201305,31,453769,IOWA,Flood,POLK,0,0,0,0,150.00K,0.00K,41.5586,-93.6751,41.5731,-93.6085
201305,28,201305,31,454384,IOWA,Flood,POLK,0,0,0,0,150.00K,0.00K,41.591,-93.5821,41.5687,-93.4725
201305,28,201305,29,454385,IOWA,Flood,WAPELLO,0,0,0,0,150.00K,0.00K,41.1254,-92.6374,40.9011,-92.2869
201305,27,201305,28,454386,IOWA,Flood,STORY,0,0,0,0,50.00K,0.00K,42.0665,-93.6109,42.067,-93.6304
201305,27,201305,28,454388,IOWA,Flood,STORY,0,0,0,0,100.00K,0.00K,42.0114,-93.5866,41.7307,-93.3487
201305,29,201305,31,454390,IOWA,Flood,POLK,0,0,0,0,100.00K,0.00K,41.7305,-93.3475,41.6769,-93.1087
201305,27,201305,28,454391,IOWA,Flood,WRIGHT,0,0,0,0,50.00K,0.00K,42.8405,-93.6353,42.8426,-93.5891
201305,26,201305,27,452795,IOWA,Flash Flood,BUENA VISTA,0,0,0,0,0.50M,0.00K,42.56,-94.93,42.9,-95.11
201305,29,201305,30,449282,IOWA,Flash Flood,CLAYTON,0,0,0,0,0.00K,0.00K,42.6453,-91.6045,42.6609,-90.921
201305,29,201305,30,449285,IOWA,Flood,FAYETTE,0,0,0,0,0.00K,0.00K,42.7455,-91.9046,42.7729,-91.9031
201305,29,201305,29,443138,IOWA,Flash Flood,GRUNDY,0,0,0,0,450.00K,0.00K,42.4,-92.8,42.4066,-92.766
201305,29,201305,29,443141,IOWA,Flash Flood,BLACK HAWK,0,0,0,0,75.00K,0.00K,42.49,-92.34,42.4828,-92.3369
201305,29,201305,29,443142,IOWA,Flash Flood,BLACK HAWK,0,0,0,0,250.00K,0.00K,42.4562,-92.3192,42.4889,-92.4102
201305,29,201305,29,443145,IOWA,Flash Flood,TAMA,0,0,0,0,450.00K,0.00K,42.15,-92.41,42.152,-92.3037
201305,29,201305,29,443163,IOWA,Flash Flood,POLK,0,0,0,0,10.00K,0.00K,41.7611,-93.6183,41.7556,-93.6182
201305,26,201305,27,442539,IOWA,Flood,MAHASKA,0,0,0,0,100.00K,0.00K,41.47,-92.65,41.5194,-92.7074
201305,28,201305,28,443014,IOWA,Flash Flood,MONROE,0,0,0,0,200.00K,0.00K,41.14,-92.66,41.1191,-92.722
201305,29,201305,29,443160,IOWA,Flash Flood,STORY,0,0,0,0,100.00K,0.00K,42.1586,-93.3087,42.1567,-93.2876
201305,29,201305,30,443164,IOWA,Flood,GRUNDY,0,0,0,0,250.00K,0.00K,42.2998,-92.6834,42.3076,-92.9958
201305,30,201305,30,443265,IOWA,Flood,BLACK HAWK,0,0,0,0,200.00K,0.00K,42.42,-92.45,42.3982,-92.4335
201305,28,201305,28,443011,IOWA,Flash Flood,LUCAS,0,0,0,0,50.00K,0.00K,40.98,-93.1,40.9755,-93.0988
201305,26,201305,26,442507,IOWA,Flash Flood,POWESHIEK,0,0,0,0,25.00K,0.00K,41.79,-92.56,41.81,-92.5615
201305,26,201305,26,442508,IOWA,Flash Flood,POWESHIEK,0,0,0,0,25.00K,0.00K,41.7588,-92.5797,41.7579,-92.6173
201305,26,201305,27,442535,IOWA,Flood,POWESHIEK,0,0,0,0,250.00K,0.00K,41.56,-92.62,41.6864,-92.5777
201305,26,201305,27,442536,IOWA,Flood,JASPER,0,0,0,0,250.00K,0.00K,41.696,-92.888,41.7652,-93.048
201305,26,201305,27,442537,IOWA,Flood,MAHASKA,0,0,0,0,150.00K,0.00K,41.5086,-92.6674,41.5084,-92.6422
201305,27,201305,27,442540,IOWA,Flash Flood,GUTHRIE,0,0,0,0,10.00K,0.00K,41.85,-94.56,41.8629,-94.559
201304,19,201304,22,444320,IOWA,Flood,DES MOINES,0,0,0,0,0.00K,0.00K,40.81,-91.43,40.66,-91.11
201304,19,201304,22,444321,IOWA,Flood,LEE,0,0,0,0,0.00K,0.00K,40.81,-91.43,40.66,-91.11
201304,18,201304,18,444322,IOWA,Flood,VAN BUREN,0,0,0,0,0.00K,0.00K,40.95,-92.2,40.8,-92.2
201304,18,201304,19,444323,IOWA,Flood,LEE,0,0,0,0,0.00K,0.00K,40.61,-91.81,40.31,-91.47
201304,19,201304,26,444325,IOWA,Flood,MUSCATINE,0,0,0,0,0.00K,0.00K,41.54,-91.1,40.32,-91.56
201304,19,201304,27,444326,IOWA,Flood,LOUISA,0,0,0,0,0.00K,0.00K,41.54,-91.1,40.32,-91.56
201304,19,201304,29,444327,IOWA,Flood,DES MOINES,0,0,0,0,0.00K,0.00K,41.54,-91.1,40.32,-91.56
201304,18,201304,29,444328,IOWA,Flood,LEE,0,0,0,0,0.00K,0.00K,41.54,-91.1,40.32,-91.56
201304,17,201304,18,446762,IOWA,Flash Flood,CEDAR,0,0,0,0,250.00K,0.00K,41.9474,-91.3656,41.5984,-91.3664
201304,17,201304,18,446766,IOWA,Flash Flood,JONES,0,0,0,0,250.00K,0.00K,42.2963,-91.3634,41.9474,-91.3656
201304,17,201304,17,446771,IOWA,Flash Flood,VAN BUREN,0,0,0,0,250.00K,0.00K,40.8995,-92.179,40.6004,-92.1798
201304,17,201304,18,446775,IOWA,Flash Flood,LINN,0,0,0,0,250.00K,0.00K,42.299,-91.8309,41.8618,-91.8313
201305,27,201305,28,454393,IOWA,Flood,BUTLER,0,0,0,0,250.00K,0.00K,42.5589,-92.5583,42.5886,-92.7608
201305,28,201305,31,454394,IOWA,Flood,BLACK HAWK,0,0,0,0,500.00K,0.00K,42.5485,-92.5152,42.5672,-92.4651
201305,29,201305,29,454395,IOWA,Flood,LUCAS,0,0,0,0,50.00K,0.00K,40.9691,-93.2575,40.9009,-93.2108
201305,27,201305,31,454396,IOWA,Flood,BLACK HAWK,0,0,0,0,250.00K,0.00K,42.5485,-92.5152,42.5672,-92.4651
201305,21,201305,23,454398,IOWA,Flood,BREMER,0,0,0,0,250.00K,0.00K,42.6793,-92.4384,42.6801,-92.4079
201305,21,201305,26,454400,IOWA,Flood,BLACK HAWK,0,0,0,0,250.00K,0.00K,42.5485,-92.5152,42.5672,-92.4651
201305,22,201305,24,454401,IOWA,Flood,BLACK HAWK,0,0,0,0,500.00K,0.00K,42.5485,-92.5152,42.5672,-92.4651
201305,29,201305,30,449286,IOWA,Flash Flood,FLOYD,0,0,0,0,0.00K,0.00K,43.0832,-92.6994,43.0457,-92.6999
201305,28,201305,29,443028,IOWA,Flash Flood,APPANOOSE,0,0,0,0,25.00K,0.00K,40.6805,-93.0886,40.6804,-93.0667
201305,26,201305,26,442388,IOWA,Flash Flood,POWESHIEK,0,0,0,0,150.00K,0.00K,41.73,-92.65,41.7319,-92.6496
201305,30,201305,30,451756,IOWA,Flood,ALLAMAKEE,0,0,0,0,0.00K,0.00K,43.422,-91.5073,43.4266,-91.5194
201305,28,201305,28,443029,IOWA,Flash Flood,LUCAS,0,0,0,0,50.00K,0.00K,40.93,-93.29,40.9308,-93.2805
201305,26,201305,26,442386,IOWA,Flash Flood,POWESHIEK,0,0,0,0,100.00K,0.00K,41.7645,-92.714,41.7273,-92.715
201305,30,201305,31,451757,IOWA,Flood,CLAYTON,0,0,0,0,0.00K,0.00K,42.845,-91.4043,42.8445,-91.4052
201305,29,201305,30,449236,IOWA,Flash Flood,CHICKASAW,0,0,0,0,20.00K,0.00K,43.2051,-92.0841,43.2039,-92.3483
201305,29,201305,31,451758,IOWA,Flood,CLAYTON,0,0,0,0,0.00K,0.00K,42.7386,-91.2686,42.7377,-91.269
201305,28,201305,28,454611,IOWA,Flash Flood,KEOKUK,0,0,0,0,0.00K,0.00K,41.33,-92.21,41.3225,-92.2
201305,28,201305,29,453770,IOWA,Flood,CLINTON,0,0,0,0,0.00K,0.00K,41.7791,-90.6049,41.7812,-90.4244
201305,28,201305,29,453777,IOWA,Flood,SCOTT,0,0,0,0,0.00K,0.00K,41.7714,-90.6152,41.7721,-90.5452
201305,29,201305,31,453828,IOWA,Flood,WASHINGTON,0,0,0,0,0.00K,0.00K,41.218,-91.8196,41.2025,-91.775
201305,30,201305,31,453786,IOWA,Flood,LINN,0,0,0,0,0.00K,0.00K,42.0334,-91.7029,41.9723,-91.5834
201305,30,201305,31,453783,IOWA,Flood,LEE,0,0,0,0,0.00K,0.00K,40.4973,-91.4447,40.4941,-91.3376
201305,30,201305,31,453832,IOWA,Flood,DES MOINES,0,0,0,0,0.00K,0.00K,40.7827,-91.3074,40.7691,-91.2686
201305,27,201305,29,453820,IOWA,Flood,WASHINGTON,0,0,0,0,0.00K,0.00K,41.479,-91.7293,41.4761,-91.6928
201305,30,201305,31,453833,IOWA,Flood,LEE,0,0,0,0,0.00K,0.00K,40.7822,-91.3081,40.7642,-91.2641
201305,28,201305,31,453825,IOWA,Flood,KEOKUK,0,0,0,0,0.00K,0.00K,41.2531,-92.2501,41.2523,-92.1653
201305,28,201305,28,443035,IOWA,Flood,DALLAS,0,0,0,0,200.00K,0.00K,41.64,-94.03,41.6415,-94.0193
201305,27,201305,27,442544,IOWA,Flash Flood,BUTLER,0,0,0,0,250.00K,0.00K,42.567,-92.6278,42.566,-92.6521
201305,26,201305,27,442538,IOWA,Flood,BUTLER,0,0,1,0,500.00K,0.00K,42.57,-92.8,42.5933,-92.7971
201305,28,201305,28,443030,IOWA,Flash Flood,LUCAS,0,0,0,0,50.00K,0.00K,41.0651,-93.2944,41.0599,-93.2893
201305,26,201305,26,442466,IOWA,Flash Flood,FRANKLIN,0,0,0,0,5.00K,0.00K,42.63,-93.24,42.6295,-93.2565
201305,28,201305,28,443012,IOWA,Flash Flood,WAPELLO,0,0,0,0,200.00K,0.00K,41.03,-92.43,41.0333,-92.4234
201305,28,201305,29,443037,IOWA,Flood,LUCAS,0,0,0,0,200.00K,0.00K,40.969,-93.29,40.9705,-93.2916
201305,26,201305,26,442467,IOWA,Flash Flood,FRANKLIN,0,0,0,0,25.00K,0.00K,42.777,-93.3236,42.7628,-93.3259
201305,29,201305,29,448902,IOWA,Flash Flood,WINNESHIEK,0,0,0,0,20.00K,0.00K,43.1257,-91.9609,43.1749,-91.8593
201305,30,201305,31,446635,IOWA,Flood,FREMONT,0,0,0,0,0.00K,0.00K,40.785,-95.8592,40.7332,-95.8914
201305,27,201305,28,445959,IOWA,Flash Flood,MONTGOMERY,0,0,0,0,0.00K,0.00K,41.0203,-95.235,41.0069,-95.2391
201305,26,201305,30,454108,IOWA,Flood,WOODBURY,0,0,0,0,50.00K,0.00K,42.5736,-95.7474,42.48,-95.8196
201305,26,201305,29,454163,IOWA,Flood,SIOUX,0,0,0,0,0.00K,0.00K,43.2614,-96.3843,42.9064,-96.523
201305,29,201305,29,444831,IOWA,Flash Flood,FREMONT,0,0,0,0,0.00K,0.00K,40.72,-95.48,40.72,-95.4798
201305,28,201305,29,446645,IOWA,Flood,MONONA,0,0,0,0,0.00K,0.00K,42.0227,-95.9522,42.0114,-95.9616
201305,29,201305,29,444832,IOWA,Flash Flood,MONTGOMERY,0,0,0,0,0.00K,0.00K,41.01,-95.22,41.0093,-95.218
201305,27,201305,27,452813,IOWA,Flash Flood,SIOUX,0,0,0,0,50.00K,0.00K,42.91,-96.35,42.91,-95.88
201305,26,201305,26,442468,IOWA,Flash Flood,FRANKLIN,0,0,0,0,20.00K,0.00K,42.68,-93.34,42.6735,-93.3372
201305,31,201305,31,453728,IOWA,Flood,JONES,0,0,0,0,0.00K,0.00K,42.0956,-91.2944,42.0776,-91.267
201305,31,201305,31,453781,IOWA,Flood,DES MOINES,0,0,0,0,0.00K,0.00K,41.0466,-91.0272,41.0278,-90.9119
201305,19,201305,20,447119,IOWA,Flash Flood,FLOYD,0,0,0,0,0.00K,0.00K,43.151,-93.023,43.1369,-93.0232
201305,28,201305,28,443018,IOWA,Flash Flood,MONROE,0,0,0,0,100.00K,0.00K,41.13,-93.0,41.1295,-92.9158
201306,25,201306,25,448092,IOWA,Flood,BUTLER,0,0,0,0,1.00M,250.00K,42.5577,-92.7706,42.5567,-92.886
201306,12,201306,13,446009,IOWA,Flash Flood,CERRO GORDO,0,0,0,0,100.00K,0.00K,43.1702,-93.2025,43.251,-93.1874
201306,13,201306,13,446010,IOWA,Flood,WORTH,0,0,0,0,250.00K,0.00K,43.4368,-93.4792,43.4979,-93.4798
201306,13,201306,13,446011,IOWA,Flood,WORTH,0,0,0,0,100.00K,0.00K,43.32,-93.21,43.299,-93.2078
201306,12,201306,12,460900,IOWA,Flash Flood,CERRO GORDO,0,0,0,0,0.00K,5.00K,43.2441,-93.1,43.2392,-93.1006
201306,12,201306,13,460907,IOWA,Flash Flood,WORTH,0,0,0,0,100.00K,0.00K,43.2976,-93.2629,43.2578,-93.2434
201310,4,201310,4,476114,IOWA,Flash Flood,FLOYD,0,0,0,0,0.00K,0.00K,43.13,-92.74,43.1287,-92.7341
201310,4,201310,4,476601,IOWA,Flash Flood,FLOYD,0,0,0,0,0.00K,0.00K,43.0596,-92.6683,43.0595,-92.7244
201310,4,201310,4,476602,IOWA,Flash Flood,WINNESHIEK,0,0,0,0,0.00K,0.00K,43.5,-92.07,43.4949,-92.064
201307,13,201307,13,452601,IOWA,Flash Flood,WORTH,0,0,0,0,250.00K,0.00K,43.2715,-93.4116,43.2565,-93.3989
201307,13,201307,13,452613,IOWA,Flash Flood,WORTH,0,0,0,0,150.00K,0.00K,43.328,-93.3832,43.3279,-93.3737
201307,13,201307,14,452615,IOWA,Flood,WINNEBAGO,0,0,0,0,25.00K,0.00K,43.37,-93.6,43.3742,-93.5985
201306,16,201306,17,455901,IOWA,Flood,WARREN,0,0,0,0,10.00K,0.00K,41.4286,-93.79,41.4103,-93.7903
201304,19,201304,24,444324,IOWA,Flood,SCOTT,0,0,0,0,0.00K,0.00K,41.54,-91.1,40.32,-91.56
201306,1,201306,4,455881,IOWA,Flood,DALLAS,0,0,0,0,0.00K,0.00K,41.84,-94.2694,41.637,-94.0842
201305,26,201305,26,452318,IOWA,Flash Flood,KEOKUK,0,0,0,0,0.00K,0.00K,41.41,-92.28,41.4112,-92.1783
201305,31,201305,31,450126,IOWA,Flash Flood,MITCHELL,0,0,0,0,0.00K,0.00K,43.4285,-93.0239,43.4006,-93.0236
201306,13,201306,13,457918,IOWA,Flood,FLOYD,0,0,0,0,0.00K,0.00K,43.0691,-92.6844,43.0673,-92.6853
201306,25,201306,26,455905,IOWA,Flood,BUTLER,0,0,0,0,500.00K,0.00K,42.5589,-92.5583,42.5886,-92.7608
201305,29,201305,29,443135,IOWA,Flash Flood,MARSHALL,0,0,0,0,200.00K,0.00K,42.0052,-92.9488,42.0697,-92.9677
201305,29,201305,29,443161,IOWA,Flash Flood,STORY,0,0,0,0,250.00K,0.00K,41.91,-93.43,41.8977,-93.3762
201305,26,201305,26,452591,IOWA,Flash Flood,SIOUX,0,0,0,0,0.00K,0.00K,42.95,-95.92,43.07,-95.95
201305,27,201305,27,452816,IOWA,Flash Flood,CHEROKEE,0,0,0,0,0.50M,0.00K,42.66,-95.39,42.9,-95.39
201306,24,201306,24,461900,IOWA,Flash Flood,CLINTON,0,0,0,0,0.00K,0.00K,41.83,-90.84,41.8265,-90.8394
201305,27,201305,31,453788,IOWA,Flood,IOWA,0,0,0,0,0.00K,0.00K,41.8184,-92.0895,41.8097,-92.0519
201305,26,201305,29,454167,IOWA,Flood,SIOUX,0,0,0,0,50.00K,0.00K,43.1424,-95.88,42.9011,-96.05
201305,26,201305,31,454392,IOWA,Flood,MARSHALL,0,0,0,0,250.00K,0.00K,42.1086,-93.0539,42.1365,-93.0038
201409,1,201409,1,544398,IOWA,Flood,HARRISON,0,0,0,0,5.00K,10.00K,41.6816,-95.7568,41.6757,-95.7438
201409,1,201409,1,544399,IOWA,Flood,POTTAWATTAMIE,0,0,0,0,5.00K,10.00K,41.4183,-95.3534,41.4181,-95.3605
201409,10,201409,10,544494,IOWA,Flood,MONTGOMERY,0,0,0,0,5.00K,10.00K,41.068,-95.2322,41.0618,-95.2027
201409,10,201409,10,544491,IOWA,Flood,FREMONT,0,0,0,0,0.00K,0.00K,40.8964,-95.5752,40.8977,-95.5848
201409,10,201409,11,544495,IOWA,Flood,FREMONT,0,0,0,0,5.00K,10.00K,40.6489,-95.6353,40.6457,-95.6226
201409,10,201409,11,544496,IOWA,Flood,PAGE,0,0,0,0,5.00K,10.00K,40.78,-95.0043,40.779,-94.9796
201410,1,201410,1,544548,IOWA,Flood,FREMONT,0,0,0,0,0.00K,10.00K,40.7322,-95.8832,40.7754,-95.8317
201410,1,201410,2,544549,IOWA,Flood,FREMONT,0,0,0,0,5.00K,10.00K,40.7077,-95.5903,40.6869,-95.5955
201410,2,201410,2,544551,IOWA,Flood,MONTGOMERY,0,0,0,0,5.00K,10.00K,40.6989,-95.5699,40.6753,-95.5941
201410,1,201410,2,544552,IOWA,Flood,MONTGOMERY,0,0,0,0,5.00K,10.00K,40.585,-95.6326,40.628,-95.6175
201405,18,201405,22,516609,IOWA,Flood,CLAYTON,0,0,0,0,0.00K,0.00K,42.8205,-91.104,42.8264,-91.0825
201406,30,201406,30,526652,IOWA,Flash Flood,CLAYTON,0,0,0,0,0.00K,0.00K,42.7687,-91.0942,42.7967,-91.101
201406,30,201406,30,526654,IOWA,Flash Flood,CLAYTON,0,0,0,0,0.00K,0.00K,42.7973,-91.4416,42.7963,-91.4374
201406,18,201406,18,525776,IOWA,Flash Flood,KOSSUTH,0,0,0,0,0.00K,0.00K,42.9965,-94.2288,42.9962,-94.2264
201406,1,201406,1,517569,IOWA,Flash Flood,CHEROKEE,0,0,0,0,0.00K,0.00K,42.83,-95.63,42.67,-95.63
201407,5,201407,5,518462,IOWA,Flood,FREMONT,0,0,0,0,0.00K,0.00K,40.687,-95.5781,40.6847,-95.5767
201406,26,201406,26,525052,IOWA,Flash Flood,SIOUX,0,0,0,0,0.00K,0.00K,43.17,-96.02,43.17,-95.94
201407,5,201407,5,518477,IOWA,Flash Flood,MONTGOMERY,0,0,0,0,0.00K,0.00K,41.022,-95.2369,41.0232,-95.2304
201407,5,201407,5,518478,IOWA,Flash Flood,MONTGOMERY,0,0,0,0,0.00K,0.00K,41.15,-95.161,41.1488,-95.1609
201406,17,201406,26,524207,IOWA,Flood,WOODBURY,0,0,0,0,1.00M,0.00K,42.5736,-95.7474,42.2153,-96.0123
201406,15,201406,21,523787,IOWA,Flood,LYON,0,0,0,0,2.00M,1.00M,43.5024,-96.18,43.2595,-96.2581
201406,17,201406,20,524213,IOWA,Flood,SIOUX,0,0,0,0,0.00K,0.00K,43.1424,-95.88,42.9011,-96.05
201406,15,201406,19,524221,IOWA,Flood,IDA,0,0,0,0,500.00K,0.00K,42.5205,-95.4478,42.3677,-95.487
201406,16,201406,17,524235,IOWA,Flood,PLYMOUTH,0,0,0,0,0.00K,0.00K,42.6814,-96.381,42.5961,-96.3989
201406,15,201406,23,524580,IOWA,Flood,WOODBURY,0,0,0,0,0.00K,0.00K,42.5205,-96.0978,42.4463,-96.1276
201406,19,201406,19,514030,IOWA,Flash Flood,STORY,0,0,0,0,25.00K,0.00K,42.0106,-93.5887,42.0086,-93.5877
201406,19,201406,19,514031,IOWA,Flash Flood,PALO ALTO,0,0,0,0,50.00K,0.00K,43.2026,-94.6999,43.2028,-94.6976
201407,1,201407,4,534023,IOWA,Flood,MUSCATINE,0,0,0,0,0.00K,0.00K,41.3941,-91.3197,41.3418,-91.3513
201406,7,201406,7,510907,IOWA,Flash Flood,DAVIS,0,0,0,0,25.00K,0.00K,40.7311,-92.5869,40.7246,-92.5883
201406,7,201406,7,510908,IOWA,Flash Flood,DAVIS,0,0,0,0,25.00K,0.00K,40.7063,-92.5787,40.7074,-92.5762
201406,7,201406,7,510909,IOWA,Flash Flood,ADAMS,0,0,0,0,150.00K,0.00K,41.0022,-94.853,41.139,-94.8393
201406,7,201406,7,510910,IOWA,Flash Flood,DAVIS,0,0,0,0,50.00K,0.00K,40.6611,-92.624,40.6582,-92.6241
201407,1,201407,11,533962,IOWA,Flood,MUSCATINE,0,0,0,0,0.00K,0.00K,41.4582,-90.9503,41.4603,-90.9709
201407,1,201407,7,533988,IOWA,Flood,JOHNSON,0,0,0,0,0.00K,0.00K,41.4955,-91.5008,41.4945,-91.5244
201407,1,201407,7,533989,IOWA,Flood,WASHINGTON,0,0,0,0,0.00K,0.00K,41.4687,-91.4965,41.4929,-91.4986
201407,1,201407,7,533993,IOWA,Flood,LOUISA,0,0,0,0,0.00K,0.00K,41.2949,-91.3808,41.2567,-91.328
201407,2,201407,5,533940,IOWA,Flood,CLINTON,0,0,0,0,0.00K,0.00K,41.7596,-90.3303,41.7468,-90.2747
201407,2,201407,7,533943,IOWA,Flood,SCOTT,0,0,0,0,0.00K,0.00K,41.6218,-90.3818,41.6073,-90.3406
201406,19,201406,19,514016,IOWA,Flash Flood,HANCOCK,0,0,0,0,25.00K,0.00K,42.9085,-93.6559,42.9085,-93.4987
201407,1,201407,10,533401,IOWA,Flood,CLAYTON,0,0,0,0,0.00K,0.00K,43.0296,-91.1737,43.0298,-91.1719
201407,1,201407,9,533999,IOWA,Flood,LOUISA,0,0,0,0,0.00K,0.00K,41.1996,-91.1968,41.2025,-91.1673
201407,1,201407,2,534008,IOWA,Flood,JACKSON,0,0,0,0,0.00K,0.00K,42.0807,-90.7093,42.0947,-90.6338
201407,1,201407,5,534016,IOWA,Flood,KEOKUK,0,0,0,0,0.00K,0.00K,41.315,-92.2299,41.3152,-92.1892
201407,1,201407,4,534019,IOWA,Flood,LINN,0,0,0,0,0.00K,0.00K,42.0331,-91.7056,41.9708,-91.5614
201406,19,201406,19,514019,IOWA,Flash Flood,FRANKLIN,0,0,0,0,25.00M,50.00K,42.9085,-93.4986,42.9076,-93.0252
201406,19,201406,19,514020,IOWA,Flash Flood,PALO ALTO,0,0,0,0,5.00K,5.00K,43.1,-94.84,43.101,-94.8333
201406,30,201406,30,516319,IOWA,Flash Flood,POLK,0,0,0,0,2.00K,0.00K,41.7233,-93.5824,41.7213,-93.5838
201406,19,201406,19,521511,IOWA,Flash Flood,WINNESHIEK,0,0,0,0,10.00K,0.00K,43.1526,-91.7575,43.1519,-91.7739
201407,12,201407,12,519079,IOWA,Flash Flood,CRAWFORD,0,0,0,0,0.00K,0.00K,42.0127,-95.3483,42.0121,-95.3488
201406,30,201406,30,516320,IOWA,Flash Flood,POLK,0,0,0,0,25.00K,0.00K,41.6887,-93.8066,41.6888,-93.7893
201406,30,201406,30,516321,IOWA,Flash Flood,GRUNDY,0,0,0,0,100.00K,0.00K,42.2113,-92.7885,42.3566,-92.8029
201406,30,201406,30,516322,IOWA,Flash Flood,MARSHALL,0,0,0,0,50.00K,0.00K,42.0483,-92.7699,41.9825,-92.8118
201406,19,201406,19,514023,IOWA,Flash Flood,PALO ALTO,0,0,0,0,5.00K,5.00K,43.1385,-94.9176,43.1271,-94.915
201407,1,201407,13,533402,IOWA,Flood,CLAYTON,0,0,0,0,0.00K,0.00K,42.8205,-91.104,42.8264,-91.0825
201407,1,201407,1,533220,IOWA,Flood,CLAYTON,0,0,0,0,0.00K,0.00K,42.845,-91.4043,42.8445,-91.4052
201407,12,201407,12,519080,IOWA,Flash Flood,CRAWFORD,0,0,0,0,50.00K,0.00K,42.0132,-95.3646,42.012,-95.364
201407,12,201407,12,519082,IOWA,Flash Flood,CRAWFORD,0,0,0,0,50.00K,0.00K,42.0207,-95.3618,42.0204,-95.3606
201406,19,201406,19,514025,IOWA,Flash Flood,PALO ALTO,0,0,0,0,5.00K,0.00K,43.1526,-94.681,43.1528,-94.677
201407,12,201407,12,519081,IOWA,Flash Flood,CRAWFORD,0,0,0,0,25.00K,0.00K,42.0185,-95.3109,42.0242,-95.2861
201406,19,201406,19,514027,IOWA,Flash Flood,PALO ALTO,0,0,0,0,0.00K,0.00K,43.2423,-94.6804,43.2425,-94.6709
201406,19,201406,19,514028,IOWA,Flash Flood,EMMET,0,0,0,0,500.00K,5.00K,43.3394,-94.8096,43.3354,-94.7973
201409,1,201409,2,543862,IOWA,Flood,POLK,0,0,0,0,100.00K,0.00K,41.57,-93.61,41.59,-93.62
201409,9,201409,10,533307,IOWA,Flash Flood,WARREN,0,0,0,0,100.00K,500.00K,41.5,-93.68,41.502,-93.6659
201409,9,201409,10,533308,IOWA,Flash Flood,UNION,0,0,0,0,200.00K,50.00K,40.94,-94.38,40.9037,-94.3794
201409,9,201409,10,533309,IOWA,Flash Flood,CLARKE,0,0,0,0,150.00K,50.00K,41.02,-93.76,41.0473,-93.779
201409,10,201409,10,533310,IOWA,Flash Flood,WARREN,0,0,0,0,50.00K,50.00K,41.43,-93.56,41.4494,-93.5662
201409,10,201409,10,533311,IOWA,Flash Flood,WARREN,0,0,0,0,50.00K,50.00K,41.45,-93.68,41.461,-93.6921
201409,10,201409,10,533312,IOWA,Flash Flood,CLARKE,0,0,0,0,100.00K,25.00K,41.1446,-94.0086,41.1407,-93.5783
201409,10,201409,10,533354,IOWA,Flood,MADISON,0,0,0,0,50.00K,25.00K,41.2,-94.02,41.2018,-94.0303
201409,10,201409,10,533355,IOWA,Flood,MADISON,0,0,0,0,25.00K,15.00K,41.29,-94.06,41.3076,-94.066
201409,10,201409,10,533313,IOWA,Flash Flood,MARION,0,0,0,0,25.00K,25.00K,41.4192,-93.0171,41.4372,-93.0999
201409,10,201409,10,533314,IOWA,Flash Flood,MAHASKA,0,0,0,0,25.00K,25.00K,41.29,-92.7,41.3023,-92.6688
201409,10,201409,10,533315,IOWA,Flash Flood,MONROE,0,0,0,0,50.00K,25.00K,41.0363,-92.8738,41.018,-92.8904
201409,10,201409,10,533352,IOWA,Flood,MADISON,0,0,0,0,250.00K,100.00K,41.38,-94.18,41.3877,-94.17
201409,10,201409,10,533356,IOWA,Flood,UNION,0,0,0,0,200.00K,50.00K,41.1325,-94.451,41.1359,-94.0461
201409,9,201409,10,543272,IOWA,Flash Flood,MADISON,0,0,0,0,10.00K,0.00K,41.4682,-93.791,41.4692,-93.8034
201409,9,201409,10,543273,IOWA,Flash Flood,MADISON,0,0,0,0,50.00K,25.00K,41.2,-94.02,41.2018,-94.0303
201409,9,201409,10,543274,IOWA,Flash Flood,MADISON,0,0,0,0,25.00K,10.00K,41.29,-94.06,41.3076,-94.066
201409,9,201409,10,543283,IOWA,Flash Flood,CASS,0,0,0,0,15.00K,0.00K,41.4,-95.01,41.3794,-95.0287
201409,9,201409,10,543286,IOWA,Flash Flood,WARREN,0,0,0,0,100.00K,25.00K,41.4876,-93.758,41.1807,-93.7614
201409,9,201409,10,543292,IOWA,Flash Flood,MADISON,0,0,0,0,50.00K,25.00K,41.3088,-94.0433,41.2791,-94.0797
201409,9,201409,10,543294,IOWA,Flash Flood,RINGGOLD,0,0,0,0,200.00K,50.00K,40.8826,-94.0856,40.882,-94.274
201409,10,201409,10,543350,IOWA,Flood,CLARKE,0,0,0,0,100.00K,25.00K,41.1446,-94.0086,41.1407,-93.5783
201409,10,201409,10,543353,IOWA,Flood,WARREN,0,0,0,0,100.00K,25.00K,41.4876,-93.758,41.1807,-93.7614
201409,10,201409,10,543354,IOWA,Flood,LUCAS,0,0,0,0,50.00K,15.00K,41.03,-93.47,41.0177,-93.4731
201409,10,201409,10,543356,IOWA,Flash Flood,LUCAS,0,0,0,0,50.00K,25.00K,41.03,-93.47,41.0177,-93.4731
201409,10,201409,10,543846,IOWA,Flood,RINGGOLD,0,0,0,0,100.00K,25.00K,40.8981,-94.4686,40.5873,-94.4599
201409,10,201409,10,543847,IOWA,Flood,MONROE,0,0,0,0,100.00K,25.00K,41.155,-93.093,40.9191,-93.0813
201409,10,201409,11,544493,IOWA,Flood,FREMONT,0,0,0,0,5.00K,10.00K,40.6981,-95.5682,40.6806,-95.59
201408,28,201408,30,544537,IOWA,Flood,PAGE,0,0,0,0,5.00K,10.00K,40.7743,-95.0057,40.7774,-94.9782
201409,10,201409,10,543848,IOWA,Flood,MAHASKA,0,0,0,0,25.00K,25.00K,41.29,-92.7,41.3023,-92.6688
201409,10,201409,10,543857,IOWA,Flood,MARION,0,0,0,0,25.00K,25.00K,41.4192,-93.0171,41.4372,-93.0999
201409,10,201409,10,543858,IOWA,Flash Flood,DAVIS,0,0,0,0,25.00K,25.00K,40.885,-92.6279,40.5956,-92.6268
201409,10,201409,10,543859,IOWA,Flash Flood,APPANOOSE,0,0,0,0,25.00K,25.00K,40.5953,-92.6404,40.5925,-93.0872
201409,10,201409,10,543940,IOWA,Flood,WARREN,0,0,0,0,50.00K,0.00K,41.38,-93.33,41.48,-93.33
201409,10,201409,11,543941,IOWA,Flood,WARREN,0,0,0,0,100.00K,0.00K,41.39,-93.76,41.35,-93.73
201409,11,201409,12,543942,IOWA,Flood,WARREN,0,0,0,0,100.00K,0.00K,41.43,-93.79,41.38,-93.79
201409,10,201409,11,543943,IOWA,Flood,WAPELLO,0,0,0,0,100.00K,0.00K,40.87,-92.21,40.92,-92.2
201409,10,201409,11,543947,IOWA,Flood,POLK,0,0,0,0,150.00K,0.00K,41.57,-93.61,41.59,-93.62
201408,28,201408,29,544535,IOWA,Flood,FREMONT,0,0,0,0,5.00K,10.00K,40.886,-95.5749,40.8912,-95.5859
201408,28,201408,29,544536,IOWA,Flood,FREMONT,0,0,0,0,5.00K,10.00K,40.7062,-95.59,40.7064,-95.5998
201409,2,201409,2,544400,IOWA,Flood,FREMONT,0,0,0,0,5.00K,10.00K,40.7004,-95.6078,40.6995,-95.5927
201410,2,201410,2,543944,IOWA,Flood,POLK,0,0,0,0,10.00K,0.00K,41.57,-93.61,41.59,-93.62
201410,14,201410,14,543946,IOWA,Flood,WAPELLO,0,0,0,0,100.00K,0.00K,40.87,-92.21,40.92,-92.2
201410,14,201410,14,543945,IOWA,Flood,WAPELLO,0,0,0,0,50.00K,0.00K,41.08,-92.58,41.11,-92.51
201402,20,201402,20,504377,IOWA,Flood,LEE,0,0,0,0,100.00K,0.00K,40.6637,-91.4416,40.5511,-91.4447
201406,14,201406,15,519166,IOWA,Flash Flood,WOODBURY,0,0,0,0,0.00K,0.00K,42.51,-96.4,42.49,-96.4
201406,14,201406,15,519168,IOWA,Flash Flood,WOODBURY,0,0,0,0,0.00K,0.00K,42.41,-96.37,42.39,-96.36
201406,14,201406,15,519171,IOWA,Flash Flood,WOODBURY,0,0,0,0,0.00K,0.00K,42.49,-95.79,42.47,-95.79
201406,14,201406,15,519172,IOWA,Flash Flood,BUENA VISTA,0,0,0,0,100.00K,0.00K,42.67,-95.22,42.64,-95.22
201406,15,201406,15,520038,IOWA,Flood,WOODBURY,0,0,0,0,0.00K,0.00K,42.56,-96.49,42.22,-96.35
201405,4,201405,21,516281,IOWA,Flood,CLAYTON,0,0,0,0,0.00K,0.00K,43.0296,-91.1737,43.0298,-91.1719
201405,6,201405,13,516604,IOWA,Flood,CLAYTON,0,0,0,0,0.00K,0.00K,42.8205,-91.104,42.8264,-91.0825
201406,15,201406,15,520043,IOWA,Flood,O'BRIEN,0,0,0,0,0.00K,0.00K,43.1,-95.86,42.91,-95.86
201406,15,201406,15,520044,IOWA,Flood,CLAY,0,0,0,0,0.00K,0.00K,43.1,-95.39,42.91,-95.39
201406,16,201406,16,520285,IOWA,Flash Flood,PLYMOUTH,0,0,0,0,0.00K,0.00K,42.86,-96.29,42.82,-96.29
201406,16,201406,16,520287,IOWA,Flood,PLYMOUTH,0,0,0,0,0.00K,0.00K,42.81,-96.19,42.77,-96.19
201406,16,201406,18,520499,IOWA,Flood,OSCEOLA,0,0,0,0,50.00K,0.00K,43.5,-95.87,43.26,-95.87
201406,16,201406,18,520500,IOWA,Flood,DICKINSON,0,0,0,0,50.00K,0.00K,43.5,-95.39,43.26,-95.39
201406,16,201406,18,520502,IOWA,Flood,SIOUX,0,0,0,0,50.00K,0.00K,43.26,-96.56,43.13,-96.44
201406,16,201406,18,520503,IOWA,Flood,O'BRIEN,0,0,0,0,50.00K,0.00K,43.26,-95.86,42.91,-95.86
201406,16,201406,18,520505,IOWA,Flood,CLAY,0,0,0,0,50.00K,0.00K,43.26,-95.39,42.91,-95.39
201406,16,201406,18,520508,IOWA,Flood,PLYMOUTH,0,0,0,0,50.00K,0.00K,42.91,-96.54,42.75,-96.65
201406,30,201406,30,515903,IOWA,Flash Flood,MONONA,0,0,0,0,0.00K,0.00K,42.17,-95.79,42.2057,-95.9525
201406,29,201406,30,529464,IOWA,Flash Flood,HARDIN,0,0,0,0,3.00K,0.00K,42.325,-93.1655,42.3245,-93.1655
201406,30,201406,30,530697,IOWA,Flash Flood,MONONA,0,0,0,0,50.00K,0.00K,42.17,-95.79,42.1751,-95.8056
201406,30,201406,30,530698,IOWA,Flash Flood,SHELBY,0,0,0,0,50.00K,0.00K,41.6821,-95.3682,41.6385,-95.4012
201406,30,201406,30,525960,IOWA,Flash Flood,SCOTT,0,0,0,0,0.00K,0.00K,41.56,-90.6,41.5172,-90.6214
201406,30,201406,30,525335,IOWA,Flood,IOWA,0,0,0,0,0.00K,0.00K,41.8628,-92.2983,41.75,-92.2983
201406,19,201406,19,524995,IOWA,Flash Flood,BUCHANAN,0,0,0,0,0.00K,0.00K,42.47,-91.97,42.45,-91.9971
201406,18,201406,25,524184,IOWA,Flood,CLAY,0,0,0,0,500.00K,0.00K,43.25,-95.3588,43.0089,-95.0666
201406,19,201406,19,524994,IOWA,Flash Flood,BUCHANAN,0,0,0,0,0.00K,0.00K,42.64,-91.89,42.6397,-91.9111
201406,19,201406,19,524996,IOWA,Flash Flood,DELAWARE,0,0,0,0,0.00K,0.00K,42.5945,-91.55,42.58,-91.5697
201406,16,201406,30,524185,IOWA,Flood,BUENA VISTA,0,0,0,0,0.00K,0.00K,42.88,-95.25,42.9017,-95.25
201406,30,201406,30,525961,IOWA,Flash Flood,MUSCATINE,0,0,0,0,0.00K,0.00K,41.6,-91.14,41.5965,-91.2054
201406,30,201406,30,525962,IOWA,Flash Flood,DUBUQUE,0,0,0,0,0.00K,0.00K,42.5,-90.6804,42.5145,-90.7
201406,19,201406,19,524991,IOWA,Flash Flood,DUBUQUE,0,0,0,0,0.00K,0.00K,42.5,-90.69,42.5074,-90.7
201406,19,201406,19,524990,IOWA,Flash Flood,DUBUQUE,0,0,0,0,0.00K,0.00K,42.45,-90.76,42.4918,-90.7314
201406,19,201406,19,524992,IOWA,Flash Flood,DUBUQUE,0,0,0,0,0.00K,0.00K,42.58,-90.69,42.5925,-90.7326
201406,29,201406,29,525931,IOWA,Flash Flood,DUBUQUE,0,0,0,0,0.00K,0.00K,42.52,-90.68,42.4919,-90.6967
201406,16,201406,26,523775,IOWA,Flood,PLYMOUTH,0,0,0,0,0.50M,1.00M,42.9168,-96.55,42.7481,-96.6616
201406,16,201406,18,520510,IOWA,Flood,CHEROKEE,0,0,0,0,50.00K,0.00K,42.91,-95.86,42.56,-95.86
201406,16,201406,17,520518,IOWA,Flood,WOODBURY,0,0,0,0,0.00K,0.00K,42.56,-96.49,42.22,-96.35
201406,16,201406,17,520519,IOWA,Flood,IDA,0,0,0,0,0.00K,0.00K,42.56,-95.74,42.48,-95.74
201406,16,201406,18,520498,IOWA,Flood,LYON,0,0,0,0,50.00K,0.00K,43.5,-96.59,43.26,-96.56
201406,19,201406,19,524993,IOWA,Flash Flood,BUCHANAN,0,0,0,0,0.00K,0.00K,42.31,-92.0,42.32,-91.9865
201406,23,201406,25,525287,IOWA,Flood,LINN,0,0,0,0,0.00K,0.00K,42.12,-91.73,42.0,-91.83
201406,30,201406,30,525947,IOWA,Flash Flood,LINN,0,0,0,0,0.00K,0.00K,41.97,-91.67,41.9691,-91.6328
201405,11,201405,11,505878,IOWA,Flash Flood,CLARKE,0,0,0,0,25.00K,0.00K,41.02,-93.76,41.0081,-93.7607
201406,17,201406,30,524197,IOWA,Flood,CHEROKEE,0,0,0,0,1.00M,0.00K,42.9254,-95.3475,42.9109,-95.4741
201406,17,201406,23,524208,IOWA,Flood,CLAY,0,0,0,0,0.00K,0.00K,43.17,-95.33,43.1411,-95.33
201406,16,201406,26,524180,IOWA,Flood,DICKINSON,0,0,0,0,0.00K,0.00K,43.437,-95.211,43.2432,-95.15
201406,30,201406,30,525963,IOWA,Flash Flood,LOUISA,0,0,0,0,0.00K,0.00K,41.2802,-91.3636,41.2598,-91.3636
201406,30,201406,30,525964,IOWA,Flash Flood,LOUISA,0,0,0,0,0.00K,0.00K,41.18,-91.1808,41.1945,-91.2
201406,30,201406,30,525965,IOWA,Flash Flood,LOUISA,0,0,0,0,0.00K,0.00K,41.28,-91.1807,41.2945,-91.2
201406,19,201406,19,524997,IOWA,Flash Flood,BUCHANAN,0,0,0,0,0.00K,0.00K,42.47,-91.9,42.4552,-91.88
201406,19,201406,19,524998,IOWA,Flash Flood,BUCHANAN,0,0,0,0,0.00K,0.00K,42.6,-91.6597,42.5782,-91.63
201406,19,201406,19,524999,IOWA,Flash Flood,BENTON,0,0,0,0,0.00K,0.00K,42.64,-91.38,42.7036,-91.3843
201406,18,201406,18,513995,IOWA,Flash Flood,KOSSUTH,0,0,0,0,0.00K,0.00K,43.0427,-94.2251,43.0421,-94.2293
201406,30,201406,30,525950,IOWA,Flash Flood,WASHINGTON,0,0,0,0,0.00K,0.00K,41.48,-91.7007,41.4945,-91.72
201406,30,201406,30,525951,IOWA,Flash Flood,JOHNSON,0,0,0,0,0.00K,0.00K,41.6598,-91.5363,41.6802,-91.5363
201406,30,201406,30,525966,IOWA,Flash Flood,KEOKUK,0,0,0,0,0.00K,0.00K,41.45,-92.4,41.43,-92.4266
201406,29,201406,29,525941,IOWA,Flash Flood,CEDAR,0,0,0,0,0.00K,0.00K,41.6845,-91.35,41.67,-91.3694
201405,20,201405,20,507559,IOWA,Flash Flood,STORY,0,0,0,0,10.00K,0.00K,41.8897,-93.366,41.8894,-93.3447
201406,30,201406,30,515905,IOWA,Flash Flood,SHELBY,0,0,0,0,0.00K,0.00K,41.6788,-95.3576,41.6863,-95.2515
201406,30,201406,30,525953,IOWA,Flash Flood,IOWA,0,0,0,0,0.00K,0.00K,41.58,-92.0194,41.5655,-92.0
201406,30,201406,30,525943,IOWA,Flash Flood,JONES,0,0,0,0,0.00K,0.00K,42.18,-91.22,42.2081,-91.2035
201406,30,201406,30,525945,IOWA,Flash Flood,JACKSON,0,0,0,0,0.00K,0.00K,42.0698,-90.8838,42.0698,-90.8562
201406,15,201406,15,520015,IOWA,Flood,LYON,0,0,0,0,0.00K,0.00K,43.5,-96.59,43.26,-96.56
201406,15,201406,15,520042,IOWA,Flood,BUENA VISTA,0,0,0,0,0.00K,0.00K,42.91,-95.39,42.56,-95.39
201406,15,201406,15,520039,IOWA,Flood,IDA,0,0,0,0,0.00K,0.00K,42.56,-95.74,42.48,-95.74
201406,15,201406,15,520040,IOWA,Flood,PLYMOUTH,0,0,0,0,0.00K,0.00K,42.91,-96.54,42.75,-96.65
201406,30,201406,30,525954,IOWA,Flash Flood,SCOTT,0,0,0,0,0.00K,0.00K,41.69,-90.54,41.6914,-90.5141
201406,23,201406,25,525291,IOWA,Flood,CEDAR,0,0,0,0,0.00K,0.00K,42.12,-91.73,42.0,-91.83
201406,23,201406,25,525289,IOWA,Flood,JOHNSON,0,0,0,0,0.00K,0.00K,42.12,-91.73,42.0,-91.83
201406,30,201406,30,525949,IOWA,Flash Flood,SCOTT,0,0,0,0,0.00K,0.00K,41.56,-90.6,41.499,-90.5972
201406,29,201406,29,525934,IOWA,Flash Flood,JONES,0,0,0,0,0.00K,0.00K,42.0,-91.14,41.9926,-91.13
201405,20,201405,20,507560,IOWA,Flash Flood,STORY,0,0,0,0,25.00K,0.00K,41.91,-93.43,41.9284,-93.3883
201406,15,201406,15,520041,IOWA,Flood,CHEROKEE,0,0,0,0,0.00K,0.00K,42.91,-95.86,42.56,-95.86
201406,19,201406,19,525000,IOWA,Flash Flood,BENTON,0,0,0,0,0.00K,0.00K,42.64,-91.42,42.6818,-91.3913
201406,19,201406,19,525001,IOWA,Flash Flood,DES MOINES,0,0,0,0,0.00K,0.00K,40.81,-91.12,40.8382,-91.1038
201406,19,201406,19,525002,IOWA,Flood,DES MOINES,0,0,0,0,0.00K,0.00K,40.81,-91.12,40.8498,-91.1192
201406,29,201406,29,525933,IOWA,Flash Flood,BENTON,0,0,0,0,0.00K,0.00K,42.22,-91.88,42.2126,-91.87
201406,29,201406,29,525937,IOWA,Flash Flood,LINN,0,0,0,0,0.00K,0.00K,41.97,-91.61,42.0299,-91.6098
201406,30,201406,30,525956,IOWA,Flash Flood,WASHINGTON,0,0,0,0,0.00K,0.00K,41.47,-91.8493,41.4555,-91.83
201406,26,201406,30,525262,IOWA,Flood,CLINTON,0,0,0,0,0.00K,0.00K,41.95,-90.9,41.73,-90.9
201406,30,201406,30,525957,IOWA,Flash Flood,JOHNSON,0,0,0,0,0.00K,0.00K,41.62,-91.48,41.6833,-91.55
201406,30,201406,30,525330,IOWA,Flood,SCOTT,0,0,0,0,0.00K,0.00K,41.47,-90.79,41.4,-90.79
201406,29,201406,29,525935,IOWA,Flash Flood,LINN,0,0,0,0,0.00K,0.00K,41.9345,-91.42,41.92,-91.4395
201406,29,201406,29,525938,IOWA,Flash Flood,LINN,0,0,0,0,0.00K,0.00K,41.97,-91.67,41.9691,-91.6328
201406,29,201406,29,525940,IOWA,Flash Flood,CEDAR,0,0,0,0,0.00K,0.00K,41.86,-90.92,41.8588,-90.9418
201406,5,201406,5,519027,IOWA,Flash Flood,DICKINSON,0,0,0,0,0.00K,0.00K,43.425,-95.116,43.415,-95.116
201406,26,201406,30,525266,IOWA,Flood,SCOTT,0,0,0,0,0.00K,0.00K,41.95,-90.9,41.73,-90.9
201406,30,201406,30,525942,IOWA,Flash Flood,JONES,0,0,0,0,0.00K,0.00K,42.0145,-91.25,42.0,-91.2695
201406,30,201406,30,525958,IOWA,Flash Flood,SCOTT,0,0,0,0,0.00K,0.00K,41.57,-90.61,41.5124,-90.6366
201406,16,201406,16,524908,IOWA,Flash Flood,BUCHANAN,0,0,0,0,0.00K,0.00K,42.47,-91.9192,42.4411,-91.88
201406,19,201406,19,525252,IOWA,Flash Flood,WINNESHIEK,0,0,0,0,5.00K,0.00K,43.2542,-92.0795,43.0847,-92.0787
201406,30,201406,30,525333,IOWA,Flood,MUSCATINE,0,0,0,0,0.00K,0.00K,41.47,-91.1,41.33,-91.1
201406,30,201406,30,526664,IOWA,Flash Flood,FAYETTE,0,0,0,0,0.00K,0.00K,42.8555,-91.9865,42.8556,-91.981
201406,29,201406,30,516162,IOWA,Flash Flood,HARDIN,0,0,0,0,5.00K,0.00K,42.54,-93.07,42.5516,-93.0734
201406,16,201406,20,523773,IOWA,Flood,LYON,0,0,0,0,0.00K,0.00K,43.5007,-96.6123,43.2493,-96.5778
201406,15,201406,25,523774,IOWA,Flood,SIOUX,0,0,0,0,0.50M,0.50M,43.2614,-96.3843,42.9064,-96.523
201406,19,201406,22,523778,IOWA,Flood,WOODBURY,0,0,0,0,0.00M,0.00M,42.487,-96.48,42.49,-96.44
201406,19,201406,19,525302,IOWA,Flood,FAYETTE,0,0,0,0,0.00K,0.00K,43.0181,-91.6797,43.0132,-91.6818
201406,19,201406,19,525315,IOWA,Flood,FAYETTE,0,0,0,0,0.00K,0.00K,43.0092,-92.0258,43.0082,-92.0258
201406,19,201406,19,525320,IOWA,Flood,FAYETTE,0,0,0,0,0.00K,0.00K,42.6647,-91.9018,42.6855,-91.8931
201406,30,201406,30,525338,IOWA,Flood,WASHINGTON,0,0,0,0,0.00K,0.00K,41.5108,-91.9465,41.45,-91.9465
201406,26,201406,26,514572,IOWA,Flash Flood,DALLAS,0,0,0,0,5.00K,0.00K,41.6318,-93.835,41.6323,-93.833
201406,19,201406,19,525324,IOWA,Flash Flood,FAYETTE,0,0,0,0,0.00K,0.00K,42.846,-91.9448,42.835,-91.9449
201406,19,201406,19,525323,IOWA,Flash Flood,CLAYTON,0,0,0,0,0.00K,0.00K,43.0811,-91.6033,42.6443,-91.6056
201406,29,201406,30,516163,IOWA,Flash Flood,BLACK HAWK,0,0,0,0,10.00K,0.00K,42.4408,-92.3389,42.4309,-92.3385
201406,19,201406,19,525329,IOWA,Flash Flood,ALLAMAKEE,0,0,0,0,0.00K,0.00K,43.2836,-91.4778,43.2731,-91.4922
201406,19,201406,19,527769,IOWA,Flash Flood,FAYETTE,0,0,0,0,0.00K,0.00K,42.9651,-91.9551,42.9641,-91.9549
201406,3,201406,3,510104,IOWA,Flash Flood,RINGGOLD,0,0,0,0,15.00K,0.00K,40.8157,-94.4716,40.8193,-94.4629
201406,3,201406,4,522350,IOWA,Flood,MILLS,0,0,0,0,1.00K,0.00K,40.9905,-95.832,41.0586,-95.7246
201406,29,201406,30,516165,IOWA,Flash Flood,BLACK HAWK,0,0,0,0,50.00K,0.00K,42.3373,-92.3068,42.3753,-92.3054
201406,4,201406,5,522351,IOWA,Flood,FREMONT,0,0,0,0,2.00K,0.00K,40.8748,-95.5876,40.8746,-95.566
201406,16,201406,20,523794,IOWA,Flood,SIOUX,0,0,0,0,1.00M,0.00K,43.2575,-96.1565,43.0488,-96.4401
201406,18,201406,21,528879,IOWA,Flood,FLOYD,0,0,0,0,0.00K,0.00K,43.0691,-92.6844,43.0673,-92.6853
201406,19,201406,21,528973,IOWA,Flood,CLAYTON,0,0,0,0,0.00K,0.00K,42.845,-91.4043,42.8445,-91.4052
201406,19,201406,21,528980,IOWA,Flood,CLAYTON,0,0,0,0,0.00K,24.80K,42.7386,-91.2686,42.7377,-91.269
201406,19,201406,22,527772,IOWA,Flood,FLOYD,0,0,0,0,5.00K,0.00K,43.2123,-93.0042,42.9225,-93.0231
201406,26,201406,26,514570,IOWA,Flash Flood,DALLAS,0,0,0,0,200.00K,0.00K,41.58,-93.88,41.5812,-93.8735
201406,30,201406,30,527561,IOWA,Flash Flood,LINN,1,0,1,0,0.00K,0.00K,41.9918,-91.6658,41.9897,-91.6687
201406,19,201406,19,525254,IOWA,Flash Flood,ALLAMAKEE,0,0,0,0,5.00K,0.00K,43.2441,-91.6033,43.0945,-91.6006
201406,19,201406,19,525269,IOWA,Flash Flood,CHICKASAW,0,0,0,0,5.00K,0.00K,43.2116,-92.5531,42.9091,-92.5532
201406,17,201406,17,519916,IOWA,Flood,MITCHELL,0,0,0,0,0.00K,0.00K,43.2912,-92.8541,43.2898,-92.8548
201406,4,201406,4,522352,IOWA,Flood,FREMONT,0,0,0,0,2.00K,0.00K,40.6546,-95.6315,40.6486,-95.6144
201406,29,201406,30,516164,IOWA,Flash Flood,GRUNDY,0,0,0,0,50.00K,0.00K,42.32,-92.6,42.4489,-92.6944
201406,19,201406,19,525322,IOWA,Flash Flood,ALLAMAKEE,0,0,0,0,0.00K,0.00K,43.332,-91.582,43.0822,-91.5947
201406,20,201406,22,527773,IOWA,Flood,FAYETTE,0,0,0,0,0.00K,0.00K,43.0779,-92.0724,42.645,-92.0812
201407,12,201407,12,519110,IOWA,Flash Flood,MARION,0,0,0,0,50.00K,0.00K,41.3282,-93.1107,41.3289,-93.109
201406,3,201406,4,522353,IOWA,Flood,PAGE,0,0,0,0,5.00K,0.00K,40.9068,-95.0317,40.9011,-94.9905
201406,18,201406,18,513997,IOWA,Flash Flood,KOSSUTH,0,0,0,0,100.00K,0.00K,43.1582,-94.4289,43.1472,-94.1858
201406,18,201406,18,513998,IOWA,Flash Flood,HUMBOLDT,0,0,0,0,50.00K,0.00K,42.9077,-94.4426,42.9064,-94.1048
201406,1,201406,1,509715,IOWA,Flash Flood,KOSSUTH,0,0,0,0,0.00K,0.00K,43.16,-94.34,43.1621,-94.353
201406,3,201406,3,530694,IOWA,Flash Flood,POTTAWATTAMIE,0,0,0,0,150.00K,0.00K,41.24,-95.86,41.2579,-95.8602
201406,3,201406,3,510136,IOWA,Flash Flood,WAYNE,0,0,0,0,10.00K,0.00K,40.64,-93.52,40.6463,-93.4786
201407,12,201407,12,519112,IOWA,Flash Flood,WARREN,0,0,0,0,300.00K,0.00K,41.2934,-93.4511,41.2808,-93.4489
201406,16,201406,16,512404,IOWA,Flash Flood,FRANKLIN,0,0,0,0,10.00K,0.00K,42.7426,-93.2017,42.7357,-93.183
201406,18,201406,19,521512,IOWA,Flood,HOWARD,0,0,0,0,0.00K,0.00K,43.3852,-92.1006,43.3851,-92.1212
201406,16,201406,16,512409,IOWA,Flash Flood,WEBSTER,0,0,0,0,60.00K,0.00K,42.4803,-94.1707,42.5096,-94.1398
201406,19,201406,19,525237,IOWA,Flash Flood,ALLAMAKEE,0,0,0,0,0.00K,0.00K,43.1431,-91.5669,43.1661,-91.5414
201406,3,201406,3,510294,IOWA,Flash Flood,CASS,0,0,0,0,50.00K,0.00K,41.2292,-95.1214,41.2239,-95.1512
201406,3,201406,3,510295,IOWA,Flash Flood,ADAMS,0,0,0,0,100.00K,0.00K,40.8995,-94.4709,41.0284,-94.4718
201406,3,201406,3,510298,IOWA,Flash Flood,RINGGOLD,0,0,0,0,5.00K,0.00K,40.8109,-94.3273,40.8224,-94.3272
201406,3,201406,3,510301,IOWA,Flash Flood,TAYLOR,0,0,0,0,5.00K,0.00K,40.6506,-94.4715,40.6535,-94.4905
201406,28,201406,30,525299,IOWA,Flood,LOUISA,0,0,0,0,0.00K,0.00K,41.23,-91.17,41.07,-91.0
201406,26,201406,30,525301,IOWA,Flood,DES MOINES,0,0,0,0,0.00K,0.00K,40.69,-91.2,40.69,-91.05
201406,30,201406,30,528988,IOWA,Flood,CLAYTON,0,0,0,0,0.00K,0.00K,42.845,-91.4043,42.8445,-91.4052
201406,23,201406,30,529012,IOWA,Flood,CLAYTON,0,0,0,0,0.00K,0.00K,43.0296,-91.1737,43.0298,-91.1719
201406,27,201406,30,529013,IOWA,Flood,CLAYTON,0,0,0,0,0.00K,0.00K,42.8205,-91.104,42.8264,-91.0825
201406,3,201406,4,510302,IOWA,Flash Flood,DECATUR,0,0,0,0,400.00K,50.00K,40.6391,-93.8038,40.6426,-93.8124
201406,3,201406,4,510311,IOWA,Flash Flood,DECATUR,0,0,0,0,150.00K,0.00K,40.6339,-93.8032,40.7098,-93.7515
201405,11,201405,12,505891,IOWA,Flash Flood,CASS,0,0,0,0,100.00K,0.00K,41.366,-95.1217,41.3674,-94.9859
201406,7,201406,7,510906,IOWA,Flash Flood,ADAMS,0,0,0,0,50.00K,0.00K,41.0475,-94.9186,41.0497,-94.9092
201407,3,201407,14,533964,IOWA,Flood,KEOKUK,0,0,0,0,0.00K,0.00K,40.6891,-91.2167,40.6308,-91.1591
201406,16,201406,18,520513,IOWA,Flood,BUENA VISTA,0,0,0,0,50.00K,0.00K,42.91,-95.39,42.56,-95.39
201406,19,201406,19,528860,IOWA,Flash Flood,WINNESHIEK,0,0,0,0,0.00K,1.50M,43.1574,-91.7489,43.1461,-91.7506
201402,20,201402,23,504342,IOWA,Flood,DES MOINES,0,0,0,0,0.00K,0.00K,40.81,-91.43,40.66,-91.11
201404,18,201404,22,511110,IOWA,Flood,CLAYTON,0,0,0,0,0.00K,0.00K,43.0296,-91.1737,43.0298,-91.1719
201410,1,201410,2,544550,IOWA,Flood,MONTGOMERY,0,0,0,0,5.00K,10.00K,41.1187,-95.2048,41.1182,-95.1739
201406,3,201406,3,510296,IOWA,Flash Flood,ADAIR,0,0,0,0,50.00K,0.00K,41.1582,-94.7004,41.1571,-94.2417
201408,23,201408,23,529400,IOWA,Flash Flood,WAYNE,0,0,0,0,25.00K,0.00K,40.75,-93.1118,40.7467,-93.0013
201408,31,201408,31,531689,IOWA,Flash Flood,CRAWFORD,0,0,0,0,250.00K,50.00K,42.0594,-95.352,42.0824,-95.349
201408,23,201408,23,529364,IOWA,Flood,CLARKE,0,0,0,0,100.00K,0.00K,41.009,-94.1528,41.0224,-93.9983
201408,23,201408,23,529372,IOWA,Flash Flood,CERRO GORDO,0,0,0,0,500.00K,0.00K,43.15,-93.2,43.1636,-93.1627
201408,31,201408,31,540754,IOWA,Flash Flood,WARREN,0,0,0,0,5.00K,0.00K,41.4778,-93.6816,41.478,-93.685
201408,31,201408,31,531692,IOWA,Flash Flood,POLK,0,0,0,0,75.00K,0.00K,41.52,-93.63,41.52,-93.6164
201408,23,201408,23,529340,IOWA,Flash Flood,CLARKE,0,0,0,0,250.00K,0.00K,41.05,-93.95,41.0594,-93.9771
201408,31,201408,31,531690,IOWA,Flash Flood,DALLAS,0,0,0,0,50.00K,0.00K,41.802,-94.0897,41.6779,-93.8368
201408,23,201408,23,529398,IOWA,Flash Flood,LUCAS,0,0,0,0,25.00K,0.00K,41.0416,-93.2323,41.0453,-93.1256
201408,23,201408,23,529341,IOWA,Flash Flood,CLARKE,0,0,0,0,250.00K,0.00K,41.04,-93.95,40.9292,-93.9825
201408,31,201408,31,540751,IOWA,Flash Flood,DALLAS,0,0,0,0,10.00K,0.00K,41.77,-94.03,41.7711,-94.021
201408,31,201408,31,540755,IOWA,Flash Flood,POLK,0,0,0,0,5.00K,0.00K,41.652,-93.6227,41.6525,-93.6119
201408,31,201408,31,531691,IOWA,Flash Flood,DALLAS,0,0,0,0,50.00K,0.00K,41.7463,-93.9516,41.7537,-93.905
201506,15,201506,15,577096,IOWA,Flash Flood,CLINTON,0,0,0,0,0.00K,0.00K,41.9846,-90.2669,41.9854,-90.2491
201506,15,201506,15,577098,IOWA,Flash Flood,CEDAR,0,0,0,0,0.00K,0.00K,41.8732,-90.9455,41.8737,-90.9194
201506,15,201506,15,577100,IOWA,Flash Flood,CLINTON,0,0,0,0,0.00K,0.00K,41.97,-90.5,41.9698,-90.4578
201512,14,201512,15,608145,IOWA,Flood,CLAYTON,0,0,0,0,0.00K,0.00K,42.7517,-91.3814,42.7511,-91.382
201512,14,201512,15,608146,IOWA,Flood,CLAYTON,0,0,0,0,0.00K,0.00K,42.845,-91.4043,42.8445,-91.4052
201507,15,201507,15,579379,IOWA,Flash Flood,PAGE,0,0,0,0,15.00K,0.00K,40.74,-95.04,40.7375,-95.029
201506,15,201506,15,576256,IOWA,Flash Flood,POLK,0,0,0,0,0.00K,0.00K,41.74,-93.63,41.7396,-93.6205
201506,15,201506,15,576258,IOWA,Flash Flood,POLK,0,0,0,0,50.00K,0.00K,41.7407,-93.5902,41.7479,-93.5972
201506,24,201506,25,576698,IOWA,Flash Flood,APPANOOSE,0,0,0,0,0.00K,0.00K,40.7954,-92.9697,40.7995,-92.9152
201506,15,201506,15,576268,IOWA,Flash Flood,POLK,0,0,0,0,0.00K,0.00K,41.716,-93.5838,41.7166,-93.5984
201506,25,201506,25,576725,IOWA,Flash Flood,DALLAS,0,0,0,0,20.00K,0.00K,41.7014,-94.0365,41.7006,-93.941
201506,25,201506,25,576726,IOWA,Flash Flood,DALLAS,0,0,0,0,50.00K,0.00K,41.6965,-93.9465,41.6947,-93.9788
201506,24,201506,25,576697,IOWA,Flash Flood,APPANOOSE,0,0,0,0,0.00K,0.00K,40.7598,-92.8963,40.764,-92.7857
201506,25,201506,25,576718,IOWA,Flash Flood,GREENE,0,0,0,0,0.00K,0.00K,42.0167,-94.5772,41.9096,-94.5653
201506,25,201506,25,576719,IOWA,Flash Flood,DALLAS,0,0,0,0,10.00K,0.00K,41.61,-93.89,41.608,-93.8876
201506,25,201506,25,576720,IOWA,Flash Flood,MONROE,0,0,0,0,20.00K,0.00K,40.9908,-93.0717,40.969,-93.0697
201506,24,201506,25,576700,IOWA,Flash Flood,WAYNE,0,0,0,0,0.00K,0.00K,40.7005,-93.092,40.7015,-93.149
201506,24,201506,25,576699,IOWA,Flash Flood,APPANOOSE,0,0,0,0,0.00K,0.00K,40.696,-92.6899,40.6955,-92.6638
201506,25,201506,25,576723,IOWA,Flash Flood,DALLAS,0,0,0,0,20.00K,0.00K,41.6765,-93.9002,41.6296,-93.8984
201506,25,201506,25,590431,IOWA,Flood,GUTHRIE,0,0,0,0,100.00K,100.00K,41.8606,-94.5133,41.7519,-94.6374
201506,25,201506,25,576728,IOWA,Flash Flood,WARREN,0,0,0,0,20.00K,0.00K,41.3521,-93.5764,41.3227,-93.5767
201506,25,201506,25,576717,IOWA,Flash Flood,GREENE,0,0,0,0,10.00K,0.00K,41.9442,-94.3787,41.888,-94.3829
201506,25,201506,25,588470,IOWA,Flash Flood,GUTHRIE,0,0,0,0,10.00K,0.00K,41.6763,-94.4979,41.6764,-94.5045
201506,25,201506,25,590414,IOWA,Flood,CLARKE,0,0,0,0,250.00K,0.00K,41.1555,-93.8696,41.1583,-93.6978
201506,25,201506,25,590425,IOWA,Flood,LUCAS,0,0,0,0,75.00K,0.00K,41.1578,-93.5509,40.9055,-93.5452
201506,25,201506,25,576773,IOWA,Flood,WARREN,0,0,0,0,1.00M,200.00K,41.4828,-93.7789,41.1767,-93.7802
201506,25,201506,25,576721,IOWA,Flash Flood,DALLAS,0,0,0,0,20.00K,0.00K,41.64,-93.85,41.6355,-93.8284
201506,25,201506,25,576724,IOWA,Flash Flood,DALLAS,0,0,0,0,20.00K,0.00K,41.6296,-94.0574,41.5926,-94.0612
201506,25,201506,25,590420,IOWA,Flood,DALLAS,0,0,0,0,385.00K,100.00K,41.8555,-94.2697,41.8547,-93.8251
201506,24,201506,24,576705,IOWA,Flash Flood,POLK,0,0,0,0,20.00K,0.00K,41.6988,-93.7117,41.6842,-93.736
201506,25,201506,25,576710,IOWA,Flash Flood,GUTHRIE,0,0,0,0,0.00K,0.00K,41.8515,-94.5513,41.8529,-94.5435
201506,25,201506,25,590435,IOWA,Flood,MONROE,0,0,0,0,1.03M,100.00K,41.1546,-93.0883,40.9137,-93.07
201506,25,201506,25,576708,IOWA,Flash Flood,GUTHRIE,0,0,0,0,0.00K,0.00K,41.8539,-94.4385,41.8404,-94.4402
201506,25,201506,25,576707,IOWA,Flash Flood,GUTHRIE,0,0,0,0,10.00K,0.00K,41.8568,-94.3245,41.8371,-94.3252
201506,25,201506,25,590427,IOWA,Flood,MARION,0,0,0,0,300.00K,100.00K,41.501,-93.3177,41.1698,-93.3143
201506,25,201506,25,576712,IOWA,Flash Flood,DALLAS,0,0,0,0,50.00K,0.00K,41.8565,-94.1312,41.8538,-94.0708
201506,15,201506,15,576294,IOWA,Flash Flood,POLK,0,0,0,0,0.00K,0.00K,41.6938,-93.5855,41.6943,-93.6021
201506,25,201506,25,576716,IOWA,Flash Flood,DALLAS,0,0,0,0,20.00K,0.00K,41.6373,-93.8971,41.5758,-93.8943
201506,25,201506,25,576711,IOWA,Flash Flood,WAYNE,0,0,0,0,0.00K,0.00K,40.7551,-93.1591,40.7427,-93.1579
201506,25,201506,25,576713,IOWA,Flash Flood,POLK,0,0,0,0,10.00K,0.00K,41.6766,-93.7934,41.6705,-93.7926
201506,25,201506,25,590433,IOWA,Flood,GREENE,0,0,0,0,20.00K,50.00K,41.9654,-94.2033,41.97,-94.3777
201506,25,201506,25,590424,IOWA,Flood,APPANOOSE,0,0,0,0,100.00K,0.00K,40.8891,-93.0913,40.5965,-93.0837
201506,11,201506,11,576237,IOWA,Flash Flood,TAYLOR,0,0,0,0,0.00K,0.00K,40.5796,-94.667,40.5798,-94.7004
201506,26,201506,27,590015,IOWA,Flood,WARREN,0,0,0,0,100.00K,100.00K,41.43,-93.79,41.38,-93.79
201506,28,201506,29,590012,IOWA,Flood,MAHASKA,0,0,0,0,50.00K,50.00K,41.08,-92.58,41.11,-92.51
201506,13,201506,13,590017,IOWA,Flood,DALLAS,0,0,0,0,100.00K,250.00K,41.59,-94.03,41.61,-93.94
201506,12,201506,17,589996,IOWA,Flood,POLK,0,0,0,0,250.00K,0.00K,41.57,-93.61,41.59,-93.62
201506,15,201506,16,590023,IOWA,Flood,DALLAS,0,0,0,0,250.00K,250.00K,41.53,-93.97,41.51,-93.88
201506,25,201506,26,589999,IOWA,Flood,WARREN,0,0,0,0,250.00K,250.00K,41.38,-93.33,41.48,-93.33
201506,22,201506,22,579880,IOWA,Flood,CLAYTON,0,0,0,0,0.00K,0.00K,43.0232,-91.1724,43.0154,-91.1825
201506,22,201506,22,576575,IOWA,Flash Flood,MONROE,0,0,0,0,0.00K,0.00K,40.95,-92.66,40.9405,-92.6367
201506,25,201506,26,590019,IOWA,Flood,DALLAS,0,0,0,0,250.00K,250.00K,41.53,-93.97,41.55,-93.96
201507,11,201507,11,596470,IOWA,Flash Flood,HENRY,0,0,0,0,0.00K,0.00K,40.9872,-91.5793,40.9416,-91.5882
201507,11,201507,11,596471,IOWA,Flash Flood,DES MOINES,0,0,0,0,0.00K,0.00K,40.8266,-91.1319,40.799,-91.1319
201506,22,201506,22,576576,IOWA,Flash Flood,DAVIS,0,0,0,0,25.00K,0.00K,40.7382,-92.3931,40.7663,-92.3906
201506,22,201506,22,576080,IOWA,Flash Flood,MITCHELL,0,0,0,0,200.00K,0.00K,43.4582,-92.7757,43.4578,-92.7756
201507,28,201507,29,590678,IOWA,Flood,WARREN,0,0,0,0,250.00K,250.00K,41.39,-93.76,41.35,-93.73
201507,26,201507,27,590675,IOWA,Flood,POLK,0,0,0,0,250.00K,0.00K,41.62,-93.83,41.6,-93.79
201506,25,201506,25,590010,IOWA,Flood,POLK,0,0,0,0,250.00K,0.00K,41.61,-93.7,41.59,-93.73
201506,25,201506,28,590021,IOWA,Flood,DALLAS,0,0,0,0,200.00K,200.00K,41.53,-93.97,41.51,-93.88
201506,25,201506,25,590004,IOWA,Flood,POLK,0,0,0,0,250.00K,0.00K,41.62,-93.83,41.6,-93.79
201506,25,201506,29,590005,IOWA,Flood,POLK,0,0,0,0,250.00K,0.00K,41.57,-93.61,41.59,-93.62
201506,25,201506,27,590018,IOWA,Flood,DALLAS,0,0,0,0,100.00K,250.00K,41.59,-94.03,41.61,-93.94
201506,25,201506,29,590007,IOWA,Flood,POLK,0,0,0,0,250.00K,0.00K,41.59,-93.56,41.59,-93.66
201506,25,201506,25,590014,IOWA,Flood,APPANOOSE,0,0,0,0,250.00K,250.00K,40.59,-92.75,40.59,-92.65
201506,25,201506,25,590013,IOWA,Flood,WARREN,0,0,0,0,250.00K,250.00K,41.39,-93.76,41.35,-93.73
201506,23,201506,24,585489,IOWA,Flood,FLOYD,0,0,0,0,0.00K,0.00K,43.0691,-92.6844,43.0673,-92.6853
201506,22,201506,23,585490,IOWA,Flood,ALLAMAKEE,0,0,0,0,0.00K,0.00K,43.422,-91.5073,43.4266,-91.5194
201507,26,201507,26,596860,IOWA,Flash Flood,JACKSON,0,0,0,0,1.00K,0.00K,42.1567,-90.3231,42.1523,-90.3242
201507,26,201507,26,596864,IOWA,Flash Flood,JACKSON,0,0,0,0,1.00K,0.00K,42.1569,-90.325,42.153,-90.3277
201507,29,201507,29,590680,IOWA,Flood,MAHASKA,0,0,0,0,250.00K,250.00K,41.08,-92.58,41.11,-92.51
201507,6,201507,6,595650,IOWA,Flash Flood,SCOTT,0,0,0,0,0.00K,0.00K,41.6063,-90.5699,41.5796,-90.6358
201507,28,201507,29,588122,IOWA,Flash Flood,TAYLOR,0,0,0,0,50.00K,0.00K,40.6749,-94.7025,40.6607,-94.7046
201507,29,201507,29,590676,IOWA,Flood,POLK,0,0,0,0,250.00K,0.00K,41.57,-93.61,41.59,-93.62
201507,28,201507,29,588125,IOWA,Flash Flood,ADAMS,0,0,0,0,20.00K,0.00K,41.0015,-94.7272,41.0016,-94.7307
201507,28,201507,29,588127,IOWA,Flash Flood,ADAMS,0,0,0,0,20.00K,0.00K,40.9869,-94.7417,40.9825,-94.7418
201506,22,201506,22,579897,IOWA,Flash Flood,ALLAMAKEE,0,0,0,0,0.00K,0.00K,43.4771,-91.5211,43.4825,-91.5196
201506,22,201506,22,586396,IOWA,Flash Flood,WINNESHIEK,0,0,0,0,50.00K,0.00K,43.3331,-91.8045,43.3331,-91.8063
201507,28,201507,29,588123,IOWA,Flash Flood,ADAMS,0,0,0,0,150.00K,0.00K,41.0546,-94.5648,40.9226,-94.5308
201506,25,201506,25,576733,IOWA,Flash Flood,WARREN,0,0,0,0,50.00K,0.00K,41.3521,-93.575,41.3286,-93.5695
201506,25,201506,25,576734,IOWA,Flash Flood,WARREN,0,0,0,0,20.00K,0.00K,41.3913,-93.5393,41.4819,-93.5417
201506,22,201506,22,579837,IOWA,Flood,HOWARD,0,0,0,0,0.00K,0.00K,43.3852,-92.1001,43.3855,-92.1205
201506,22,201506,22,579856,IOWA,Flash Flood,MITCHELL,0,0,0,0,50.00K,0.00K,43.4832,-92.592,43.4928,-92.5926
201506,25,201506,27,590002,IOWA,Flood,BLACK HAWK,0,0,0,0,250.00K,0.00K,42.56,-92.38,42.62,-92.41
201506,25,201506,25,590003,IOWA,Flood,LUCAS,0,0,0,0,100.00K,250.00K,40.96,-93.31,40.9,-93.21
201506,25,201506,27,590016,IOWA,Flood,WAPELLO,0,0,0,0,100.00K,250.00K,40.87,-92.21,40.92,-92.2
201506,25,201506,26,590001,IOWA,Flood,MARION,0,0,0,0,100.00K,250.00K,41.22,-92.95,41.19,-92.89
201506,25,201506,27,590011,IOWA,Flood,MAHASKA,0,0,0,0,100.00K,250.00K,41.08,-92.58,41.11,-92.51
201506,22,201506,22,579861,IOWA,Flood,ALLAMAKEE,0,0,0,0,0.00K,0.00K,43.2768,-91.4681,43.28,-91.4889
201507,27,201507,28,590679,IOWA,Flood,MAHASKA,0,0,0,0,250.00K,250.00K,41.08,-92.58,41.11,-92.51
201507,27,201507,28,590687,IOWA,Flood,WAPELLO,0,0,0,0,50.00K,50.00K,40.87,-92.21,40.92,-92.2
201507,29,201507,29,590688,IOWA,Flood,WAPELLO,0,0,0,0,50.00K,50.00K,40.87,-92.21,40.92,-92.2
201507,27,201507,27,593742,IOWA,Flash Flood,MAHASKA,0,0,0,0,100.00K,0.00K,41.3065,-92.852,41.2773,-92.7311
201507,28,201507,28,594500,IOWA,Flash Flood,WOODBURY,0,0,0,0,0.00K,0.00K,42.23,-96.115,42.25,-96.115
201506,6,201506,6,582589,IOWA,Flash Flood,WOODBURY,0,0,0,0,0.00K,0.00K,42.51,-96.4,42.5084,-96.3934
201507,16,201507,16,579383,IOWA,Flash Flood,PAGE,0,0,0,0,10.00K,0.00K,40.76,-95.37,40.7652,-95.3624
201506,11,201506,11,594444,IOWA,Flash Flood,LINN,0,0,0,0,0.00K,0.00K,41.97,-91.67,41.9759,-91.6559
201506,11,201506,11,594445,IOWA,Flash Flood,LINN,0,0,0,0,0.00K,0.00K,42.0446,-91.6504,42.0307,-91.6566
201506,11,201506,12,577063,IOWA,Flash Flood,JACKSON,0,0,0,0,0.00K,0.00K,42.26,-90.43,42.222,-90.3962
201506,11,201506,12,577067,IOWA,Flash Flood,SCOTT,0,0,0,0,0.00K,0.00K,41.6887,-90.7011,41.6793,-90.6666
201506,11,201506,11,577057,IOWA,Flash Flood,LINN,0,0,0,0,0.00K,0.00K,41.9536,-91.7585,42.0718,-91.7743
201506,11,201506,11,577060,IOWA,Flash Flood,CEDAR,0,0,0,0,0.00K,0.00K,41.7867,-91.1549,41.7887,-91.1113
201506,15,201506,15,575060,IOWA,Flood,FREMONT,0,0,0,0,0.00K,25.00K,40.6452,-95.6106,40.6515,-95.6374
201506,15,201506,15,575062,IOWA,Flood,MONTGOMERY,0,0,0,0,0.00K,25.00K,41.0944,-95.1828,41.099,-95.2261
201506,11,201506,12,575064,IOWA,Flood,FREMONT,0,0,0,0,0.00K,30.00K,40.8154,-94.8992,40.8206,-94.948
201506,12,201506,17,575108,IOWA,Flood,FREMONT,0,0,0,0,0.00K,50.00K,40.7447,-95.5996,40.6609,-95.6281
201506,11,201506,11,577059,IOWA,Flash Flood,IOWA,0,0,0,0,0.00K,0.00K,41.85,-92.07,41.8159,-91.992
201508,30,201508,31,598434,IOWA,Flood,MARSHALL,0,0,0,0,250.00K,100.00K,42.04,-92.97,42.0,-92.77
201508,29,201508,31,598431,IOWA,Flood,STORY,0,0,0,0,250.00K,100.00K,42.01,-93.62,41.8,-93.52
201508,28,201508,28,593199,IOWA,Flood,BLACK HAWK,0,0,0,0,25.00K,0.00K,42.4407,-92.3525,42.5178,-92.4623
201508,29,201508,29,593237,IOWA,Flood,STORY,0,0,0,0,50.00K,0.00K,42.0804,-93.6759,42.0807,-93.6826
201508,31,201508,31,598435,IOWA,Flood,DALLAS,0,0,0,0,250.00K,100.00K,41.59,-94.03,41.61,-93.94
201508,28,201508,28,593164,IOWA,Flash Flood,WEBSTER,0,0,0,0,100.00K,0.00K,42.271,-94.0849,42.2461,-94.0854
201512,14,201512,15,608155,IOWA,Flood,ALLAMAKEE,0,0,0,0,0.00K,0.00K,42.7386,-91.2686,42.7377,-91.269
201508,28,201508,28,593166,IOWA,Flash Flood,WEBSTER,0,0,0,0,25.00K,0.00K,42.2718,-94.1003,42.2717,-94.1262
201508,28,201508,28,593152,IOWA,Flash Flood,HAMILTON,0,0,0,0,25.00K,0.00K,42.2341,-93.6519,42.2316,-93.8967
201508,28,201508,28,598335,IOWA,Flash Flood,BOONE,0,0,0,0,10.00K,0.00K,42.163,-94.0835,42.1584,-93.8823
201508,28,201508,28,598342,IOWA,Flash Flood,GRUNDY,0,0,0,0,10.00K,0.00K,42.46,-92.92,42.4597,-92.9297
201508,28,201508,28,593174,IOWA,Flash Flood,HAMILTON,0,0,0,0,10.00K,0.00K,42.2979,-93.5306,42.2937,-93.529
201508,29,201508,29,598369,IOWA,Flood,STORY,0,0,0,0,50.00K,0.00K,42.1945,-93.6159,42.1632,-93.6138
201508,28,201508,28,598370,IOWA,Flash Flood,WEBSTER,0,0,0,0,50.00K,0.00K,42.2706,-94.089,42.263,-94.0883
201508,17,201508,18,598719,IOWA,Flood,PLYMOUTH,0,0,0,0,0.00K,0.00K,42.9,-96.37,42.56,-95.93
201508,17,201508,18,598721,IOWA,Flood,CHEROKEE,0,0,0,0,0.00K,0.00K,42.905,-95.86,42.565,-95.86
201508,18,201508,19,598724,IOWA,Flood,WOODBURY,0,0,0,0,0.00K,0.00K,42.34,-96.13,42.56,-95.93
201508,9,201508,11,597603,IOWA,Flash Flood,IOWA,0,0,0,0,0.00K,0.00K,41.6,-92.15,41.514,-92.0352
201508,9,201508,12,597604,IOWA,Flash Flood,WASHINGTON,0,0,0,0,0.00K,0.00K,41.503,-91.7798,41.4778,-91.7956
201508,11,201508,12,597607,IOWA,Flood,WASHINGTON,0,0,0,0,0.00K,0.00K,41.48,-91.72,41.4748,-91.6716
201508,18,201508,19,598727,IOWA,Flood,WOODBURY,0,0,0,0,0.00K,0.00K,42.34,-96.13,42.21,-96.09
201508,18,201508,18,598598,IOWA,Flash Flood,CLINTON,0,0,0,0,0.00K,0.00K,41.8168,-90.246,41.8138,-90.246
201508,28,201508,28,598371,IOWA,Flash Flood,HAMILTON,0,0,0,0,50.00K,0.00K,42.2784,-93.9118,42.2729,-93.7918
201508,28,201508,28,598372,IOWA,Flash Flood,HAMILTON,0,0,0,0,20.00K,0.00K,42.3271,-93.6461,42.2966,-93.6468
201508,28,201508,29,593227,IOWA,Flood,BOONE,0,0,0,0,10.00K,0.00K,42.1833,-93.7637,42.178,-93.7601
201508,28,201508,28,598374,IOWA,Flash Flood,HAMILTON,0,0,0,0,20.00K,0.00K,42.3971,-93.7508,42.3644,-93.7292
201508,28,201508,29,593229,IOWA,Flood,BOONE,0,0,0,0,10.00K,0.00K,42.1969,-93.8388,42.1977,-93.8131
201508,28,201508,28,593187,IOWA,Flash Flood,GRUNDY,0,0,0,0,100.00K,0.00K,42.46,-92.92,42.4283,-92.9824
201508,29,201508,30,598432,IOWA,Flood,STORY,0,0,0,0,250.00K,0.00K,42.1,-93.62,42.07,-93.65
201508,29,201508,30,598433,IOWA,Flood,STORY,0,0,0,0,250.00K,0.00K,42.07,-93.69,42.01,-93.65
201508,28,201508,28,593190,IOWA,Flash Flood,BOONE,0,0,0,0,5.00K,0.00K,42.1821,-94.1164,42.167,-94.1166
201508,28,201508,28,593191,IOWA,Flash Flood,BOONE,0,0,0,0,50.00K,0.00K,42.21,-93.99,42.2052,-93.9537
201507,28,201507,29,593688,IOWA,Flash Flood,WARREN,0,0,0,0,500.00K,500.00K,41.5051,-93.7829,41.469,-93.38
201508,16,201508,16,597773,IOWA,Flash Flood,WOODBURY,0,0,0,0,0.00K,0.00K,42.52,-96.41,42.4792,-96.3831
201505,4,201505,4,571419,IOWA,Flash Flood,MUSCATINE,0,0,0,0,0.00K,0.00K,41.42,-91.05,41.4223,-91.0435
201506,25,201506,28,590009,IOWA,Flood,POLK,0,0,0,0,250.00K,0.00K,41.56,-93.68,41.58,-93.67
201506,15,201506,17,589997,IOWA,Flood,POLK,0,0,0,0,250.00K,0.00K,41.59,-93.56,41.59,-93.66
201508,28,201508,29,598344,IOWA,Flood,GRUNDY,0,0,0,0,100.00K,0.00K,42.4984,-92.9852,42.31,-92.9806
201509,23,201509,23,602059,IOWA,Flash Flood,POTTAWATTAMIE,0,0,0,0,5.00M,1.00M,41.2799,-95.8303,41.236,-95.8386
201509,7,201509,8,598954,IOWA,Flood,DALLAS,0,0,0,0,50.00K,50.00K,41.59,-94.03,41.61,-93.94
201509,6,201509,7,601882,IOWA,Flash Flood,GREENE,0,0,0,0,50.00K,0.00K,41.9376,-94.6252,41.9381,-94.5772
201509,7,201509,7,601883,IOWA,Flash Flood,RINGGOLD,0,0,0,0,25.00K,0.00K,40.72,-94.23,40.7218,-94.2023
201509,7,201509,8,601884,IOWA,Flood,DALLAS,0,0,0,0,25.00K,0.00K,41.8101,-94.1612,41.7898,-94.1621
201509,6,201509,7,598602,IOWA,Flash Flood,CARROLL,0,0,0,0,50.00K,0.00K,42.0855,-94.8848,42.0516,-94.8862
201509,6,201509,7,598603,IOWA,Flash Flood,CARROLL,0,0,0,0,50.00K,0.00K,42.0675,-94.7399,42.048,-94.7413
201509,6,201509,7,598604,IOWA,Flash Flood,CARROLL,0,0,0,0,50.00K,0.00K,42.0693,-94.7344,42.0666,-94.7537
201509,6,201509,7,598606,IOWA,Flash Flood,CARROLL,0,0,0,0,100.00K,0.00K,41.8842,-94.6973,41.8739,-94.7231
201509,6,201509,7,598607,IOWA,Flash Flood,GUTHRIE,0,0,0,0,50.00K,0.00K,41.851,-94.5099,41.8507,-94.5344
201509,6,201509,7,598605,IOWA,Flash Flood,GUTHRIE,0,0,0,0,10.00K,0.00K,41.8569,-94.5538,41.8482,-94.5543
201509,6,201509,7,598608,IOWA,Flash Flood,GUTHRIE,0,0,0,0,200.00K,0.00K,41.8369,-94.7022,41.8175,-94.3042
201509,6,201509,7,598635,IOWA,Flash Flood,GREENE,0,0,0,0,50.00K,0.00K,41.8818,-94.4428,41.8826,-94.4588
201509,6,201509,7,598636,IOWA,Flash Flood,GUTHRIE,0,0,0,0,50.00K,0.00K,41.8558,-94.4292,41.8626,-94.4293
201509,7,201509,7,598638,IOWA,Flash Flood,GUTHRIE,0,0,0,0,0.00K,0.00K,41.8566,-94.435,41.8573,-94.3688
201509,6,201509,7,598634,IOWA,Flash Flood,GREENE,0,0,0,0,50.00K,0.00K,42.05,-94.61,42.0478,-94.6092
201509,7,201509,7,598637,IOWA,Flash Flood,GUTHRIE,0,0,0,0,50.00K,0.00K,41.856,-94.5494,41.8564,-94.4932
201509,7,201509,8,601880,IOWA,Flood,GUTHRIE,0,0,0,0,100.00K,0.00K,41.8615,-94.5583,41.8568,-94.739
201509,19,201509,19,602680,IOWA,Flood,BENTON,0,0,0,0,0.00K,0.00K,41.4722,-91.7223,41.4676,-91.7214
201509,1,201509,2,598436,IOWA,Flood,DALLAS,0,0,0,0,0.00K,0.00K,41.59,-94.03,41.61,-93.94
201509,1,201509,2,598953,IOWA,Flood,JASPER,0,0,0,0,100.00K,250.00K,41.42,-92.87,41.51,-92.87
201509,8,201509,9,598950,IOWA,Flood,POLK,0,0,0,0,50.00K,0.00K,41.57,-93.61,41.59,-93.62
201507,24,201507,24,585622,IOWA,Flash Flood,CERRO GORDO,0,0,0,0,25.00K,0.00K,43.1458,-93.3885,43.1407,-93.3878
201507,28,201507,29,588110,IOWA,Flash Flood,WARREN,0,0,0,0,25.00K,100.00K,41.4253,-93.7845,41.4164,-93.7849
201507,28,201507,29,588111,IOWA,Flash Flood,MARION,0,0,0,0,100.00K,0.00K,41.3949,-93.2604,41.3959,-93.2793
201507,27,201507,27,585653,IOWA,Flash Flood,MARION,0,0,0,0,100.00K,0.00K,41.4739,-93.1866,41.3422,-93.3245
201507,28,201507,29,588112,IOWA,Flash Flood,MADISON,0,0,0,0,150.00K,500.00K,41.3593,-94.1099,41.482,-93.8095
201507,6,201507,6,585291,IOWA,Flash Flood,DALLAS,0,0,0,0,10.00K,0.00K,41.6913,-93.936,41.6911,-93.9108
201507,6,201507,6,585332,IOWA,Flash Flood,STORY,0,0,0,0,20.00K,0.00K,42.0822,-93.3175,42.0208,-93.3163
201507,6,201507,6,585341,IOWA,Flash Flood,STORY,0,0,0,0,20.00K,0.00K,42.0265,-93.3344,42.0057,-93.334
201507,28,201507,29,588130,IOWA,Flash Flood,WARREN,0,0,0,0,50.00K,0.00K,41.49,-93.48,41.486,-93.467
201507,29,201507,29,588132,IOWA,Flood,MADISON,0,0,0,0,250.00K,0.00K,41.4212,-93.8999,41.5004,-93.8404
201507,29,201507,29,593696,IOWA,Flood,WARREN,0,0,0,0,0.00K,0.00K,41.5051,-93.7829,41.469,-93.38
201507,28,201507,29,588115,IOWA,Flash Flood,MARION,0,0,0,0,250.00K,0.00K,41.32,-93.12,41.3181,-93.0969
201507,11,201507,11,585471,IOWA,Flash Flood,UNION,0,0,0,0,50.00K,0.00K,41.142,-94.0347,41.0265,-94.0183
201507,29,201507,30,588134,IOWA,Flood,MARION,0,0,0,0,500.00K,250.00K,41.3668,-93.2997,41.1871,-93.3029
201507,28,201507,29,588116,IOWA,Flash Flood,MARION,0,0,0,0,50.00K,100.00K,41.3768,-93.3241,41.3754,-93.2925
201507,28,201507,29,588117,IOWA,Flash Flood,WARREN,0,0,0,0,250.00K,500.00K,41.4675,-93.5829,41.1789,-93.653
201507,11,201507,11,585445,IOWA,Flash Flood,APPANOOSE,0,0,0,0,100.00K,0.00K,40.8948,-93.0583,40.8859,-92.6602
201507,28,201507,29,588119,IOWA,Flash Flood,WARREN,0,0,0,0,50.00K,0.00K,41.47,-93.41,41.4745,-93.4205
201507,11,201507,11,585455,IOWA,Flash Flood,CLARKE,0,0,0,0,100.00K,0.00K,41.1208,-93.9221,40.9363,-93.9221
201507,29,201507,29,588139,IOWA,Flash Flood,WAYNE,0,0,0,0,200.00K,0.00K,40.8763,-93.5376,40.5808,-93.5431
201507,11,201507,11,585469,IOWA,Flash Flood,WAYNE,0,0,0,0,100.00K,0.00K,40.7464,-93.1163,40.6012,-93.1311
201507,11,201507,11,591123,IOWA,Flood,UNION,0,0,0,0,100.00K,0.00K,41.037,-94.1954,40.9015,-94.1994
201507,11,201507,11,585460,IOWA,Flash Flood,DECATUR,0,0,0,0,100.00K,0.00K,40.8946,-93.9668,40.8945,-93.5756
201507,29,201507,29,588142,IOWA,Flash Flood,MAHASKA,0,0,0,0,50.00K,0.00K,41.29,-92.7,41.2878,-92.7076
201507,28,201507,29,588144,IOWA,Flash Flood,MARION,0,0,0,0,100.00K,0.00K,41.32,-93.16,41.3182,-93.1454
201507,27,201507,27,585651,IOWA,Flash Flood,APPANOOSE,0,0,0,0,10.00K,0.00K,40.7436,-92.7189,40.7422,-92.8046
201507,16,201507,16,590655,IOWA,Flood,MAHASKA,0,0,0,0,50.00K,50.00K,41.08,-92.58,41.11,-92.51
201507,16,201507,17,590668,IOWA,Flood,WAPELLO,0,0,0,0,50.00K,50.00K,40.87,-92.21,40.92,-92.2
201504,9,201504,9,565379,IOWA,Flash Flood,LINN,0,0,0,0,0.00K,0.00K,41.9832,-91.6881,41.9608,-91.6854
201507,28,201507,29,585218,IOWA,Flash Flood,MARION,0,0,0,0,100.00K,0.00K,41.19,-92.8975,41.1897,-92.9198
201507,27,201507,27,593789,IOWA,Flash Flood,WAYNE,0,0,0,0,10.00K,0.00K,40.8669,-93.3852,40.8709,-93.3855
201507,6,201507,6,595646,IOWA,Flash Flood,MUSCATINE,0,0,0,0,0.00K,0.00K,41.4307,-91.0787,41.415,-91.0774
201507,29,201507,29,591124,IOWA,Flood,ADAMS,0,0,0,0,250.00K,0.00K,41.1442,-94.9009,41.1346,-94.4808
201507,29,201507,30,592342,IOWA,Flood,MARION,0,0,0,0,150.00K,0.00K,41.3584,-93.3239,41.1802,-93.3119
201507,28,201507,29,588104,IOWA,Flash Flood,WARREN,0,0,0,0,0.00K,0.00K,41.4851,-93.4852,41.4847,-93.5119
201507,28,201507,28,588106,IOWA,Flash Flood,DALLAS,0,0,0,0,20.00K,0.00K,41.7619,-93.9104,41.7622,-93.901
201507,28,201507,29,588108,IOWA,Flash Flood,WARREN,0,0,0,0,25.00K,0.00K,41.38,-93.74,41.3793,-93.7293
201506,15,201506,15,577103,IOWA,Flash Flood,CLINTON,0,0,0,0,0.00K,0.00K,41.8303,-90.5637,41.8178,-90.5629
201512,22,201512,22,611157,IOWA,Flood,POLK,0,0,0,0,0.00K,0.00K,41.57,-93.61,41.59,-93.62
201512,23,201512,24,611158,IOWA,Flood,POLK,0,0,0,0,0.00K,0.00K,41.59,-93.56,41.59,-93.66
201512,21,201512,25,611160,IOWA,Flood,WAPELLO,0,0,0,0,0.00K,0.00K,40.87,-92.21,40.92,-92.2
201512,13,201512,15,610918,IOWA,Flood,STORY,0,0,0,0,50.00K,0.00K,42.01,-93.62,41.8,-93.52
201512,14,201512,15,610919,IOWA,Flood,STORY,0,0,0,0,50.00K,0.00K,42.1,-93.62,42.07,-93.65
201512,14,201512,15,610920,IOWA,Flood,STORY,0,0,0,0,50.00K,0.00K,42.07,-93.69,42.01,-93.65
201512,15,201512,19,610921,IOWA,Flood,BLACK HAWK,0,0,0,0,50.00K,0.00K,42.56,-92.38,42.62,-92.41
201512,21,201512,24,610059,IOWA,Flood,CLINTON,0,0,0,0,0.00K,0.00K,41.7672,-90.5861,41.7673,-90.5568
201512,21,201512,24,610061,IOWA,Flood,SCOTT,0,0,0,0,0.00K,0.00K,41.7629,-90.5877,41.7575,-90.5873
201512,15,201512,17,610922,IOWA,Flood,JASPER,0,0,0,0,50.00K,0.00K,41.42,-92.87,41.51,-92.87
201512,14,201512,22,610923,IOWA,Flood,POLK,0,0,0,0,100.00K,0.00K,41.57,-93.61,41.59,-93.62
201512,14,201512,23,610925,IOWA,Flood,POLK,0,0,0,0,100.00K,0.00K,41.59,-93.56,41.59,-93.66
201512,14,201512,16,610926,IOWA,Flood,POLK,0,0,0,0,100.00K,0.00K,41.56,-93.68,41.58,-93.67
201512,13,201512,15,610927,IOWA,Flood,MAHASKA,0,0,0,0,50.00K,0.00K,41.08,-92.58,41.11,-92.51
201512,14,201512,15,612275,IOWA,Flood,CRAWFORD,0,0,0,0,20.00K,0.00K,42.2077,-95.3639,41.8852,-95.6092
201512,15,201512,17,610928,IOWA,Flood,WEBSTER,0,0,0,0,50.00K,0.00K,42.42,-94.21,42.3,-94.05
201512,15,201512,17,610929,IOWA,Flood,WEBSTER,0,0,0,0,50.00K,0.00K,42.42,-94.21,42.3,-94.05
201512,14,201512,17,610930,IOWA,Flood,BLACK HAWK,0,0,0,0,50.00K,0.00K,42.48,-92.28,42.53,-92.38
201512,14,201512,14,610931,IOWA,Flood,WARREN,0,0,0,0,50.00K,0.00K,41.39,-93.76,41.35,-93.73
201512,14,201512,16,610932,IOWA,Flood,WARREN,0,0,0,0,50.00K,0.00K,41.43,-93.79,41.38,-93.79
201512,14,201512,16,610933,IOWA,Flood,MARSHALL,0,0,0,0,50.00K,0.00K,42.04,-92.97,42.0,-92.77
201512,13,201512,15,611151,IOWA,Flood,WAPELLO,0,0,0,0,50.00K,0.00K,40.87,-92.21,40.92,-92.2
201512,14,201512,21,611152,IOWA,Flood,DALLAS,0,0,0,0,50.00K,0.00K,41.59,-94.03,41.61,-93.94
201512,14,201512,16,611153,IOWA,Flood,DALLAS,0,0,0,0,50.00K,0.00K,41.53,-93.97,41.51,-93.88
201512,17,201512,19,611154,IOWA,Flood,DALLAS,0,0,0,0,50.00K,0.00K,41.53,-93.97,41.51,-93.88
201512,18,201512,19,611155,IOWA,Flood,POLK,0,0,0,0,50.00K,0.00K,41.56,-93.68,41.58,-93.67
201512,18,201512,25,611156,IOWA,Flood,MAHASKA,0,0,0,0,50.00K,0.00K,41.08,-92.58,41.11,-92.51
201512,14,201512,14,612272,IOWA,Flood,BOONE,0,0,0,0,50.00K,0.00K,41.9814,-93.8493,41.9488,-93.8411
201512,14,201512,15,612273,IOWA,Flood,HARDIN,0,0,0,0,50.00K,0.00K,42.4095,-93.4356,42.4075,-93.2894
201512,14,201512,15,612274,IOWA,Flood,SAC,0,0,0,0,50.00K,0.00K,42.2748,-95.2686,42.4235,-95.2432
201512,14,201512,15,612276,IOWA,Flood,CALHOUN,0,0,0,0,20.00K,0.00K,42.3106,-94.8481,42.3068,-94.742
201512,14,201512,15,612277,IOWA,Flood,CARROLL,0,0,0,0,20.00K,0.00K,42.2023,-94.8587,42.166,-94.8536
201512,14,201512,15,612278,IOWA,Flood,GRUNDY,0,0,0,0,100.00K,0.00K,42.4617,-92.9591,42.2591,-92.9766
201512,14,201512,15,612279,IOWA,Flood,MARSHALL,0,0,0,0,100.00K,0.00K,42.1838,-93.186,41.8967,-93.1867
201512,14,201512,15,612280,IOWA,Flood,MARION,0,0,0,0,100.00K,0.00K,41.4911,-93.3151,41.2043,-93.2798
201512,15,201512,16,610052,IOWA,Flood,WASHINGTON,0,0,0,0,0.00K,0.00K,41.4829,-91.7444,41.4739,-91.6924
201512,14,201512,15,612281,IOWA,Flood,WARREN,0,0,0,0,100.00K,0.00K,41.4819,-93.7422,41.2058,-93.7206
201512,26,201512,31,611159,IOWA,Flood,MAHASKA,0,0,0,0,0.00K,0.00K,41.08,-92.58,41.11,-92.51
201512,14,201512,15,604748,IOWA,Flood,MONTGOMERY,0,0,0,0,0.00K,0.00K,41.0463,-95.2364,41.0442,-95.2274
201512,14,201512,15,604754,IOWA,Flood,POTTAWATTAMIE,0,0,0,0,0.00K,0.00K,41.4278,-95.3675,41.4325,-95.3452
201512,16,201512,16,610053,IOWA,Flood,KEOKUK,0,0,0,0,0.00K,0.00K,41.3054,-92.244,41.315,-92.1756
201512,14,201512,15,608002,IOWA,Flood,FREMONT,0,0,0,0,0.00K,0.00K,40.8954,-95.5872,40.8937,-95.5742
201512,13,201512,17,608003,IOWA,Flood,FREMONT,0,0,0,0,25.00K,0.00K,40.6468,-95.6195,40.6588,-95.6298
201512,14,201512,17,608005,IOWA,Flood,FREMONT,0,0,0,0,0.00K,0.00K,40.6505,-95.6353,40.6468,-95.6202
201512,14,201512,14,608006,IOWA,Flood,PAGE,0,0,0,0,0.00K,0.00K,40.7978,-95.0057,40.8021,-94.9871
201606,18,201606,18,639878,IOWA,Flash Flood,WOODBURY,0,0,0,0,0.00K,0.00K,42.44,-95.98,42.4,-95.78
201606,14,201606,14,639649,IOWA,Flash Flood,DICKINSON,0,0,0,0,0.00K,0.00K,43.4,-95.13,43.4,-95.09
201601,17,201601,17,614722,IOWA,Flood,BLACK HAWK,0,0,0,0,0.00K,0.00K,42.56,-92.38,42.62,-92.41
201601,7,201601,9,614718,IOWA,Flood,MAHASKA,0,0,0,0,0.00K,0.00K,41.08,-92.58,41.11,-92.51
201601,11,201601,12,614719,IOWA,Flood,MAHASKA,0,0,0,0,0.00K,0.00K,41.08,-92.58,41.11,-92.51
201601,7,201601,10,614720,IOWA,Flood,WAPELLO,0,0,0,0,0.00K,0.00K,40.87,-92.21,40.92,-92.2
201601,11,201601,13,614721,IOWA,Flood,WAPELLO,0,0,0,0,0.00K,0.00K,40.87,-92.21,40.92,-92.2
201606,22,201606,22,644604,IOWA,Flash Flood,BENTON,0,0,0,0,0.00K,0.00K,41.9061,-91.9799,41.9061,-91.9336
201609,16,201609,16,661095,IOWA,Flash Flood,MONONA,0,0,0,0,0.00K,0.00K,41.93,-96.08,41.9064,-96.0844
201602,23,201602,25,619987,IOWA,Flood,POLK,0,0,0,0,20.00K,0.00K,41.59,-93.56,41.59,-93.66
201602,22,201602,22,619988,IOWA,Flood,WAPELLO,0,0,0,0,20.00K,0.00K,41.08,-92.58,41.11,-92.51
201602,20,201602,21,619989,IOWA,Flood,BLACK HAWK,0,0,0,0,20.00K,0.00K,42.48,-92.28,42.53,-92.38
201602,21,201602,26,619990,IOWA,Flood,WAPELLO,0,0,0,0,20.00K,0.00K,40.87,-92.21,40.92,-92.2
201602,22,201602,22,620777,IOWA,Flash Flood,WEBSTER,0,0,0,0,200.00K,0.00K,42.5383,-94.2176,42.4777,-94.1933
201602,22,201602,23,620796,IOWA,Flood,WEBSTER,0,0,0,0,0.00K,0.00K,42.5383,-94.2176,42.4797,-94.1933
201602,21,201602,22,620798,IOWA,Flood,BOONE,0,0,0,0,100.00K,0.00K,42.1617,-93.998,42.1316,-93.9899
201602,22,201602,24,619991,IOWA,Flood,DALLAS,0,0,0,0,20.00K,0.00K,41.59,-94.03,41.61,-93.94
201606,14,201606,14,641835,IOWA,Flash Flood,FLOYD,0,0,0,0,5.00K,0.00K,43.13,-92.9,42.9796,-92.8722
201606,14,201606,14,641838,IOWA,Flood,HOWARD,0,0,0,0,5.00K,0.00K,43.25,-92.45,43.2383,-92.4493
201606,14,201606,14,641839,IOWA,Flood,CHICKASAW,0,0,0,0,2.00K,0.00K,43.2,-92.5,43.2016,-92.4896
201604,28,201604,30,627911,IOWA,Flood,CHEROKEE,0,0,0,0,0.00K,0.00K,42.9254,-95.3475,42.9109,-95.4741
201606,14,201606,14,641820,IOWA,Flash Flood,MITCHELL,0,0,0,0,0.00K,0.00K,43.3898,-92.5563,43.3913,-92.5532
201606,14,201606,14,641822,IOWA,Flash Flood,MITCHELL,0,0,0,0,0.00K,0.00K,43.289,-92.656,43.289,-92.658
201606,14,201606,14,641821,IOWA,Flood,FLOYD,0,0,0,0,0.00K,0.00K,43.0815,-92.6556,43.0845,-92.693
201606,14,201606,14,641826,IOWA,Flash Flood,HOWARD,0,0,0,0,0.00K,0.00K,43.421,-92.495,43.384,-92.485
201606,14,201606,14,641831,IOWA,Flash Flood,HOWARD,0,0,0,0,0.00K,0.00K,43.3715,-92.362,43.3702,-92.3621
201606,14,201606,14,641818,IOWA,Flash Flood,MITCHELL,0,0,0,0,0.00K,0.00K,43.239,-92.729,43.24,-92.728
201605,1,201605,6,633593,IOWA,Flood,POLK,0,0,0,0,50.00K,0.00K,41.57,-93.61,41.59,-93.62
201605,1,201605,9,633595,IOWA,Flood,EMMET,0,0,0,0,25.00K,0.00K,43.26,-94.83,43.26,-94.71
201605,1,201605,6,633596,IOWA,Flood,DALLAS,0,0,0,0,25.00K,0.00K,41.59,-94.03,41.61,-93.94
201605,10,201605,15,633597,IOWA,Flood,EMMET,0,0,0,0,20.00K,0.00K,43.26,-94.83,43.26,-94.71
201605,9,201605,10,633602,IOWA,Flash Flood,CHEROKEE,0,0,0,0,0.00K,0.00K,42.68,-95.8,42.65,-95.7
201606,15,201606,15,643551,IOWA,Flood,CLAYTON,0,0,0,0,0.00K,0.00K,42.7517,-91.3814,42.7511,-91.382
201605,23,201605,24,633654,IOWA,Flash Flood,PLYMOUTH,0,0,0,0,0.00K,0.00K,42.77,-96.2,42.77,-96.14
201606,14,201606,15,643552,IOWA,Flood,CLAYTON,0,0,0,0,0.00K,0.00K,42.845,-91.4043,42.8445,-91.4052
201606,15,201606,15,643553,IOWA,Flood,CLAYTON,0,0,0,0,0.00K,0.00K,42.7386,-91.2686,42.7377,-91.269
201606,14,201606,14,644078,IOWA,Flash Flood,MITCHELL,0,0,0,0,4.00K,0.00K,43.2541,-92.7455,43.2545,-92.7486
201605,10,201605,12,632596,IOWA,Flood,FREMONT,0,0,0,0,0.00K,0.00K,40.7005,-95.6003,40.6994,-95.5927
201605,11,201605,11,632601,IOWA,Flood,FREMONT,0,0,0,0,0.00K,0.00K,40.692,-95.5735,40.6932,-95.5768
201605,11,201605,12,632602,IOWA,Flood,FREMONT,0,0,0,0,0.00K,0.00K,40.6281,-95.6315,40.5865,-95.6363
201605,26,201605,27,632612,IOWA,Flood,FREMONT,0,0,0,0,0.00K,0.00K,40.7093,-95.5917,40.7089,-95.5991
201605,27,201605,27,632613,IOWA,Flood,MONTGOMERY,0,0,0,0,0.00K,0.00K,41.04,-95.2357,41.0468,-95.2501
201605,27,201605,28,632614,IOWA,Flood,FREMONT,0,0,0,0,0.00K,0.00K,40.6611,-95.6096,40.6594,-95.6022
201605,27,201605,27,632621,IOWA,Flood,FREMONT,0,0,0,0,0.00K,0.00K,40.5846,-95.6371,40.5858,-95.6447
201604,28,201604,30,627908,IOWA,Flood,DICKINSON,0,0,0,0,0.00K,0.00K,43.437,-95.211,43.2142,-95.15
201604,27,201604,30,627909,IOWA,Flood,CLAY,0,0,0,0,0.00K,0.00K,43.25,-95.3588,43.0089,-95.0666
201604,26,201604,30,627910,IOWA,Flood,BUENA VISTA,0,0,0,0,0.00K,0.00K,42.88,-95.25,42.9017,-95.25
201604,29,201604,30,627918,IOWA,Flood,SIOUX,0,0,0,0,0.00K,0.00K,43.0589,-96.416,42.9011,-96.5061
201604,29,201604,30,627920,IOWA,Flood,PLYMOUTH,0,0,0,0,0.00K,0.00K,42.9168,-96.55,42.7481,-96.6616
201606,14,201606,14,642033,IOWA,Flash Flood,MITCHELL,0,0,0,0,5.00K,0.00K,43.2293,-92.7781,43.229,-92.779
201606,14,201606,14,642067,IOWA,Flash Flood,MITCHELL,0,0,0,0,0.00K,0.00K,43.3105,-92.6544,43.311,-92.6556
201605,26,201605,26,627548,IOWA,Flash Flood,CASS,0,0,0,0,25.00K,0.00K,41.4059,-95.0105,41.4071,-95.0299
201605,26,201605,26,627549,IOWA,Flash Flood,CASS,0,0,0,0,25.00K,0.00K,41.4206,-95.0379,41.3812,-95.0393
201605,26,201605,26,629234,IOWA,Flash Flood,FREMONT,0,0,0,0,0.00K,0.00K,40.74,-95.77,40.7292,-95.7604
201605,26,201605,26,629235,IOWA,Flash Flood,FREMONT,0,0,0,0,0.00K,0.00K,40.89,-95.67,40.8873,-95.676
201605,2,201605,7,633594,IOWA,Flood,POLK,0,0,0,0,50.00K,0.00K,41.59,-93.56,41.59,-93.66
201605,9,201605,10,627506,IOWA,Flash Flood,CARROLL,0,0,0,0,10.00K,0.00K,41.91,-95.0,41.9,-95.0046
201606,22,201606,22,633847,IOWA,Flash Flood,BLACK HAWK,0,0,0,0,0.00K,0.00K,42.5,-92.38,42.5172,-92.4251
201606,14,201606,14,633739,IOWA,Flash Flood,CERRO GORDO,0,0,0,0,5.00K,0.00K,43.1412,-93.1224,43.1399,-93.1236
201606,22,201606,22,633835,IOWA,Flash Flood,BUTLER,0,0,0,0,20.00K,0.00K,42.8935,-92.7918,42.8893,-92.7918
201606,14,201606,14,634653,IOWA,Flash Flood,CERRO GORDO,0,0,0,0,5.00K,0.00K,43.1484,-93.0426,43.1485,-93.047
201606,10,201606,11,633550,IOWA,Flash Flood,CERRO GORDO,0,0,0,0,50.00K,0.00K,43.1914,-93.1908,43.1914,-93.1581
201606,16,201606,18,633598,IOWA,Flood,BLACK HAWK,0,0,0,0,20.00K,0.00K,42.56,-92.38,42.62,-92.41
201606,15,201606,15,635539,IOWA,Flood,BUTLER,0,0,0,0,50.00K,0.00K,42.9025,-92.8407,42.8455,-92.8092
201607,19,201607,19,647450,IOWA,Flash Flood,POLK,0,0,0,0,0.00K,0.00K,41.5845,-93.6146,41.5793,-93.6088
201607,19,201607,19,647553,IOWA,Flash Flood,MAHASKA,0,0,0,0,10.00K,100.00K,41.29,-92.7,41.286,-92.6974
201607,19,201607,19,647457,IOWA,Flash Flood,POLK,0,0,0,0,20.00K,0.00K,41.5428,-93.6484,41.5427,-93.6228
201607,19,201607,19,647475,IOWA,Flash Flood,MADISON,0,0,0,0,10.00K,0.00K,41.4146,-93.9816,41.4066,-93.9812
201607,17,201607,17,645128,IOWA,Flash Flood,EMMET,0,0,0,0,0.00K,0.00K,43.3902,-94.8433,43.4175,-94.8494
201607,17,201607,17,645060,IOWA,Flash Flood,EMMET,0,0,0,0,0.00K,0.00K,43.4153,-94.8436,43.4058,-94.8652
201607,17,201607,17,645063,IOWA,Flash Flood,PALO ALTO,0,0,0,0,0.00K,0.00K,43.1298,-94.7066,43.0957,-94.7049
201607,19,201607,19,647460,IOWA,Flash Flood,WARREN,0,0,0,0,0.00K,50.00K,41.49,-93.74,41.4762,-93.7354
201607,19,201607,19,647463,IOWA,Flash Flood,MARION,0,0,0,0,20.00K,0.00K,41.3292,-93.1112,41.3299,-93.1081
201606,11,201606,11,639162,IOWA,Flood,FLOYD,0,0,0,0,0.00K,0.00K,43.0831,-92.6511,43.0822,-92.6961
201606,11,201606,11,639166,IOWA,Flash Flood,FLOYD,0,0,0,0,0.00K,0.00K,43.0606,-92.7891,43.0606,-92.7841
201607,19,201607,19,647477,IOWA,Flash Flood,LUCAS,0,0,0,0,20.00K,100.00K,41.0571,-93.1466,40.9454,-93.2283
201607,19,201607,19,647478,IOWA,Flash Flood,MONROE,0,0,0,0,10.00K,50.00K,40.9786,-93.0944,40.9603,-93.0267
201607,19,201607,19,647468,IOWA,Flash Flood,POLK,0,0,0,0,10.00K,0.00K,41.6017,-93.5801,41.5996,-93.5812
201607,19,201607,19,647479,IOWA,Flash Flood,WARREN,0,0,0,0,10.00K,0.00K,41.3,-93.5,41.3005,-93.5426
201607,19,201607,19,647502,IOWA,Flash Flood,WARREN,0,0,0,0,0.00K,0.00K,41.4543,-93.5476,41.4458,-93.5477
201607,19,201607,19,647447,IOWA,Flash Flood,WEBSTER,0,0,0,0,0.00K,0.00K,42.4567,-94.1793,42.426,-94.1758
201607,19,201607,19,647443,IOWA,Flash Flood,WEBSTER,0,0,0,0,25.00K,0.00K,42.5192,-94.1793,42.5117,-94.1649
201607,19,201607,19,647503,IOWA,Flash Flood,POLK,0,0,0,0,0.00K,0.00K,41.5067,-93.5137,41.5171,-93.5124
201607,17,201607,17,645126,IOWA,Flash Flood,CERRO GORDO,0,0,0,0,50.00K,0.00K,43.1598,-93.2231,43.1596,-93.1886
201607,18,201607,18,645208,IOWA,Flash Flood,TAYLOR,0,0,0,0,0.00K,0.00K,40.6716,-94.7216,40.6697,-94.7219
201607,18,201607,18,645219,IOWA,Flash Flood,ADAMS,0,0,0,0,0.00K,0.00K,40.9806,-94.7425,40.9867,-94.7423
201609,22,201609,23,659834,IOWA,Flash Flood,FAYETTE,0,0,0,0,125.00K,0.00K,42.6907,-91.9511,42.6751,-91.9432
201609,9,201609,9,658423,IOWA,Flash Flood,ALLAMAKEE,0,0,0,0,12.00K,0.00K,43.2395,-91.5898,43.2266,-91.589
201609,9,201609,9,658417,IOWA,Flash Flood,FLOYD,0,0,0,0,6.00K,0.00K,43.0766,-92.582,43.0348,-92.5839
201609,9,201609,9,658419,IOWA,Flash Flood,CHICKASAW,0,0,0,0,35.00K,0.00K,43.08,-92.12,43.0125,-92.2772
201609,9,201609,11,660313,IOWA,Flood,ALLAMAKEE,0,0,0,0,40.00K,0.00K,43.422,-91.5073,43.4266,-91.5194
201609,10,201609,11,660317,IOWA,Flood,FAYETTE,0,0,0,0,5.00K,0.00K,43.0151,-91.684,43.0175,-91.6822
201609,21,201609,21,658559,IOWA,Flash Flood,ALLAMAKEE,0,0,0,0,13.00K,33.00K,43.5,-91.29,43.4779,-91.3163
201605,1,201605,15,638274,IOWA,Flood,DICKINSON,0,0,0,0,0.00K,0.00K,43.437,-95.211,43.2142,-95.15
201609,23,201609,23,659717,IOWA,Flash Flood,WRIGHT,0,0,0,0,10.00K,0.00K,42.74,-93.93,42.739,-93.9237
201609,23,201609,24,659753,IOWA,Flood,BREMER,0,0,0,0,20.00K,100.00K,42.7196,-92.1866,42.7181,-92.16
201609,23,201609,24,659711,IOWA,Flood,BUTLER,0,0,0,0,50.00K,200.00K,42.7203,-92.5373,42.6909,-92.5718
201609,23,201609,24,659727,IOWA,Flood,BREMER,0,0,0,0,100.00K,0.00K,42.7271,-92.5066,42.7067,-92.5042
201609,22,201609,23,659363,IOWA,Flood,BREMER,0,0,0,0,50.00K,0.00K,42.8647,-92.5487,42.8392,-92.5461
201609,22,201609,22,659113,IOWA,Flash Flood,WINNESHIEK,0,0,0,0,56.00K,0.00K,43.3889,-91.8358,43.3147,-91.7626
201609,22,201609,25,660532,IOWA,Flood,CLAYTON,0,0,0,0,12.00K,0.00K,42.7386,-91.2686,42.7389,-91.2701
201609,22,201609,25,660452,IOWA,Flood,MITCHELL,0,0,0,0,2.00K,0.00K,43.2895,-92.8555,43.2905,-92.8537
201605,1,201605,19,638275,IOWA,Flood,CLAY,0,0,0,0,0.00K,0.00K,43.25,-95.3588,43.0089,-95.0666
201605,1,201605,21,638282,IOWA,Flood,BUENA VISTA,0,0,0,0,0.00K,0.00K,42.88,-95.25,42.9017,-95.25
201605,1,201605,16,638285,IOWA,Flood,CHEROKEE,0,0,0,0,0.00K,0.00K,42.9254,-95.3475,42.9109,-95.4741
201605,1,201605,4,638305,IOWA,Flood,SIOUX,0,0,0,0,0.00K,0.00K,43.0589,-96.416,42.9011,-96.5061
201605,1,201605,6,638307,IOWA,Flood,PLYMOUTH,0,0,0,0,0.00K,0.00K,42.9168,-96.55,42.7482,-96.6616
201605,1,201605,6,638320,IOWA,Flood,CLAY,0,0,0,0,0.00K,0.00K,43.0859,-97.0098,43.0863,-96.9459
201609,23,201609,24,659752,IOWA,Flood,WRIGHT,0,0,0,0,50.00K,100.00K,42.8537,-93.6227,42.7959,-93.6262
201609,23,201609,23,659724,IOWA,Flash Flood,BREMER,0,0,0,0,10.00K,0.00K,42.7418,-92.4184,42.7407,-92.4183
201609,23,201609,23,659729,IOWA,Flash Flood,BUTLER,0,0,0,0,0.00K,0.00K,42.7327,-92.6762,42.7289,-92.6755
201609,23,201609,23,659720,IOWA,Flash Flood,BREMER,0,0,0,0,0.00K,0.00K,42.6761,-92.343,42.6797,-92.3186
201609,22,201609,25,660498,IOWA,Flood,FLOYD,0,0,0,0,15.00K,0.00K,43.0691,-92.6844,43.0725,-92.6835
201609,22,201609,22,659226,IOWA,Flood,HOWARD,0,0,0,0,5.00K,0.00K,43.37,-92.2,43.3819,-92.2735
201609,22,201609,25,660530,IOWA,Flood,CLAYTON,0,0,0,0,2.00K,5.00K,42.845,-91.4043,42.8445,-91.4052
201609,16,201609,16,660320,IOWA,Flood,FAYETTE,0,0,0,0,0.00K,0.00K,43.0422,-91.8211,43.0397,-91.8196
201609,16,201609,17,660321,IOWA,Flood,CLAYTON,0,0,0,0,0.00K,0.00K,42.845,-91.4043,42.8445,-91.4052
201609,26,201609,30,660596,IOWA,Flood,CLAYTON,0,0,0,0,0.00K,0.00K,43.0296,-91.1737,43.0298,-91.1719
201609,23,201609,23,659715,IOWA,Flash Flood,FRANKLIN,0,0,0,0,50.00K,200.00K,42.9063,-93.0446,42.6501,-93.0679
201609,7,201609,8,660312,IOWA,Flood,ALLAMAKEE,0,0,0,0,0.00K,0.00K,43.422,-91.5073,43.4266,-91.5194
201609,23,201609,23,659713,IOWA,Flash Flood,FRANKLIN,0,0,0,0,50.00K,200.00K,42.6693,-93.1996,42.6567,-93.1987
201609,8,201609,8,660314,IOWA,Flood,WINNESHIEK,0,0,0,0,0.00K,0.00K,43.2095,-91.957,43.2102,-91.9558
201609,22,201609,22,659203,IOWA,Flash Flood,CHICKASAW,0,0,0,0,48.00K,5.00K,42.954,-92.5544,42.9076,-92.5432
201609,28,201609,30,661484,IOWA,Flood,MUSCATINE,0,0,0,0,150.00K,0.00K,41.638,-91.2064,41.3523,-91.3857
201609,21,201609,22,659104,IOWA,Flash Flood,FLOYD,0,0,0,0,0.00K,0.00K,43.2125,-92.849,42.9089,-92.5551
201609,23,201609,23,661488,IOWA,Flood,DELAWARE,0,0,0,0,150.00K,0.00K,42.5521,-91.5944,42.3454,-91.3348
201609,28,201609,30,660619,IOWA,Flood,CLAYTON,0,0,0,0,0.00K,0.00K,42.8205,-91.104,42.8264,-91.0825
201609,7,201609,7,658014,IOWA,Flood,KOSSUTH,0,0,0,0,0.00K,0.00K,43.0507,-94.066,43.0507,-94.0724
201609,22,201609,22,659201,IOWA,Flood,MITCHELL,0,0,0,0,0.00K,0.00K,43.41,-93.02,43.4301,-92.7703
201609,22,201609,22,659202,IOWA,Flash Flood,FAYETTE,0,0,0,0,200.00K,0.00K,42.9429,-91.9386,42.9295,-91.8495
201609,7,201609,7,661254,IOWA,Flash Flood,DES MOINES,0,0,0,0,2.00K,0.00K,40.8292,-91.1017,40.8258,-91.1251
201609,7,201609,7,661262,IOWA,Flash Flood,DES MOINES,0,0,0,0,1.00K,0.00K,40.8378,-91.1488,40.7842,-91.1515
201609,8,201609,8,661263,IOWA,Flash Flood,LINN,0,0,0,0,1.00K,0.00K,42.0111,-91.6995,41.9468,-91.7146
201609,24,201609,25,660363,IOWA,Flash Flood,CLARKE,0,0,0,0,20.00K,0.00K,41.0346,-93.9616,41.0348,-93.9369
201609,22,201609,22,659246,IOWA,Flash Flood,CLAYTON,0,0,0,0,10.00K,0.00K,43.05,-91.39,42.9429,-91.3798
201609,8,201609,8,661466,IOWA,Flash Flood,CLINTON,0,0,0,0,25.00K,0.00K,41.9269,-90.7196,41.7756,-90.7169
201609,22,201609,22,661269,IOWA,Flash Flood,DUBUQUE,0,0,0,0,2.00K,0.00K,42.4854,-91.1235,42.4795,-91.1252
201609,22,201609,23,661270,IOWA,Flash Flood,DUBUQUE,0,0,0,0,2.00K,0.00K,42.4042,-91.1242,42.396,-91.1231
201609,23,201609,23,661271,IOWA,Flash Flood,LINN,0,0,0,0,1.00K,0.00K,41.9815,-91.6778,41.9683,-91.6706
201609,23,201609,23,661272,IOWA,Flash Flood,IOWA,0,0,0,0,0.00K,0.00K,41.8128,-91.8821,41.7941,-91.8821
201609,21,201609,21,659346,IOWA,Flash Flood,CERRO GORDO,0,0,0,0,0.00K,0.00K,43.2257,-93.2148,43.2155,-93.2166
201609,9,201609,9,658820,IOWA,Flash Flood,BUTLER,0,0,0,0,0.00K,0.00K,42.7923,-92.6558,42.8327,-92.6539
201609,15,201609,15,658840,IOWA,Flash Flood,CALHOUN,0,0,0,0,15.00K,0.00K,42.4054,-94.6483,42.3861,-94.6503
201609,22,201609,22,659754,IOWA,Flash Flood,ALLAMAKEE,0,0,0,0,10.00K,0.00K,43.0832,-91.1804,43.1661,-91.1804
201609,27,201609,28,661481,IOWA,Flood,JONES,0,0,0,0,100.00K,0.00K,42.2532,-91.5202,42.1911,-91.5913
201609,29,201609,30,661487,IOWA,Flood,LOUISA,0,0,0,0,100.00K,0.00K,41.25,-91.27,41.2223,-91.2971
201609,29,201609,30,661482,IOWA,Flood,CLINTON,0,0,0,0,100.00K,0.00K,41.984,-90.8954,41.8563,-90.8954
201609,22,201609,23,660307,IOWA,Flood,BUTLER,0,0,0,0,50.00K,0.00K,42.9063,-92.831,42.8856,-92.8273
201609,22,201609,23,660309,IOWA,Flood,BREMER,0,0,0,0,50.00K,0.00K,42.8327,-92.3437,42.8187,-92.3448
201609,22,201609,23,660310,IOWA,Flood,BUTLER,0,0,0,0,50.00K,0.00K,42.77,-92.67,42.7717,-92.6563
201609,28,201609,30,661485,IOWA,Flood,LOUISA,0,0,0,0,100.00K,0.00K,41.3304,-91.4148,41.2272,-91.2964
201609,22,201609,23,660311,IOWA,Flood,BUTLER,0,0,0,0,300.00K,0.00K,42.7953,-92.6846,42.7952,-92.6577
201609,22,201609,24,660500,IOWA,Flood,ALLAMAKEE,0,0,0,0,0.00K,0.00K,43.422,-91.5073,43.4266,-91.5194
201609,22,201609,23,660511,IOWA,Flood,WINNESHIEK,0,0,0,0,0.00K,0.00K,43.2095,-91.957,43.2102,-91.9558
201609,30,201609,30,661478,IOWA,Flood,DES MOINES,0,0,0,0,100.00K,0.00K,40.8564,-91.0983,40.6689,-91.1771
201609,25,201609,28,661494,IOWA,Flood,BENTON,0,0,0,0,100.00K,0.00K,42.3047,-92.2014,42.0075,-91.8299
201609,24,201609,26,661491,IOWA,Flood,BUCHANAN,0,0,0,0,100.00K,0.00K,42.5986,-92.0695,42.5273,-92.0723
201609,27,201609,30,661627,IOWA,Flood,CEDAR,0,0,0,0,250.00K,0.00K,41.8,-91.34,41.81,-91.29
201609,22,201609,24,660514,IOWA,Flood,FAYETTE,0,0,0,0,0.00K,0.00K,43.0422,-91.8211,43.0397,-91.8196
201609,22,201609,24,660524,IOWA,Flood,FAYETTE,0,0,0,0,0.00K,0.00K,43.0151,-91.684,43.0175,-91.6822
201609,21,201609,21,660607,IOWA,Flash Flood,MITCHELL,0,0,0,0,0.00K,0.00K,43.4979,-93.0229,43.213,-93.0229
201609,26,201609,30,661496,IOWA,Flood,LINN,0,0,0,0,2200.00K,0.00K,42.0049,-91.8237,41.6455,-91.2085
201609,21,201609,21,659351,IOWA,Flash Flood,CERRO GORDO,0,0,0,0,100.00K,0.00K,42.9976,-93.2114,42.9685,-93.2176
201609,9,201609,11,660316,IOWA,Flood,FAYETTE,0,0,0,0,0.00K,0.00K,43.0422,-91.8211,43.0397,-91.8196
201609,9,201609,12,660318,IOWA,Flood,CLAYTON,0,0,0,0,0.00K,0.00K,42.845,-91.4043,42.8445,-91.4052
201609,10,201609,12,660319,IOWA,Flood,CLAYTON,0,0,0,0,0.00K,0.00K,42.7386,-91.2686,42.7389,-91.2702
201609,25,201609,26,658435,IOWA,Flood,HAMILTON,0,0,0,0,0.00K,0.00K,42.3,-93.93,42.34,-93.8
201609,22,201609,23,659390,IOWA,Flood,BUTLER,0,0,0,0,50.00K,0.00K,42.77,-92.67,42.7518,-92.6697
201609,23,201609,29,658421,IOWA,Flood,BLACK HAWK,0,0,0,0,0.00K,0.00K,42.56,-92.38,42.51,-92.45
201609,21,201609,21,659354,IOWA,Flash Flood,CERRO GORDO,0,0,0,0,25.00K,0.00K,43.1608,-93.1912,43.1619,-93.1725
201609,21,201609,22,659355,IOWA,Flash Flood,BUTLER,0,0,0,0,200.00K,500.00K,42.9072,-92.8825,42.8368,-92.8853
201609,9,201609,11,660315,IOWA,Flood,WINNESHIEK,0,0,0,0,0.00K,0.00K,43.2095,-91.957,43.2102,-91.9558
201609,22,201609,30,658422,IOWA,Flood,BLACK HAWK,0,0,0,0,0.00K,0.00K,42.56,-92.38,42.62,-92.41
201609,24,201609,25,658424,IOWA,Flood,BLACK HAWK,0,0,0,0,0.00K,0.00K,42.48,-92.28,42.53,-92.38
201609,23,201609,26,658426,IOWA,Flood,BUTLER,0,0,0,0,0.00K,0.00K,42.69,-92.3,42.69,-92.49
201609,22,201609,23,658428,IOWA,Flood,CERRO GORDO,0,0,0,0,0.00K,0.00K,43.29,-93.28,43.28,-93.5
201609,22,201609,23,659700,IOWA,Flash Flood,STORY,0,0,0,0,0.00K,0.00K,42.02,-93.66,42.0367,-93.6648
201609,22,201609,23,659701,IOWA,Flash Flood,STORY,0,0,0,0,10.00K,0.00K,42.0263,-93.6412,42.0236,-93.6463
201609,22,201609,23,659702,IOWA,Flash Flood,STORY,0,0,0,0,10.00K,0.00K,42.01,-93.68,42.0116,-93.6015
201609,22,201609,22,659357,IOWA,Flash Flood,BUTLER,0,0,0,0,200.00K,0.00K,42.9053,-92.8287,42.903,-92.788
201609,22,201609,22,659358,IOWA,Flash Flood,BUTLER,0,0,0,0,0.00K,0.00K,42.9048,-92.8267,42.9041,-92.7896
201609,23,201609,27,658430,IOWA,Flood,WRIGHT,0,0,0,0,0.00K,0.00K,42.75,-93.67,42.63,-93.52
201609,22,201609,27,658432,IOWA,Flood,BUTLER,0,0,0,0,0.00K,0.00K,42.65,-92.49,42.69,-92.49
201609,27,201609,30,658434,IOWA,Flood,TAMA,0,0,0,0,0.00K,0.00K,42.0,-92.77,41.86,-92.3
201609,10,201609,13,658436,IOWA,Flood,BLACK HAWK,0,0,0,0,0.00K,0.00K,42.56,-92.38,42.62,-92.41
201609,17,201609,20,658437,IOWA,Flood,BLACK HAWK,0,0,0,0,0.00K,0.00K,42.56,-92.38,42.62,-92.41
201609,22,201609,23,659704,IOWA,Flash Flood,STORY,0,0,0,0,20.00K,0.00K,42.05,-93.64,42.0499,-93.6484
201609,22,201609,23,659705,IOWA,Flash Flood,STORY,0,0,0,0,30.00K,0.00K,42.03,-93.59,42.0616,-93.6035
201609,22,201609,23,659706,IOWA,Flash Flood,STORY,0,0,0,0,10.00K,0.00K,42.01,-93.64,42.0171,-93.6411
201609,23,201609,23,659714,IOWA,Flash Flood,WRIGHT,0,0,0,0,50.00K,200.00K,42.7536,-93.529,42.8391,-93.9671
201609,22,201609,22,659362,IOWA,Flash Flood,CERRO GORDO,0,0,0,0,50.00K,200.00K,42.9667,-93.1981,42.9969,-93.1987
201610,1,201610,2,658439,IOWA,Flood,TAMA,0,0,0,0,0.00K,0.00K,42.0,-92.77,41.86,-92.3
201610,28,201610,31,661670,IOWA,Flood,BLACK HAWK,0,0,0,0,0.00K,0.00K,42.56,-92.38,42.62,-92.41
201608,28,201608,29,658054,IOWA,Flash Flood,LOUISA,0,0,0,0,0.00K,0.00K,41.35,-91.47,41.3504,-91.4627
201608,10,201608,10,654549,IOWA,Flash Flood,DALLAS,0,0,0,0,0.00K,0.00K,41.69,-93.87,41.6868,-93.8699
201608,23,201608,25,656875,IOWA,Flood,WINNESHIEK,0,0,0,0,0.00K,0.00K,43.2095,-91.957,43.2102,-91.9558
201608,24,201608,26,656876,IOWA,Flood,FAYETTE,0,0,0,0,410.00K,0.00K,43.0422,-91.8211,43.0397,-91.8196
201608,28,201608,28,658053,IOWA,Flash Flood,WASHINGTON,0,0,0,0,50.00K,0.00K,41.29,-91.49,41.2901,-91.4865
201608,19,201608,19,655419,IOWA,Flash Flood,WEBSTER,0,0,0,0,0.00K,0.00K,42.5942,-94.018,42.5943,-94.0154
201608,24,201608,24,655462,IOWA,Flash Flood,WORTH,0,0,0,0,10.00K,0.00K,43.3323,-93.3757,43.3317,-93.3817
201608,24,201608,26,656877,IOWA,Flood,FAYETTE,0,0,0,0,200.00K,0.00K,43.0151,-91.684,43.0175,-91.6823
201608,24,201608,27,656878,IOWA,Flood,CLAYTON,0,0,0,0,63.00K,0.00K,42.845,-91.4043,42.8445,-91.4052
201608,26,201608,29,649135,IOWA,Flood,BLACK HAWK,0,0,0,0,100.00K,200.00K,42.56,-92.38,42.62,-92.41
201608,25,201608,27,656879,IOWA,Flood,CLAYTON,0,0,0,0,45.00K,0.00K,42.7386,-91.2686,42.7377,-91.269
201608,24,201608,24,656880,IOWA,Flood,FAYETTE,0,0,0,0,50.00K,0.00K,43.0613,-92.0375,43.0641,-92.03
201608,11,201608,12,656652,IOWA,Flash Flood,JOHNSON,0,0,0,0,0.00K,0.00K,41.84,-91.7,41.848,-91.7018
201608,24,201608,24,656882,IOWA,Flood,WINNESHIEK,0,0,0,0,0.00K,0.00K,43.3982,-91.9125,43.4042,-91.899
201608,24,201608,24,656883,IOWA,Flood,WINNESHIEK,0,0,0,0,0.00K,0.00K,43.2995,-91.8051,43.298,-91.8052
201608,11,201608,12,656654,IOWA,Flash Flood,JOHNSON,0,0,0,0,1.50M,0.00K,41.84,-91.7,41.8492,-91.7021
201608,11,201608,12,656656,IOWA,Flash Flood,LINN,0,0,0,0,0.00K,0.00K,42.05,-91.68,42.0469,-91.6803
201608,12,201608,12,656659,IOWA,Flash Flood,CEDAR,0,0,0,0,0.00K,0.00K,41.67,-90.93,41.6519,-90.9287
201608,12,201608,12,656661,IOWA,Flash Flood,JOHNSON,0,0,0,0,0.00K,0.00K,41.84,-91.7,41.8516,-91.7055
201608,23,201608,24,655763,IOWA,Flash Flood,WINNESHIEK,0,0,0,0,1.80M,0.00K,43.1925,-91.8536,43.1968,-91.8747
201608,24,201608,26,656885,IOWA,Flood,ALLAMAKEE,0,0,0,0,0.00K,0.00K,43.422,-91.5073,43.4266,-91.5194
201608,24,201608,24,656887,IOWA,Flood,FLOYD,0,0,0,0,0.00K,0.00K,43.2117,-92.8048,43.2126,-92.808
201608,29,201608,29,656461,IOWA,Flash Flood,STORY,0,0,0,0,20.00K,0.00K,42.0,-93.63,41.9989,-93.6106
201608,23,201608,24,655764,IOWA,Flash Flood,WINNESHIEK,0,0,0,0,3.01M,0.00K,43.2857,-91.7242,43.287,-91.8031
201608,23,201608,24,656484,IOWA,Flood,CHICKASAW,0,0,0,0,0.00K,0.00K,43.0609,-92.5284,43.0608,-92.5251
201608,24,201608,25,656889,IOWA,Flood,FLOYD,0,0,0,0,0.00K,0.00K,43.0691,-92.6844,43.0726,-92.6835
201608,24,201608,24,656658,IOWA,Flash Flood,CHICKASAW,0,0,1,0,10.00K,0.00K,43.1496,-92.1405,43.1505,-92.1407
201608,28,201608,28,656450,IOWA,Flash Flood,RINGGOLD,0,0,0,0,20.00K,0.00K,40.8341,-94.318,40.8203,-94.3147
201608,23,201608,24,656485,IOWA,Flash Flood,MITCHELL,0,0,0,0,50.00K,0.00K,43.452,-92.7862,43.2977,-92.8293
201608,24,201608,24,656486,IOWA,Flash Flood,ALLAMAKEE,0,0,0,0,513.00K,0.00K,43.3597,-91.2141,43.4118,-91.2579
201608,29,201608,29,656459,IOWA,Flash Flood,STORY,0,0,0,0,20.00K,0.00K,42.0279,-93.4672,42.0311,-93.4343
201608,24,201608,24,656487,IOWA,Flash Flood,ALLAMAKEE,0,0,0,0,400.00K,0.00K,43.2971,-91.4964,43.2367,-91.4955
201608,4,201608,4,654610,IOWA,Flash Flood,CLINTON,0,0,0,0,0.00K,0.00K,41.84,-90.23,41.8143,-90.2249
201608,24,201608,24,656510,IOWA,Flood,MITCHELL,0,0,0,0,220.00K,0.00K,43.4984,-93.0222,43.2146,-93.0222
201608,11,201608,11,656649,IOWA,Flash Flood,LINN,0,0,0,0,0.00K,0.00K,41.96,-91.66,41.9604,-91.6571
201608,11,201608,12,656650,IOWA,Flash Flood,IOWA,0,0,0,0,0.00K,0.00K,41.8,-92.07,41.7944,-92.0507
201608,24,201608,24,656516,IOWA,Flood,HOWARD,0,0,0,0,470.00K,0.00K,43.4977,-92.5505,43.2162,-92.5505
201608,23,201608,24,656517,IOWA,Flood,CHICKASAW,0,0,0,0,20.00K,0.00K,43.2114,-92.5518,42.9094,-92.5518
201608,11,201608,12,656651,IOWA,Flash Flood,BUCHANAN,0,0,0,0,0.00K,0.00K,42.31,-92.0,42.3107,-91.9971
201608,24,201608,24,656524,IOWA,Flood,WINNESHIEK,0,0,0,0,0.00K,0.00K,43.2615,-91.6947,43.2608,-91.6927
201608,1,201608,1,650435,IOWA,Flash Flood,RINGGOLD,0,0,0,0,5.00K,0.00K,40.7246,-94.2524,40.725,-94.2212
201607,18,201607,18,643926,IOWA,Flood,PAGE,0,0,0,0,0.00K,0.00K,40.8393,-95.0091,40.8248,-95.0482
201610,1,201610,3,658438,IOWA,Flood,BLACK HAWK,0,0,0,0,0.00K,0.00K,42.56,-92.38,42.62,-92.41
201610,1,201610,1,661831,IOWA,Flood,CLAYTON,0,0,0,0,0.00K,0.00K,43.0296,-91.1737,43.0298,-91.1719
201610,27,201610,27,661836,IOWA,Flood,MITCHELL,0,0,0,0,0.00K,0.00K,43.2895,-92.8555,43.2905,-92.8537
201610,27,201610,27,661837,IOWA,Flood,FLOYD,0,0,0,0,0.00K,0.00K,43.0691,-92.6844,43.0725,-92.6835
201607,23,201607,23,646934,IOWA,Flash Flood,WINNESHIEK,0,0,0,0,0.00K,0.00K,43.4338,-92.011,43.4399,-92.0023
201607,23,201607,23,646938,IOWA,Flash Flood,CHICKASAW,0,0,0,0,0.00K,0.00K,43.0691,-92.1881,43.07,-92.193
201607,23,201607,23,650122,IOWA,Flash Flood,CLAYTON,0,0,0,0,35.00K,0.00K,42.9603,-91.2298,42.9651,-91.226
201607,23,201607,24,651860,IOWA,Flood,WINNESHIEK,0,0,0,0,0.00K,0.00K,43.2095,-91.9571,43.2103,-91.9559
201607,23,201607,24,651866,IOWA,Flood,FAYETTE,0,0,0,0,0.00K,0.00K,43.0422,-91.8212,43.0398,-91.8196
201607,24,201607,25,651867,IOWA,Flood,CLAYTON,0,0,0,0,0.00K,0.00K,42.845,-91.4043,42.8445,-91.4052
201610,1,201610,1,661777,IOWA,Flood,MUSCATINE,0,0,0,0,0.00K,0.00K,41.638,-91.2064,41.3523,-91.3857
201610,1,201610,5,661673,IOWA,Flood,CLINTON,0,0,0,0,0.00K,0.00K,41.984,-90.8954,41.8563,-90.8954
201610,1,201610,2,661778,IOWA,Flood,LOUISA,0,0,0,0,0.00K,0.00K,41.3304,-91.4148,41.2272,-91.2964
201610,1,201610,2,661779,IOWA,Flood,LOUISA,0,0,0,0,0.00K,0.00K,41.25,-91.27,41.2223,-91.2971
201610,1,201610,6,661785,IOWA,Flood,DES MOINES,0,0,0,0,0.00K,0.00K,40.8564,-91.0983,40.6689,-91.1771
201606,22,201606,22,644606,IOWA,Flash Flood,LINN,0,0,0,0,0.00K,0.00K,41.9531,-91.66,41.9322,-91.6418
201606,14,201606,14,644317,IOWA,Flash Flood,DUBUQUE,0,0,0,0,0.00K,0.00K,42.5,-90.81,42.4296,-90.8102
201606,14,201606,15,644325,IOWA,Flash Flood,JACKSON,0,0,0,0,0.00K,0.00K,42.1168,-90.5466,42.2911,-90.6633
201607,23,201607,23,653376,IOWA,Flash Flood,BUCHANAN,0,0,0,0,2000.00K,500.00K,42.4782,-91.9037,42.4602,-91.9041
201607,23,201607,23,653364,IOWA,Flash Flood,JONES,0,0,0,0,1000.00K,1000.00K,42.2509,-91.2037,42.2207,-91.2047
201606,22,201606,22,644618,IOWA,Flash Flood,JOHNSON,0,0,0,0,0.00K,0.00K,41.67,-91.55,41.6206,-91.5429
201607,29,201607,29,653394,IOWA,Flash Flood,LOUISA,0,0,0,0,2000.00K,500.00K,41.3691,-91.4976,41.3472,-91.4948
201607,23,201607,23,653367,IOWA,Flash Flood,DUBUQUE,0,0,0,0,500.00K,500.00K,42.542,-90.7237,42.4833,-90.7244
201607,23,201607,23,653370,IOWA,Flash Flood,BUCHANAN,0,0,0,0,500.00K,500.00K,42.4792,-91.9181,42.4562,-91.9195
201607,23,201607,23,650097,IOWA,Flash Flood,CLAYTON,0,0,0,0,200.00K,0.00K,42.9395,-91.188,42.9385,-91.1881
201701,18,201701,21,677839,IOWA,Flood,DES MOINES,0,0,0,0,5.00K,0.00K,40.8564,-91.0928,40.6689,-91.1771
201705,23,201705,24,699937,IOWA,Flood,EMMET,0,0,0,0,20.00K,50.00K,43.26,-94.83,43.26,-94.71
201705,23,201705,25,699936,IOWA,Flood,POLK,0,0,0,0,10.00K,0.00K,41.59,-93.56,41.59,-93.66
201703,9,201703,10,691793,IOWA,Flood,BLACK HAWK,0,0,0,0,0.00K,0.00K,42.56,-92.38,42.62,-92.41
201705,15,201705,15,693165,IOWA,Flash Flood,HANCOCK,0,0,0,0,10.00K,0.00K,42.96,-93.56,42.9621,-93.5548
201705,21,201705,22,699925,IOWA,Flood,POLK,0,0,0,0,10.00K,0.00K,41.57,-93.61,41.59,-93.62
201705,21,201705,22,699935,IOWA,Flood,POLK,0,0,0,0,10.00K,0.00K,41.59,-93.56,41.59,-93.66
201705,24,201705,24,699926,IOWA,Flood,POLK,0,0,0,0,0.00K,0.00K,41.57,-93.61,41.59,-93.62
201705,22,201705,24,699938,IOWA,Flood,DALLAS,0,0,0,0,10.00K,50.00K,41.59,-94.03,41.61,-93.94
201705,15,201705,15,693151,IOWA,Flash Flood,CERRO GORDO,0,0,0,0,0.00K,0.00K,42.9794,-93.3413,42.979,-93.3393
201704,5,201704,7,691794,IOWA,Flood,WAPELLO,0,0,0,0,0.00K,0.00K,40.87,-92.21,40.92,-92.2
201705,24,201705,31,702319,IOWA,Flood,CLAYTON,0,0,0,0,0.00K,0.00K,43.0296,-91.1737,43.0298,-91.1719
201705,25,201705,31,702321,IOWA,Flood,CLAYTON,0,0,0,0,0.00K,0.00K,42.8205,-91.104,42.8264,-91.0825
201702,22,201702,26,679415,IOWA,Flood,BLACK HAWK,0,0,0,0,10.00K,0.00K,42.56,-92.38,42.62,-92.41
201704,14,201704,15,688587,IOWA,Flash Flood,WINNESHIEK,0,0,0,0,10.00K,0.00K,43.2516,-91.9683,43.2511,-91.9681
201704,14,201704,15,688588,IOWA,Flash Flood,WINNESHIEK,0,0,0,0,0.00K,0.00K,43.3092,-91.7757,43.3102,-91.7778
201706,1,201706,1,705501,IOWA,Flood,CLAYTON,0,0,0,0,3.00K,2.00K,43.0296,-91.1737,43.0298,-91.1719
201706,28,201706,28,705006,IOWA,Flash Flood,FAYETTE,0,0,0,0,0.00K,0.00K,42.82,-91.88,42.8201,-91.8774
201706,28,201706,30,705506,IOWA,Flood,CLAYTON,0,0,0,0,0.00K,0.00K,42.7517,-91.3814,42.7511,-91.382
201706,28,201706,29,705507,IOWA,Flood,CLAYTON,0,0,0,0,0.00K,0.00K,42.845,-91.4043,42.8445,-91.4052
201706,29,201706,30,705508,IOWA,Flood,CLAYTON,0,0,0,0,0.00K,0.00K,42.7386,-91.2686,42.7389,-91.2701
201707,22,201707,22,713647,IOWA,Flash Flood,FLOYD,0,0,0,0,100.00K,6.90M,42.9504,-93.0244,42.9087,-93.0244
201707,21,201707,21,713651,IOWA,Flash Flood,FAYETTE,0,0,0,0,0.00K,0.00K,42.8646,-92.0813,42.8332,-92.0815
201707,21,201707,23,715491,IOWA,Flood,CLAYTON,0,0,0,0,0.00K,0.00K,42.7386,-91.2686,42.7389,-91.2701
201707,21,201707,21,713680,IOWA,Flash Flood,CHICKASAW,0,0,0,0,20.00K,0.00K,42.9401,-92.2735,42.9733,-92.233
201707,12,201707,12,714588,IOWA,Flood,CLAYTON,0,0,0,0,8.00K,3.00K,42.7386,-91.2686,42.7389,-91.2701
201707,22,201707,22,713110,IOWA,Flash Flood,CHICKASAW,0,0,0,0,350.00K,5.70M,43.1082,-92.5532,42.9094,-92.5532
201707,22,201707,22,713116,IOWA,Flash Flood,FAYETTE,0,0,0,0,1.00M,8.60M,43.0469,-92.0798,42.6471,-92.0798
201707,21,201707,23,714602,IOWA,Flood,CLAYTON,0,0,0,0,0.00K,0.00K,42.7517,-91.3814,42.7511,-91.382
201707,22,201707,23,713656,IOWA,Flood,FAYETTE,0,0,0,0,1.08M,4.10M,43.0469,-92.0798,42.6471,-92.0798
201707,22,201707,23,714518,IOWA,Flood,CLAYTON,0,0,0,0,0.00K,0.00K,42.845,-91.4043,42.8445,-91.4052
201707,21,201707,22,712806,IOWA,Flash Flood,CLAYTON,0,0,0,0,950.00K,11.20M,42.9046,-91.1552,42.972,-91.6056
201707,11,201707,12,708331,IOWA,Flash Flood,CLAYTON,0,0,0,0,59.00K,8.00K,42.6681,-91.2003,42.6471,-91.133
201709,21,201709,21,722710,IOWA,Flash Flood,SCOTT,0,0,0,0,0.00K,0.00K,41.5919,-90.6441,41.5127,-90.6043
201704,15,201704,15,688264,IOWA,Flash Flood,LINN,0,0,0,0,0.00K,0.00K,41.97,-91.67,41.9667,-91.7043
201708,21,201708,21,717340,IOWA,Flash Flood,AUDUBON,0,0,0,0,0.00K,0.00K,41.7108,-94.9266,41.7069,-94.9245
201707,12,201707,12,716151,IOWA,Flash Flood,DUBUQUE,0,0,0,0,0.00K,0.00K,42.559,-90.7285,42.5546,-90.7117
201707,12,201707,12,716153,IOWA,Flash Flood,DUBUQUE,0,0,0,0,0.00K,0.00K,42.5615,-90.7753,42.5603,-90.7732
201707,30,201707,31,716595,IOWA,Flood,CLINTON,0,0,0,0,10.00K,0.00K,41.7873,-90.6306,41.7341,-90.6299
201707,23,201707,23,716570,IOWA,Flood,BUCHANAN,0,0,0,0,50.00K,0.00K,42.5001,-91.9819,42.4065,-91.8681
201707,22,201707,22,716169,IOWA,Flash Flood,CLINTON,0,0,0,0,0.00K,0.00K,41.8783,-90.2891,41.8369,-90.2959
201706,29,201706,29,706561,IOWA,Flash Flood,FRANKLIN,0,0,0,0,0.00K,0.00K,42.632,-93.252,42.6314,-93.2385
201706,29,201706,29,706563,IOWA,Flash Flood,FRANKLIN,0,0,0,0,0.00K,0.00K,42.6307,-93.1975,42.6309,-93.2087
201706,29,201706,30,706576,IOWA,Flash Flood,FRANKLIN,0,0,0,0,0.00K,0.00K,42.7773,-93.3443,42.7546,-93.345
201710,6,201710,19,723236,IOWA,Flood,EMMET,0,0,0,0,80.00K,0.00K,43.26,-94.83,43.26,-94.71
201707,22,201707,22,713958,IOWA,Flash Flood,BREMER,0,0,0,0,100.00K,0.00K,42.8601,-92.1114,42.8452,-92.1113
201707,22,201707,22,713961,IOWA,Flash Flood,BREMER,0,0,0,0,0.00K,0.00K,42.8536,-92.2265,42.8516,-92.085
201707,22,201707,22,713960,IOWA,Flash Flood,BREMER,0,0,0,0,50.00K,0.00K,42.86,-92.11,42.8596,-92.0859
201707,21,201707,21,713954,IOWA,Flash Flood,BREMER,0,0,0,0,0.00K,0.00K,42.836,-92.1853,42.8306,-92.1855
201707,21,201707,21,713955,IOWA,Flash Flood,BREMER,0,0,0,0,0.00K,0.00K,42.7834,-92.0895,42.7836,-92.0819
201707,22,201707,22,713963,IOWA,Flash Flood,BREMER,0,0,0,0,0.00K,0.00K,42.8091,-92.3431,42.8088,-92.3298
201707,22,201707,22,713962,IOWA,Flash Flood,BREMER,0,0,0,0,50.00K,0.00K,42.8609,-92.0826,42.8409,-92.0847
201707,22,201707,22,713964,IOWA,Flash Flood,BREMER,0,0,0,0,0.00K,0.00K,42.7223,-92.1832,42.7206,-92.1633
201707,21,201707,22,716158,IOWA,Flash Flood,DELAWARE,0,0,0,0,0.00K,0.00K,42.6305,-91.5676,42.6141,-91.5692
201707,22,201707,22,716159,IOWA,Flash Flood,DUBUQUE,0,0,0,0,0.00K,0.00K,42.5695,-90.789,42.5565,-90.7902
201707,22,201707,22,716160,IOWA,Flash Flood,DUBUQUE,0,0,0,0,0.00K,0.00K,42.5604,-90.8174,42.5572,-90.8168
201707,22,201707,22,716161,IOWA,Flash Flood,DUBUQUE,0,0,0,0,0.00K,0.00K,42.4961,-90.8993,42.4938,-90.9035
201707,22,201707,22,716162,IOWA,Flash Flood,JACKSON,0,0,0,0,1.00K,0.00K,42.17,-90.88,42.1627,-90.8706
201707,22,201707,22,716164,IOWA,Flash Flood,CLINTON,0,0,0,0,0.00K,0.00K,41.84,-90.23,41.8302,-90.1833
201707,22,201707,22,716163,IOWA,Flash Flood,DELAWARE,0,0,0,0,1.00K,0.00K,42.6329,-91.5535,42.6265,-91.5531
201707,20,201707,20,716154,IOWA,Flash Flood,HENRY,0,0,0,0,0.00K,0.00K,40.9725,-91.5602,40.9566,-91.564
201707,20,201707,20,716155,IOWA,Flash Flood,HENRY,0,0,0,0,0.00K,0.00K,40.989,-91.5868,40.9468,-91.5958
201707,12,201707,12,716149,IOWA,Flash Flood,DUBUQUE,0,0,0,0,0.00K,0.00K,42.5511,-90.7656,42.4813,-90.7629
201707,22,201707,23,716173,IOWA,Flood,BUCHANAN,0,0,0,0,5.00K,0.00K,42.6488,-92.0513,42.635,-92.0581
201707,21,201707,21,716156,IOWA,Flash Flood,JOHNSON,0,0,0,0,0.00K,0.00K,41.6568,-91.5398,41.6637,-91.5875
201707,21,201707,21,716157,IOWA,Flash Flood,JOHNSON,0,0,0,0,0.00K,0.00K,41.6781,-91.5614,41.6473,-91.5621
201805,12,201805,13,755398,IOWA,Flood,PALO ALTO,0,0,0,0,0.00K,0.00K,43.09,-94.75,42.79,-94.44
201805,13,201805,17,755399,IOWA,Flood,HUMBOLDT,0,0,0,0,0.00K,0.00K,42.65,-94.16,42.72,-94.2
201805,24,201805,27,755400,IOWA,Flood,EMMET,0,0,0,0,50.00K,0.00K,43.26,-94.83,43.26,-94.71
201803,29,201803,31,759911,IOWA,Flood,CLAY,0,0,0,0,0.00K,0.00K,43.2554,-95.2648,43.21,-95.28
201803,28,201803,31,759914,IOWA,Flood,CLAY,0,0,0,0,0.00K,0.00K,43.15,-95.18,43.1,-95.1
201803,30,201803,31,759916,IOWA,Flood,BUENA VISTA,0,0,0,0,0.00K,0.00K,42.9098,-95.0902,42.9099,-95.386
201803,30,201803,31,759918,IOWA,Flood,CLAY,0,0,0,0,0.00K,0.00K,43.02,-95.1,42.93,-95.2
201803,30,201803,31,759920,IOWA,Flood,O'BRIEN,0,0,0,0,0.00K,0.00K,42.96,-95.43,42.9394,-95.4123
201804,22,201804,30,772095,IOWA,Flood,SIOUX,0,0,0,0,0.00K,0.00K,43.26,-96.5528,43.2307,-96.5457
201804,21,201804,30,772097,IOWA,Flood,PLYMOUTH,0,0,0,0,0.00K,0.00K,42.9085,-96.5382,42.8245,-96.578
201804,22,201804,25,772117,IOWA,Flood,LYON,0,0,0,0,0.00K,0.00K,43.5,-96.25,43.41,-96.19
201804,1,201804,5,771735,IOWA,Flood,SIOUX,0,0,0,0,0.00K,0.00K,43.08,-96.4545,43.0451,-96.5121
201804,1,201804,4,771736,IOWA,Flood,PLYMOUTH,0,0,0,0,0.00K,0.00K,42.9085,-96.5382,42.8245,-96.578
201804,21,201804,30,772093,IOWA,Flood,LYON,0,0,0,0,0.00K,0.00K,43.5,-96.5986,43.4825,-96.5849
201804,22,201804,30,772094,IOWA,Flood,LYON,0,0,0,0,0.00K,0.00K,43.385,-96.521,43.292,-96.529
201801,22,201801,22,731067,IOWA,Flood,WINNESHIEK,0,0,0,0,0.00K,0.00K,43.2847,-92.0227,43.2844,-92.0227
201801,22,201801,22,731064,IOWA,Flood,WINNESHIEK,0,0,0,0,0.00K,0.00K,43.427,-92.0043,43.4265,-92.0043
201801,22,201801,22,731066,IOWA,Flood,WINNESHIEK,0,0,0,0,0.00K,0.00K,43.4622,-92.0278,43.4624,-92.0269
201801,22,201801,23,731059,IOWA,Flood,CLAYTON,0,0,0,0,0.00K,0.00K,42.845,-91.4043,42.8445,-91.4052
201802,28,201802,28,738542,IOWA,Flood,BLACK HAWK,0,0,0,0,0.00K,0.00K,42.48,-92.28,42.53,-92.38
201803,3,201803,5,746820,IOWA,Flood,WEBSTER,0,0,0,0,100.00K,0.00K,42.42,-94.21,42.3,-94.05
201803,27,201803,31,746821,IOWA,Flood,EMMET,0,0,0,0,100.00K,0.00K,43.26,-94.83,43.26,-94.71
201804,1,201804,3,771725,IOWA,Flood,CLAY,0,0,0,0,0.00K,0.00K,43.2554,-95.2648,43.21,-95.28
201804,1,201804,4,771728,IOWA,Flood,BUENA VISTA,0,0,0,0,0.00K,0.00K,42.9098,-95.0902,42.9099,-95.386
201804,1,201804,4,771729,IOWA,Flood,O'BRIEN,0,0,0,0,0.00K,0.00K,42.96,-95.43,42.9394,-95.4123
201804,1,201804,3,771724,IOWA,Flood,DICKINSON,0,0,0,0,0.00K,0.00K,43.41,-95.27,43.3,-95.25
201804,1,201804,4,771726,IOWA,Flood,CLAY,0,0,0,0,0.00K,0.00K,43.15,-95.18,43.1,-95.1
201804,1,201804,4,771727,IOWA,Flood,CLAY,0,0,0,0,0.00K,0.00K,43.02,-95.1,42.93,-95.2
201804,15,201804,15,749280,IOWA,Flood,FLOYD,0,0,0,0,0.00K,0.00K,43.0691,-92.6844,43.0725,-92.6835
201804,17,201804,30,771741,IOWA,Flood,BUENA VISTA,0,0,0,0,0.00K,0.00K,42.9098,-95.0902,42.9099,-95.386
201804,25,201804,26,771744,IOWA,Flood,DICKINSON,0,0,0,0,0.00K,0.00K,43.501,-95.2208,43.43,-95.28
201804,14,201804,30,771737,IOWA,Flood,DICKINSON,0,0,0,0,0.00K,0.00K,43.41,-95.27,43.3,-95.25
201804,14,201804,30,771738,IOWA,Flood,CLAY,0,0,0,0,0.00K,0.00K,42.2554,-95.2648,42.21,-95.28
201804,21,201804,30,772096,IOWA,Flood,SIOUX,0,0,0,0,0.00K,0.00K,43.08,-96.4545,43.0451,-96.5121
201804,14,201804,30,771739,IOWA,Flood,CLAY,0,0,0,0,0.00K,0.00K,43.15,-95.18,43.1,-95.1
201804,17,201804,30,771740,IOWA,Flood,CLAY,0,0,0,0,0.00K,0.00K,43.02,-95.1,42.93,-95.2
201804,14,201804,30,751719,IOWA,Flood,EMMET,0,0,0,0,200.00K,0.00K,43.26,-94.83,43.26,-94.71
201804,16,201804,18,751720,IOWA,Flood,BLACK HAWK,0,0,0,0,100.00K,0.00K,42.56,-92.38,42.62,-92.41
201804,17,201804,30,771742,IOWA,Flood,O'BRIEN,0,0,0,0,0.00K,0.00K,42.96,-95.43,42.9394,-95.4123
201804,14,201804,14,751721,IOWA,Flood,CERRO GORDO,0,0,0,0,25.00K,0.00K,43.29,-93.28,43.28,-93.5
201804,15,201804,15,771743,IOWA,Flood,CLAY,0,0,0,0,0.00K,0.00K,43.13,-95.29,43.11,-95.2
201804,22,201804,25,771745,IOWA,Flood,CLAY,0,0,0,0,0.00K,0.00K,43.13,-95.29,43.11,-95.2
201804,25,201804,29,771746,IOWA,Flood,O'BRIEN,0,0,0,0,0.00K,0.00K,42.96,-95.43,42.9365,-95.439
201804,25,201804,29,771747,IOWA,Flood,CHEROKEE,0,0,0,0,0.00K,0.00K,42.91,-95.47,42.7,-95.64
201804,25,201804,28,751722,IOWA,Flood,EMMET,0,0,0,0,100.00K,0.00K,43.09,-94.75,42.79,-94.44
201804,29,201804,30,751723,IOWA,Flood,EMMET,0,0,0,0,100.00K,0.00K,43.09,-94.75,42.79,-94.44
201804,23,201804,30,751724,IOWA,Flood,HUMBOLDT,0,0,0,0,100.00K,0.00K,42.65,-94.16,42.72,-94.2
201804,24,201804,26,751725,IOWA,Flood,BLACK HAWK,0,0,0,0,100.00K,0.00K,42.56,-92.38,42.62,-92.41
201804,1,201804,9,751718,IOWA,Flood,EMMET,0,0,0,0,200.00K,0.00K,43.26,-94.83,43.26,-94.71
201806,9,201806,9,768811,IOWA,Flash Flood,LINN,0,0,0,0,0.00K,0.00K,41.98,-91.67,41.9896,-91.606
201806,9,201806,9,768820,IOWA,Flash Flood,DELAWARE,0,0,0,0,0.00K,0.00K,42.5,-91.46,42.4876,-91.4351
201806,9,201806,9,758828,IOWA,Flash Flood,FAYETTE,0,0,0,0,6.00K,0.00K,42.7499,-91.9813,42.7167,-91.9689
201806,20,201806,29,769897,IOWA,Flood,LYON,0,0,0,0,0.00K,0.00K,43.5,-96.25,43.41,-96.19
201806,21,201806,28,770354,IOWA,Flood,LYON,0,0,0,0,0.00K,0.00K,43.34,-96.25,43.2581,-96.3774
201806,21,201806,28,770355,IOWA,Flood,SIOUX,0,0,0,0,0.00K,0.00K,43.2581,-96.3774,43.25,-96.39
201806,25,201806,25,770450,IOWA,Flood,PLYMOUTH,0,0,0,0,0.00K,0.00K,42.79,-96.39,42.74,-96.39
201806,21,201806,21,770373,IOWA,Flood,O'BRIEN,0,0,0,0,0.00K,0.00K,43.25,-95.84,43.2054,-95.8622
201806,21,201806,21,770433,IOWA,Flood,SIOUX,0,0,0,0,0.00K,0.00K,43.2054,-95.8622,43.07,-95.96
201806,21,201806,28,770434,IOWA,Flood,O'BRIEN,0,0,0,0,0.00K,0.00K,43.07,-95.96,43.0,-96.03
201806,22,201806,28,770435,IOWA,Flood,PLYMOUTH,0,0,0,0,0.00K,0.00K,42.91,-96.1,42.82,-96.2
201806,25,201806,28,770439,IOWA,Flood,PLYMOUTH,0,0,0,0,0.00K,0.00K,42.75,-96.23,42.72,-96.27
201806,21,201806,27,770441,IOWA,Flood,SIOUX,0,0,0,0,0.00K,0.00K,42.9093,-96.1754,42.9302,-96.163
201806,21,201806,27,770442,IOWA,Flood,PLYMOUTH,0,0,0,0,0.00K,0.00K,42.9093,-96.1856,42.7508,-96.2491
201806,20,201806,20,756012,IOWA,Flash Flood,SCOTT,0,0,0,0,0.00K,0.00K,41.5938,-90.6345,41.5157,-90.6108
201806,21,201806,29,768717,IOWA,Flood,LYON,0,0,0,0,0.00K,0.00K,43.385,-96.521,43.292,-96.529
201806,9,201806,9,750789,IOWA,Flash Flood,CLINTON,0,0,0,0,0.00K,0.00K,41.963,-90.4808,41.96,-90.4788
201806,9,201806,9,750790,IOWA,Flash Flood,JACKSON,0,0,0,0,0.00K,0.00K,42.0629,-90.4343,42.0452,-90.4339
201806,9,201806,10,768816,IOWA,Flash Flood,BUCHANAN,0,0,0,0,0.00K,0.00K,42.6352,-92.0569,42.3887,-92.0431
201806,9,201806,9,750791,IOWA,Flash Flood,JACKSON,0,0,0,0,0.00K,0.00K,42.19,-90.66,42.1889,-90.6478
201803,29,201803,31,760267,IOWA,Flood,PLYMOUTH,0,0,0,0,0.00K,0.00K,42.9085,-96.5382,42.8245,-96.578
201803,24,201803,31,760274,IOWA,Flood,SIOUX,0,0,0,0,0.00K,0.00K,43.08,-96.4545,43.0451,-96.5121
201803,4,201803,6,759737,IOWA,Flood,DICKINSON,0,0,0,0,0.00K,0.00K,43.41,-95.27,43.3,-95.25
201803,5,201803,8,759741,IOWA,Flood,CLAY,0,0,0,0,0.00K,0.00K,43.15,-95.18,43.1,-95.1
201807,1,201807,1,773293,IOWA,Flood,CLAYTON,0,0,0,0,0.00K,0.00K,43.0296,-91.1737,43.0298,-91.1719
201803,14,201803,25,759858,IOWA,Flood,DICKINSON,0,0,0,0,0.00K,0.00K,43.41,-95.27,43.3,-95.25
201803,14,201803,25,759860,IOWA,Flood,CLAY,0,0,0,0,0.00K,0.00K,43.2554,-95.2648,43.21,-95.28
201803,15,201803,26,759868,IOWA,Flood,CLAY,0,0,0,0,0.00K,0.00K,43.15,-95.18,43.1,-95.1
201803,4,201803,6,759738,IOWA,Flood,CLAY,0,0,0,0,0.00K,0.00K,43.2554,-95.2648,43.21,-95.28
201809,3,201809,4,781405,IOWA,Flash Flood,ALLAMAKEE,0,0,0,0,0.00K,0.00K,43.3632,-91.6091,43.5,-91.6091
201803,6,201803,7,759742,IOWA,Flood,CLAY,0,0,0,0,0.00K,0.00K,43.13,-95.29,43.11,-95.2
201809,4,201809,7,785717,IOWA,Flood,CLAYTON,0,0,0,0,0.00K,0.00K,42.7386,-91.2686,42.7389,-91.2701
201809,20,201809,20,784819,IOWA,Flash Flood,CLAY,0,0,0,0,0.00K,0.00K,43.1878,-95.3855,43.179,-95.3847
201809,20,201809,20,784820,IOWA,Flash Flood,SIOUX,0,0,0,0,0.00K,0.00K,43.0126,-96.0627,43.0094,-96.0615
201809,20,201809,20,784821,IOWA,Flash Flood,CLAY,0,0,0,0,0.00K,0.00K,43.1698,-95.1877,43.1557,-95.1842
201809,20,201809,20,784822,IOWA,Flash Flood,SIOUX,0,0,0,0,0.00K,0.00K,43.0774,-95.9113,43.0757,-95.9062
201809,20,201809,20,784823,IOWA,Flash Flood,O'BRIEN,0,0,0,0,0.00K,0.00K,43.1839,-95.4792,43.1793,-95.4805
201807,1,201807,6,772978,IOWA,Flood,DICKINSON,0,0,0,0,0.00K,0.00K,43.4,-95.26,43.42,-95.24
201807,4,201807,9,772980,IOWA,Flood,DICKINSON,0,0,0,0,0.00K,0.00K,43.43,-95.18,43.35,-95.18
201807,5,201807,5,772981,IOWA,Flood,DICKINSON,0,0,0,0,0.00K,0.00K,43.38,-95.14,43.36,-95.14
201803,9,201803,10,759765,IOWA,Flood,DICKINSON,0,0,0,0,0.00K,0.00K,43.41,-95.27,43.3,-95.25
201803,6,201803,9,759799,IOWA,Flood,SIOUX,0,0,0,0,0.00K,0.00K,43.08,-96.4545,43.0439,-96.5107
201803,9,201803,10,759766,IOWA,Flood,CLAY,0,0,0,0,0.00K,0.00K,43.2554,-95.2648,43.21,-95.28
201803,8,201803,8,759800,IOWA,Flood,PLYMOUTH,0,0,0,0,0.00K,0.00K,42.9085,-96.5382,42.8245,-96.578
201803,6,201803,7,759850,IOWA,Flood,LYON,0,0,0,0,0.00K,0.00K,43.5,-96.25,43.41,-96.19
201807,1,201807,2,772983,IOWA,Flood,O'BRIEN,0,0,0,0,0.00K,0.00K,43.01,-95.44,42.99,-95.45
201807,1,201807,8,772984,IOWA,Flood,CLAY,0,0,0,0,0.00K,0.00K,43.13,-95.29,43.11,-95.2
201807,1,201807,8,772986,IOWA,Flood,DICKINSON,0,0,0,0,0.00K,0.00K,43.501,-95.2208,43.43,-95.28
201807,1,201807,20,772987,IOWA,Flood,DICKINSON,0,0,0,0,0.00K,0.00K,43.41,-95.27,43.3,-95.25
201803,19,201803,20,759890,IOWA,Flood,BUENA VISTA,0,0,0,0,0.00K,0.00K,42.9098,-95.0902,42.9099,-95.386
201803,19,201803,20,759891,IOWA,Flood,O'BRIEN,0,0,0,0,0.00K,0.00K,42.96,-95.43,42.9395,-95.4122
201803,19,201803,20,759885,IOWA,Flood,CLAY,0,0,0,0,0.00K,0.00K,43.02,-95.1,42.93,-95.2
201803,29,201803,31,759904,IOWA,Flood,DICKINSON,0,0,0,0,0.00K,0.00K,43.41,-95.27,43.3,-95.25
201807,1,201807,20,772988,IOWA,Flood,CLAY,0,0,0,0,0.00K,0.00K,43.21,-95.28,43.21,-95.17
201807,1,201807,22,772989,IOWA,Flood,CLAY,0,0,0,0,0.00K,0.00K,43.15,-95.18,43.1,-95.1
201807,1,201807,22,772990,IOWA,Flood,CLAY,0,0,0,0,0.00K,0.00K,43.02,-95.1,42.93,-95.2
201807,1,201807,22,772991,IOWA,Flood,BUENA VISTA,0,0,0,0,0.00K,0.00K,42.9098,-95.0902,42.9099,-95.386
201807,1,201807,12,772993,IOWA,Flood,O'BRIEN,0,0,0,0,0.00K,0.00K,42.96,-95.43,42.9365,-95.439
201807,1,201807,12,772994,IOWA,Flood,CHEROKEE,0,0,0,0,0.00K,0.00K,42.91,-95.47,42.7,-95.64
201807,1,201807,10,772838,IOWA,Flood,SIOUX,0,0,0,0,0.00K,0.00K,43.08,-96.54,43.0451,-96.5121
201807,1,201807,11,772839,IOWA,Flood,PLYMOUTH,0,0,0,0,0.00K,0.00K,42.9085,-96.5382,42.8245,-96.578
201807,1,201807,12,772840,IOWA,Flood,PLYMOUTH,0,0,0,0,0.00K,0.00K,42.7743,-96.6258,42.7551,-96.6188
201807,1,201807,2,772841,IOWA,Flood,PLYMOUTH,0,0,0,0,0.00K,0.00K,42.68,-96.55,42.6611,-96.542
201807,1,201807,5,772997,IOWA,Flood,IDA,0,0,0,0,0.00K,0.00K,42.56,-95.7418,42.5314,-95.7416
201807,1,201807,5,772998,IOWA,Flood,WOODBURY,0,0,0,0,0.00K,0.00K,42.56,-95.78,42.36,-95.92
201807,4,201807,7,772877,IOWA,Flood,LYON,0,0,0,0,0.00K,0.00K,43.5,-96.25,43.41,-96.19
201807,3,201807,4,772835,IOWA,Flood,LYON,0,0,0,0,0.00K,0.00K,43.5,-96.5986,43.4825,-96.5849
201807,4,201807,5,772836,IOWA,Flood,LYON,0,0,0,0,0.00K,0.00K,43.358,-96.521,43.292,-96.529
201807,4,201807,5,772837,IOWA,Flood,SIOUX,0,0,0,0,0.00K,0.00K,43.26,-96.5528,43.2267,-96.5647
201809,4,201809,6,785712,IOWA,Flood,WINNESHIEK,0,0,0,0,0.00K,0.00K,43.2095,-91.957,43.2102,-91.9558
201809,2,201809,7,785713,IOWA,Flood,FAYETTE,0,0,0,0,0.00K,0.00K,43.0422,-91.8211,43.0397,-91.8196
201809,3,201809,8,785714,IOWA,Flood,CLAYTON,0,0,0,0,0.00K,0.00K,42.845,-91.4043,42.8445,-91.4052
201805,3,201805,5,756999,IOWA,Flood,WINNESHIEK,0,0,0,0,0.00K,0.00K,43.2095,-91.957,43.2102,-91.9558
201805,3,201805,6,755390,IOWA,Flood,WEBSTER,0,0,0,0,200.00K,0.00K,42.42,-94.21,42.3,-94.05
201805,5,201805,9,755392,IOWA,Flood,BLACK HAWK,0,0,0,0,200.00K,0.00K,42.56,-92.38,42.62,-92.41
201805,6,201805,7,755393,IOWA,Flood,BLACK HAWK,0,0,0,0,200.00K,0.00K,42.56,-92.38,42.51,-92.45
201805,4,201805,5,755395,IOWA,Flood,BUTLER,0,0,0,0,200.00K,0.00K,42.65,-92.49,42.69,-92.49
201805,1,201805,19,755387,IOWA,Flood,EMMET,0,0,0,0,0.00K,0.00K,43.26,-94.83,43.26,-94.71
201805,1,201805,4,755388,IOWA,Flood,PALO ALTO,0,0,0,0,0.00K,0.00K,43.09,-94.75,42.79,-94.44
201805,1,201805,9,755389,IOWA,Flood,HUMBOLDT,0,0,0,0,0.00K,0.00K,42.65,-94.16,42.72,-94.2
201805,4,201805,4,756998,IOWA,Flood,ALLAMAKEE,0,0,0,0,0.00K,0.00K,43.422,-91.5073,43.4266,-91.5194
201805,3,201805,6,757000,IOWA,Flood,FAYETTE,0,0,0,0,0.00K,0.00K,43.0422,-91.8211,43.0397,-91.8196
201805,5,201805,5,757001,IOWA,Flood,FAYETTE,0,0,0,0,0.00K,0.00K,43.0151,-91.684,43.0175,-91.6822
201805,4,201805,6,757002,IOWA,Flood,CLAYTON,0,0,0,0,0.00K,0.00K,42.845,-91.4043,42.8445,-91.4052
201805,5,201805,8,757003,IOWA,Flood,CLAYTON,0,0,0,0,0.00K,0.00K,42.7386,-91.2686,42.7389,-91.2701
201805,1,201805,20,761145,IOWA,Flood,CLAY,0,0,0,0,0.00K,0.00K,43.2554,-95.2648,43.21,-95.28
201805,1,201805,24,761146,IOWA,Flood,CLAY,0,0,0,0,0.00K,0.00K,43.15,-95.18,43.1,-95.1
201805,1,201805,26,761148,IOWA,Flood,CLAY,0,0,0,0,0.00K,0.00K,43.02,-95.1,42.93,-95.2
201805,1,201805,26,761149,IOWA,Flood,BUENA VISTA,0,0,0,0,0.00K,0.00K,42.9098,-95.0902,42.9099,-95.386
201805,1,201805,26,761150,IOWA,Flood,O'BRIEN,0,0,0,0,0.00K,0.00K,42.96,-95.43,42.9394,-95.4123
201805,1,201805,5,761235,IOWA,Flood,SIOUX,0,0,0,0,0.00K,0.00K,43.08,-96.4545,43.0451,-96.5121
201805,1,201805,14,756995,IOWA,Flood,CLAYTON,0,0,0,0,0.00K,0.00K,43.0296,-91.1737,43.0298,-91.1719
201805,2,201805,13,756996,IOWA,Flood,CLAYTON,0,0,0,0,0.00K,0.00K,42.8205,-91.104,42.8264,-91.0825
201805,4,201805,4,756997,IOWA,Flood,FLOYD,0,0,0,0,0.00K,0.00K,43.0691,-92.6844,43.0725,-92.6835
201805,1,201805,6,761236,IOWA,Flood,PLYMOUTH,0,0,0,0,0.00K,0.00K,42.9085,-96.5382,42.8245,-96.578
201809,20,201809,24,782698,IOWA,Flood,LYON,0,0,0,0,0.00K,0.00K,43.5,-96.25,43.41,-96.19
201809,20,201809,23,782700,IOWA,Flood,LYON,0,0,0,0,0.00K,0.00K,43.34,-96.25,43.2581,-96.3774
201809,20,201809,23,782701,IOWA,Flood,SIOUX,0,0,0,0,0.00K,0.00K,43.2581,-96.3774,43.25,-96.39
201809,20,201809,21,782703,IOWA,Flood,SIOUX,0,0,0,0,0.00K,0.00K,43.25,-96.25,43.24,-96.25
201806,18,201806,18,771608,IOWA,Flood,HARRISON,0,0,0,0,0.00K,0.00K,41.5478,-95.9199,41.5511,-95.92
201809,20,201809,26,782662,IOWA,Flood,LYON,0,0,0,0,0.00K,0.00K,43.5,-96.5986,43.4825,-96.5849
201809,20,201809,25,782663,IOWA,Flood,LYON,0,0,0,0,0.00K,0.00K,43.385,-96.527,43.2971,-96.5305
201809,20,201809,26,782664,IOWA,Flood,SIOUX,0,0,0,0,0.00K,0.00K,43.2246,-96.5304,43.2256,-96.4826
201809,20,201809,25,782666,IOWA,Flood,SIOUX,0,0,0,0,0.00K,0.00K,42.2601,-96.5549,42.2472,-96.5493
201809,20,201809,30,782667,IOWA,Flood,SIOUX,0,0,0,0,0.00K,0.00K,43.08,-96.4545,43.0451,-96.5121
201809,20,201809,30,782670,IOWA,Flood,PLYMOUTH,0,0,0,0,0.00K,0.00K,42.9085,-96.5382,42.8245,-96.578
201809,21,201809,30,782672,IOWA,Flood,PLYMOUTH,0,0,0,0,0.00K,0.00K,42.7743,-96.6258,42.7551,-96.6188
201809,23,201809,27,782674,IOWA,Flood,PLYMOUTH,0,0,0,0,0.00K,0.00K,42.68,-96.55,42.6611,-96.542
201807,14,201807,14,762510,IOWA,Flash Flood,DES MOINES,0,0,0,0,0.00K,0.00K,40.8488,-91.1838,40.786,-91.1833
201809,2,201809,2,786296,IOWA,Flood,STORY,0,0,0,0,50.00K,50.00K,42.0118,-93.4938,41.8855,-93.53
201809,5,201809,7,786926,IOWA,Flood,IOWA,0,0,0,0,0.00K,0.00K,41.8436,-92.133,41.8059,-92.1474
201809,3,201809,3,781415,IOWA,Flash Flood,CLAYTON,0,0,0,0,2.00K,0.00K,43.0457,-91.1772,43.0461,-91.1789
201809,3,201809,4,786711,IOWA,Flood,FLOYD,0,0,0,0,10.00K,4.00K,43.1994,-92.6726,42.9213,-92.6131
201807,14,201807,14,762507,IOWA,Flash Flood,DES MOINES,0,0,0,0,0.00K,0.00K,40.8284,-91.1527,40.7995,-91.154
201810,1,201810,2,786675,IOWA,Flood,PLYMOUTH,0,0,0,0,0.00K,0.00K,42.9085,-96.5382,42.8245,-96.578
201807,14,201807,14,776525,IOWA,Flash Flood,DES MOINES,0,0,0,0,0.00K,0.00K,40.83,-91.15,40.8,-91.15
201807,14,201807,14,776526,IOWA,Flash Flood,DES MOINES,0,0,0,0,0.00K,0.00K,40.85,-91.18,40.79,-91.18
201809,2,201809,2,786295,IOWA,Flood,POWESHIEK,0,0,0,0,50.00K,50.00K,41.8079,-92.73,41.5533,-92.7148
201806,21,201806,21,768825,IOWA,Flash Flood,MUSCATINE,0,0,0,0,0.00K,0.00K,41.4535,-91.086,41.4093,-91.0662
201809,20,201809,20,784853,IOWA,Flood,FAYETTE,0,0,0,0,10.00K,675.00K,42.76,-91.6,43.08,-91.6
201809,20,201809,20,784845,IOWA,Flood,CLAYTON,0,0,0,0,15.00K,591.00K,43.03,-91.61,42.71,-91.61
201809,20,201809,20,782706,IOWA,Flood,O'BRIEN,0,0,0,0,0.00K,0.00K,43.1697,-95.8615,43.1467,-95.8615
201809,20,201809,22,782707,IOWA,Flood,SIOUX,0,0,0,0,0.00K,0.00K,42.9093,-96.1754,42.9302,-96.163
201809,20,201809,22,782709,IOWA,Flood,PLYMOUTH,0,0,0,0,0.00K,0.00K,42.9093,-96.1856,42.7508,-96.2491
201809,20,201809,21,782901,IOWA,Flood,O'BRIEN,0,0,0,0,0.00K,0.00K,43.25,-95.84,43.2054,-95.8622
201809,20,201809,21,782903,IOWA,Flood,SIOUX,0,0,0,0,0.00K,0.00K,43.2054,-95.8613,43.07,-95.96
201810,11,201810,12,786680,IOWA,Flood,LYON,0,0,0,0,0.00K,0.00K,43.5,-96.5986,43.4825,-96.5849
201809,4,201809,5,782421,IOWA,Flood,PLYMOUTH,0,0,0,0,0.00K,0.00K,42.79,-96.39,42.74,-96.39
201809,19,201809,20,784785,IOWA,Flash Flood,CLAYTON,0,0,0,0,2.00K,0.00K,43.0369,-91.1763,42.9908,-91.159
201809,21,201809,21,785869,IOWA,Flood,WINNESHIEK,0,0,0,0,0.00K,0.00K,43.2095,-91.957,43.2102,-91.9558
201809,20,201809,23,782906,IOWA,Flood,O'BRIEN,0,0,0,0,0.00K,0.00K,43.07,-95.96,43.0,-96.03
201809,20,201809,23,782908,IOWA,Flood,PLYMOUTH,0,0,0,0,0.00K,0.00K,42.91,-96.1,42.82,-96.2
201809,21,201809,23,782913,IOWA,Flood,PLYMOUTH,0,0,0,0,0.00K,0.00K,42.75,-96.23,42.72,-96.27
201809,20,201809,22,785870,IOWA,Flood,FAYETTE,0,0,0,0,0.00K,0.00K,43.0422,-91.8211,43.0397,-91.8196
201809,20,201809,23,785871,IOWA,Flood,CLAYTON,0,0,0,0,0.00K,0.00K,42.845,-91.4043,42.8445,-91.4052
201809,20,201809,22,785873,IOWA,Flood,CLAYTON,0,0,0,0,0.00K,0.00K,42.7386,-91.2686,42.7389,-91.2701
201809,21,201809,22,785889,IOWA,Flood,FLOYD,0,0,0,0,0.00K,0.00K,43.0691,-92.6844,43.0725,-92.6835
201809,22,201809,23,782915,IOWA,Flood,PLYMOUTH,0,0,0,0,0.00K,0.00K,42.63,-96.31,42.59,-96.34
201809,22,201809,23,782919,IOWA,Flood,WOODBURY,0,0,0,0,0.00K,0.00K,42.5619,-96.373,42.54,-96.4
201809,21,201809,24,784051,IOWA,Flood,DICKINSON,0,0,0,0,0.00K,0.00K,43.4,-95.26,43.42,-95.24
201809,20,201809,23,784055,IOWA,Flood,CLAY,0,0,0,0,0.00K,0.00K,43.24,-95.37,43.2361,-95.388
201809,20,201809,27,784059,IOWA,Flood,CLAY,0,0,0,0,0.00K,0.00K,43.13,-95.29,43.11,-95.2
201809,20,201809,24,784060,IOWA,Flood,O'BRIEN,0,0,0,0,0.00K,0.00K,43.01,-95.44,42.99,-95.45
201809,20,201809,21,784061,IOWA,Flood,CLAY,0,0,0,0,0.00K,0.00K,43.0,-95.21,42.98,-95.2
201809,22,201809,27,784751,IOWA,Flood,DICKINSON,0,0,0,0,0.00K,0.00K,43.501,-95.2208,43.43,-95.28
201810,1,201810,2,786676,IOWA,Flood,PLYMOUTH,0,0,0,0,0.00K,0.00K,42.7743,-96.6258,42.7551,-96.6188
201809,20,201809,30,784752,IOWA,Flood,DICKINSON,0,0,0,0,0.00K,0.00K,43.41,-95.27,43.3,-95.25
201809,20,201809,30,784753,IOWA,Flood,CLAY,0,0,0,0,0.00K,0.00K,43.2554,-95.2648,43.21,-95.28
201809,20,201809,30,784754,IOWA,Flood,CLAY,0,0,0,0,0.00K,0.00K,43.15,-95.18,43.1,-95.1
201809,20,201809,30,784762,IOWA,Flood,CLAY,0,0,0,0,0.00K,0.00K,43.02,-95.1,42.9213,-95.1564
201809,20,201809,30,784763,IOWA,Flood,BUENA VISTA,0,0,0,0,0.00K,0.00K,42.9098,-95.0902,42.9099,-95.386
201809,20,201809,30,784764,IOWA,Flood,O'BRIEN,0,0,0,0,0.00K,0.00K,42.96,-95.43,42.9394,-95.4123
201809,20,201809,30,784770,IOWA,Flood,O'BRIEN,0,0,0,0,0.00K,0.00K,42.96,-95.43,42.9365,-95.439
201809,20,201809,30,784771,IOWA,Flood,CHEROKEE,0,0,0,0,0.00K,0.00K,42.91,-95.47,42.7,-95.64
201809,21,201809,30,784772,IOWA,Flood,CLAY,0,0,0,0,0.00K,0.00K,43.21,-95.2693,43.1468,-95.2053
201809,21,201809,28,784773,IOWA,Flood,IDA,0,0,0,0,0.00K,0.00K,42.56,-95.7418,42.5314,-95.7416
201809,21,201809,28,784774,IOWA,Flood,WOODBURY,0,0,0,0,0.00K,0.00K,42.56,-95.78,42.36,-95.92
201808,20,201808,20,781130,IOWA,Flash Flood,HARRISON,0,0,0,0,0.00K,0.00K,41.6475,-95.6027,41.6454,-95.6024
201808,20,201808,20,781131,IOWA,Flash Flood,POTTAWATTAMIE,0,0,0,0,0.00K,0.00K,41.2601,-95.9004,41.2597,-95.9003
201808,20,201808,20,781132,IOWA,Flash Flood,POTTAWATTAMIE,0,0,0,0,0.00K,0.00K,41.2405,-95.8903,41.2399,-95.8902
201808,20,201808,20,781133,IOWA,Flash Flood,POTTAWATTAMIE,0,0,0,0,0.00K,0.00K,41.26,-95.7999,41.2599,-95.7996
201808,20,201808,20,781134,IOWA,Flash Flood,POTTAWATTAMIE,0,0,0,0,0.00K,0.00K,41.3193,-95.8794,41.3192,-95.8792
201808,20,201808,20,781135,IOWA,Flood,POTTAWATTAMIE,0,0,0,0,0.00K,0.00K,41.2684,-95.9107,41.268,-95.9107
201806,9,201806,10,762988,IOWA,Flood,CERRO GORDO,0,0,0,0,50.00K,100.00K,43.29,-93.28,43.28,-93.5
201806,9,201806,12,762989,IOWA,Flood,BUTLER,0,0,0,0,100.00K,250.00K,42.65,-92.49,42.69,-92.49
201806,14,201806,15,762993,IOWA,Flood,STORY,0,0,0,0,50.00K,100.00K,42.1,-93.62,42.07,-93.65
201806,14,201806,15,764790,IOWA,Flood,STORY,0,0,0,0,100.00K,0.00K,42.07,-93.69,42.01,-93.62
201806,15,201806,15,764791,IOWA,Flood,WEBSTER,0,0,0,0,0.00K,0.00K,42.42,-94.21,42.3,-94.05
201806,26,201806,26,767935,IOWA,Flood,POLK,0,0,0,0,100.00K,100.00K,41.5077,-93.3527,41.599,-93.3311
201810,10,201810,11,786710,IOWA,Flood,O'BRIEN,0,0,0,0,0.00K,0.00K,43.01,-95.44,42.99,-95.45
201810,10,201810,17,786712,IOWA,Flood,DICKINSON,0,0,0,0,0.00K,0.00K,43.41,-95.27,43.3,-95.25
201810,10,201810,17,786713,IOWA,Flood,CLAY,0,0,0,0,0.00K,0.00K,43.2554,-95.2648,43.21,-95.28
201806,22,201806,27,764793,IOWA,Flood,BLACK HAWK,0,0,0,0,25.00K,0.00K,42.56,-92.38,42.62,-92.41
201806,20,201806,27,764794,IOWA,Flood,POLK,0,0,0,0,50.00K,0.00K,41.57,-93.61,41.59,-93.62
201806,20,201806,28,764795,IOWA,Flood,POLK,0,0,0,0,100.00K,0.00K,41.59,-93.56,41.59,-93.66
201806,22,201806,30,764796,IOWA,Flood,PALO ALTO,0,0,0,0,100.00K,250.00K,43.09,-94.75,42.79,-94.44
201806,20,201806,30,764797,IOWA,Flood,EMMET,0,0,0,0,100.00K,250.00K,43.26,-94.83,43.26,-94.71
201806,20,201806,30,764798,IOWA,Flood,WEBSTER,0,0,0,0,100.00K,250.00K,42.42,-94.21,42.3,-94.05
201806,20,201806,21,767917,IOWA,Flood,HUMBOLDT,0,0,0,0,250.00K,250.00K,42.9015,-94.2788,42.7195,-94.1659
201806,21,201806,30,764799,IOWA,Flood,HUMBOLDT,0,0,0,0,100.00K,250.00K,42.65,-94.16,42.72,-94.2
201806,20,201806,26,764800,IOWA,Flood,DALLAS,0,0,0,0,100.00K,250.00K,41.59,-94.03,41.61,-93.94
201810,10,201810,18,786715,IOWA,Flood,CLAY,0,0,0,0,0.00K,0.00K,43.21,-95.2693,43.1468,-95.2053
201810,10,201810,20,786716,IOWA,Flood,CLAY,0,0,0,0,0.00K,0.00K,43.15,-95.18,43.1,-95.1
201806,9,201806,10,767236,IOWA,Flood,BUTLER,0,0,0,0,100.00K,500.00K,42.8972,-92.8297,42.6945,-92.5784
201806,9,201806,10,767251,IOWA,Flood,CERRO GORDO,0,0,0,0,50.00K,0.00K,43.1953,-93.3854,43.0931,-93.3946
201806,18,201806,18,765371,IOWA,Flash Flood,SAC,0,0,0,0,0.00K,0.00K,42.4217,-94.9958,42.4212,-94.9959
201806,10,201806,15,762990,IOWA,Flood,BLACK HAWK,0,0,0,0,50.00K,100.00K,42.56,-92.38,42.62,-92.41
201806,11,201806,13,762991,IOWA,Flood,BLACK HAWK,0,0,0,0,50.00K,100.00K,42.56,-92.38,42.51,-92.45
201806,25,201806,25,764569,IOWA,Flash Flood,POLK,0,0,0,0,0.00K,0.00K,41.5684,-93.6146,41.5633,-93.6146
201806,9,201806,9,761823,IOWA,Flash Flood,CERRO GORDO,0,0,0,0,0.00K,0.00K,43.0934,-93.2106,43.0618,-93.2086
201806,10,201806,11,767253,IOWA,Flood,BUTLER,0,0,0,0,100.00K,100.00K,42.9039,-92.8356,42.8091,-92.7335
201806,20,201806,20,763643,IOWA,Flash Flood,KOSSUTH,0,0,0,0,0.00K,0.00K,43.0079,-94.2323,42.9922,-94.231
201810,9,201810,21,786717,IOWA,Flood,CLAY,0,0,0,0,0.00K,0.00K,43.02,-95.1,42.93,-95.2
201810,9,201810,21,786718,IOWA,Flood,BUENA VISTA,0,0,0,0,0.00K,0.00K,42.9098,-95.0902,42.9099,-95.386
201810,9,201810,21,786719,IOWA,Flood,O'BRIEN,0,0,0,0,0.00K,0.00K,42.96,-95.43,42.9394,-95.4123
201806,14,201806,14,762992,IOWA,Flood,WEBSTER,0,0,0,0,50.00K,100.00K,42.42,-94.21,42.3,-94.05
201806,21,201806,30,764877,IOWA,Flood,DICKINSON,0,0,0,0,0.00K,0.00K,43.4,-95.26,43.42,-95.24
201806,21,201806,30,764903,IOWA,Flood,DICKINSON,0,0,0,0,0.00K,0.00K,43.501,-95.2208,43.43,-95.28
201806,20,201806,30,765886,IOWA,Flood,DICKINSON,0,0,0,0,0.00K,0.00K,43.41,-95.27,43.3,-95.25
201806,20,201806,30,765887,IOWA,Flood,CLAY,0,0,0,0,0.00K,0.00K,43.2554,-95.2648,43.21,-95.28
201806,20,201806,30,765919,IOWA,Flood,CLAY,0,0,0,0,0.00K,0.00K,43.15,-95.18,43.1,-95.1
201806,21,201806,30,765935,IOWA,Flood,CHEROKEE,0,0,0,0,0.00K,0.00K,42.91,-95.47,42.7,-95.64
201806,20,201806,30,765937,IOWA,Flood,O'BRIEN,0,0,0,0,0.00K,0.00K,42.96,-95.43,42.9365,-95.439
201806,20,201806,30,766138,IOWA,Flood,CLAY,0,0,0,0,0.00K,0.00K,43.13,-95.29,43.11,-95.2
201806,20,201806,20,763632,IOWA,Flash Flood,CALHOUN,0,0,0,0,50.00K,50.00K,42.3271,-94.4198,42.3096,-94.4186
201806,14,201806,14,765370,IOWA,Flash Flood,POCAHONTAS,0,0,0,0,50.00K,0.00K,42.7487,-94.687,42.7243,-94.6873
201806,14,201806,14,764502,IOWA,Flash Flood,O'BRIEN,0,0,0,0,0.00K,0.00K,43.204,-95.5181,43.1906,-95.4454
201806,14,201806,14,764503,IOWA,Flash Flood,CLAY,0,0,0,0,0.00K,0.00K,43.1534,-95.1593,43.1539,-95.1433
201806,14,201806,14,764504,IOWA,Flash Flood,O'BRIEN,0,0,0,0,0.00K,0.00K,43.1839,-95.4864,43.1842,-95.4659
201810,11,201810,12,786682,IOWA,Flood,LYON,0,0,0,0,0.00K,0.00K,43.385,-96.527,43.2971,-96.5305
201810,11,201810,12,786683,IOWA,Flood,SIOUX,0,0,0,0,0.00K,0.00K,43.2601,-96.5549,43.2472,-96.5493
201806,24,201806,24,763678,IOWA,Flash Flood,KOSSUTH,0,0,0,0,50.00K,200.00K,43.0889,-94.2604,43.0888,-94.2048
201806,14,201806,14,762490,IOWA,Flash Flood,HAMILTON,0,0,0,0,10.00K,50.00K,42.24,-93.72,42.2366,-93.72
201806,14,201806,14,764505,IOWA,Flash Flood,O'BRIEN,0,0,0,0,0.00K,0.00K,43.1894,-95.8494,43.2039,-95.8178
201806,14,201806,14,764506,IOWA,Flash Flood,CLAY,0,0,0,0,0.00K,0.00K,42.9582,-95.0207,42.9479,-95.017
201806,14,201806,14,764509,IOWA,Flash Flood,O'BRIEN,0,0,0,0,0.00K,0.00K,43.1692,-95.7951,43.1643,-95.7894
201806,24,201806,24,764649,IOWA,Flash Flood,DICKINSON,0,0,0,0,0.00K,0.00K,43.4584,-95.3258,43.4533,-95.3293
201806,24,201806,24,764664,IOWA,Flash Flood,DICKINSON,0,0,0,0,0.00K,0.00K,43.3643,-95.1406,43.3612,-95.134
201806,26,201806,27,766992,IOWA,Flash Flood,POLK,0,0,0,0,20.00K,50.00K,41.6316,-93.357,41.6322,-93.3524
201806,20,201806,20,763641,IOWA,Flash Flood,HUMBOLDT,0,0,0,0,25.00K,0.00K,42.8752,-94.1937,42.8751,-94.1767
201806,8,201806,9,767235,IOWA,Flood,CERRO GORDO,0,0,0,0,100.00K,500.00K,43.2422,-93.4782,42.9393,-93.4732
201806,21,201806,21,767912,IOWA,Flood,PALO ALTO,0,0,0,0,50.00K,100.00K,43.1175,-94.6576,42.9256,-94.6566
201806,21,201806,30,764792,IOWA,Flood,KOSSUTH,0,0,0,0,100.00K,250.00K,42.88,-94.15,43.2,-94.14
201806,14,201806,30,765957,IOWA,Flood,CLAY,0,0,0,0,0.00K,0.00K,43.02,-95.1,42.93,-95.2
201806,24,201806,24,764667,IOWA,Flash Flood,DICKINSON,0,0,0,0,0.00K,0.00K,43.4336,-95.2834,43.4293,-95.281
201806,24,201806,24,764668,IOWA,Flash Flood,DICKINSON,0,0,0,0,0.00K,0.00K,43.3729,-95.1294,43.3695,-95.1309
201806,24,201806,24,764669,IOWA,Flash Flood,DICKINSON,0,0,0,0,0.00K,0.00K,43.3727,-95.1846,43.3697,-95.1816
201806,24,201806,24,764671,IOWA,Flash Flood,DICKINSON,0,0,0,0,0.00K,0.00K,43.333,-95.2975,43.3285,-95.2961
201806,14,201806,14,762465,IOWA,Flash Flood,WEBSTER,0,0,0,0,0.00K,0.00K,42.5915,-94.3543,42.5906,-94.4046
201806,20,201806,20,763649,IOWA,Flash Flood,HUMBOLDT,0,0,0,0,100.00K,0.00K,42.8739,-94.1915,42.8621,-94.1914
201806,25,201806,26,764574,IOWA,Flash Flood,POLK,0,0,0,0,0.00K,0.00K,41.57,-93.51,41.5694,-93.5173
201806,14,201806,30,765958,IOWA,Flood,BUENA VISTA,0,0,0,0,0.00K,0.00K,42.9098,-95.0902,42.9394,-95.4123
201806,14,201806,30,765959,IOWA,Flood,O'BRIEN,0,0,0,0,0.00K,0.00K,42.96,-95.43,42.9394,-95.4123
201806,21,201806,29,768371,IOWA,Flood,LYON,0,0,0,0,0.00K,0.00K,43.5,-96.5986,43.4825,-96.5849
201806,21,201806,29,768718,IOWA,Flood,SIOUX,0,0,0,0,0.00K,0.00K,43.26,-96.5528,43.2307,-96.5457
201806,24,201806,24,764678,IOWA,Flash Flood,WOODBURY,0,0,0,0,0.00K,0.00K,42.5075,-96.4796,42.4888,-96.4714
201806,24,201806,25,764684,IOWA,Flash Flood,SIOUX,0,0,0,0,0.00K,0.00K,43.0708,-96.0622,43.0675,-96.0588
201806,24,201806,25,764685,IOWA,Flash Flood,WOODBURY,0,0,0,0,0.00K,0.00K,42.4884,-96.425,42.4881,-96.4076
201806,14,201806,14,762504,IOWA,Flash Flood,BOONE,0,0,0,0,10.00K,0.00K,41.8867,-93.7015,41.8718,-93.7008
201806,8,201806,8,761733,IOWA,Flash Flood,WORTH,0,0,0,0,100.00K,100.00K,43.2733,-93.2656,43.2673,-93.2652
201806,21,201806,30,768719,IOWA,Flood,SIOUX,0,0,0,0,0.00K,0.00K,43.08,-96.4545,43.0451,-96.5121
201806,21,201806,30,768720,IOWA,Flood,PLYMOUTH,0,0,0,0,0.00K,0.00K,42.9085,-96.5382,42.8245,-96.578
201810,11,201810,13,786685,IOWA,Flood,SIOUX,0,0,0,0,0.00K,0.00K,43.2246,-96.5304,43.2256,-96.4826
201806,14,201806,14,762493,IOWA,Flash Flood,HAMILTON,0,0,0,0,10.00K,50.00K,42.25,-93.7995,42.2315,-93.8009
201806,21,201806,30,768721,IOWA,Flood,PLYMOUTH,0,0,0,0,0.00K,0.00K,42.7743,-96.6258,42.7551,-96.6188
201806,24,201806,30,768722,IOWA,Flood,PLYMOUTH,0,0,0,0,0.00K,0.00K,42.68,-96.55,42.6611,-96.542
201810,10,201810,21,786698,IOWA,Flood,PLYMOUTH,0,0,0,0,0.00K,0.00K,42.9085,-96.5382,42.8245,-96.578
201806,20,201806,20,763642,IOWA,Flash Flood,KOSSUTH,0,0,0,0,10.00K,0.00K,42.93,-94.19,42.9306,-94.1852
201806,21,201806,21,767913,IOWA,Flood,KOSSUTH,0,0,0,0,250.00K,100.00K,43.1149,-94.4281,43.113,-94.3072
201806,20,201806,20,763635,IOWA,Flash Flood,WEBSTER,0,0,0,0,25.00K,0.00K,42.4388,-94.1316,42.441,-94.1271
201806,20,201806,21,763656,IOWA,Flash Flood,KOSSUTH,0,0,0,0,0.00K,0.00K,43.087,-94.4103,43.0802,-94.4099
201806,9,201806,9,758413,IOWA,Flash Flood,FLOYD,0,0,0,0,5.00K,0.00K,43.2122,-93.0232,42.9092,-93.0232
201806,9,201806,10,758827,IOWA,Flash Flood,WINNESHIEK,0,0,0,0,1.00K,0.00K,43.4215,-92.0827,43.4199,-92.0777
201806,10,201806,10,758833,IOWA,Flood,ALLAMAKEE,0,0,0,0,2.00K,0.00K,43.1233,-91.2122,43.1718,-91.4658
201806,9,201806,9,767113,IOWA,Flash Flood,CLAYTON,0,0,0,0,3.00K,0.00K,42.685,-91.5895,42.6676,-91.0179
201806,13,201806,13,767255,IOWA,Flood,BREMER,0,0,0,0,50.00K,100.00K,42.8911,-92.2542,42.8915,-92.3227
201806,14,201806,14,762497,IOWA,Flash Flood,STORY,0,0,0,0,50.00K,0.00K,42.0251,-93.621,42.0242,-93.6211
201806,14,201806,14,765369,IOWA,Flash Flood,POCAHONTAS,0,0,0,0,10.00K,100.00K,42.74,-94.67,42.7705,-94.6721
201806,24,201806,24,763677,IOWA,Flash Flood,WINNEBAGO,0,0,0,0,10.00K,0.00K,43.2723,-93.6294,43.2682,-93.6301
201806,8,201806,8,758263,IOWA,Flood,FLOYD,0,0,0,0,1.00K,0.00K,43.21,-92.75,43.2127,-92.7556
201806,8,201806,8,758268,IOWA,Flood,MITCHELL,0,0,0,0,2.00K,0.00K,43.2576,-92.8532,43.2804,-92.924
201806,8,201806,8,758270,IOWA,Flood,FLOYD,0,0,0,0,1.00K,0.00K,43.1088,-92.8133,43.108,-92.8136
201806,8,201806,10,765468,IOWA,Flood,FLOYD,0,0,0,0,0.00K,0.00K,43.0691,-92.6844,43.0725,-92.6835
201806,9,201806,10,765469,IOWA,Flood,WINNESHIEK,0,0,0,0,0.00K,0.00K,43.3981,-91.9124,43.4041,-91.899
201806,10,201806,11,765470,IOWA,Flood,ALLAMAKEE,0,0,0,0,0.00K,0.00K,43.422,-91.5073,43.4266,-91.5194
201806,10,201806,11,765472,IOWA,Flood,CLAYTON,0,0,0,0,0.00K,0.00K,42.845,-91.4043,42.8445,-91.4052
201806,10,201806,11,765474,IOWA,Flood,CLAYTON,0,0,0,0,0.00K,0.00K,42.7386,-91.2686,42.7389,-91.2701
201806,8,201806,8,765766,IOWA,Flood,FLOYD,0,0,0,0,0.00K,0.00K,43.0725,-92.6636,43.0766,-92.6867
201806,26,201806,30,765961,IOWA,Flood,IDA,0,0,0,0,0.00K,0.00K,42.56,-95.7418,42.5314,-95.7416
201806,26,201806,26,767923,IOWA,Flood,JASPER,0,0,0,0,100.00K,100.00K,41.8306,-93.1437,41.6598,-93.2156
201806,20,201806,20,763634,IOWA,Flash Flood,WEBSTER,0,0,0,0,25.00K,0.00K,42.4312,-94.1353,42.4313,-94.1341
201806,25,201806,25,764562,IOWA,Flash Flood,POLK,0,0,0,0,20.00K,0.00K,41.5578,-93.6319,41.5409,-93.6334
201806,24,201806,25,767921,IOWA,Flood,KOSSUTH,0,0,0,0,100.00K,200.00K,43.1965,-94.4273,43.0549,-94.4318
201806,26,201806,30,765962,IOWA,Flood,WOODBURY,0,0,0,0,0.00K,0.00K,42.56,-95.78,42.36,-95.92
201806,20,201806,20,763640,IOWA,Flash Flood,PALO ALTO,0,0,0,0,25.00K,25.00K,43.0312,-94.5343,43.0314,-94.5207
201806,14,201806,14,762492,IOWA,Flash Flood,HAMILTON,0,0,0,0,0.00K,0.00K,42.24,-93.76,42.2372,-93.7604
201806,25,201806,25,764563,IOWA,Flash Flood,WARREN,0,0,0,0,0.00K,0.00K,41.4572,-93.7772,41.4498,-93.7777
201806,9,201806,9,761817,IOWA,Flash Flood,CERRO GORDO,0,0,0,0,100.00K,0.00K,43.1908,-93.235,43.1322,-93.2379
201806,9,201806,9,761830,IOWA,Flash Flood,CERRO GORDO,0,0,0,0,20.00K,0.00K,43.0789,-93.2081,43.0604,-93.2065
201810,11,201810,21,786702,IOWA,Flood,PLYMOUTH,0,0,0,0,0.00K,0.00K,42.7743,-96.6258,42.7551,-96.6188
201806,26,201806,30,765523,IOWA,Flood,CLAYTON,0,0,0,0,0.00K,0.00K,43.0296,-91.1737,43.0298,-91.1719
201806,27,201806,29,765524,IOWA,Flood,CLAYTON,0,0,0,0,0.00K,0.00K,42.8205,-91.104,42.8264,-91.0825
201805,12,201805,15,757396,IOWA,Flood,BENTON,0,0,0,0,0.00K,0.00K,40.8987,-91.0498,40.7659,-91.1693
201805,12,201805,15,761218,IOWA,Flood,SIOUX,0,0,0,0,0.00K,0.00K,43.08,-96.4545,43.0451,-96.5121
201805,12,201805,17,761219,IOWA,Flood,PLYMOUTH,0,0,0,0,0.00K,0.00K,42.9085,-96.5382,42.8245,-96.578
201805,13,201805,17,761220,IOWA,Flood,PLYMOUTH,0,0,0,0,0.00K,0.00K,42.7743,-96.6258,42.7551,-96.6188
201805,1,201805,6,761221,IOWA,Flood,LYON,0,0,0,0,0.00K,0.00K,43.5,-96.5986,43.4825,-96.5849
201805,15,201805,18,761151,IOWA,Flood,CHEROKEE,0,0,0,0,0.00K,0.00K,42.91,-95.47,42.7,-95.64
201805,15,201805,18,761153,IOWA,Flood,O'BRIEN,0,0,0,0,0.00K,0.00K,42.96,-95.43,42.9365,-95.439
201805,11,201805,15,761154,IOWA,Flood,CLAY,0,0,0,0,0.00K,0.00K,43.13,-95.29,43.11,-95.2
201807,1,201807,1,775054,IOWA,Flood,POLK,0,0,0,0,20.00K,0.00K,41.57,-93.61,41.59,-93.62
201807,1,201807,2,775058,IOWA,Flood,POLK,0,0,0,0,20.00K,0.00K,41.59,-93.56,41.59,-93.66
201807,1,201807,1,769314,IOWA,Flood,POLK,0,0,0,0,0.00K,0.00K,41.61,-93.7,41.59,-93.73
201806,30,201806,30,764972,IOWA,Flash Flood,STORY,0,0,0,0,20.00K,150.00K,41.98,-93.46,41.9897,-93.458
201806,30,201806,30,764974,IOWA,Flash Flood,POLK,0,0,0,0,250.00K,0.00K,41.6396,-93.7095,41.6444,-93.7092
201806,30,201806,30,764977,IOWA,Flash Flood,POLK,0,0,0,0,250.00K,0.00K,41.7396,-93.6022,41.7378,-93.602
201806,30,201806,30,764978,IOWA,Flash Flood,POLK,0,0,0,0,500.00K,0.00K,41.61,-93.75,41.6166,-93.75
201807,1,201807,2,775066,IOWA,Flood,POLK,0,0,0,0,20.00K,0.00K,41.59,-93.66,41.59,-93.56
201806,30,201806,30,764955,IOWA,Flash Flood,STORY,0,0,0,0,10.00K,25.00K,41.9865,-93.4104,41.986,-93.4015
201806,30,201806,30,764957,IOWA,Flash Flood,DALLAS,0,0,0,0,0.00K,0.00K,41.69,-93.97,41.6902,-93.9629
201807,1,201807,1,769312,IOWA,Flood,POLK,0,0,0,0,250.00K,0.00K,41.62,-93.83,41.6,-93.79
201807,1,201807,19,775071,IOWA,Flood,PALO ALTO,0,0,0,0,100.00K,0.00K,43.09,-94.75,42.79,-94.44
201807,1,201807,28,775075,IOWA,Flood,EMMET,0,0,0,0,100.00K,0.00K,43.26,-94.83,43.26,-94.71
201807,1,201807,9,775085,IOWA,Flood,WEBSTER,0,0,0,0,100.00K,0.00K,42.42,-94.21,42.3,-94.05
201807,1,201807,22,775086,IOWA,Flood,HUMBOLDT,0,0,0,0,100.00K,0.00K,42.65,-94.16,42.72,-94.2
201807,1,201807,1,775113,IOWA,Flood,POLK,0,0,0,0,50.00K,0.00K,41.62,-93.83,41.6,-93.79
201806,30,201806,30,764960,IOWA,Flash Flood,DALLAS,0,0,0,0,25.00K,50.00K,41.6906,-93.9476,41.6912,-93.9868
201806,30,201806,30,764964,IOWA,Flash Flood,STORY,0,0,0,0,25.00K,50.00K,41.8974,-93.4085,41.885,-93.4084
201807,1,201807,2,769313,IOWA,Flood,POLK,0,0,0,0,0.00K,0.00K,41.61,-93.57,41.56,-93.54
201807,1,201807,1,769315,IOWA,Flash Flood,POLK,0,0,0,0,0.00K,0.00K,41.7668,-93.5074,41.5203,-93.4685
201807,1,201807,1,769316,IOWA,Flash Flood,STORY,0,0,0,0,0.00K,0.00K,41.922,-93.6819,41.8692,-93.682
201807,1,201807,1,769317,IOWA,Flash Flood,DALLAS,0,0,0,0,0.00K,0.00K,41.8577,-93.8245,41.5201,-93.8161
201807,1,201807,1,769318,IOWA,Flash Flood,BLACK HAWK,0,0,0,0,0.00K,0.00K,42.49,-92.35,42.4849,-92.3581
201807,1,201807,1,769325,IOWA,Flood,BLACK HAWK,0,0,0,0,250.00K,500.00K,42.6299,-92.5066,42.321,-92.4603
201807,1,201807,1,769326,IOWA,Flood,GRUNDY,0,0,0,0,100.00K,500.00K,42.5378,-92.5687,42.3149,-92.589
201807,1,201807,1,769327,IOWA,Flood,BREMER,0,0,0,0,100.00K,500.00K,42.8896,-92.5481,42.6505,-92.5193
201807,1,201807,1,769328,IOWA,Flood,DALLAS,0,0,0,0,0.00K,0.00K,41.8577,-93.8245,41.5201,-93.8161
201807,1,201807,1,769329,IOWA,Flood,POLK,0,0,0,0,0.00K,0.00K,41.7668,-93.5074,41.5203,-93.4685
201806,30,201806,30,764979,IOWA,Flash Flood,POLK,0,0,0,0,250.00K,0.00K,41.7592,-93.578,41.7775,-93.5788
201806,30,201806,30,765001,IOWA,Flash Flood,POLK,0,0,0,0,250.00K,0.00K,41.6344,-93.6767,41.6238,-93.6765
201806,30,201806,30,767020,IOWA,Flash Flood,POLK,0,0,0,0,300.00K,0.00K,41.623,-93.706,41.622,-93.7062
201806,30,201806,30,767906,IOWA,Flood,POLK,0,0,0,0,2.00M,50.00K,41.61,-93.57,41.56,-93.54
201806,30,201806,30,767908,IOWA,Flood,POLK,0,0,0,0,2.00M,0.00K,41.61,-93.7,41.59,-93.73
201807,1,201807,1,769330,IOWA,Flood,STORY,0,0,0,0,200.00K,0.00K,41.922,-93.6819,41.8692,-93.682
201805,1,201805,20,761125,IOWA,Flood,DICKINSON,0,0,0,0,0.00K,0.00K,43.41,-95.27,43.3,-95.25
201806,30,201806,30,764981,IOWA,Flash Flood,STORY,0,0,0,0,50.00K,0.00K,41.903,-93.3105,41.9029,-93.3083
201806,30,201806,30,764986,IOWA,Flash Flood,POLK,0,0,0,0,100.00K,0.00K,41.58,-93.7,41.5849,-93.7003
201806,30,201806,30,764987,IOWA,Flash Flood,POLK,0,0,0,0,250.00K,0.00K,41.7766,-93.5794,41.7469,-93.5804
201806,30,201806,30,764990,IOWA,Flash Flood,POLK,0,0,0,0,250.00K,0.00K,41.7319,-93.5594,41.7465,-93.5578
201806,30,201806,30,764991,IOWA,Flash Flood,POLK,0,0,1,0,1.00M,500.00K,41.7668,-93.5074,41.5203,-93.4685
201806,30,201806,30,764992,IOWA,Flash Flood,POLK,0,0,0,0,0.00K,0.00K,41.6704,-93.7522,41.6704,-93.7723
201806,30,201806,30,764965,IOWA,Flash Flood,POLK,0,0,0,0,200.00K,0.00K,41.74,-93.65,41.7401,-93.6474
201806,30,201806,30,764966,IOWA,Flash Flood,BLACK HAWK,0,0,0,0,20.00K,0.00K,42.49,-92.35,42.4849,-92.3581
201806,30,201806,30,764968,IOWA,Flash Flood,POLK,0,0,0,0,250.00K,50.00K,41.78,-93.59,41.7797,-93.5958
201809,1,201809,2,785797,IOWA,Flash Flood,KEOKUK,0,0,0,0,0.00K,0.00K,41.48,-92.35,41.34,-92.35
201809,2,201809,2,785798,IOWA,Flash Flood,MUSCATINE,0,0,0,0,0.00K,0.00K,41.43,-91.07,41.41,-91.07
201810,8,201810,9,787230,IOWA,Flood,MAHASKA,0,0,0,0,0.00K,0.00K,41.29,-92.7,41.2859,-92.698
201809,9,201809,15,786886,IOWA,Flood,DES MOINES,0,0,0,0,0.00K,0.00K,40.8478,-91.1054,40.7842,-91.1088
201809,5,201809,7,791403,IOWA,Flood,IOWA,0,0,0,0,0.00K,0.00K,41.818,-92.0851,41.8079,-92.0847
201809,4,201809,9,786917,IOWA,Flood,JONES,0,0,0,0,0.00K,0.00K,42.1075,-91.3495,42.0497,-91.2341
201809,4,201809,8,786905,IOWA,Flood,BENTON,0,0,0,0,0.00K,0.00K,42.4945,-91.9606,42.4427,-91.8767
201809,22,201809,23,785682,IOWA,Flood,PALO ALTO,0,0,0,0,100.00K,250.00K,43.09,-94.75,42.79,-94.44
201809,7,201809,17,786921,IOWA,Flood,CLINTON,0,0,0,0,0.00K,0.00K,41.7906,-90.6381,41.7352,-90.629
201809,1,201809,1,785793,IOWA,Flash Flood,IOWA,0,0,0,0,0.00K,0.00K,41.8,-92.05,41.8,-92.25
201809,1,201809,1,785796,IOWA,Flash Flood,IOWA,0,0,0,0,0.00K,0.00K,41.85,-92.2,41.5,-92.2
201809,20,201809,30,785683,IOWA,Flood,EMMET,0,0,0,0,100.00K,250.00K,43.26,-94.83,43.26,-94.71
201809,3,201809,5,785673,IOWA,Flood,BLACK HAWK,0,0,0,0,100.00K,0.00K,42.56,-92.38,42.51,-92.45
201809,5,201809,5,780279,IOWA,Flash Flood,MAHASKA,0,0,0,0,10.00K,0.00K,41.4556,-92.5673,41.4623,-92.5699
201810,9,201810,10,789935,IOWA,Flood,POWESHIEK,0,0,0,0,100.00K,50.00K,41.8224,-92.73,41.819,-92.5904
201809,5,201809,5,780280,IOWA,Flash Flood,MAHASKA,0,0,0,0,10.00K,0.00K,41.474,-92.6228,41.4741,-92.6153
201810,9,201810,10,787243,IOWA,Flood,MARION,0,0,0,0,0.00K,0.00K,41.2983,-93.0647,41.2802,-93.0428
201810,2,201810,2,787211,IOWA,Flood,BLACK HAWK,0,0,0,0,0.00K,0.00K,42.5968,-92.3307,42.4663,-92.1351
201809,5,201809,7,786302,IOWA,Flood,MAHASKA,0,0,0,0,100.00K,100.00K,41.4997,-92.8324,41.4012,-92.86
201809,2,201809,3,786298,IOWA,Flood,BREMER,0,0,0,0,50.00K,150.00K,42.6511,-92.5256,42.8968,-92.5478
201809,1,201809,1,779432,IOWA,Flash Flood,TAMA,0,0,0,0,10.00K,0.00K,42.2028,-92.4535,42.1795,-92.4536
201809,2,201809,2,786731,IOWA,Flood,MARSHALL,0,0,0,0,50.00K,50.00K,41.9334,-92.7879,41.9163,-92.7887
201809,5,201809,5,780276,IOWA,Flash Flood,POWESHIEK,0,0,0,0,100.00K,50.00K,41.5481,-92.3032,41.7818,-92.3392
201809,5,201809,5,780283,IOWA,Flood,FRANKLIN,0,0,0,0,20.00K,0.00K,42.7579,-93.375,42.7683,-93.3757
201809,20,201809,21,786303,IOWA,Flood,FRANKLIN,0,0,0,0,50.00K,100.00K,42.8447,-93.4679,42.579,-93.4476
201809,7,201809,9,785699,IOWA,Flood,DALLAS,0,0,0,0,100.00K,250.00K,41.59,-94.03,41.61,-93.94
201810,2,201810,2,787210,IOWA,Flood,BLACK HAWK,0,0,0,0,0.00K,0.00K,42.5973,-92.2154,42.6318,-92.2351
201810,9,201810,10,789940,IOWA,Flood,MARION,0,0,0,0,100.00K,50.00K,41.4967,-92.9066,41.2191,-92.978
201809,1,201809,2,779557,IOWA,Flash Flood,POWESHIEK,0,0,0,0,50.00K,50.00K,41.8482,-92.5513,41.8481,-92.5579
201809,1,201809,2,779559,IOWA,Flash Flood,POLK,0,0,0,0,50.00K,0.00K,41.7904,-93.8053,41.7597,-93.81
201810,1,201810,5,789571,IOWA,Flood,BLACK HAWK,0,0,0,0,50.00K,100.00K,42.48,-92.28,42.53,-92.38
201810,1,201810,5,789570,IOWA,Flood,EMMET,0,0,0,0,0.00K,0.00K,43.26,-94.83,43.26,-94.71
201810,3,201810,6,789573,IOWA,Flood,TAMA,0,0,0,0,0.00K,0.00K,42.0,-92.77,41.86,-92.3
201810,9,201810,14,789595,IOWA,Flood,BLACK HAWK,0,0,0,0,50.00K,0.00K,42.56,-92.38,42.51,-92.45
201809,20,201809,21,786307,IOWA,Flood,BUTLER,0,0,0,0,50.00K,100.00K,42.7547,-92.948,42.7569,-93.0064
201810,9,201810,10,787242,IOWA,Flood,LUCAS,0,0,0,0,0.00K,0.00K,40.9394,-93.4663,41.0279,-93.4541
201810,6,201810,6,787217,IOWA,Flood,MARION,0,0,0,0,0.00K,0.00K,41.31,-92.95,41.3005,-92.9498
201810,2,201810,2,787209,IOWA,Flood,BLACK HAWK,0,0,0,0,0.00K,0.00K,42.3863,-92.2446,42.3683,-92.2575
201810,2,201810,2,787207,IOWA,Flood,BLACK HAWK,0,0,0,0,0.00K,0.00K,42.3278,-92.2968,42.3282,-92.3399
201809,1,201809,2,786310,IOWA,Flash Flood,POWESHIEK,0,0,0,0,10.00K,10.00K,41.8479,-92.5533,41.8343,-92.5538
201809,5,201809,9,785674,IOWA,Flood,BLACK HAWK,0,0,0,0,100.00K,0.00K,42.56,-92.38,42.51,-92.45
201809,2,201809,11,785675,IOWA,Flood,BLACK HAWK,0,0,0,0,100.00K,0.00K,42.56,-92.38,42.62,-92.41
201809,3,201809,8,785676,IOWA,Flood,BLACK HAWK,0,0,0,0,250.00K,500.00K,42.48,-92.28,42.42,-92.54
201810,9,201810,12,789580,IOWA,Flood,MARSHALL,0,0,0,0,0.00K,0.00K,42.04,-92.97,42.0,-92.77
201810,10,201810,12,789587,IOWA,Flood,WEBSTER,0,0,0,0,50.00K,50.00K,42.42,-94.21,42.3,-94.05
201809,1,201809,2,779563,IOWA,Flash Flood,POLK,0,0,0,0,20.00K,50.00K,41.7569,-93.8106,41.7436,-93.7717
201810,9,201810,15,789591,IOWA,Flood,POLK,0,0,0,0,50.00K,100.00K,41.57,-93.61,41.59,-93.62
201809,5,201809,5,780281,IOWA,Flash Flood,POWESHIEK,0,0,0,0,0.00K,0.00K,41.506,-92.6496,41.5112,-92.65
201809,5,201809,5,780282,IOWA,Flash Flood,UNION,0,0,0,0,10.00K,0.00K,40.907,-94.0261,40.9053,-94.0212
201809,2,201809,2,779566,IOWA,Flash Flood,STORY,0,0,0,0,0.00K,0.00K,42.01,-93.29,42.0046,-93.2892
201809,2,201809,3,786297,IOWA,Flood,BUTLER,0,0,0,0,50.00K,150.00K,42.9,-92.8,42.6536,-92.8039
201809,20,201809,22,786305,IOWA,Flood,KOSSUTH,0,0,0,0,50.00K,150.00K,43.3516,-94.3924,42.9463,-94.372
201809,20,201809,21,786304,IOWA,Flood,WRIGHT,0,0,0,0,25.00K,50.00K,42.8348,-93.6351,42.6001,-93.6506
201810,9,201810,16,789576,IOWA,Flood,TAMA,0,0,0,0,0.00K,0.00K,42.0,-92.77,41.86,-92.3
201809,20,201809,20,781198,IOWA,Flash Flood,FRANKLIN,0,0,0,0,20.00K,50.00K,42.8447,-93.4679,42.579,-93.4476
201809,5,201809,6,786294,IOWA,Flood,FRANKLIN,0,0,0,0,100.00K,250.00K,42.7933,-93.4197,42.8733,-93.1849
201809,20,201809,21,786306,IOWA,Flood,HANCOCK,0,0,0,0,50.00K,150.00K,43.2345,-93.9647,42.941,-93.8571
201810,9,201810,15,789593,IOWA,Flood,LUCAS,0,0,0,0,50.00K,100.00K,40.96,-93.31,40.9,-93.21
201810,9,201810,17,789596,IOWA,Flood,BLACK HAWK,0,0,0,0,50.00K,100.00K,42.56,-92.38,42.62,-92.41
201810,1,201810,2,789942,IOWA,Flood,GRUNDY,0,0,0,0,0.00K,50.00K,42.5004,-92.6157,42.4728,-92.954
201810,1,201810,2,789945,IOWA,Flood,BLACK HAWK,0,0,0,0,0.00K,50.00K,42.4493,-92.3107,42.4468,-92.3635
201809,2,201809,2,786730,IOWA,Flash Flood,MARSHALL,0,0,0,0,20.00K,0.00K,41.9337,-92.7894,41.9169,-92.7892
201809,4,201809,4,780246,IOWA,Flash Flood,KOSSUTH,0,0,0,0,50.00K,50.00K,43.0617,-94.234,43.082,-94.2463
201809,5,201809,5,780277,IOWA,Flash Flood,MAHASKA,0,0,0,0,10.00K,0.00K,41.34,-92.6,41.3368,-92.5947
201809,5,201809,7,785677,IOWA,Flood,BUTLER,0,0,0,0,100.00K,250.00K,42.65,-92.49,42.69,-92.49
201809,4,201809,11,785678,IOWA,Flood,TAMA,0,0,0,0,100.00K,250.00K,42.0,-92.77,41.86,-92.3
201809,21,201809,25,785679,IOWA,Flood,KOSSUTH,0,0,0,0,100.00K,250.00K,42.88,-94.15,43.2,-94.14
201809,1,201809,1,779430,IOWA,Flash Flood,TAMA,0,0,0,0,0.00K,0.00K,42.1835,-92.5316,42.1861,-92.5318
201809,21,201809,26,785680,IOWA,Flood,BLACK HAWK,0,0,0,0,100.00K,0.00K,42.56,-92.38,42.51,-92.45
201809,20,201809,29,785681,IOWA,Flood,BLACK HAWK,0,0,0,0,100.00K,0.00K,42.56,-92.38,42.62,-92.41
201809,2,201809,2,779567,IOWA,Flash Flood,STORY,0,0,0,0,0.00K,0.00K,42.0204,-93.3068,42.0203,-93.3117
201809,3,201809,3,779833,IOWA,Flash Flood,BLACK HAWK,0,0,0,0,0.00K,0.00K,42.5389,-92.4477,42.5387,-92.4433
201809,5,201809,5,786293,IOWA,Flash Flood,FRANKLIN,0,0,0,0,50.00K,100.00K,42.7933,-93.4197,42.8733,-93.1849
201810,10,201810,14,789577,IOWA,Flood,DALLAS,0,0,0,0,50.00K,100.00K,41.59,-94.03,41.61,-93.94
201810,10,201810,21,789589,IOWA,Flood,EMMET,0,0,0,0,0.00K,0.00K,43.26,-94.83,43.26,-94.71
201810,9,201810,9,789592,IOWA,Flood,DECATUR,0,0,0,0,50.00K,50.00K,40.58,-93.84,40.58,-93.73
201810,11,201810,13,789584,IOWA,Flood,HUMBOLDT,0,0,0,0,50.00K,100.00K,42.65,-94.16,42.72,-94.2
201810,1,201810,5,789566,IOWA,Flood,BLACK HAWK,0,0,0,0,0.00K,0.00K,42.56,-92.38,42.62,-92.41
201810,3,201810,4,789568,IOWA,Flood,POLK,0,0,0,0,0.00K,0.00K,41.59,-93.56,41.59,-93.66
201809,5,201809,5,780287,IOWA,Flash Flood,RINGGOLD,0,0,0,0,10.00K,20.00K,40.6552,-94.1835,40.6514,-94.1834
201809,5,201809,5,780286,IOWA,Flood,FRANKLIN,0,0,0,0,10.00K,0.00K,42.6009,-93.4362,42.5877,-93.4369
201809,5,201809,6,786301,IOWA,Flood,POWESHIEK,0,0,0,0,150.00K,150.00K,41.8303,-92.3143,41.5255,-92.3404
201809,2,201809,2,785805,IOWA,Flash Flood,BUTLER,0,0,0,0,50.00K,100.00K,42.8604,-92.5768,42.8687,-92.6821
201809,5,201809,6,786300,IOWA,Flood,WRIGHT,0,0,0,0,100.00K,250.00K,42.6831,-93.7622,42.5732,-93.7716
201810,9,201810,10,789912,IOWA,Flood,DECATUR,0,0,0,0,100.00K,50.00K,40.8383,-93.9824,40.824,-93.7425
201810,9,201810,10,789937,IOWA,Flood,JASPER,0,0,0,0,50.00K,50.00K,41.6073,-92.8475,41.5958,-92.7919
201809,5,201809,6,786299,IOWA,Flood,BUTLER,0,0,0,0,100.00K,250.00K,42.8938,-93.0027,42.6921,-93.0074
201809,3,201809,3,779835,IOWA,Flash Flood,BLACK HAWK,0,0,0,0,10.00K,0.00K,42.5104,-92.471,42.5282,-92.469
201810,6,201810,6,789911,IOWA,Flood,MAHASKA,0,0,0,0,50.00K,50.00K,41.3126,-92.8662,41.3026,-92.8653
201809,1,201809,2,779556,IOWA,Flash Flood,DALLAS,0,0,0,0,20.00K,50.00K,41.7437,-93.8229,41.7335,-93.8227
201809,21,201809,29,785687,IOWA,Flood,HUMBOLDT,0,0,0,0,100.00K,250.00K,42.65,-94.16,42.72,-94.2
201809,21,201809,25,785694,IOWA,Flood,WRIGHT,0,0,0,0,100.00K,250.00K,42.75,-93.67,42.63,-93.52
201809,20,201809,24,785695,IOWA,Flood,BUTLER,0,0,0,0,100.00K,250.00K,42.65,-92.49,42.69,-92.49
201809,22,201809,25,785696,IOWA,Flood,WEBSTER,0,0,0,0,100.00K,250.00K,42.0,-93.97,41.98,-93.87
201809,21,201809,23,785686,IOWA,Flood,WEBSTER,0,0,0,0,100.00K,250.00K,42.42,-94.21,42.3,-94.05
201809,23,201809,23,785697,IOWA,Flood,HAMILTON,0,0,0,0,100.00K,250.00K,42.3,-93.93,42.34,-93.8
201809,21,201809,22,785688,IOWA,Flood,BLACK HAWK,0,0,0,0,100.00K,250.00K,42.48,-92.28,42.42,-92.54
201809,26,201809,30,785706,IOWA,Flood,TAMA,0,0,0,0,0.00K,0.00K,42.0,-92.77,41.86,-92.3
201809,20,201809,23,785689,IOWA,Flood,CERRO GORDO,0,0,0,0,100.00K,250.00K,43.29,-93.28,43.28,-93.5
201810,1,201810,7,786726,IOWA,Flood,BUENA VISTA,0,0,0,0,0.00K,0.00K,42.9098,-95.0902,42.9099,-95.386
201810,1,201810,7,786727,IOWA,Flood,O'BRIEN,0,0,0,0,0.00K,0.00K,42.96,-95.43,42.9394,-95.4123
201810,1,201810,2,786728,IOWA,Flood,CHEROKEE,0,0,0,0,0.00K,0.00K,42.91,-95.47,42.7,-95.64
201810,1,201810,2,786729,IOWA,Flood,O'BRIEN,0,0,0,0,0.00K,0.00K,42.96,-95.43,42.9365,-95.439
201810,10,201810,11,788687,IOWA,Flood,WINNESHIEK,0,0,0,0,0.00K,0.00K,43.2095,-91.957,43.2102,-91.9558
201810,1,201810,2,788684,IOWA,Flood,CLAYTON,0,0,0,0,0.00K,0.00K,42.845,-91.4043,42.8445,-91.4052
201810,9,201810,12,788688,IOWA,Flood,CLAYTON,0,0,0,0,0.00K,0.00K,42.845,-91.4043,42.8445,-91.4052
201810,8,201810,12,788689,IOWA,Flood,CLAYTON,0,0,0,0,0.00K,0.00K,42.7386,-91.2686,42.7389,-91.2701
201810,9,201810,18,789156,IOWA,Flood,LEE,0,0,0,0,0.00K,0.00K,40.6814,-91.1169,40.6414,-91.424
201810,1,201810,2,788686,IOWA,Flood,CLAYTON,0,0,0,0,0.00K,0.00K,42.7386,-91.2686,42.7389,-91.2701
201810,1,201810,1,789089,IOWA,Flood,CLAYTON,0,0,0,0,0.00K,0.00K,42.6958,-91.1673,42.691,-91.1897
201810,1,201810,1,786611,IOWA,Flash Flood,DELAWARE,0,0,0,0,0.00K,0.00K,42.55,-91.22,42.3873,-91.1972
201810,1,201810,1,786613,IOWA,Flash Flood,DUBUQUE,0,0,0,0,0.00K,0.00K,42.5967,-91.1341,42.5849,-90.6839
201810,1,201810,1,791919,IOWA,Flash Flood,BUCHANAN,0,0,0,0,0.00K,0.00K,42.5212,-91.7994,42.4188,-91.7993
201810,6,201810,6,786619,IOWA,Flash Flood,KEOKUK,0,0,0,0,0.00K,0.00K,41.5078,-91.9662,41.3579,-91.9687
201810,5,201810,6,786617,IOWA,Flash Flood,JOHNSON,0,0,0,0,0.00K,0.00K,41.7227,-91.7918,41.5226,-91.8135
201810,6,201810,6,786620,IOWA,Flash Flood,CLINTON,0,0,0,0,0.00K,0.00K,42.0094,-90.1761,41.9843,-90.6173
201810,6,201810,6,786622,IOWA,Flash Flood,CEDAR,0,0,0,0,0.00K,0.00K,41.6463,-91.1895,41.6663,-91.1908
201810,10,201810,10,786669,IOWA,Flash Flood,DUBUQUE,0,0,0,0,0.00K,0.00K,42.47,-90.93,42.4756,-90.9228
201810,12,201810,13,788396,IOWA,Flood,SCOTT,0,0,0,0,0.00K,0.00K,41.5788,-90.4058,41.5295,-90.6049
201810,12,201810,15,788399,IOWA,Flood,MUSCATINE,0,0,0,0,0.00K,0.00K,41.4263,-91.0112,41.43,-91.0563
201810,8,201810,23,788400,IOWA,Flood,LOUISA,0,0,0,0,0.00K,0.00K,41.3556,-91.0674,41.3545,-91.1225
201810,8,201810,25,789141,IOWA,Flood,DES MOINES,0,0,0,0,0.00K,0.00K,41.0874,-90.9478,40.8513,-91.1028
201810,10,201810,11,789154,IOWA,Flood,IOWA,0,0,0,0,0.00K,0.00K,41.8132,-92.0635,41.8057,-92.0362
201810,7,201810,13,789165,IOWA,Flood,JOHNSON,0,0,0,0,0.00K,0.00K,41.4293,-91.4832,41.4288,-91.4767
201810,7,201810,13,789177,IOWA,Flood,LOUISA,0,0,0,0,0.00K,0.00K,41.4234,-91.4829,41.4198,-91.4819
201810,7,201810,14,789201,IOWA,Flood,LOUISA,0,0,0,0,0.00K,0.00K,41.2863,-91.3534,41.2757,-91.3459
201810,8,201810,14,789202,IOWA,Flood,LOUISA,0,0,0,0,0.00K,0.00K,41.1922,-91.1896,41.1677,-91.1739
201810,10,201810,11,789209,IOWA,Flood,JACKSON,0,0,0,0,0.00K,0.00K,42.1061,-90.5282,42.0914,-90.5176
201810,7,201810,11,789210,IOWA,Flood,WASHINGTON,0,0,0,0,0.00K,0.00K,41.4903,-91.7639,41.4909,-91.5146
201810,12,201810,12,789212,IOWA,Flood,KEOKUK,0,0,0,0,0.00K,0.00K,41.3281,-92.3105,41.3027,-92.0693
201810,1,201810,21,789205,IOWA,Flood,CLINTON,0,0,0,0,0.00K,0.00K,41.7075,-90.3455,41.7256,-90.7887
201810,1,201810,21,789207,IOWA,Flood,SCOTT,0,0,0,0,0.00K,0.00K,41.7468,-90.7438,41.7759,-90.6228
201810,10,201810,18,786686,IOWA,Flood,SIOUX,0,0,0,0,0.00K,0.00K,43.08,-96.4545,43.0451,-96.5121
201810,10,201810,12,786706,IOWA,Flood,LYON,0,0,0,0,0.00K,0.00K,43.5,-96.25,43.41,-96.19
201810,10,201810,12,786707,IOWA,Flood,CLAY,0,0,0,0,0.00K,0.00K,43.13,-95.29,43.12,-95.2
201810,1,201810,2,786721,IOWA,Flood,DICKINSON,0,0,0,0,0.00K,0.00K,43.41,-95.27,43.3,-95.25
201810,1,201810,2,786722,IOWA,Flood,CLAY,0,0,0,0,0.00K,0.00K,43.2554,-95.2648,43.21,-95.28
201810,1,201810,3,786723,IOWA,Flood,CLAY,0,0,0,0,0.00K,0.00K,43.21,-95.2693,43.1468,-95.2053
201810,1,201810,4,786724,IOWA,Flood,CLAY,0,0,0,0,0.00K,0.00K,43.15,-95.18,43.1,-95.1
201810,1,201810,7,786725,IOWA,Flood,CLAY,0,0,0,0,0.00K,0.00K,43.02,-95.1,42.93,-95.2
201906,1,201906,2,835808,IOWA,Flood,DICKINSON,0,0,0,0,0.00K,0.00K,43.501,-95.2208,43.43,-95.28
201906,1,201906,7,835814,IOWA,Flood,CLAY,0,0,0,0,0.00K,0.00K,43.2554,-95.2648,43.21,-95.28
201906,1,201906,10,835817,IOWA,Flood,CLAY,0,0,0,0,0.00K,0.00K,43.15,-95.18,43.1,-95.1
201906,1,201906,8,835823,IOWA,Flood,CLAY,0,0,0,0,0.00K,0.00K,43.02,-95.1,42.93,-95.2
201906,1,201906,8,835825,IOWA,Flood,BUENA VISTA,0,0,0,0,0.00K,0.00K,42.9098,-95.0902,42.9099,-95.386
201906,1,201906,8,835826,IOWA,Flood,O'BRIEN,0,0,0,0,0.00K,0.00K,42.96,-95.43,42.9394,-95.4123
201906,1,201906,7,835827,IOWA,Flood,CHEROKEE,0,0,0,0,0.00K,0.00K,42.91,-95.47,42.7,-95.64
201906,1,201906,7,835828,IOWA,Flood,O'BRIEN,0,0,0,0,0.00K,0.00K,42.96,-95.43,42.9365,-95.439
201906,27,201906,29,835860,IOWA,Flood,LYON,0,0,0,0,0.00K,0.00K,43.5,-96.5986,43.4825,-96.5849
201906,27,201906,30,835867,IOWA,Flood,SIOUX,0,0,0,0,0.00K,0.00K,43.08,-96.4545,43.0451,-96.5121
201906,1,201906,7,835812,IOWA,Flood,DICKINSON,0,0,0,0,0.00K,0.00K,43.41,-95.27,43.3,-95.25
201906,27,201906,30,835869,IOWA,Flood,PLYMOUTH,0,0,0,0,0.00K,0.00K,42.9085,-96.5382,42.8245,-96.578
201906,28,201906,30,835872,IOWA,Flood,PLYMOUTH,0,0,0,0,0.00K,0.00K,42.7743,-96.6258,42.7551,-96.6188
201905,31,201905,31,816664,IOWA,Flood,POTTAWATTAMIE,0,0,0,0,0.00K,0.00K,41.35,-95.93,41.3423,-95.9266
201905,29,201905,31,816673,IOWA,Flood,FREMONT,0,0,0,0,0.00K,0.00K,40.8889,-95.8084,40.7243,-95.8518
201905,29,201905,31,816676,IOWA,Flood,POTTAWATTAMIE,0,0,0,0,0.00K,0.00K,41.3461,-95.902,41.3508,-95.8906
201905,24,201905,24,815201,IOWA,Flash Flood,MONTGOMERY,0,0,0,0,0.00K,0.00K,40.99,-95.11,40.9909,-95.1067
201903,13,201903,16,813078,IOWA,Flood,EMMET,0,0,0,0,0.00K,0.00K,43.4993,-94.9132,43.4991,-94.4438
201903,15,201903,15,813098,IOWA,Flood,DALLAS,0,0,0,0,0.00K,0.00K,41.8453,-94.2372,41.8556,-93.8269
201903,13,201903,14,814843,IOWA,Flood,WARREN,0,0,0,0,50.00K,0.00K,41.511,-93.7735,41.1746,-93.784
201903,13,201903,15,813067,IOWA,Flood,MADISON,0,0,0,0,0.00K,0.00K,41.4808,-93.8013,41.1919,-93.8037
201903,13,201903,14,814844,IOWA,Flood,MADISON,0,0,0,0,100.00K,0.00K,41.5084,-93.811,41.1803,-93.7952
201903,15,201903,16,813125,IOWA,Flood,HANCOCK,0,0,0,0,0.00K,0.00K,43.2338,-93.9206,43.2465,-93.5189
201903,13,201903,16,813077,IOWA,Flood,CARROLL,0,0,0,0,0.00K,0.00K,42.198,-94.6294,42.1884,-95.0873
201903,15,201903,16,813121,IOWA,Flood,BUTLER,0,0,0,0,0.00K,0.00K,42.8993,-93.0042,42.8941,-92.5598
201903,15,201903,15,813131,IOWA,Flood,WARREN,0,0,0,0,0.00K,0.00K,41.5084,-93.7839,41.4855,-93.3335
201903,15,201903,16,813133,IOWA,Flood,TAMA,0,0,0,0,0.00K,0.00K,42.2747,-92.7341,42.2854,-92.3046
201903,17,201903,19,814879,IOWA,Flash Flood,FRANKLIN,0,0,0,0,200.00K,0.00K,42.6398,-93.4916,42.5675,-93.4932
201903,13,201903,15,813065,IOWA,Flood,WARREN,0,0,0,0,0.00K,0.00K,41.511,-93.7735,41.1746,-93.784
201903,15,201903,16,813099,IOWA,Flood,BUTLER,0,0,0,0,0.00K,0.00K,42.5654,-92.9994,42.5662,-92.5571
201903,13,201903,14,814842,IOWA,Flood,DALLAS,0,0,0,0,100.00K,0.00K,41.5218,-93.817,41.8636,-93.8157
201904,23,201904,24,811850,IOWA,Flood,PALO ALTO,0,0,0,0,0.00K,0.00K,43.09,-94.75,42.79,-94.44
201904,11,201904,16,811851,IOWA,Flood,PALO ALTO,0,0,0,0,0.00K,0.00K,43.09,-94.75,42.79,-94.44
201903,18,201903,31,814565,IOWA,Flood,CLAYTON,0,0,0,0,0.00K,0.00K,43.0296,-91.1737,43.0298,-91.1719
201903,20,201903,31,814566,IOWA,Flood,CLAYTON,0,0,0,0,0.00K,0.00K,42.8205,-91.104,42.8264,-91.0825
201903,12,201903,12,811805,IOWA,Flood,WAPELLO,0,0,0,0,0.00K,0.00K,40.87,-92.21,40.92,-92.2
201903,12,201903,14,811815,IOWA,Flood,WARREN,0,0,0,0,0.00K,0.00K,41.39,-93.76,41.35,-93.73
201903,14,201903,18,811820,IOWA,Flood,POLK,0,0,0,0,0.00K,0.00K,41.56,-93.68,41.58,-93.67
201903,14,201903,14,811806,IOWA,Flood,BOONE,0,0,0,0,0.00K,0.00K,42.0,-93.97,41.98,-93.87
201903,16,201903,31,815684,IOWA,Flood,LOUISA,0,0,0,0,0.00K,0.00K,41.1508,-90.9876,41.1427,-90.9992
201903,16,201903,31,815685,IOWA,Flood,DES MOINES,0,0,0,0,0.00K,0.00K,40.8679,-91.0431,40.8684,-91.0755
201903,18,201903,31,815686,IOWA,Flood,LEE,0,0,0,0,0.00K,0.00K,40.3835,-91.3869,40.3852,-91.4103
201903,12,201903,13,815673,IOWA,Flood,DES MOINES,0,0,0,0,0.00K,0.00K,40.7543,-91.2632,40.7504,-91.2446
201903,16,201903,24,811817,IOWA,Flood,DALLAS,0,0,0,0,0.00K,0.00K,41.59,-94.03,41.61,-93.94
201903,13,201903,14,811822,IOWA,Flood,DALLAS,0,0,0,0,0.00K,0.00K,41.53,-93.97,41.55,-93.96
201903,12,201903,12,815674,IOWA,Flood,LEE,0,0,0,0,0.00K,0.00K,40.7534,-91.2685,40.7546,-91.2679
201903,13,201903,26,815680,IOWA,Flood,CLINTON,0,0,0,0,0.00K,0.00K,41.7623,-90.5723,41.764,-90.5721
201903,13,201903,26,815681,IOWA,Flood,SCOTT,0,0,0,0,0.00K,0.00K,41.7614,-90.5754,41.7603,-90.5737
201903,13,201903,16,815679,IOWA,Flood,JACKSON,0,0,0,0,0.00K,0.00K,42.0755,-90.6867,42.0791,-90.6642
201903,15,201903,17,811789,IOWA,Flood,WRIGHT,0,0,0,0,0.00K,0.00K,42.75,-93.67,42.63,-93.52
201903,13,201903,21,811790,IOWA,Flood,TAMA,0,0,0,0,0.00K,0.00K,42.0,-92.77,41.86,-92.3
201903,15,201903,15,811796,IOWA,Flood,CERRO GORDO,0,0,0,0,0.00K,0.00K,43.29,-93.28,43.28,-93.5
201903,19,201903,20,811841,IOWA,Flood,CERRO GORDO,0,0,0,0,0.00K,0.00K,43.29,-93.28,43.28,-93.5
201903,15,201903,31,811823,IOWA,Flood,PALO ALTO,0,0,0,0,0.00K,0.00K,43.09,-94.75,42.79,-94.44
201903,14,201903,15,815678,IOWA,Flood,WASHINGTON,0,0,0,0,0.00K,0.00K,41.4722,-91.7249,41.4701,-91.7048
201903,15,201903,17,815676,IOWA,Flood,KEOKUK,0,0,0,0,0.00K,0.00K,41.3084,-92.217,41.3091,-92.1997
201903,17,201903,21,815677,IOWA,Flood,LINN,0,0,0,0,0.00K,0.00K,41.9897,-91.6816,41.9714,-91.6709
201903,15,201903,18,811793,IOWA,Flood,BUTLER,0,0,0,0,0.00K,0.00K,42.65,-92.49,42.69,-92.49
201903,15,201903,16,811797,IOWA,Flood,POLK,0,0,0,0,0.00K,0.00K,41.63,-93.67,41.66,-93.67
201904,24,201904,30,811849,IOWA,Flood,HUMBOLDT,0,0,0,0,0.00K,0.00K,42.65,-94.16,42.72,-94.2
201903,14,201903,28,811799,IOWA,Flood,POLK,0,0,0,0,0.00K,0.00K,41.59,-93.56,41.59,-93.66
201903,14,201903,15,811800,IOWA,Flood,WEBSTER,0,0,0,0,0.00K,0.00K,42.42,-94.21,42.3,-94.05
201903,15,201903,16,811803,IOWA,Flood,WEBSTER,0,0,0,0,0.00K,0.00K,42.42,-94.21,42.3,-94.05
201904,1,201904,30,823523,IOWA,Flood,FREMONT,0,0,0,0,0.00K,100.00M,40.9225,-95.8614,40.73,-95.9027
201904,1,201904,30,825336,IOWA,Flood,MILLS,0,0,0,0,0.00K,0.00K,41.0359,-95.8847,40.913,-95.8532
201903,16,201903,31,811804,IOWA,Flood,WEBSTER,0,0,0,0,0.00K,0.00K,42.42,-94.21,42.3,-94.05
201903,15,201903,24,811807,IOWA,Flood,BOONE,0,0,0,0,0.00K,0.00K,42.0,-93.97,41.98,-93.87
201903,16,201903,24,811808,IOWA,Flood,KOSSUTH,0,0,0,0,0.00K,0.00K,42.88,-94.15,43.2,-94.14
201903,14,201903,18,811784,IOWA,Flood,BLACK HAWK,0,0,0,0,0.00K,0.00K,42.49,-92.28,42.53,-92.38
201903,13,201903,16,813073,IOWA,Flood,BOONE,0,0,0,0,0.00K,0.00K,42.1871,-94.1396,42.1826,-93.6996
201903,15,201903,27,811786,IOWA,Flood,BLACK HAWK,0,0,0,0,0.00K,0.00K,42.56,-92.38,42.62,-92.41
201903,15,201903,24,811785,IOWA,Flood,BLACK HAWK,0,0,0,0,0.00K,0.00K,42.56,-92.38,42.51,-92.45
201903,13,201903,16,813066,IOWA,Flood,SAC,0,0,0,0,0.00K,0.00K,42.5175,-94.9546,42.2422,-94.9775
201903,9,201903,10,814270,IOWA,Flood,MAHASKA,0,0,0,0,20.00K,0.00K,41.33,-92.75,41.31,-92.77
201903,12,201903,15,814271,IOWA,Flood,CLARKE,0,0,0,0,200.00K,0.00K,40.9,-94.01,40.9,-93.56
201903,13,201903,16,813074,IOWA,Flood,CRAWFORD,0,0,0,0,0.00K,0.00K,42.1874,-95.6158,42.1953,-95.0886
201903,14,201903,17,811788,IOWA,Flood,MARSHALL,0,0,0,0,0.00K,0.00K,42.04,-92.97,42.0,-92.77
201903,15,201903,15,811811,IOWA,Flood,GREENE,0,0,0,0,0.00K,0.00K,42.08,-94.63,41.86,-94.27
201903,13,201903,15,813068,IOWA,Flood,WARREN,0,0,0,0,0.00K,0.00K,41.5033,-93.7756,41.1773,-93.7817
201903,13,201903,16,813075,IOWA,Flood,CRAWFORD,0,0,0,0,0.00K,0.00K,42.1917,-95.6105,42.1893,-95.0903
201903,11,201903,12,811814,IOWA,Flood,WARREN,0,0,0,0,0.00K,0.00K,41.39,-93.76,41.35,-93.73
201903,14,201903,16,811818,IOWA,Flood,WARREN,0,0,0,0,0.00K,0.00K,41.43,-93.79,41.38,-93.79
201903,13,201903,24,811819,IOWA,Flood,POLK,0,0,0,0,0.00K,0.00K,41.57,-93.61,41.59,-93.62
201903,13,201903,19,811821,IOWA,Flood,DALLAS,0,0,0,0,0.00K,0.00K,41.53,-93.97,41.51,-93.88
201903,15,201903,18,813876,IOWA,Flood,FLOYD,0,0,0,0,0.00K,0.00K,43.0691,-92.6844,43.0725,-92.6835
201903,14,201903,16,814211,IOWA,Flood,ALLAMAKEE,0,0,0,0,0.00K,0.00K,43.422,-91.5073,43.4266,-91.5194
201903,14,201903,31,811827,IOWA,Flood,EMMET,0,0,0,0,0.00K,0.00K,43.26,-94.83,43.26,-94.71
201903,16,201903,31,811828,IOWA,Flood,HUMBOLDT,0,0,0,0,0.00K,0.00K,42.65,-94.16,42.72,-94.2
201903,14,201903,16,814212,IOWA,Flood,WINNESHIEK,0,0,0,0,0.00K,0.00K,43.2095,-91.957,43.2102,-91.9558
201903,13,201903,16,814213,IOWA,Flood,FAYETTE,0,0,0,0,0.00K,0.00K,43.0422,-91.8211,43.0397,-91.8196
201903,14,201903,15,814214,IOWA,Flood,FAYETTE,0,0,0,0,0.00K,0.00K,43.0151,-91.684,43.0175,-91.6822
201903,13,201903,17,814226,IOWA,Flood,CLAYTON,0,0,0,0,0.00K,0.00K,42.845,-91.4043,42.8445,-91.4052
201904,1,201904,8,816779,IOWA,Flood,ALLAMAKEE,0,0,0,0,0.00K,0.00K,43.3477,-91.1897,43.3459,-91.1961
201904,1,201904,30,816780,IOWA,Flood,CLAYTON,0,0,0,0,0.00K,0.00K,43.0296,-91.1737,43.0298,-91.1719
201904,1,201904,30,816782,IOWA,Flood,CLAYTON,0,0,0,0,0.00K,0.00K,42.8205,-91.104,42.8264,-91.0825
201903,14,201903,16,813086,IOWA,Flood,CARROLL,0,0,0,0,0.00K,0.00K,42.2011,-95.0874,42.1957,-94.6681
201903,13,201903,14,811829,IOWA,Flood,POLK,0,0,0,0,0.00K,0.00K,41.61,-93.57,41.56,-93.54
201903,14,201903,14,811830,IOWA,Flood,CASS,0,0,0,0,0.00K,0.00K,41.28,-95.07,41.43,-94.95
201903,13,201903,17,814227,IOWA,Flood,CLAYTON,0,0,0,0,0.00K,0.00K,42.7386,-91.2686,42.7389,-91.2701
201903,13,201903,15,813848,IOWA,Flood,CLAYTON,0,0,0,0,2.03M,2.00K,43.0798,-91.18,43.0798,-91.6063
201903,14,201903,15,813090,IOWA,Flood,WARREN,0,0,0,0,0.00K,0.00K,41.5051,-93.7753,41.4844,-93.3463
201903,13,201903,15,811831,IOWA,Flood,STORY,0,0,0,0,0.00K,0.00K,42.01,-93.62,41.8,-93.52
201903,14,201903,15,811832,IOWA,Flood,STORY,0,0,0,0,0.00K,0.00K,42.1,-93.62,42.07,-93.65
201903,23,201903,31,815683,IOWA,Flood,MUSCATINE,0,0,0,0,0.00K,0.00K,41.4029,-91.065,41.4517,-90.9936
201903,23,201903,31,815682,IOWA,Flood,SCOTT,0,0,0,0,0.00K,0.00K,41.5185,-90.4787,41.5277,-90.4879
201903,14,201903,16,813092,IOWA,Flood,BUTLER,0,0,0,0,0.00K,0.00K,42.898,-92.5588,42.5659,-92.5771
201903,15,201903,17,811834,IOWA,Flood,JASPER,0,0,0,0,0.00K,0.00K,41.42,-92.87,41.51,-92.87
201903,14,201903,14,811835,IOWA,Flood,STORY,0,0,0,0,0.00K,0.00K,42.07,-93.69,42.01,-93.65
201903,14,201903,16,813094,IOWA,Flood,CERRO GORDO,0,0,0,0,0.00K,0.00K,43.2423,-93.4792,43.2522,-93.0704
201905,19,201905,19,827471,IOWA,Flood,WINNESHIEK,0,0,0,0,0.00K,0.00K,43.2095,-91.957,43.2102,-91.9558
201905,20,201905,20,827473,IOWA,Flood,CLAYTON,0,0,0,0,0.00K,0.00K,42.845,-91.4043,42.8445,-91.4052
201904,1,201904,6,811847,IOWA,Flood,PALO ALTO,0,0,0,0,0.00K,0.00K,43.09,-94.75,42.79,-94.44
201904,1,201904,22,811848,IOWA,Flood,HUMBOLDT,0,0,0,0,0.00K,0.00K,42.65,-94.16,42.72,-94.2
201904,29,201904,30,817124,IOWA,Flood,WAPELLO,0,0,0,0,50.00K,0.00K,40.87,-92.21,40.92,-92.2
201904,30,201904,30,817125,IOWA,Flood,WAPELLO,0,0,0,0,50.00K,0.00K,40.87,-92.21,40.92,-92.2
201903,13,201903,18,814851,IOWA,Flood,HUMBOLDT,0,0,0,0,200.00K,0.00K,42.8936,-94.3842,42.6922,-94.3736
201903,17,201903,18,814855,IOWA,Flood,KOSSUTH,0,0,0,0,10.00K,0.00K,43.07,-94.42,43.0537,-94.4097
201903,13,201903,16,813069,IOWA,Flood,HAMILTON,0,0,0,0,200.00K,0.00K,42.5492,-93.9133,42.554,-93.4664
201904,23,201904,30,816790,IOWA,Flood,ALLAMAKEE,0,0,0,0,0.00K,0.00K,43.3477,-91.1897,43.3459,-91.1961
201904,1,201904,30,811845,IOWA,Flood,EMMET,0,0,0,0,0.00K,0.00K,43.26,-94.83,43.26,-94.71
201904,1,201904,2,811846,IOWA,Flood,WEBSTER,0,0,0,0,0.00K,0.00K,42.42,-94.21,42.3,-94.05
201903,13,201903,13,813070,IOWA,Flood,JASPER,0,0,0,0,5.00K,0.00K,41.7205,-93.2016,41.7138,-93.1983
201903,13,201903,15,813076,IOWA,Flood,POLK,0,0,0,0,100.00K,0.00K,41.8473,-93.8151,41.8604,-93.3427
201903,17,201903,17,819493,IOWA,Flash Flood,FREMONT,0,0,0,0,14.00M,7.00M,40.8949,-95.9016,40.7471,-95.9327
201905,1,201905,31,830952,IOWA,Flood,LYON,0,0,0,0,0.00K,0.00K,43.5,-96.5986,43.4825,-96.5849
201905,1,201905,31,830955,IOWA,Flood,LYON,0,0,0,0,0.00K,0.00K,43.385,-96.527,43.2971,-96.5305
201905,1,201905,31,830956,IOWA,Flood,SIOUX,0,0,0,0,0.00K,0.00K,43.2601,-96.5549,43.2472,-96.5493
201905,1,201905,31,830958,IOWA,Flood,SIOUX,0,0,0,0,0.00K,0.00K,43.2246,-96.5304,43.2256,-96.4826
201905,1,201905,31,830965,IOWA,Flood,PLYMOUTH,0,0,0,0,0.00K,0.00K,42.7743,-96.6258,42.7551,-96.6188
201905,1,201905,31,830997,IOWA,Flood,DICKINSON,0,0,0,0,0.00K,0.00K,43.41,-95.27,43.3,-95.25
201905,1,201905,31,830998,IOWA,Flood,CLAY,0,0,0,0,0.00K,0.00K,43.2554,-95.2648,43.21,-95.28
201905,1,201905,31,831187,IOWA,Flood,BUENA VISTA,0,0,0,0,0.00K,0.00K,42.9098,-95.0902,42.9099,-95.386
201905,1,201905,31,831191,IOWA,Flood,O'BRIEN,0,0,0,0,0.00K,0.00K,42.96,-95.43,42.9394,-95.4123
201905,1,201905,5,826984,IOWA,Flood,SCOTT,0,0,0,0,0.00K,0.00K,41.5842,-90.3634,41.5346,-90.5709
201905,1,201905,31,827025,IOWA,Flood,DES MOINES,0,0,0,0,0.00K,0.00K,40.809,-91.0958,40.9131,-91.0141
201902,24,201902,26,807134,IOWA,Flood,DES MOINES,0,0,0,0,0.00K,0.00K,40.7979,-91.3577,40.7015,-91.1157
201902,24,201902,26,807135,IOWA,Flood,LEE,0,0,0,0,0.00K,0.00K,40.7268,-91.2215,40.6857,-91.122
201905,1,201905,11,827036,IOWA,Flood,LEE,0,0,0,0,0.00K,0.00K,40.3903,-91.3757,40.6099,-91.4222
201903,13,201903,14,813991,IOWA,Flood,HARRISON,0,0,0,0,2.20M,0.00K,41.86,-95.68,41.47,-95.94
201905,1,201905,3,826972,IOWA,Flood,JACKSON,0,0,0,0,0.00K,0.00K,42.176,-90.2888,42.162,-90.3341
201905,1,201905,6,826973,IOWA,Flood,CLINTON,0,0,0,0,0.00K,0.00K,42.0783,-90.1638,41.9002,-90.1607
201903,13,201903,13,813586,IOWA,Flood,MONONA,0,0,0,0,0.00K,0.00K,42.056,-95.7291,42.0354,-95.7303
201903,15,201903,15,813592,IOWA,Flood,FREMONT,0,0,0,0,0.00K,0.00K,40.8964,-95.8101,40.8803,-95.8132
201903,14,201903,23,813996,IOWA,Flood,HARRISON,0,0,0,0,0.00K,0.00K,41.8,-96.24,41.68,-96.26
201905,1,201905,9,826980,IOWA,Flood,SCOTT,0,0,0,0,0.00K,0.00K,41.7045,-90.3253,41.6846,-90.3388
201906,21,201906,21,832528,IOWA,Flash Flood,SAC,0,0,0,0,0.00K,0.00K,42.5521,-95.2658,42.551,-95.2732
201906,1,201906,30,863206,IOWA,Flood,BUENA VISTA,0,0,0,0,0.00K,1.36M,42.5654,-95.3846,42.5618,-94.9168
201906,1,201906,1,863209,IOWA,Flood,CHEROKEE,0,0,0,0,0.00K,0.36M,42.5615,-95.8594,42.563,-95.3894
201906,1,201906,30,863210,IOWA,Flood,CLAY,0,0,0,0,0.00K,3.04M,42.912,-95.3867,42.9139,-94.9161
201906,1,201906,30,863211,IOWA,Flood,DICKINSON,0,0,0,0,0.00K,2.65M,43.2566,-95.3864,43.2568,-94.9153
201906,1,201906,30,863212,IOWA,Flood,IDA,0,0,0,0,0.00K,0.17M,42.2142,-95.6681,42.2121,-95.3252
201906,1,201906,30,863213,IOWA,Flood,LYON,0,0,0,0,0.00K,3.98M,43.2669,-96.5661,43.2617,-95.8664
201906,1,201906,4,836069,IOWA,Flood,SCOTT,0,0,0,0,0.00K,0.00K,41.7084,-90.3369,41.7603,-90.3242
201906,1,201906,2,836082,IOWA,Flood,HENRY,0,0,0,0,0.00K,0.00K,40.9368,-91.6353,40.94,-91.6154
201906,1,201906,2,836084,IOWA,Flood,LEE,0,0,0,0,0.00K,0.00K,40.8138,-91.3913,40.7101,-91.1199
201906,1,201906,2,836086,IOWA,Flood,DES MOINES,0,0,0,0,0.00K,0.00K,40.8165,-91.3874,40.716,-91.1205
201906,1,201906,30,863214,IOWA,Flood,O'BRIEN,0,0,0,0,0.00K,1.28M,42.9117,-95.8571,42.9118,-95.3902
201906,1,201906,30,863215,IOWA,Flood,OSCEOLA,0,0,0,0,0.00K,3.61M,43.2589,-95.8603,43.26,-95.6259
201906,1,201906,30,863216,IOWA,Flood,PLYMOUTH,0,0,0,0,0.00K,1.63M,42.5677,-96.4667,42.5624,-95.8622
201906,1,201906,30,863217,IOWA,Flood,SIOUX,0,0,0,0,0.00K,2.25M,42.9171,-96.5259,42.9126,-95.8644
201906,1,201906,30,863237,IOWA,Flood,WOODBURY,0,0,0,0,0.00K,2.05M,42.22,-96.2975,42.2131,-95.6728
201906,1,201906,11,840130,IOWA,Flood,CLAYTON,0,0,0,0,0.00K,0.00K,43.0296,-91.1737,43.0298,-91.1719
201906,1,201906,11,840131,IOWA,Flood,CLAYTON,0,0,0,0,0.00K,0.00K,42.8205,-91.104,42.8264,-91.0825
201906,22,201906,22,832566,IOWA,Flash Flood,POLK,0,0,0,0,0.00K,0.00K,41.6072,-93.5735,41.6142,-93.5691
201909,29,201909,30,856249,IOWA,Flood,DECATUR,0,0,0,0,100.00K,0.00K,40.6998,-93.9826,40.5979,-93.9748
201910,1,201910,2,860664,IOWA,Flash Flood,DUBUQUE,0,0,0,0,0.00K,0.00K,42.55,-90.72,42.5522,-90.6984
201910,8,201910,19,860670,IOWA,Flood,DES MOINES,0,0,0,0,0.00K,0.00K,40.88,-91.0297,40.7974,-91.0981
201910,13,201910,17,860674,IOWA,Flood,LOUISA,0,0,0,0,0.00K,0.00K,41.1622,-91.0032,41.0985,-90.9504
201906,15,201906,15,825083,IOWA,Flash Flood,MARSHALL,0,0,0,0,50.00K,0.00K,42.2077,-93.0368,42.1867,-93.0438
201906,22,201906,22,832567,IOWA,Flash Flood,POLK,0,0,0,0,75.00K,0.00K,41.5921,-93.6086,41.5913,-93.6119
201906,1,201906,12,839480,IOWA,Flood,SCOTT,0,0,0,0,0.00K,0.00K,41.5997,-90.3394,41.5241,-90.5965
201906,1,201906,2,839485,IOWA,Flood,CLINTON,0,0,0,0,0.00K,0.00K,41.67,-90.35,41.7053,-90.3298
201906,1,201906,13,839487,IOWA,Flood,MUSCATINE,0,0,0,0,0.00K,0.00K,41.42,-91.05,41.4251,-90.9537
201906,1,201906,15,839491,IOWA,Flood,LOUISA,0,0,0,0,0.00K,0.00K,41.0823,-90.9652,41.2225,-91.1343
201906,1,201906,3,833122,IOWA,Flood,POLK,0,0,0,0,0.00K,0.00K,41.59,-93.56,41.59,-93.66
201906,1,201906,30,833168,IOWA,Flood,WAPELLO,0,0,0,0,0.00K,0.00K,40.87,-92.21,40.92,-92.2
201906,1,201906,6,833171,IOWA,Flood,PALO ALTO,0,0,0,0,0.00K,0.00K,43.09,-94.75,42.79,-94.44
201906,1,201906,12,833172,IOWA,Flood,EMMET,0,0,0,0,0.00K,0.00K,43.26,-94.83,43.26,-94.71
201906,1,201906,4,836068,IOWA,Flood,CLINTON,0,0,0,0,0.00K,0.00K,41.7161,-90.3348,41.7582,-90.3442
201906,1,201906,17,839493,IOWA,Flood,DES MOINES,0,0,0,0,0.00K,0.00K,41.0413,-90.9811,40.8359,-91.1039
201906,1,201906,13,839494,IOWA,Flood,LEE,0,0,0,0,0.00K,0.00K,40.4,-91.38,40.5537,-91.4402
201906,1,201906,10,833174,IOWA,Flood,HUMBOLDT,0,0,0,0,0.00K,0.00K,42.65,-94.16,42.72,-94.2
201906,1,201906,14,833156,IOWA,Flood,MAHASKA,0,0,0,0,0.00K,0.00K,41.08,-92.58,41.11,-92.51
201906,1,201906,4,833161,IOWA,Flood,WEBSTER,0,0,0,0,0.00K,0.00K,42.42,-94.21,42.3,-94.05
201906,1,201906,1,833115,IOWA,Flood,BLACK HAWK,0,0,0,0,0.00K,0.00K,42.56,-92.38,42.62,-92.41
201906,15,201906,15,825059,IOWA,Flash Flood,HARDIN,0,0,0,0,50.00K,0.00K,42.2107,-93.0042,42.431,-93.0075
201906,1,201906,1,833169,IOWA,Flood,POLK,0,0,0,0,0.00K,0.00K,41.57,-93.61,41.59,-93.62
201906,22,201906,26,833181,IOWA,Flood,POLK,0,0,0,0,0.00K,0.00K,41.59,-93.56,41.59,-93.66
201906,23,201906,23,833183,IOWA,Flood,POLK,0,0,0,0,0.00K,0.00K,41.57,-93.61,41.59,-93.62
201906,28,201906,28,833186,IOWA,Flood,MAHASKA,0,0,0,0,0.00K,0.00K,41.08,-92.58,41.11,-92.51
201906,1,201906,1,834198,IOWA,Flash Flood,DES MOINES,0,0,0,0,0.00K,0.00K,40.81,-91.1,40.8085,-91.1001
201906,21,201906,21,832525,IOWA,Flash Flood,CALHOUN,0,0,0,0,0.00K,0.00K,42.2765,-94.6699,42.2612,-94.67
201906,21,201906,21,832526,IOWA,Flash Flood,STORY,0,0,0,0,0.00K,0.00K,42.0257,-93.6207,42.0252,-93.5774
201906,21,201906,21,832527,IOWA,Flash Flood,BOONE,0,0,0,0,0.00K,0.00K,42.0813,-93.8411,42.0874,-93.9029
201906,22,201906,22,832539,IOWA,Flash Flood,POLK,0,0,0,0,20.00K,0.00K,41.5405,-93.6268,41.5429,-93.6267
201906,22,201906,22,832536,IOWA,Flash Flood,POLK,0,0,0,0,20.00K,0.00K,41.63,-93.65,41.6265,-93.6495
201903,16,201903,17,819392,IOWA,Flash Flood,MILLS,0,0,0,0,0.00K,0.00K,41.02,-95.87,40.7879,-95.9037
201903,12,201903,12,813583,IOWA,Flood,POTTAWATTAMIE,0,0,0,0,0.00K,0.00K,41.25,-95.83,41.2494,-95.83
201903,13,201903,15,862045,IOWA,Flood,BUENA VISTA,0,0,0,0,1.64M,0.00K,42.5654,-95.3846,42.5618,-94.9168
201903,13,201903,15,862050,IOWA,Flood,CHEROKEE,0,0,0,0,3.39M,0.00K,42.5615,-95.8594,42.563,-95.3894
201910,6,201910,7,860485,IOWA,Flood,CLAY,0,0,0,0,0.00K,5.00K,43.13,-95.29,43.11,-95.2
201906,1,201906,3,835798,IOWA,Flood,CLAY,0,0,0,0,0.00K,0.00K,43.13,-95.29,43.11,-95.2
201903,13,201903,23,813997,IOWA,Flood,POTTAWATTAMIE,0,0,0,0,0.00K,0.00K,41.42,-95.83,41.4007,-95.5929
201906,28,201906,28,839490,IOWA,Flood,ALLAMAKEE,0,0,0,0,0.00K,0.00K,43.422,-91.5073,43.4266,-91.5194
201906,29,201906,29,839492,IOWA,Flood,WINNESHIEK,0,0,0,0,0.00K,0.00K,43.2095,-91.957,43.2102,-91.9558
201906,22,201906,22,832557,IOWA,Flash Flood,POLK,0,0,0,0,50.00K,0.00K,41.6511,-93.6689,41.6511,-93.5708
201906,22,201906,22,832553,IOWA,Flash Flood,POLK,0,0,0,0,0.00K,0.00K,41.5897,-93.6128,41.5893,-93.614
201906,1,201906,14,835705,IOWA,Flood,LYON,0,0,0,0,0.00K,0.00K,43.5,-96.5986,43.4825,-96.5849
201906,22,201906,22,832563,IOWA,Flash Flood,POLK,0,0,0,0,15.00K,0.00K,41.6017,-93.5786,41.6,-93.5785
201903,13,201903,15,813994,IOWA,Flood,MONONA,0,0,0,0,4.20M,0.00K,42.34,-95.64,42.2,-95.83
201903,13,201903,15,820648,IOWA,Flood,MONTGOMERY,0,0,0,0,237.00K,0.00K,41.1442,-95.1735,40.9138,-95.2554
201903,15,201903,15,813591,IOWA,Flood,MILLS,0,0,0,0,0.00K,0.00K,40.93,-95.84,40.8862,-95.8194
201906,25,201906,26,832860,IOWA,Flash Flood,UNION,0,0,0,0,10.00K,0.00K,40.9835,-94.4433,40.9848,-94.4626
201906,25,201906,26,832858,IOWA,Flash Flood,ADAMS,0,0,0,0,10.00K,0.00K,41.0212,-94.6059,41.0277,-94.6028
201906,1,201906,6,835714,IOWA,Flood,SIOUX,0,0,0,0,0.00K,0.00K,43.2601,-96.5549,43.2472,-96.5493
201906,1,201906,5,835724,IOWA,Flood,SIOUX,0,0,0,0,0.00K,0.00K,43.2246,-96.5304,43.2256,-96.4826
201906,1,201906,11,835729,IOWA,Flood,SIOUX,0,0,0,0,0.00K,0.00K,43.08,-96.4545,43.0451,-96.5121
201906,1,201906,6,835712,IOWA,Flood,LYON,0,0,0,0,0.00K,0.00K,43.385,-96.527,43.2971,-96.5305
201906,1,201906,15,835738,IOWA,Flood,PLYMOUTH,0,0,0,0,0.00K,0.00K,42.9085,-96.5382,42.8245,-96.578
201906,1,201906,15,835745,IOWA,Flood,PLYMOUTH,0,0,0,0,0.00K,0.00K,42.7743,-96.6258,42.7551,-96.6188
201903,13,201903,15,862051,IOWA,Flood,CLAY,0,0,0,0,550.00K,0.00K,42.912,-95.3867,42.9139,-94.9161
201910,1,201910,10,860464,IOWA,Flood,LYON,0,0,0,0,5.00K,0.00K,43.5,-96.5986,43.4825,-96.5849
201903,13,201903,31,813990,IOWA,Flood,FREMONT,2,0,1,0,22.00M,0.00K,40.72,-95.51,40.6409,-95.8392
201906,26,201906,26,832872,IOWA,Flash Flood,ADAMS,0,0,0,0,0.00K,0.00K,40.981,-94.4712,40.9636,-94.4709
201906,1,201906,2,835775,IOWA,Flood,WOODBURY,0,0,0,0,0.00K,0.00K,42.56,-96.499,42.5559,-96.4769
201906,1,201906,2,835835,IOWA,Flood,WOODBURY,0,0,0,0,0.00K,0.00K,42.5158,-96.4787,42.491,-96.4692
201906,1,201906,4,835769,IOWA,Flood,PLYMOUTH,0,0,0,0,0.00K,0.00K,42.68,-96.55,42.6611,-96.542
201903,13,201903,15,829238,IOWA,Flood,WOODBURY,0,0,0,0,6.79M,0.00K,42.22,-96.2975,42.2131,-95.6728
201910,3,201910,9,860467,IOWA,Flood,SIOUX,0,0,0,0,5.00K,0.00K,43.08,-96.4545,43.0451,-96.5121
201910,1,201910,12,860469,IOWA,Flood,PLYMOUTH,0,0,0,0,5.00K,0.00K,42.7743,-96.6258,42.7551,-96.6188
201910,1,201910,12,860468,IOWA,Flood,PLYMOUTH,0,0,0,0,5.00K,0.00K,42.9085,-96.5382,42.8245,-96.578
201910,5,201910,9,860487,IOWA,Flood,DICKINSON,0,0,0,0,5.00K,5.00K,43.41,-95.27,43.3,-95.25
201910,5,201910,9,860488,IOWA,Flood,CLAY,0,0,0,0,5.00K,5.00K,43.2554,-95.2648,43.21,-95.28
201910,5,201910,9,860492,IOWA,Flood,CLAY,0,0,0,0,5.00K,5.00K,43.15,-95.18,43.1,-95.1
201910,5,201910,8,860491,IOWA,Flood,CLAY,0,0,0,0,0.00K,5.00K,43.255,-95.184,43.255,-95.2764
201906,22,201906,22,832565,IOWA,Flash Flood,POLK,0,0,0,0,20.00K,0.00K,41.63,-93.58,41.6258,-93.5789
201903,14,201903,19,826533,IOWA,Flood,LYON,0,0,0,0,0.00K,0.00K,43.34,-96.25,43.2581,-96.3774
201903,14,201903,19,826534,IOWA,Flood,SIOUX,0,0,0,0,0.00K,0.00K,43.2581,-96.3774,43.25,-96.39
201907,17,201907,24,842773,IOWA,Flood,LYON,0,0,0,0,0.00K,0.00K,43.385,-96.527,43.2971,-96.5305
201907,17,201907,24,842774,IOWA,Flood,SIOUX,0,0,0,0,0.00K,0.00K,43.2601,-96.5549,43.2472,-96.5493
201907,17,201907,23,842775,IOWA,Flood,SIOUX,0,0,0,0,0.00K,0.00K,43.2246,-96.5304,43.2256,-96.4826
201903,14,201903,16,813087,IOWA,Flood,HANCOCK,0,0,0,0,100.00K,0.00K,43.238,-93.9293,43.2441,-93.5099
201905,31,201905,31,831364,IOWA,Flood,WOODBURY,0,0,0,0,0.00K,0.00K,42.5158,-96.4787,42.491,-96.4692
201903,14,201903,16,813081,IOWA,Flood,MARSHALL,0,0,0,0,200.00K,0.00K,42.1954,-93.2178,42.1997,-92.7665
201903,14,201903,15,813082,IOWA,Flood,DALLAS,0,0,0,0,10.00K,0.00K,41.5218,-93.817,41.8636,-93.8157
201907,17,201907,17,842484,IOWA,Flood,LYON,0,0,0,0,0.00K,0.00K,43.5,-96.25,43.41,-96.19
201903,13,201903,31,826410,IOWA,Flood,PLYMOUTH,0,0,0,0,0.00K,0.00K,42.9085,-96.5382,42.8245,-96.578
201903,14,201903,31,826416,IOWA,Flood,PLYMOUTH,0,0,0,0,0.00K,0.00K,42.7743,-96.6258,42.7551,-96.6188
201903,13,201903,18,826901,IOWA,Flood,SIOUX,0,0,0,0,0.00K,0.00K,43.07,-95.96,43.0,-96.03
201903,13,201903,16,826910,IOWA,Flood,PLYMOUTH,0,0,0,0,0.00K,0.00K,42.75,-96.23,42.72,-96.27
201903,14,201903,16,813091,IOWA,Flood,BUTLER,0,0,0,0,50.00K,0.00K,42.5752,-92.9772,42.5848,-92.5929
201903,13,201903,15,826894,IOWA,Flood,PLYMOUTH,0,0,0,0,0.00K,0.00K,42.9093,-96.1856,42.7508,-96.2491
201903,13,201903,15,826895,IOWA,Flood,O'BRIEN,0,0,0,0,0.00K,0.00K,43.25,-95.84,43.2054,-95.8622
201903,15,201903,31,826436,IOWA,Flood,PLYMOUTH,0,0,0,0,0.00K,0.00K,42.68,-96.55,42.6611,-96.542
201903,14,201903,18,813093,IOWA,Flood,WEBSTER,0,0,0,0,1.00M,0.00K,42.6181,-94.3958,42.6335,-94.0049
201903,13,201903,31,826222,IOWA,Flood,LYON,0,0,0,0,0.00K,0.00K,43.5,-96.5986,43.4825,-96.5849
201903,13,201903,31,826260,IOWA,Flood,SIOUX,0,0,0,0,0.00K,0.00K,43.08,-96.4545,43.0451,-96.5121
201903,16,201903,19,826458,IOWA,Flood,WOODBURY,0,0,0,0,0.00K,0.00K,42.56,-96.499,42.5559,-96.4769
201903,13,201903,27,826532,IOWA,Flood,LYON,0,0,0,0,0.00K,0.00K,43.5,-96.25,43.41,-96.19
201903,14,201903,16,813085,IOWA,Flood,GRUNDY,0,0,0,0,100.00K,0.00K,42.5507,-93.0336,42.5393,-92.5587
201903,13,201903,15,826897,IOWA,Flood,SIOUX,0,0,0,0,0.00K,0.00K,43.2054,-95.8622,43.07,-95.96
201905,27,201905,31,831432,IOWA,Flood,CLAY,0,0,0,0,0.00K,0.00K,43.13,-95.29,43.11,-95.2
201905,27,201905,31,831418,IOWA,Flood,LYON,0,0,0,0,0.00K,0.00K,43.5,-96.25,43.41,-96.19
201905,27,201905,27,831423,IOWA,Flood,SIOUX,0,0,0,0,0.00K,0.00K,43.25,-96.25,43.24,-96.25
201905,27,201905,31,831435,IOWA,Flood,CHEROKEE,0,0,0,0,0.00K,0.00K,42.91,-95.47,42.7,-95.64
201905,27,201905,31,831436,IOWA,Flood,O'BRIEN,0,0,0,0,0.00K,0.00K,42.96,-95.43,42.9365,-95.439
201905,27,201905,29,831421,IOWA,Flood,LYON,0,0,0,0,0.00K,0.00K,43.34,-96.25,43.2581,-96.3774
201905,27,201905,29,831422,IOWA,Flood,SIOUX,0,0,0,0,0.00K,0.00K,43.2581,-96.3774,43.25,-96.39
201905,28,201905,31,831430,IOWA,Flood,DICKINSON,0,0,0,0,0.00K,0.00K,43.4,-95.26,43.42,-95.24
201903,13,201903,16,813071,IOWA,Flood,CRAWFORD,0,0,0,0,200.00K,0.00K,42.186,-95.6421,42.1806,-95.0954
201903,13,201903,15,813072,IOWA,Flood,CASS,0,0,0,0,10.00K,0.00K,41.5016,-95.1373,41.1664,-95.1375
201905,28,201905,28,831425,IOWA,Flood,SIOUX,0,0,0,0,0.00K,0.00K,42.9093,-96.1754,42.9302,-96.163
201905,28,201905,28,831426,IOWA,Flood,PLYMOUTH,0,0,0,0,0.00K,0.00K,42.9093,-96.1856,42.7508,-96.2491
201905,28,201905,29,831427,IOWA,Flood,SIOUX,0,0,0,0,0.00K,0.00K,43.07,-95.96,43.0,-96.03
201905,28,201905,29,831431,IOWA,Flood,CLAY,0,0,0,0,0.00K,0.00K,43.2361,-95.388,43.16,-95.379
201905,28,201905,31,831380,IOWA,Flood,PLYMOUTH,0,0,0,0,0.00K,0.00K,42.68,-96.55,42.6611,-96.542
201903,14,201903,16,813083,IOWA,Flood,BOONE,0,0,0,0,20.00K,0.00K,42.1879,-94.1259,42.1913,-93.6995
201903,13,201903,14,826536,IOWA,Flood,SIOUX,0,0,0,0,0.00K,0.00K,43.25,-96.25,43.24,-96.25
201905,29,201905,31,831433,IOWA,Flood,DICKINSON,0,0,0,0,0.00K,0.00K,43.501,-95.2208,43.43,-95.28
201905,30,201905,31,831382,IOWA,Flood,WOODBURY,0,0,0,0,0.00K,0.00K,42.56,-96.499,42.5559,-96.4769
201903,13,201903,18,813079,IOWA,Flood,WEBSTER,0,0,0,0,200.00K,0.00K,42.6429,-94.4385,42.6258,-93.9746
201907,9,201907,29,842752,IOWA,Flood,LYON,0,0,0,0,0.00K,0.00K,43.5,-96.5986,43.4825,-96.5849
201907,10,201907,10,842757,IOWA,Flood,SIOUX,0,0,0,0,0.00K,0.00K,43.2601,-96.5549,43.2472,-96.5493
201907,10,201907,11,842769,IOWA,Flood,SIOUX,0,0,0,0,0.00K,0.00K,43.2246,-96.5304,43.2256,-96.4826
201903,14,201903,18,813084,IOWA,Flood,WEBSTER,0,0,0,0,100.00K,0.00K,42.3474,-94.0557,42.4489,-94.1748
201903,17,201903,19,813064,IOWA,Flash Flood,HARDIN,0,0,0,0,200.00K,0.00K,42.5056,-93.2627,42.398,-93.0881
201903,13,201903,26,826931,IOWA,Flood,DICKINSON,0,0,0,0,0.00K,0.00K,43.501,-95.2208,43.43,-95.28
201903,14,201903,17,813089,IOWA,Flood,BLACK HAWK,0,0,0,0,1.00M,0.00K,42.624,-92.5453,42.6332,-92.0888
201903,15,201903,16,813130,IOWA,Flood,TAMA,0,0,0,0,200.00K,0.00K,42.2674,-92.7362,42.2784,-92.3096
201903,15,201903,17,813116,IOWA,Flood,BLACK HAWK,0,0,0,0,0.00K,0.00K,42.6283,-92.5426,42.6276,-92.1222
201910,1,201910,1,858419,IOWA,Flash Flood,CLAYTON,0,0,0,0,2.00K,0.00K,42.65,-91.46,42.6571,-90.83
201903,13,201903,24,827215,IOWA,Flood,WOODBURY,0,0,0,0,0.00K,0.00K,42.56,-95.78,42.36,-95.92
201903,13,201903,16,827311,IOWA,Flood,WOODBURY,0,0,0,0,0.00K,0.00K,42.34,-96.13,42.27,-96.11
201903,14,201903,17,814853,IOWA,Flood,BREMER,0,0,0,0,200.00K,0.00K,42.8999,-92.5473,42.6482,-92.5186
201910,9,201910,17,859984,IOWA,Flood,CLAYTON,0,0,0,0,0.00K,0.00K,43.0296,-91.1737,43.0405,-91.1769
201910,11,201910,15,859988,IOWA,Flood,CLAYTON,0,0,0,0,0.00K,0.00K,42.8205,-91.104,42.8264,-91.0825
201910,2,201910,2,860535,IOWA,Flood,CLAYTON,0,0,0,0,0.00K,0.00K,42.7386,-91.2686,42.7389,-91.2701
201903,15,201903,16,813129,IOWA,Flood,STORY,0,0,0,0,200.00K,0.00K,42.1868,-93.6527,42.1927,-93.2776
201903,15,201903,15,813111,IOWA,Flood,AUDUBON,0,0,0,0,100.00K,0.00K,41.8503,-95.0735,41.8467,-94.7594
201903,12,201903,12,814871,IOWA,Flash Flood,WAPELLO,0,0,0,0,300.00K,0.00K,41.0233,-92.4376,41.0446,-92.4892
201903,14,201903,16,813096,IOWA,Flood,CERRO GORDO,0,0,0,0,200.00K,0.00K,43.2468,-93.4837,43.2494,-93.0627
201903,14,201903,15,813126,IOWA,Flood,MADISON,0,0,0,0,0.00K,0.00K,41.4973,-94.2233,41.5094,-93.7937
201903,13,201903,23,826925,IOWA,Flood,DICKINSON,0,0,0,0,0.00K,0.00K,43.4,-95.26,43.49,-95.26
201903,13,201903,23,826927,IOWA,Flood,CLAY,0,0,0,0,0.00K,0.00K,43.13,-95.29,43.11,-95.2
201903,15,201903,15,813127,IOWA,Flood,MARION,0,0,0,0,50.00K,0.00K,41.46,-93.2647,41.2065,-93.2528
201903,13,201903,19,826928,IOWA,Flood,O'BRIEN,0,0,0,0,0.00K,0.00K,43.01,-95.44,42.99,-95.45
201903,13,201903,14,826930,IOWA,Flood,WOODBURY,0,0,0,0,0.00K,0.00K,42.56,-96.19,42.41,-96.22
201903,15,201903,18,813132,IOWA,Flood,WEBSTER,0,0,0,0,0.00K,0.00K,42.6159,-94.3997,42.642,-93.9731
201903,13,201903,18,826926,IOWA,Flood,CLAY,0,0,0,0,0.00K,0.00K,43.2361,-95.388,43.16,-95.379
201907,3,201907,3,848339,IOWA,Flash Flood,MONONA,0,0,0,0,0.00K,0.00K,42.0336,-96.1033,42.0217,-96.1045
201903,14,201903,16,813088,IOWA,Flood,GREENE,0,0,0,0,100.00K,0.00K,42.1825,-94.5871,42.1854,-94.2057
201903,14,201903,15,811768,IOWA,Flood,BUTLER,0,0,0,0,0.00K,0.00K,42.56,-92.49,42.58,-92.49
201903,13,201903,31,827160,IOWA,Flood,CLAY,0,0,0,0,300.00K,0.00K,43.2554,-95.2648,43.21,-95.28
201903,13,201903,28,827210,IOWA,Flood,CHEROKEE,0,0,0,0,0.00K,0.00K,42.91,-95.47,42.7,-95.64
201903,15,201903,16,813128,IOWA,Flood,SAC,0,0,0,0,200.00K,0.00K,42.5448,-95.3688,42.5462,-94.9295
201903,13,201903,24,827213,IOWA,Flood,IDA,0,0,0,0,0.00K,0.00K,42.56,-95.7418,42.5314,-95.7416
201903,13,201903,31,827159,IOWA,Flood,DICKINSON,0,0,0,0,300.00K,0.00K,43.41,-95.27,43.2554,-95.2648
201907,4,201907,4,842038,IOWA,Flash Flood,KOSSUTH,0,0,0,0,20.00K,0.00K,43.0826,-94.4251,43.0786,-93.9952
201903,13,201903,17,826905,IOWA,Flood,PLYMOUTH,0,0,0,0,0.00K,0.00K,42.91,-96.1,42.82,-96.2
201903,13,201903,15,826929,IOWA,Flood,CLAY,0,0,0,0,0.00K,0.00K,43.0,-95.21,42.98,-95.2
201907,10,201907,10,842753,IOWA,Flood,LYON,0,0,0,0,0.00K,0.00K,43.385,-96.527,43.2971,-96.5305
201903,13,201903,15,826892,IOWA,Flood,SIOUX,0,0,0,0,0.00K,0.00K,42.9093,-96.1754,42.9302,-96.163
201903,13,201903,14,826881,IOWA,Flood,O'BRIEN,0,0,0,0,0.00K,0.00K,43.1697,-95.8615,43.1467,-95.8615
201907,2,201907,2,844820,IOWA,Flash Flood,CLINTON,0,0,0,0,0.00K,0.00K,41.8345,-90.2132,41.8345,-90.2141
201910,5,201910,5,860536,IOWA,Flood,CLAYTON,0,0,0,0,0.00K,0.00K,42.7386,-91.2686,42.7389,-91.2701
201903,13,201903,13,826539,IOWA,Flood,PLYMOUTH,0,0,0,0,0.00K,0.00K,42.7,-96.39,42.63,-96.39
201907,1,201907,9,842509,IOWA,Flood,WAPELLO,0,0,0,0,0.00K,0.00K,40.87,-92.21,40.92,-92.2
201907,17,201907,17,844969,IOWA,Flash Flood,LEE,0,0,0,0,0.00K,0.00K,40.4,-91.39,40.3996,-91.3894
201907,3,201907,3,842030,IOWA,Flash Flood,STORY,0,0,0,0,0.00K,0.00K,42.0231,-93.5738,42.0082,-93.5743
201907,3,201907,3,842032,IOWA,Flood,STORY,0,0,0,0,0.00K,0.00K,41.9979,-93.5717,42.0068,-93.5701
201903,14,201903,31,827166,IOWA,Flood,O'BRIEN,0,0,0,0,0.00K,0.00K,42.96,-95.43,42.9394,-95.4123
201903,14,201903,16,827344,IOWA,Flood,PLYMOUTH,0,0,0,0,0.00K,0.00K,42.63,-96.31,42.59,-96.34
201903,14,201903,31,827163,IOWA,Flood,BUENA VISTA,0,0,0,0,0.00K,0.00K,42.9098,-95.0902,42.9099,-95.386
201903,13,201903,31,827161,IOWA,Flood,CLAY,0,0,0,0,0.00K,0.00K,43.15,-95.18,43.1,-95.1
201907,3,201907,3,842511,IOWA,Flash Flood,BOONE,0,0,0,0,0.00K,0.00K,42.0706,-93.8283,42.0716,-93.7979
201907,2,201907,2,840049,IOWA,Flash Flood,WEBSTER,0,0,0,0,20.00K,0.00K,42.5038,-94.1817,42.4991,-94.1807
201907,3,201907,3,842034,IOWA,Flash Flood,STORY,0,0,0,0,0.00K,0.00K,42.0107,-93.6766,42.0118,-93.682
201907,3,201907,4,842512,IOWA,Flood,BOONE,0,0,0,0,10.00K,0.00K,42.0582,-94.0545,42.0863,-93.7618
201907,3,201907,4,842513,IOWA,Flood,STORY,0,0,0,0,10.00K,0.00K,42.0364,-93.6828,42.0535,-93.53
201907,4,201907,4,842541,IOWA,Flash Flood,HUMBOLDT,0,0,0,0,10.00K,0.00K,42.8975,-94.3871,42.8527,-94.3851
201907,3,201907,3,842036,IOWA,Flood,BOONE,0,0,0,0,0.00K,0.00K,42.0485,-94.0419,42.0312,-94.0404
201907,1,201907,2,842486,IOWA,Flash Flood,SIOUX,0,0,0,0,0.00K,25.00K,43.2505,-96.2427,43.2394,-96.2516
201907,1,201907,1,842487,IOWA,Flash Flood,SIOUX,0,0,0,0,5.00K,0.00K,43.19,-96.19,43.1909,-96.1857
201907,1,201907,1,842488,IOWA,Flash Flood,WOODBURY,0,0,0,0,10.00K,0.00K,42.5101,-96.3909,42.5112,-96.4289
201903,13,201903,16,827312,IOWA,Flood,IDA,0,0,0,0,0.00K,0.00K,42.38,-95.49,42.3,-95.67
201907,2,201907,2,842522,IOWA,Flood,SIOUX,0,0,0,0,0.00K,0.00K,42.9093,-96.1754,42.9302,-96.163
201903,14,201903,31,827162,IOWA,Flood,CLAY,0,0,0,0,0.00K,0.00K,43.02,-95.1,42.93,-95.2
201903,13,201903,28,827168,IOWA,Flood,O'BRIEN,0,0,0,0,0.00K,0.00K,42.96,-95.43,42.9365,-95.439
201907,2,201907,26,842540,IOWA,Flood,SIOUX,0,0,0,0,0.00K,0.00K,43.08,-96.4545,43.0451,-96.5121
201907,1,201907,28,842545,IOWA,Flood,PLYMOUTH,0,0,0,0,0.00K,0.00K,42.9085,-96.5382,42.8245,-96.578
201907,1,201907,28,842552,IOWA,Flood,PLYMOUTH,0,0,0,0,0.00K,0.00K,42.7743,-96.6258,42.7551,-96.6188
201908,20,201908,20,849428,IOWA,Flash Flood,LINN,0,0,0,0,0.00K,0.00K,41.94,-91.68,41.9052,-91.6945
201905,28,201905,31,816668,IOWA,Flood,MILLS,0,0,0,0,0.00K,0.00K,41.05,-95.85,41.0701,-95.8739
201905,28,201905,29,824326,IOWA,Flash Flood,APPANOOSE,0,0,0,0,25.00K,0.00K,40.65,-92.87,40.6514,-92.8762
201905,29,201905,31,822806,IOWA,Flood,BLACK HAWK,0,0,0,0,100.00K,50.00K,42.56,-92.38,42.62,-92.41
201905,28,201905,31,822808,IOWA,Flood,PALO ALTO,0,0,0,0,100.00K,50.00K,43.09,-94.75,42.79,-94.44
201905,28,201905,29,822809,IOWA,Flood,DALLAS,0,0,0,0,100.00K,50.00K,41.53,-93.97,41.51,-93.88
201905,29,201905,30,822810,IOWA,Flood,DECATUR,0,0,0,0,50.00K,50.00K,40.58,-93.84,40.58,-93.73
201905,28,201905,29,822811,IOWA,Flood,WEBSTER,0,0,0,0,50.00K,50.00K,42.42,-94.21,42.3,-94.05
201905,30,201905,31,822812,IOWA,Flood,WEBSTER,0,0,0,0,50.00K,50.00K,42.42,-94.21,42.3,-94.05
201905,28,201905,29,824325,IOWA,Flash Flood,TAYLOR,0,0,0,0,10.00K,0.00K,40.5874,-94.6601,40.5865,-94.6982
201905,29,201905,31,816670,IOWA,Flood,MILLS,0,0,0,0,0.00K,0.00K,41.0491,-95.8306,40.9018,-95.8083
201905,28,201905,28,816667,IOWA,Flood,MILLS,0,0,0,0,0.00K,0.00K,41.0,-95.81,40.913,-95.7971
201905,28,201905,29,824329,IOWA,Flood,APPANOOSE,0,0,0,0,250.00K,100.00K,40.8937,-93.0978,40.5885,-93.1059
201905,28,201905,29,826914,IOWA,Flash Flood,MONROE,0,0,0,0,100.00K,0.00K,41.1269,-93.0562,40.919,-93.0548
201905,28,201905,29,824312,IOWA,Flash Flood,WAPELLO,0,0,0,0,10.00K,0.00K,41.14,-92.62,41.1382,-92.6071
201905,28,201905,29,826913,IOWA,Flash Flood,WAYNE,0,0,0,0,10.00K,0.00K,40.75,-93.14,40.7335,-93.1398
201905,28,201905,29,824327,IOWA,Flash Flood,APPANOOSE,0,0,0,0,0.00K,0.00K,40.7413,-92.72,40.7395,-92.7199
201905,25,201905,29,822631,IOWA,Flood,TAMA,0,0,0,0,0.00K,0.00K,42.0,-92.77,41.86,-92.3
201905,24,201905,31,822636,IOWA,Flood,POLK,0,0,0,0,50.00K,0.00K,41.59,-93.56,41.59,-93.66
201905,24,201905,31,822787,IOWA,Flood,GREENE,0,0,0,0,100.00K,50.00K,42.08,-94.63,41.86,-94.27
201905,24,201905,24,822542,IOWA,Flash Flood,CASS,0,0,0,0,20.00K,0.00K,41.2508,-94.7732,41.2409,-94.7963
201905,24,201905,24,822575,IOWA,Flood,STORY,0,0,0,0,0.00K,0.00K,41.99,-93.48,41.9603,-93.4472
201903,13,201903,31,826255,IOWA,Flood,SIOUX,0,0,0,0,0.00K,0.00K,43.2246,-96.5304,43.2256,-96.4826
201903,14,201903,31,826237,IOWA,Flood,LYON,0,0,0,0,0.00K,0.00K,43.385,-96.527,43.2971,-96.5305
201905,24,201905,24,822797,IOWA,Flood,POLK,0,0,0,0,50.00K,0.00K,41.62,-93.83,41.6,-93.79
201905,24,201905,31,822788,IOWA,Flood,POLK,0,0,0,0,100.00K,0.00K,41.57,-93.61,41.59,-93.62
201905,25,201905,31,822789,IOWA,Flood,DALLAS,0,0,0,0,100.00K,50.00K,41.59,-94.03,41.61,-93.94
201905,25,201905,26,822792,IOWA,Flood,WARREN,0,0,0,0,100.00K,50.00K,41.43,-93.79,41.38,-93.79
201905,28,201905,29,827226,IOWA,Flood,MAHASKA,0,0,0,0,10.00K,25.00K,41.2878,-92.7111,41.2638,-92.7011
201905,28,201905,29,824322,IOWA,Flash Flood,MONROE,0,0,0,0,10.00K,0.00K,41.0759,-92.9007,41.0758,-92.904
201905,28,201905,29,824321,IOWA,Flash Flood,MONROE,0,0,0,0,10.00K,0.00K,41.06,-92.88,41.061,-92.8844
201905,1,201905,31,820253,IOWA,Flood,EMMET,0,0,0,0,200.00K,0.00K,43.26,-94.83,43.26,-94.71
201905,28,201905,29,824324,IOWA,Flash Flood,DAVIS,0,0,0,0,100.00K,0.00K,40.8784,-92.5882,40.8648,-92.2026
201905,28,201905,28,826919,IOWA,Flood,ADAIR,0,0,0,0,50.00K,50.00K,41.4932,-94.5174,41.3757,-94.4658
201905,28,201905,29,824330,IOWA,Flood,MONROE,0,0,0,0,100.00K,100.00K,40.8985,-93.0836,41.1604,-93.1001
201903,14,201903,31,826241,IOWA,Flood,SIOUX,0,0,0,0,0.00K,0.00K,43.2601,-96.5549,43.2472,-96.5493
201905,28,201905,29,826918,IOWA,Flood,LUCAS,0,0,0,0,80.00K,50.00K,41.1326,-93.1962,41.0138,-93.2916
201905,28,201905,29,824328,IOWA,Flood,DAVIS,0,0,0,0,300.00K,100.00K,40.8744,-92.609,40.5961,-92.624
201905,24,201905,27,822793,IOWA,Flood,WEBSTER,0,0,0,0,100.00K,50.00K,42.42,-94.21,42.3,-94.05
201905,24,201905,31,822794,IOWA,Flood,HUMBOLDT,0,0,0,0,100.00K,50.00K,42.65,-94.16,42.72,-94.2
201905,24,201905,24,822544,IOWA,Flash Flood,ADAIR,0,0,0,0,50.00K,0.00K,41.3728,-94.5309,41.1943,-94.5375
201905,24,201905,24,822795,IOWA,Flood,POLK,0,0,0,0,100.00K,50.00K,41.61,-93.57,41.56,-93.54
201905,22,201905,22,822800,IOWA,Flood,WAPELLO,0,0,0,0,50.00K,0.00K,40.87,-92.21,40.92,-92.2
201905,25,201905,31,822802,IOWA,Flood,WAPELLO,0,0,0,0,50.00K,0.00K,40.87,-92.21,40.92,-92.2
201905,27,201905,28,822804,IOWA,Flood,MAHASKA,0,0,0,0,100.00K,50.00K,41.08,-92.58,41.11,-92.51
201905,25,201905,28,822627,IOWA,Flood,BLACK HAWK,0,0,0,0,50.00K,50.00K,42.56,-92.38,42.62,-92.41
201903,13,201903,15,829252,IOWA,Flood,WOODBURY,0,0,0,0,0.00K,0.00K,42.2793,-96.0857,42.268,-96.086
201905,1,201905,5,822539,IOWA,Flood,HUMBOLDT,0,0,0,0,100.00K,50.00K,42.65,-94.16,42.72,-94.2
201905,17,201905,17,822555,IOWA,Flood,WAPELLO,0,0,0,0,0.00K,0.00K,40.87,-92.21,40.92,-92.2
201905,23,201905,24,826921,IOWA,Flood,STORY,0,0,0,0,0.00K,0.00K,42.0801,-93.3123,42.0616,-93.3149
201905,9,201905,14,822547,IOWA,Flood,HUMBOLDT,0,0,0,0,0.00K,0.00K,42.65,-94.16,42.72,-94.2
201905,28,201905,29,827217,IOWA,Flood,MAHASKA,0,0,0,0,250.00K,100.00K,41.2878,-92.7111,41.2638,-92.7011
201905,23,201905,24,822581,IOWA,Flood,STORY,0,0,0,0,0.00K,0.00K,42.0403,-93.6962,42.0406,-93.7016
201905,24,201905,24,822543,IOWA,Flash Flood,CASS,0,0,0,0,50.00K,0.00K,41.2471,-94.7808,41.252,-94.7796
201905,24,201905,24,822574,IOWA,Flood,STORY,0,0,0,0,10.00K,0.00K,42.0263,-93.6099,41.9975,-93.603
201905,24,201905,24,822576,IOWA,Flood,STORY,0,0,0,0,5.00K,0.00K,42.0825,-93.3156,42.0751,-93.3159
201905,18,201905,19,822558,IOWA,Flood,WAPELLO,0,0,0,0,0.00K,0.00K,40.87,-92.21,40.92,-92.2
201905,21,201905,27,822565,IOWA,Flood,MAHASKA,0,0,0,0,0.00K,0.00K,41.08,-92.58,41.11,-92.51
201905,28,201905,31,822805,IOWA,Flood,MAHASKA,0,0,0,0,50.00K,50.00K,41.08,-92.58,41.11,-92.51
201905,29,201905,30,826800,IOWA,Flash Flood,CEDAR,0,0,0,0,0.00K,0.00K,41.89,-91.06,41.8832,-91.0633
201903,14,201903,16,827345,IOWA,Flood,WOODBURY,0,0,0,0,0.00K,0.00K,42.5619,-96.373,42.54,-96.4
201905,1,201905,31,830999,IOWA,Flood,CLAY,0,0,0,0,0.00K,0.00K,43.15,-95.18,43.1,-95.1
201905,1,201905,12,827000,IOWA,Flood,MUSCATINE,0,0,0,0,0.00K,0.00K,41.433,-91.0279,41.417,-91.0564
201905,1,201905,14,827004,IOWA,Flood,LOUISA,0,0,0,0,0.00K,0.00K,41.3102,-91.1164,41.3335,-91.077
201903,13,201903,15,864460,IOWA,Flood,SIOUX,0,0,0,0,610.00K,0.00K,42.9171,-96.5259,42.9126,-95.8644
201905,1,201905,14,827012,IOWA,Flood,LOUISA,0,0,0,0,0.00K,0.00K,41.0673,-90.9433,41.0959,-90.9734
201905,27,201905,27,826411,IOWA,Flash Flood,SCOTT,0,0,0,0,0.00K,0.00K,41.5579,-90.6065,41.5562,-90.4515
201905,27,201905,27,826412,IOWA,Flash Flood,DES MOINES,0,0,0,0,0.00K,0.00K,40.8235,-91.1436,40.801,-91.1447
201905,1,201905,31,831181,IOWA,Flood,CLAY,0,0,0,0,0.00K,0.00K,43.02,-95.1,42.93,-95.2
201903,13,201903,15,862052,IOWA,Flood,IDA,0,0,0,0,810.00K,0.00K,42.2142,-95.6681,42.2121,-95.3252
201903,13,201903,15,862053,IOWA,Flood,LYON,0,0,0,0,1.94M,0.00K,43.2669,-96.5661,43.263,-95.8654
201903,13,201903,15,862054,IOWA,Flood,O'BRIEN,0,0,0,0,590.00K,0.00K,42.9117,-95.8571,42.9122,-95.3911
201909,24,201909,25,856044,IOWA,Flash Flood,CASS,0,0,0,0,5.00K,0.00K,41.4,-95.01,41.4054,-95.0098
201905,1,201905,15,827022,IOWA,Flood,DES MOINES,0,0,0,0,0.00K,0.00K,40.8825,-91.024,40.8869,-91.031
201905,1,201905,7,826977,IOWA,Flood,CLINTON,0,0,0,0,0.00K,0.00K,41.7866,-90.2378,41.7493,-90.3375
201909,12,201909,12,856784,IOWA,Flood,HOWARD,0,0,0,0,5.00K,0.00K,43.5,-92.2,43.5,-92.55
201909,12,201909,12,856796,IOWA,Flash Flood,CLAYTON,0,0,0,0,30.00K,0.00K,43.08,-91.1794,43.0804,-91.2483
201903,13,201903,15,862055,IOWA,Flood,OSCEOLA,0,0,0,0,2.56M,0.00K,43.2589,-95.8603,43.26,-95.6259
201903,13,201903,15,829254,IOWA,Flood,DICKINSON,0,0,0,0,190.00K,0.00K,43.2566,-95.3864,43.2568,-94.9153
201905,18,201905,18,826143,IOWA,Flash Flood,CHICKASAW,0,0,0,0,40.00K,0.00K,43.08,-92.37,43.01,-92.33
201905,16,201905,16,825621,IOWA,Flash Flood,JOHNSON,0,0,0,0,0.00K,0.00K,41.69,-91.63,41.688,-91.5913
201903,13,201903,15,829256,IOWA,Flood,PLYMOUTH,0,0,0,0,2.26M,0.00K,42.5677,-96.4667,42.5624,-95.8622
201905,28,201905,29,826831,IOWA,Flood,VAN BUREN,0,0,0,0,0.00K,0.00K,40.7793,-91.9951,40.7447,-92.0146
201905,28,201905,30,826841,IOWA,Flood,LEE,0,0,0,0,0.00K,0.00K,40.5437,-91.6218,40.4601,-91.5303
201905,29,201905,31,826865,IOWA,Flood,DES MOINES,0,0,0,0,0.00K,0.00K,40.7808,-91.2891,40.7098,-91.1225
201905,29,201905,31,826866,IOWA,Flood,LEE,0,0,0,0,0.00K,0.00K,40.7837,-91.3206,40.7046,-91.1155
201905,29,201905,31,826876,IOWA,Flood,WASHINGTON,0,0,0,0,0.00K,0.00K,41.487,-91.7608,41.4745,-91.6638
201905,28,201905,31,827087,IOWA,Flood,MUSCATINE,0,0,0,0,0.00K,0.00K,41.2542,-91.11,41.2546,-91.1369
201905,1,201905,21,827446,IOWA,Flood,CLAYTON,0,0,0,0,34.00K,4.00K,43.0296,-91.1737,43.0298,-91.1719
201905,1,201905,22,827448,IOWA,Flood,CLAYTON,0,0,0,0,18.00K,2.00K,42.8205,-91.104,42.8264,-91.0825
201905,28,201905,28,826714,IOWA,Flash Flood,WASHINGTON,0,0,0,0,0.00K,0.00K,41.4861,-91.78,41.4594,-91.7966
201905,28,201905,28,826715,IOWA,Flash Flood,JEFFERSON,0,0,0,0,0.00K,0.00K,41.0,-92.17,41.0014,-92.1374
201905,27,201905,31,827094,IOWA,Flood,MUSCATINE,0,0,0,0,0.00K,0.00K,41.4506,-91.0123,41.4225,-91.0061
201905,27,201905,31,827096,IOWA,Flood,SCOTT,0,0,0,0,0.00K,0.00K,41.4727,-90.6482,41.5142,-90.6321
201905,29,201905,31,827104,IOWA,Flood,SCOTT,0,0,0,0,0.00K,0.00K,41.5798,-90.3662,41.7244,-90.3436
201905,22,201905,31,827458,IOWA,Flood,CLAYTON,0,0,0,0,7.00K,6.00K,43.0296,-91.1737,43.0298,-91.1719
201905,23,201905,31,827459,IOWA,Flood,CLAYTON,0,0,0,0,8.00K,3.00K,42.8205,-91.104,42.8264,-91.0825
201905,28,201905,28,826717,IOWA,Flash Flood,VAN BUREN,0,0,0,0,0.00K,0.00K,40.6642,-91.8127,40.6133,-91.7878
201905,28,201905,28,826718,IOWA,Flash Flood,DES MOINES,0,0,0,0,0.00K,0.00K,40.87,-91.2,40.8672,-91.1771
201905,28,201905,28,826720,IOWA,Flash Flood,JOHNSON,0,0,0,0,0.00K,0.00K,41.68,-91.64,41.6807,-91.6015
201907,17,201907,17,847394,IOWA,Flash Flood,WOODBURY,0,0,0,0,0.00K,0.00K,42.5225,-96.3925,42.5194,-96.3904
201909,28,201909,28,856071,IOWA,Flash Flood,DAVIS,0,0,0,0,0.00K,0.00K,40.77,-92.4,40.7711,-92.4051
201909,28,201909,29,856070,IOWA,Flash Flood,WAYNE,0,0,0,0,0.00K,0.00K,40.7505,-93.1417,40.7495,-93.154
201905,30,201905,31,827106,IOWA,Flood,CLINTON,0,0,0,0,0.00K,0.00K,41.7384,-90.3228,41.7457,-90.338
201905,28,201905,31,827113,IOWA,Flood,CLINTON,0,0,0,0,0.00K,0.00K,41.7156,-90.354,41.7541,-90.3549
201905,28,201905,31,827114,IOWA,Flood,SCOTT,0,0,0,0,0.00K,0.00K,41.7644,-90.7763,41.7243,-90.7736
201905,28,201905,28,826724,IOWA,Flash Flood,IOWA,0,0,0,0,0.00K,0.00K,41.543,-92.0454,41.5117,-91.9843
201905,28,201905,28,826738,IOWA,Flash Flood,WASHINGTON,0,0,0,0,0.00K,0.00K,41.49,-91.94,41.5025,-91.9277
201905,28,201905,29,826739,IOWA,Flash Flood,LOUISA,0,0,0,0,0.00K,0.00K,41.2869,-91.4158,41.2816,-91.418
201905,19,201905,20,826863,IOWA,Flood,JEFFERSON,0,0,0,0,0.00K,0.00K,41.291,-92.2311,41.2773,-92.2526
201905,20,201905,21,826872,IOWA,Flood,WASHINGTON,0,0,0,0,0.00K,0.00K,41.493,-91.7784,41.4762,-91.6622
201905,22,201905,31,827039,IOWA,Flood,LEE,0,0,0,0,0.00K,0.00K,40.3938,-91.3803,40.5297,-91.4289
201909,29,201909,29,856072,IOWA,Flash Flood,APPANOOSE,0,0,0,0,0.00K,0.00K,40.6305,-92.9582,40.6158,-92.9594
201909,29,201909,29,856073,IOWA,Flash Flood,APPANOOSE,0,0,0,0,0.00K,0.00K,40.6219,-92.9899,40.6353,-92.9897
201905,19,201905,31,827053,IOWA,Flood,DES MOINES,0,0,0,0,0.00K,0.00K,40.8479,-91.0745,40.847,-91.0991
201905,20,201905,31,827058,IOWA,Flood,DES MOINES,0,0,0,0,0.00K,0.00K,40.9487,-90.9631,40.9686,-90.972
201905,21,201905,31,827081,IOWA,Flood,LOUISA,0,0,0,0,0.00K,0.00K,41.1601,-90.9983,41.148,-91.0597
201905,24,201905,24,825653,IOWA,Flash Flood,DELAWARE,0,0,0,0,0.00K,0.00K,42.4677,-91.4081,42.4529,-91.4143
201909,29,201909,29,856074,IOWA,Flash Flood,APPANOOSE,0,0,0,0,0.00K,0.00K,40.727,-92.7681,40.7281,-92.7825
201909,29,201909,30,856248,IOWA,Flood,APPANOOSE,0,0,0,0,150.00K,0.00K,40.8581,-93.0477,40.6008,-93.0695
201905,29,201905,29,826789,IOWA,Flash Flood,MUSCATINE,0,0,0,0,0.00K,0.00K,41.4355,-90.9016,41.442,-90.8874
201905,29,201905,29,826792,IOWA,Flash Flood,JOHNSON,0,0,0,0,0.00K,0.00K,41.85,-91.7,41.8495,-91.686
201905,29,201905,30,826799,IOWA,Flash Flood,CEDAR,0,0,0,0,0.00K,0.00K,41.89,-91.08,41.8901,-91.0714
201905,29,201905,29,826801,IOWA,Flash Flood,LEE,0,0,0,0,0.00K,0.00K,40.7202,-91.4621,40.726,-91.447
201905,1,201905,31,830959,IOWA,Flood,SIOUX,0,0,0,0,0.00K,0.00K,43.08,-96.4545,43.0451,-96.5121
201905,29,201905,30,826803,IOWA,Flash Flood,CLINTON,0,0,0,0,0.00K,0.00K,41.8334,-90.5648,41.8327,-90.5423
201905,1,201905,31,830963,IOWA,Flood,PLYMOUTH,0,0,0,0,0.00K,0.00K,42.9085,-96.5382,42.8245,-96.578
201905,1,201905,4,826971,IOWA,Flood,DUBUQUE,0,0,0,0,0.00K,0.00K,42.3008,-90.4247,42.6682,-90.9051
201905,29,201905,30,826818,IOWA,Flood,VAN BUREN,0,0,0,0,0.00K,0.00K,40.62,-92.0,40.6201,-91.9743
201905,29,201905,29,826790,IOWA,Flash Flood,IOWA,0,0,0,0,0.00K,0.00K,41.7913,-91.9588,41.768,-91.9503
201905,29,201905,29,826791,IOWA,Flash Flood,LINN,0,0,0,0,0.00K,0.00K,41.87,-91.59,41.8707,-91.5607
201909,12,201909,13,856797,IOWA,Flash Flood,ALLAMAKEE,0,0,0,0,50.00K,0.00K,43.08,-91.1796,43.0817,-91.259
201909,19,201909,19,855374,IOWA,Flash Flood,HOWARD,0,0,0,0,5.00K,0.00K,43.45,-92.08,43.5,-92.08
201903,14,201903,16,813095,IOWA,Flood,MARSHALL,0,0,0,0,2.00M,0.00K,42.1781,-93.2033,42.1935,-92.7811
201909,12,201909,12,850865,IOWA,Flash Flood,DUBUQUE,0,0,0,0,0.00K,0.00K,42.56,-90.72,42.5642,-90.7019
201909,12,201909,13,850868,IOWA,Flash Flood,DUBUQUE,0,0,0,0,0.00K,0.00K,42.51,-90.66,42.4672,-90.6634
201910,6,201910,9,861538,IOWA,Flood,BLACK HAWK,0,0,0,0,0.00K,0.00K,42.56,-92.38,42.62,-92.41
201909,17,201909,20,856725,IOWA,Flood,WOODBURY,0,0,0,0,0.00K,5.00K,42.56,-96.499,42.5559,-96.4769
201909,12,201909,25,856549,IOWA,Flood,LYON,0,0,0,0,5.00K,0.00K,43.385,-96.527,43.2971,-96.5305
201909,12,201909,26,856553,IOWA,Flood,SIOUX,0,0,0,0,10.00K,0.00K,43.08,-96.54,43.0451,-96.5121
201909,13,201909,28,856558,IOWA,Flood,PLYMOUTH,0,0,0,0,5.00K,0.00K,42.7743,-96.6258,42.7551,-96.6188
201909,12,201909,28,856556,IOWA,Flood,PLYMOUTH,0,0,0,0,10.00K,0.00K,42.9085,-96.5382,42.8245,-96.578
201909,16,201909,23,856559,IOWA,Flood,PLYMOUTH,0,0,0,0,10.00K,0.00K,42.68,-96.55,42.6611,-96.542
201909,11,201909,30,856547,IOWA,Flood,LYON,0,0,0,0,10.00K,0.00K,43.5,-96.5986,43.4825,-96.5849
201909,12,201909,25,856550,IOWA,Flood,SIOUX,0,0,0,0,5.00K,0.00K,43.2601,-96.5449,43.2472,-96.5493
201909,12,201909,25,856552,IOWA,Flood,SIOUX,0,0,0,0,10.00K,0.00K,43.2246,-96.5304,43.2256,-96.4826
201909,12,201909,16,856702,IOWA,Flood,LYON,0,0,0,0,25.00K,0.00K,43.5,-96.25,43.41,-96.19
201909,14,201909,15,856703,IOWA,Flood,LYON,0,0,0,0,10.00K,0.00K,43.34,-96.25,43.2581,-96.3774
201909,14,201909,15,856704,IOWA,Flood,SIOUX,0,0,0,0,10.00K,0.00K,43.2581,-96.3774,43.25,-96.39
201904,3,201904,9,822370,IOWA,Flood,DUBUQUE,0,0,0,0,0.00K,0.00K,42.5866,-90.6844,42.5399,-90.6439
201904,4,201904,8,822372,IOWA,Flood,JACKSON,0,0,0,0,0.00K,0.00K,42.3288,-90.4224,42.1616,-90.2231
201904,4,201904,11,822373,IOWA,Flood,CLINTON,0,0,0,0,0.00K,0.00K,41.9347,-90.1561,41.8079,-90.182
201904,1,201904,30,822374,IOWA,Flood,SCOTT,0,0,0,0,0.00K,0.00K,41.5923,-90.3386,41.4559,-90.6833
201904,1,201904,20,822409,IOWA,Flood,MUSCATINE,0,0,0,0,0.00K,0.00K,41.4566,-90.7566,41.3545,-91.0691
201904,5,201904,16,822669,IOWA,Flood,LEE,0,0,0,0,0.00K,0.00K,40.3834,-91.3884,40.4711,-91.3681
201904,1,201904,30,822670,IOWA,Flood,DES MOINES,0,0,0,0,0.00K,0.00K,40.7583,-91.1013,40.9346,-90.9595
201904,1,201904,23,822682,IOWA,Flood,LOUISA,0,0,0,0,0.00K,0.00K,41.0909,-90.9457,41.1626,-90.9812
201904,1,201904,30,832728,IOWA,Flood,LYON,0,0,0,0,0.00K,0.00K,43.5,-96.5986,43.4825,-96.5849
201904,1,201904,30,832732,IOWA,Flood,LYON,0,0,0,0,0.00K,0.00K,43.385,-96.527,43.2971,-96.5305
201904,1,201904,30,832733,IOWA,Flood,SIOUX,0,0,0,0,0.00K,0.00K,43.2601,-96.5549,43.2472,-96.5493
201904,1,201904,30,832734,IOWA,Flood,SIOUX,0,0,0,0,0.00K,0.00K,43.2246,-96.5304,43.2256,-96.4826
201904,1,201904,30,832737,IOWA,Flood,SIOUX,0,0,0,0,0.00K,0.00K,43.08,-96.4545,43.0451,-96.5121
201904,1,201904,30,832738,IOWA,Flood,PLYMOUTH,0,0,0,0,0.00K,0.00K,42.9085,-96.5382,42.8245,-96.578
201904,1,201904,30,832741,IOWA,Flood,PLYMOUTH,0,0,0,0,0.00K,0.00K,42.7743,-96.6258,42.7551,-96.6188
201904,25,201904,30,822961,IOWA,Flood,LOUISA,0,0,0,0,0.00K,0.00K,41.1628,-91.0304,41.1648,-91.0068
201904,26,201904,30,822962,IOWA,Flood,DES MOINES,0,0,0,0,0.00K,0.00K,40.8902,-91.0171,40.8944,-91.0296
201904,30,201904,30,817165,IOWA,Flash Flood,SCOTT,0,0,0,0,0.00K,0.00K,41.5224,-90.5661,41.5211,-90.5725
201904,26,201904,30,822958,IOWA,Flood,CLINTON,0,0,0,0,0.00K,0.00K,41.8729,-90.1705,41.824,-90.1818
201904,26,201904,30,822959,IOWA,Flood,SCOTT,0,0,0,0,0.00K,0.00K,41.6049,-90.3399,41.5935,-90.3386
201904,27,201904,30,822957,IOWA,Flood,JACKSON,0,0,0,0,0.00K,0.00K,42.3214,-90.4161,42.2396,-90.4017
201904,30,201904,30,822963,IOWA,Flood,LEE,0,0,0,0,0.00K,0.00K,40.3828,-91.3956,40.389,-91.3777
201904,30,201904,30,817233,IOWA,Flash Flood,BENTON,0,0,0,0,0.00K,0.00K,40.8181,-91.1022,40.8277,-91.1096
201904,25,201904,30,822956,IOWA,Flood,DUBUQUE,0,0,0,0,0.00K,0.00K,42.5391,-90.6486,42.5001,-90.662
201904,25,201904,30,822960,IOWA,Flood,MUSCATINE,0,0,0,0,0.00K,0.00K,41.4269,-91.0036,41.4078,-91.0492
201904,7,201904,19,833414,IOWA,Flood,LYON,0,0,0,0,0.00K,0.00K,43.5,-96.25,43.41,-96.19
201904,7,201904,13,833467,IOWA,Flood,CLAY,0,0,0,0,0.00K,0.00K,43.13,-95.29,43.11,-95.2
201904,7,201904,30,833468,IOWA,Flood,DICKINSON,0,0,0,0,0.00K,0.00K,43.41,-95.27,43.3,-95.28
201904,7,201904,30,833470,IOWA,Flood,CLAY,0,0,0,0,0.00K,0.00K,43.2554,-95.2648,43.21,-95.28
201904,11,201904,12,832743,IOWA,Flood,PLYMOUTH,0,0,0,0,0.00K,0.00K,42.68,-96.55,42.6611,-96.542
201904,6,201904,30,833471,IOWA,Flood,CLAY,0,0,0,0,0.00K,0.00K,43.15,-95.18,43.1,-95.1
201904,7,201904,30,833473,IOWA,Flood,CLAY,0,0,0,0,0.00K,0.00K,43.02,-95.1,42.93,-95.2
201904,7,201904,30,833474,IOWA,Flood,BUENA VISTA,0,0,0,0,0.00K,0.00K,42.9098,-95.0902,42.9099,-95.386
201904,7,201904,30,833475,IOWA,Flood,O'BRIEN,0,0,0,0,0.00K,0.00K,42.96,-95.43,42.9394,-95.4123
202006,23,202006,26,903423,IOWA,Flood,BLACK HAWK,0,0,0,0,0.00K,0.00K,42.56,-92.38,42.51,-92.45
202003,21,202003,23,882952,IOWA,Flood,BLACK HAWK,0,0,0,0,0.00K,0.00K,42.56,-92.38,42.62,-92.41
202004,1,202004,3,886456,IOWA,Flood,DICKINSON,0,0,0,0,0.00K,0.00K,43.41,-95.27,43.3,-95.25
202004,1,202004,3,886457,IOWA,Flood,CLAY,0,0,0,0,0.00K,0.00K,43.2554,-95.2648,43.21,-95.28
202004,1,202004,3,886458,IOWA,Flood,CLAY,0,0,0,0,0.00K,0.00K,43.29,-95.24,43.24,-95.29
202004,1,202004,3,886459,IOWA,Flood,CLAY,0,0,0,0,0.00K,0.00K,43.15,-95.18,43.1,-95.1
202003,27,202003,28,880158,IOWA,Flash Flood,SCOTT,0,0,0,0,0.00K,0.00K,41.56,-90.6,41.5556,-90.4355
202004,1,202004,17,885975,IOWA,Flood,CLAYTON,0,0,0,0,0.00K,0.00K,43.0296,-91.1737,43.0405,-91.1769
202004,3,202004,16,885976,IOWA,Flood,CLAYTON,0,0,0,0,0.00K,0.00K,42.8205,-91.104,42.8264,-91.0825
202003,29,202003,31,875543,IOWA,Flood,CLAY,0,0,0,0,0.00K,0.00K,43.29,-95.24,43.24,-95.29
202005,28,202005,28,890981,IOWA,Flash Flood,BREMER,0,0,0,0,0.00K,0.00K,42.8655,-92.0831,42.8641,-92.1033
202005,28,202005,28,890982,IOWA,Flash Flood,BREMER,0,0,0,0,0.00K,0.00K,42.89,-92.28,42.8271,-92.2261
202005,29,202005,30,896802,IOWA,Flood,BLACK HAWK,0,0,0,0,0.00K,0.00K,42.56,-92.38,42.62,-92.41
202003,28,202003,31,875542,IOWA,Flood,DICKINSON,0,0,0,0,0.00K,0.00K,43.41,-95.27,43.3,-95.25
202005,17,202005,30,886477,IOWA,Flood,DICKINSON,0,0,0,0,0.00K,0.00K,43.41,-95.27,43.3,-95.25
202005,17,202005,30,886478,IOWA,Flood,CLAY,0,0,0,0,0.00K,0.00K,43.2554,-95.2648,43.21,-95.28
202005,18,202005,30,886479,IOWA,Flood,CLAY,0,0,0,0,0.00K,0.00K,43.29,-95.27,43.24,-95.29
202005,18,202005,31,886480,IOWA,Flood,CLAY,0,0,0,0,0.00K,0.00K,43.15,-95.18,43.1,-95.1
202005,18,202005,19,886481,IOWA,Flood,CLAY,0,0,0,0,0.00K,0.00K,43.13,-95.29,43.11,-95.2
202005,26,202005,28,886482,IOWA,Flood,CLAY,0,0,0,0,0.00K,0.00K,43.13,-95.29,43.11,-95.2
202003,9,202003,9,882951,IOWA,Flood,EMMET,0,0,0,0,0.00K,0.00K,43.26,-94.83,43.26,-94.71
202004,11,202004,16,885954,IOWA,Flood,DES MOINES,0,0,0,0,0.00K,0.00K,40.7635,-91.1062,40.8417,-91.1043
202003,29,202003,31,875544,IOWA,Flood,CLAY,0,0,0,0,0.00K,0.00K,43.15,-95.18,43.1,-95.1
202006,22,202006,25,903424,IOWA,Flood,BLACK HAWK,0,0,0,0,0.00K,0.00K,42.48,-92.28,42.53,-92.38
202006,25,202006,25,903427,IOWA,Flood,TAMA,0,0,0,0,0.00K,0.00K,42.0,-92.77,41.86,-92.3
202003,6,202003,15,875541,IOWA,Flood,CLAY,0,0,0,0,0.00K,0.00K,43.15,-95.18,43.1,-95.1
202003,6,202003,8,875537,IOWA,Flood,DICKINSON,0,0,0,0,0.00K,0.00K,43.501,-95.2208,43.43,-95.28
202003,4,202003,15,875538,IOWA,Flood,DICKINSON,0,0,0,0,0.00K,0.00K,43.41,-95.27,43.3,-95.25
202007,11,202007,11,906919,IOWA,Flood,ALLAMAKEE,0,0,0,0,0.00K,0.00K,43.2718,-91.4938,43.2641,-91.4883
202003,7,202003,14,875540,IOWA,Flood,CLAY,0,0,0,0,0.00K,0.00K,43.29,-95.24,43.24,-95.29
202003,8,202003,20,875511,IOWA,Flood,LYON,0,0,0,0,0.00K,0.00K,43.5,-96.5986,43.4825,-96.5849
202003,10,202003,12,875515,IOWA,Flood,PLYMOUTH,0,0,0,0,0.00K,0.00K,42.9085,-96.5382,42.8245,-96.578
202003,10,202003,11,875513,IOWA,Flood,SIOUX,0,0,0,0,0.00K,0.00K,43.08,-96.4545,43.0451,-96.5121
202006,9,202006,9,905600,IOWA,Flash Flood,SIOUX,0,0,0,0,10.00K,0.00K,43.2004,-96.2917,43.1998,-96.2922
202006,10,202006,11,901636,IOWA,Flood,CLAY,0,0,0,0,0.00K,0.00K,43.15,-95.18,43.1,-95.1
202007,6,202007,8,907446,IOWA,Flood,LYON,0,0,0,0,0.00K,0.00K,43.5,-96.25,43.41,-96.19
202004,1,202004,4,886449,IOWA,Flood,LYON,0,0,0,0,0.00K,0.00K,43.5,-96.5986,43.4825,-96.5849
202004,1,202004,4,886451,IOWA,Flood,SIOUX,0,0,0,0,0.00K,40.00K,43.08,-96.4545,43.0451,-96.5121
202004,1,202004,5,886453,IOWA,Flood,PLYMOUTH,0,0,0,0,0.00K,0.00K,42.9085,-96.5382,42.8245,-96.578
202004,1,202004,5,886454,IOWA,Flood,PLYMOUTH,0,0,0,0,0.00K,0.00K,42.7743,-96.6258,42.7551,-96.6188
202003,30,202003,31,875535,IOWA,Flood,PLYMOUTH,0,0,0,0,0.00K,3.00K,42.7743,-96.6258,42.7551,-96.6188
202007,9,202007,9,903192,IOWA,Flash Flood,DUBUQUE,0,0,0,0,0.00K,0.00K,42.49,-90.71,42.4897,-90.6584
202003,28,202003,31,875524,IOWA,Flood,LYON,0,0,0,0,0.00K,0.00K,43.5,-96.5986,43.4825,-96.5849
202003,29,202003,31,875531,IOWA,Flood,SIOUX,0,0,0,0,0.00K,0.00K,43.08,-96.4545,43.0451,-96.5121
202003,29,202003,31,875532,IOWA,Flood,PLYMOUTH,0,0,0,0,0.00K,0.00K,42.9085,-96.5382,42.8245,-96.578
202003,29,202003,30,875525,IOWA,Flood,LYON,0,0,0,0,0.00K,0.00K,43.385,-96.527,43.2971,-96.5305
202003,29,202003,30,875526,IOWA,Flood,SIOUX,0,0,0,0,0.00K,0.00K,43.2472,-96.5493,43.2416,-96.5691
202003,29,202003,31,875529,IOWA,Flood,SIOUX,0,0,0,0,0.00K,0.00K,43.2246,-96.5304,43.2256,-96.4826
202006,22,202006,22,898827,IOWA,Flood,BENTON,0,0,0,0,0.00K,0.00K,42.0,-92.2,41.9961,-92.2013
202006,22,202006,22,898829,IOWA,Flood,BENTON,0,0,0,0,0.00K,0.00K,42.1,-91.93,42.0994,-91.9251
202006,4,202006,4,895091,IOWA,Flash Flood,MUSCATINE,0,0,0,0,0.00K,0.00K,41.52,-91.04,41.5237,-91.0269
202006,4,202006,4,895095,IOWA,Flash Flood,SCOTT,0,0,0,0,0.00K,0.00K,41.55,-90.49,41.5471,-90.4898
202006,3,202006,3,895080,IOWA,Flash Flood,MUSCATINE,0,0,0,0,0.00K,0.00K,41.47,-90.89,41.472,-90.8873
202006,27,202006,27,898889,IOWA,Flash Flood,JOHNSON,0,0,0,0,0.00K,0.00K,41.71,-91.67,41.7043,-91.671
202006,30,202006,30,898864,IOWA,Flash Flood,VAN BUREN,0,0,0,0,0.00K,0.00K,40.68,-91.93,40.6622,-91.8144
202006,28,202006,30,901197,IOWA,Flood,CLINTON,0,0,0,0,0.00K,0.00K,41.7622,-90.5722,41.7641,-90.5719
202006,6,202006,7,900034,IOWA,Flood,CLINTON,0,0,0,0,0.00K,0.00K,41.762,-90.5739,41.7643,-90.5729
202006,15,202006,19,901187,IOWA,Flood,SCOTT,0,0,0,0,0.00K,0.00K,41.7621,-90.5739,41.7613,-90.5735
202006,9,202006,9,895192,IOWA,Flash Flood,BUCHANAN,0,0,0,0,0.00K,0.00K,42.64,-91.82,42.6368,-92.1764
202006,10,202006,10,895198,IOWA,Flash Flood,LINN,0,0,0,0,0.00K,0.00K,42.07,-91.62,42.0518,-91.6221
202006,9,202006,9,895222,IOWA,Flood,BENTON,0,0,0,0,0.00K,0.00K,42.16,-92.01,42.1572,-92.0104
202006,10,202006,10,895224,IOWA,Flood,BUCHANAN,0,0,0,0,0.00K,0.00K,42.6,-91.91,42.582,-92.0655
202006,9,202006,9,895225,IOWA,Flood,BENTON,0,0,0,0,0.00K,0.00K,42.09,-92.02,42.0879,-92.0321
202006,9,202006,9,895197,IOWA,Flash Flood,JOHNSON,0,0,0,0,0.00K,0.00K,41.66,-91.49,41.6632,-91.6845
202006,9,202006,9,895223,IOWA,Flood,IOWA,0,0,0,0,0.00K,0.00K,41.81,-92.24,41.8099,-92.2397
202006,10,202006,10,895221,IOWA,Flash Flood,LINN,0,0,0,0,0.00K,0.00K,42.01,-91.76,42.0097,-91.7596
202006,22,202006,22,898820,IOWA,Flood,BUCHANAN,0,0,0,0,0.00K,0.00K,42.47,-91.88,42.4683,-91.8806
202006,10,202006,11,903877,IOWA,Flood,CLAYTON,0,0,0,0,0.00K,0.00K,42.845,-91.4043,42.8445,-91.4052
202006,10,202006,11,903890,IOWA,Flood,CLAYTON,0,0,0,0,0.00K,0.00K,42.7386,-91.2686,42.7389,-91.2701
202006,9,202006,9,898142,IOWA,Flash Flood,FAYETTE,0,0,0,0,25.00K,805.00K,42.65,-92.08,43.08,-92.08
202006,9,202006,9,898144,IOWA,Flash Flood,HOWARD,0,0,0,0,5.00K,175.00K,43.21,-92.08,43.5,-92.08
202006,9,202006,9,898145,IOWA,Flash Flood,CHICKASAW,0,0,0,0,5.00K,135.00K,42.91,-92.08,43.21,-92.08
202006,21,202006,22,899474,IOWA,Flash Flood,BUTLER,0,0,0,0,0.00K,0.00K,42.5996,-93.0029,42.6849,-93.0081
202006,22,202006,24,899476,IOWA,Flood,GRUNDY,0,0,0,0,0.00K,0.00K,42.33,-92.62,42.3292,-92.615
202006,23,202006,24,901759,IOWA,Flood,TAMA,0,0,0,0,400.00K,0.00K,42.313,-92.2038,42.3169,-92.1954
202006,22,202006,24,899481,IOWA,Flood,GRUNDY,0,0,0,0,0.00K,0.00K,42.23,-92.89,42.2307,-92.8622
202006,22,202006,22,899485,IOWA,Flash Flood,POLK,0,0,0,0,0.00K,0.00K,41.588,-93.6943,41.5877,-93.6933
202006,23,202006,27,903420,IOWA,Flood,BLACK HAWK,0,0,0,0,0.00K,0.00K,42.56,-92.38,42.62,-92.41
202006,9,202006,11,903870,IOWA,Flood,WINNESHIEK,0,0,0,0,0.00K,0.00K,43.2095,-91.957,43.2102,-91.9558
202006,22,202006,24,899497,IOWA,Flood,TAMA,0,0,0,0,0.00K,0.00K,42.2,-92.47,42.2003,-92.4637
202006,23,202006,24,899498,IOWA,Flood,TAMA,0,0,0,0,0.00K,0.00K,42.2,-92.47,42.2001,-92.4647
202006,23,202006,24,899499,IOWA,Flood,TAMA,0,0,0,0,0.00K,0.00K,41.9645,-92.2974,41.9056,-92.2971
202005,14,202005,14,892836,IOWA,Flash Flood,JEFFERSON,0,0,0,0,0.00K,0.00K,41.0,-92.05,40.9986,-92.042
202005,28,202005,28,892933,IOWA,Flash Flood,BUCHANAN,0,0,0,0,0.00K,0.00K,42.4111,-92.0514,42.6476,-92.0419
202108,7,202108,7,983074,IOWA,Flash Flood,POTTAWATTAMIE,0,0,0,0,0.00K,0.00K,41.27,-95.88,41.2701,-95.8822
202108,7,202108,7,983077,IOWA,Flash Flood,POTTAWATTAMIE,0,0,0,0,0.00K,0.00K,41.26,-95.9,41.2601,-95.899
202108,7,202108,7,983070,IOWA,Flash Flood,POTTAWATTAMIE,0,0,0,0,0.00K,0.00K,41.2386,-95.8497,41.2406,-95.8505
202106,25,202106,26,958013,IOWA,Flash Flood,LINN,0,0,0,0,0.00K,0.00K,42.0435,-91.575,42.0402,-91.5752
202106,24,202106,24,964108,IOWA,Flash Flood,JEFFERSON,0,0,0,0,0.00K,0.00K,40.9209,-92.1296,40.9226,-92.1296
202106,24,202106,24,964110,IOWA,Flash Flood,JEFFERSON,0,0,0,0,0.00K,0.00K,40.918,-92.0724,40.9173,-92.0652
202106,24,202106,24,964112,IOWA,Flash Flood,JEFFERSON,0,0,0,0,0.00K,0.00K,40.9271,-92.0498,40.9251,-92.0497
202106,24,202106,25,964113,IOWA,Flash Flood,VAN BUREN,0,0,0,0,0.00K,0.00K,40.73,-91.97,40.7227,-91.9586
202108,7,202108,7,983072,IOWA,Flash Flood,POTTAWATTAMIE,0,0,0,0,0.00K,0.00K,41.2604,-95.8746,41.2593,-95.8746
202105,27,202105,28,953640,IOWA,Flood,VAN BUREN,0,0,0,0,0.00K,0.00K,40.7692,-91.7266,40.7697,-91.7258
202106,24,202106,25,965461,IOWA,Flash Flood,LUCAS,0,0,0,0,0.00K,0.00K,41.01,-93.27,41.0177,-93.2704
202106,24,202106,25,965464,IOWA,Flash Flood,WAPELLO,0,0,0,0,0.00K,0.00K,40.932,-92.2234,40.9113,-92.2016
202106,24,202106,25,965475,IOWA,Flash Flood,WAPELLO,0,0,0,0,0.00K,0.00K,40.96,-92.24,40.9668,-92.24
202107,11,202107,11,972505,IOWA,Flash Flood,VAN BUREN,0,0,0,0,0.00K,0.00K,40.69,-91.8,40.693,-91.824
202108,27,202108,28,978892,IOWA,Flash Flood,WORTH,0,0,0,0,0.00K,0.00K,43.4401,-93.2156,43.4404,-93.2138
202107,14,202107,15,971425,IOWA,Flash Flood,STORY,0,0,0,0,0.00K,0.00K,41.8891,-93.3947,41.889,-93.394
202108,27,202108,28,978894,IOWA,Flash Flood,WORTH,0,0,0,0,0.00K,0.00K,43.36,-93.04,43.3541,-93.0406
202108,27,202108,28,978897,IOWA,Flash Flood,WORTH,0,0,0,0,0.00K,0.00K,43.33,-93.07,43.3296,-93.0658
202108,27,202108,28,978898,IOWA,Flash Flood,WORTH,0,0,0,0,0.00K,0.00K,43.35,-93.1,43.3511,-93.1079
202108,11,202108,11,973375,IOWA,Flash Flood,DES MOINES,0,0,0,0,0.00K,0.00K,40.83,-91.17,40.8118,-91.1762
202108,11,202108,11,973376,IOWA,Flash Flood,DES MOINES,0,0,0,0,0.00K,0.00K,40.83,-91.14,40.8242,-91.1254
202108,12,202108,12,978575,IOWA,Flash Flood,APPANOOSE,0,0,0,0,0.00K,0.00K,40.62,-92.92,40.6354,-92.9207
202107,14,202107,15,971423,IOWA,Flash Flood,STORY,0,0,0,0,0.00K,0.00K,41.91,-93.44,41.9164,-93.4405
202108,28,202108,28,976055,IOWA,Flash Flood,BUCHANAN,0,0,0,0,0.00K,0.00K,42.4772,-91.9157,42.4596,-91.8932
202108,25,202108,25,975963,IOWA,Flash Flood,IOWA,0,0,0,0,0.00K,0.00K,41.5804,-92.0716,41.5925,-91.9972
202108,28,202108,30,981345,IOWA,Flood,FLOYD,0,0,0,0,0.00K,0.00K,43.0691,-92.6844,43.0725,-92.6835
202108,27,202108,29,981384,IOWA,Flood,WINNESHIEK,0,0,0,0,0.00K,0.00K,43.2095,-91.957,43.2102,-91.9558
202108,30,202108,31,982184,IOWA,Flood,BLACK HAWK,0,0,0,0,0.00K,0.00K,42.69,-92.3,42.69,-92.49
202108,28,202108,31,981386,IOWA,Flood,CLAYTON,0,0,0,0,0.00K,0.00K,42.845,-91.4043,42.8445,-91.4052
202108,28,202108,31,981387,IOWA,Flood,CLAYTON,0,0,0,0,0.00K,0.00K,42.7386,-91.2686,42.7389,-91.2701
202108,27,202108,28,981156,IOWA,Flash Flood,MITCHELL,0,0,0,0,750.00K,2.70M,43.45,-93.03,43.3,-93.03
202108,28,202108,28,981308,IOWA,Flash Flood,FAYETTE,0,0,0,0,10.00K,3.20M,43.01,-92.08,42.69,-91.78
202108,27,202108,28,981571,IOWA,Flash Flood,FLOYD,0,0,0,0,10.00K,500.00K,43.21,-92.65,42.93,-92.69
202108,28,202108,28,981311,IOWA,Flash Flood,CHICKASAW,0,0,0,0,0.00K,0.00K,43.21,-92.54,43.18,-92.54
202108,28,202108,28,981315,IOWA,Flood,CHICKASAW,0,0,0,0,500.00K,2.50M,43.21,-92.54,43.18,-92.54
202108,28,202108,28,981316,IOWA,Flood,FAYETTE,0,0,0,0,20.00K,0.00K,43.06,-92.03,43.0618,-92.0394
202108,28,202108,28,981318,IOWA,Flood,MITCHELL,0,0,0,0,0.00K,0.00K,43.2995,-92.551,43.2837,-92.5462
202108,28,202108,28,981319,IOWA,Flood,FLOYD,0,0,0,0,0.00K,0.00K,43.13,-92.61,43.1213,-92.608
202108,28,202108,28,981320,IOWA,Flood,WINNESHIEK,0,0,0,0,0.00K,0.00K,43.24,-91.99,43.3012,-91.9621
202108,30,202108,31,982176,IOWA,Flood,BLACK HAWK,0,0,0,0,0.00K,0.00K,42.56,-92.38,42.62,-92.41
202108,8,202108,9,978973,IOWA,Flash Flood,FLOYD,0,0,0,0,0.00K,0.00K,43.0742,-92.6827,43.0665,-92.6886
202108,8,202108,9,978975,IOWA,Flash Flood,CHICKASAW,0,0,0,0,0.00K,0.00K,43.0667,-92.3074,43.0656,-92.3203
202109,1,202109,1,982191,IOWA,Flood,BLACK HAWK,0,0,0,0,0.00K,0.00K,42.56,-92.38,42.62,-92.41
202106,29,202106,29,965919,IOWA,Flash Flood,ALLAMAKEE,0,0,0,0,30.00K,30.00K,43.16,-91.19,43.1808,-91.1902
202204,22,202204,22,1024188,IOWA,Flash Flood,POLK,0,0,0,0,0.00K,0.00K,41.73,-93.62,41.7207,-93.6148
202205,26,202205,26,1021833,IOWA,Flash Flood,JONES,0,0,0,0,0.00K,0.00K,42.1743,-91.1212,42.1482,-91.1195
202205,26,202205,27,1021834,IOWA,Flash Flood,DES MOINES,0,0,0,0,0.00K,0.00K,40.8846,-91.348,40.8379,-91.348
202204,22,202204,22,1024191,IOWA,Flash Flood,POLK,0,0,0,0,0.00K,0.00K,41.7146,-93.5924,41.7145,-93.5933
202204,22,202204,22,1024192,IOWA,Flash Flood,DALLAS,0,0,0,0,0.00K,0.00K,41.8456,-94.0194,41.8463,-93.9132
202204,22,202204,22,1024194,IOWA,Flash Flood,POLK,0,0,0,0,0.00K,0.00K,41.7624,-93.5947,41.7532,-93.5923
202204,22,202204,22,1024196,IOWA,Flash Flood,MARSHALL,0,0,0,0,0.00K,0.00K,42.0101,-92.9138,42.0082,-92.9147
202205,26,202205,27,1021835,IOWA,Flash Flood,DES MOINES,0,0,0,0,0.00K,0.00K,40.8774,-91.3531,40.8408,-91.3536
202204,22,202204,22,1024197,IOWA,Flash Flood,STORY,0,0,0,0,0.00K,0.00K,41.87,-93.68,41.8699,-93.677
202204,22,202204,22,1024184,IOWA,Flash Flood,GUTHRIE,0,0,0,0,0.00K,0.00K,41.85,-94.31,41.8534,-94.4369
202204,22,202204,22,1024187,IOWA,Flash Flood,STORY,0,0,0,0,0.00K,0.00K,41.914,-93.6084,41.91,-93.5857
202204,13,202204,13,1023649,IOWA,Flood,CERRO GORDO,0,0,0,0,0.00K,0.00K,43.29,-93.28,43.28,-93.5
202208,19,202208,19,1052891,IOWA,Flash Flood,MUSCATINE,0,0,0,0,0.00K,0.00K,41.38,-91.35,41.3793,-91.3528
202208,19,202208,19,1053225,IOWA,Flash Flood,POLK,0,0,0,0,10.00K,0.00K,41.62,-93.58,41.619,-93.58
202208,19,202208,19,1053226,IOWA,Flash Flood,POLK,0,0,0,0,10.00K,0.00K,41.6156,-93.6506,41.6156,-93.6461
202206,5,202206,9,1038855,IOWA,Flood,DICKINSON,0,0,0,0,0.00K,0.00K,43.41,-95.27,43.3,-95.25
202207,8,202207,15,1047999,IOWA,Flood,DICKINSON,0,0,0,0,0.00K,0.00K,43.41,-95.27,43.3,-95.25
202206,25,202206,25,1037758,IOWA,Flash Flood,O'BRIEN,0,0,0,0,0.00K,0.00K,43.0123,-95.7317,43.0101,-95.7319
202206,7,202206,7,1042878,IOWA,Flood,POLK,0,0,0,0,0.00K,0.00K,41.57,-93.61,41.59,-93.62
202207,10,202207,14,1048001,IOWA,Flood,CLAY,0,0,0,0,0.00K,0.00K,43.255,-95.184,43.255,-95.2764
202207,8,202207,15,1048000,IOWA,Flood,CLAY,0,0,0,0,0.00K,0.00K,43.2554,-95.2648,43.21,-95.28
202207,9,202207,13,1047998,IOWA,Flood,DICKINSON,0,0,0,0,0.00K,0.00K,43.501,-95.2208,43.43,-95.28
202207,7,202207,7,1048246,IOWA,Flash Flood,WOODBURY,0,0,0,0,0.00K,0.00K,42.5105,-96.4404,42.5098,-96.4401
202207,5,202207,5,1043985,IOWA,Flash Flood,CLAYTON,0,0,0,0,10.00K,175.00K,43.0875,-91.3114,43.0839,-91.1807
202207,15,202207,15,1044965,IOWA,Flash Flood,CLAYTON,0,0,0,0,50.00K,360.00K,43.042,-91.389,43.079,-91.41
202206,15,202206,15,1042879,IOWA,Flood,STORY,0,0,0,0,0.00K,0.00K,42.01,-93.62,41.8,-93.52
202207,24,202207,24,1050212,IOWA,Flood,ALLAMAKEE,0,0,0,0,0.00K,0.00K,43.422,-91.5073,43.4266,-91.5194
202206,5,202206,6,1033155,IOWA,Flood,GUTHRIE,0,0,0,0,0.00K,0.00K,41.82,-94.47,41.8018,-94.4648
202206,5,202206,6,1033153,IOWA,Flood,DALLAS,0,0,0,0,0.00K,0.00K,41.77,-94.16,41.7278,-94.1568
202206,15,202206,15,1033213,IOWA,Flood,BOONE,0,0,0,0,0.00K,0.00K,41.91,-94.07,41.905,-94.0702
202207,8,202207,8,1046839,IOWA,Flash Flood,MUSCATINE,0,0,0,0,0.00K,0.00K,41.39,-91.07,41.3896,-91.0713
202207,8,202207,8,1046837,IOWA,Flash Flood,JOHNSON,0,0,0,0,0.00K,0.00K,41.72,-91.46,41.7146,-91.4681
202206,25,202206,25,1029396,IOWA,Flash Flood,JOHNSON,0,0,0,0,0.00K,0.00K,41.67,-91.45,41.6817,-91.42
202206,25,202206,25,1029398,IOWA,Flash Flood,BUCHANAN,0,0,0,0,0.00K,0.00K,42.36,-91.89,42.4153,-91.8784
202209,3,202209,3,1057567,IOWA,Flash Flood,DES MOINES,0,0,0,0,0.00K,0.00K,40.8002,-91.1195,40.8003,-91.1198
202304,14,202304,14,1089222,IOWA,Flash Flood,POTTAWATTAMIE,0,0,0,0,0.00K,0.00K,41.259,-95.8974,41.259,-95.8976
202304,1,202304,8,1092010,IOWA,Flood,CLAY,0,0,0,0,0.00K,0.00K,43.2554,-95.2648,43.21,-95.28
202304,3,202304,4,1092011,IOWA,Flood,CLAY,0,0,0,0,0.00K,0.00K,43.15,-95.18,43.1,-95.1
202304,18,202304,30,1088633,IOWA,Flood,CLAYTON,0,0,0,0,0.00K,0.00K,42.8205,-91.104,42.8264,-91.0825
202302,27,202302,28,1083894,IOWA,Flood,CLAYTON,0,0,0,0,0.00K,0.00K,42.845,-91.4043,42.8445,-91.4052
202302,27,202302,28,1083896,IOWA,Flood,CLAYTON,0,0,0,0,0.00K,0.00K,42.7386,-91.2686,42.7389,-91.2701
202302,27,202302,27,1083898,IOWA,Flood,FAYETTE,0,0,0,0,0.00K,0.00K,43.0422,-91.8211,43.0397,-91.8196
202302,27,202302,27,1083901,IOWA,Flood,CLAYTON,0,0,0,0,0.00K,0.00K,42.7517,-91.3814,42.7511,-91.382
202304,21,202304,30,1088623,IOWA,Flood,ALLAMAKEE,0,0,0,0,0.00K,0.00K,43.3477,-91.1897,43.3459,-91.1961
202302,27,202302,28,1081129,IOWA,Flood,CERRO GORDO,0,0,0,0,0.00K,0.00K,43.29,-93.28,43.28,-93.5
202304,16,202304,30,1088625,IOWA,Flood,CLAYTON,0,0,0,0,0.00K,0.00K,43.0296,-91.1737,43.0405,-91.1769
202303,21,202303,22,1089196,IOWA,Flood,SIOUX,0,0,0,0,0.00K,0.00K,43.25,-96.25,43.24,-96.25
202303,28,202303,29,1089198,IOWA,Flood,DICKINSON,0,0,0,0,0.00K,0.00K,43.41,-95.27,43.3,-95.25
202303,28,202303,29,1089199,IOWA,Flood,CLAY,0,0,0,0,0.00K,0.00K,43.2554,-95.2648,43.21,-95.28
202305,13,202305,14,1092806,IOWA,Flash Flood,POCAHONTAS,0,0,0,0,0.00K,0.00K,42.8536,-94.8562,42.8428,-94.8556
202305,30,202305,30,1093386,IOWA,Flash Flood,WEBSTER,0,0,0,0,0.00K,0.00K,42.51,-94.2,42.5112,-94.1936
202305,30,202305,30,1093390,IOWA,Flash Flood,WEBSTER,0,0,0,0,0.00K,0.00K,42.51,-94.18,42.5012,-94.1761
202305,1,202305,15,1100279,IOWA,Flood,CLAYTON,0,0,0,0,0.00K,0.00K,43.0296,-91.1737,43.0405,-91.1769
202305,1,202305,4,1100283,IOWA,Flood,ALLAMAKEE,0,0,0,0,0.00K,0.00K,43.3477,-91.1897,43.3459,-91.1961
202305,1,202305,11,1100281,IOWA,Flood,CLAYTON,0,0,0,0,0.00K,0.00K,42.8205,-91.104,42.8264,-91.0825
202305,14,202305,15,1100497,IOWA,Flood,MITCHELL,0,0,0,0,0.00K,0.00K,43.2293,-92.6677,43.2256,-92.6692
202305,14,202305,15,1100492,IOWA,Flood,HOWARD,0,0,0,0,0.00K,0.00K,43.3324,-92.0885,43.3292,-92.0807
202305,15,202305,16,1100501,IOWA,Flood,CHICKASAW,0,0,0,0,0.00K,0.00K,43.0391,-92.5084,43.037,-92.506
202305,15,202305,15,1100493,IOWA,Flood,WINNESHIEK,0,0,0,0,0.00K,0.00K,43.2095,-91.957,43.2102,-91.9558
202305,16,202305,16,1100502,IOWA,Flood,CHICKASAW,0,0,0,0,0.00K,0.00K,42.9468,-92.5248,42.9612,-92.5162
202304,10,202304,14,1092004,IOWA,Flood,LYON,0,0,0,0,0.00K,0.00K,43.5,-96.25,43.41,-96.19
202304,10,202304,13,1091964,IOWA,Flood,LYON,0,0,0,0,0.00K,0.00K,43.385,-96.527,43.2971,-96.5305
202304,10,202304,16,1091967,IOWA,Flood,BUENA VISTA,0,0,0,0,0.00K,0.00K,43.08,-96.4545,43.0451,-96.5121
202304,12,202304,16,1091970,IOWA,Flood,PLYMOUTH,0,0,0,0,0.00K,0.00K,42.7743,-96.6258,42.7551,-96.6188
202304,10,202304,16,1091969,IOWA,Flood,PLYMOUTH,0,0,0,0,0.00K,0.00K,42.9085,-96.5382,42.8245,-96.578
202304,11,202304,18,1091962,IOWA,Flood,LYON,0,0,0,0,0.00K,0.00K,43.5,-96.5986,43.4825,-96.5849
202304,10,202304,13,1091966,IOWA,Flood,SIOUX,0,0,0,0,0.00K,0.00K,43.2601,-96.5549,43.2472,-96.5493
202304,1,202304,8,1092009,IOWA,Flood,DICKINSON,0,0,0,0,0.00K,0.00K,43.41,-95.27,43.2554,-95.25
202305,14,202305,18,1092054,IOWA,Flood,CLAY,0,0,0,0,0.00K,0.00K,43.15,-95.18,43.1,-95.1
202304,26,202304,30,1097156,IOWA,Flood,LOUISA,0,0,0,0,0.00K,0.00K,41.1648,-91.0134,41.1372,-90.9772
202304,24,202304,30,1097165,IOWA,Flood,SCOTT,0,0,0,0,0.00K,0.00K,41.5225,-90.4922,41.5171,-90.4917
202304,27,202304,30,1097186,IOWA,Flood,DES MOINES,0,0,0,0,0.00K,0.00K,40.8984,-91.0073,40.87,-91.0424
202304,22,202304,30,1094837,IOWA,Flood,DUBUQUE,0,0,0,0,0.00K,0.00K,42.4656,-90.6363,42.5393,-90.6437
202305,14,202305,18,1092052,IOWA,Flood,CLAY,0,0,0,0,0.00K,0.00K,43.255,-95.184,43.255,-95.2764
202304,25,202304,30,1096722,IOWA,Flood,CLINTON,0,0,0,0,0.00K,0.00K,41.8045,-90.237,41.7937,-90.2201
202304,25,202304,30,1096729,IOWA,Flood,SCOTT,0,0,0,0,0.00K,0.00K,41.6153,-90.3461,41.5881,-90.3531
202304,26,202304,30,1097150,IOWA,Flood,MUSCATINE,0,0,0,0,0.00K,0.00K,41.4365,-91.0118,41.4275,-91.009
202304,26,202304,30,1097160,IOWA,Flood,DES MOINES,0,0,0,0,0.00K,0.00K,40.889,-91.0336,40.8838,-91.0239
202304,25,202304,30,1094844,IOWA,Flood,JACKSON,0,0,0,0,0.00K,0.00K,42.2822,-90.4328,42.2727,-90.4297
202305,14,202305,19,1092048,IOWA,Flood,DICKINSON,0,0,0,0,0.00K,0.00K,43.41,-95.27,43.2554,-95.2648
202305,14,202305,19,1092050,IOWA,Flood,CLAY,0,0,0,0,0.00K,0.00K,43.2554,-95.2648,43.21,-95.28
202305,13,202305,13,1102030,IOWA,Flash Flood,BUENA VISTA,0,0,0,0,10.00K,0.00K,42.8635,-94.9876,42.8632,-94.9854
202308,5,202308,5,1129826,IOWA,Flash Flood,SIOUX,0,0,0,0,0.00K,0.00K,43.0999,-96.1879,43.0389,-96.1858
202308,5,202308,5,1129833,IOWA,Flash Flood,SIOUX,0,0,0,0,0.00K,0.00K,43.1929,-96.0048,43.189,-96.011
202308,5,202308,5,1129838,IOWA,Flood,O'BRIEN,0,0,0,0,0.00K,0.00K,43.181,-95.6655,43.1755,-95.6662
202308,5,202308,5,1129822,IOWA,Flash Flood,SIOUX,0,0,0,0,100.00K,0.00K,43.0814,-96.173,43.0747,-96.1779
202308,5,202308,5,1129823,IOWA,Flash Flood,SIOUX,0,0,0,0,5.00K,0.00K,43.2071,-96.3027,43.2033,-96.3054
202308,5,202308,5,1129830,IOWA,Flash Flood,SIOUX,0,0,0,0,1.50M,0.00K,43.0886,-96.1886,43.0807,-96.1866
202307,12,202307,12,1109656,IOWA,Flash Flood,BOONE,0,0,0,0,0.00K,0.00K,42.03,-93.88,42.0302,-93.8728
202305,13,202305,13,1102014,IOWA,Flash Flood,BUENA VISTA,0,0,0,0,0.00K,466.00K,42.7673,-94.9781,42.6985,-94.9822
202308,5,202308,5,1129831,IOWA,Flash Flood,SIOUX,0,0,0,0,0.00K,0.00K,43.2078,-96.3001,43.1995,-96.3065
202308,5,202308,5,1129835,IOWA,Flash Flood,SIOUX,0,0,0,0,0.00K,0.00K,43.1878,-95.9971,43.1895,-96.0443
202308,5,202308,30,1129569,IOWA,Flash Flood,LEE,0,0,0,0,0.00K,0.00K,40.41,-91.4,40.4055,-91.4014
202308,5,202308,5,1129570,IOWA,Flash Flood,LEE,0,0,0,0,0.00K,0.00K,40.71,-91.24,40.709,-91.2507
202305,13,202305,13,1102029,IOWA,Flash Flood,BUENA VISTA,0,0,0,0,0.00K,0.00K,42.7753,-94.9502,42.7768,-94.9477
202305,12,202305,12,1097604,IOWA,Flash Flood,HARRISON,0,0,0,0,500.00K,0.00K,41.8,-95.91,41.8149,-95.9081
202404,30,202404,30,1166183,IOWA,Flood,CLAY,0,0,0,0,0.00K,0.00K,43.15,-95.18,43.1,-95.1
202405,22,202405,23,1185183,IOWA,Flood,POLK,0,0,0,0,0.00K,0.00K,41.57,-93.61,41.59,-93.62
202405,24,202405,24,1185184,IOWA,Flood,POLK,0,0,0,0,0.00K,0.00K,41.57,-93.61,41.59,-93.62
202405,24,202405,25,1185186,IOWA,Flood,EMMET,0,0,0,0,0.00K,0.00K,43.26,-94.83,43.26,-94.71
202405,22,202405,24,1185610,IOWA,Flood,POLK,0,0,0,0,0.00K,0.00K,41.59,-93.56,41.59,-93.66
202405,21,202405,23,1185182,IOWA,Flood,KOSSUTH,0,0,0,0,0.00K,0.00K,42.88,-94.15,43.2,-94.14
202405,23,202405,24,1185181,IOWA,Flood,WEBSTER,0,0,0,0,0.00K,0.00K,42.42,-94.21,42.3,-94.05
202405,22,202405,24,1185170,IOWA,Flood,BLACK HAWK,0,0,0,0,0.00K,0.00K,42.48,-92.28,42.53,-92.38
202405,22,202405,23,1185167,IOWA,Flood,BUTLER,0,0,0,0,0.00K,0.00K,42.56,-92.49,42.58,-92.49
202405,22,202405,25,1185178,IOWA,Flood,BLACK HAWK,0,0,0,0,0.00K,0.00K,42.56,-92.38,42.62,-92.41
202404,30,202404,30,1166181,IOWA,Flood,CLAY,0,0,0,0,0.00K,0.00K,43.2554,-95.2648,43.21,-95.28
202405,23,202405,24,1185171,IOWA,Flood,BLACK HAWK,0,0,0,0,0.00K,0.00K,42.56,-92.38,42.51,-92.45
202404,30,202404,30,1166182,IOWA,Flood,DICKINSON,0,0,0,0,0.00K,0.00K,43.41,-95.27,43.2594,-95.25
202405,22,202405,24,1185176,IOWA,Flood,MARSHALL,0,0,0,0,0.00K,0.00K,42.04,-92.97,42.0,-92.77
202405,21,202405,29,1185180,IOWA,Flood,TAMA,0,0,0,0,0.00K,0.00K,42.0,-92.77,41.86,-92.3
202405,21,202405,21,1183300,IOWA,Flash Flood,JASPER,0,0,0,0,0.00K,0.00K,41.72,-92.9,41.7235,-92.9005
202405,21,202405,22,1183305,IOWA,Flood,KOSSUTH,0,0,0,0,0.00K,0.00K,43.0926,-94.0025,43.1023,-94.0024
202405,21,202405,21,1183243,IOWA,Flash Flood,BOONE,0,0,0,0,0.00K,0.00K,41.9905,-93.8875,41.9933,-93.8801
202405,21,202405,21,1183345,IOWA,Flash Flood,BUTLER,0,0,0,0,0.00K,0.00K,42.5682,-92.6241,42.5688,-92.6163
202405,21,202405,22,1183388,IOWA,Flood,MARSHALL,0,0,0,0,0.00K,0.00K,42.0309,-93.0034,42.0308,-92.9969
202405,21,202405,21,1183307,IOWA,Flash Flood,TAMA,0,0,0,0,0.00K,0.00K,41.94,-92.75,41.9392,-92.743
202405,21,202405,21,1183335,IOWA,Flash Flood,HARDIN,0,0,0,0,0.00K,0.00K,42.52,-93.38,42.5258,-93.3889
202405,21,202405,21,1183343,IOWA,Flash Flood,BUTLER,0,0,0,0,0.00K,0.00K,42.5754,-92.8468,42.5809,-92.9437
202405,21,202405,21,1183263,IOWA,Flash Flood,GUTHRIE,0,0,0,0,0.00K,0.00K,41.78,-94.48,41.7732,-94.4642
202405,21,202405,21,1183267,IOWA,Flash Flood,JASPER,0,0,0,0,0.00K,0.00K,41.7193,-93.0351,41.7243,-93.0359
202405,21,202405,21,1183310,IOWA,Flash Flood,TAMA,0,0,0,0,0.00K,0.00K,41.97,-92.63,41.9917,-92.6345
202405,21,202405,21,1183312,IOWA,Flash Flood,JASPER,0,0,0,0,0.00K,0.00K,41.72,-92.91,41.719,-92.896
202405,21,202405,21,1183313,IOWA,Flash Flood,JASPER,0,0,0,0,0.00K,0.00K,41.8189,-93.1655,41.8183,-93.1415
202405,21,202405,22,1183247,IOWA,Flood,HANCOCK,0,0,0,0,0.00K,0.00K,43.08,-93.81,43.0812,-93.8005
202405,21,202405,21,1183260,IOWA,Flash Flood,GUTHRIE,0,0,0,0,0.00K,0.00K,41.72,-94.37,41.7176,-94.5824
202405,21,202405,21,1183347,IOWA,Flash Flood,GRUNDY,0,0,0,0,0.00K,0.00K,42.49,-92.97,42.4899,-92.9645
202405,21,202405,21,1183342,IOWA,Flash Flood,GRUNDY,0,0,0,0,0.00K,0.00K,42.4864,-92.9828,42.5128,-92.5687
202405,21,202405,21,1183308,IOWA,Flash Flood,TAMA,0,0,0,0,0.00K,0.00K,41.92,-92.58,41.9279,-92.3508
202405,2,202405,2,1182810,IOWA,Flash Flood,MONROE,0,0,0,0,0.00K,0.00K,41.03,-92.86,41.0307,-92.8511
202405,21,202405,22,1183396,IOWA,Flood,BUTLER,0,0,0,0,0.00K,0.00K,42.5699,-92.8492,42.5915,-92.8498
202405,21,202405,21,1183329,IOWA,Flash Flood,TAMA,0,0,0,0,0.00K,0.00K,42.22,-92.48,42.2207,-92.4725
202405,21,202405,22,1183397,IOWA,Flood,STORY,0,0,0,0,0.00K,0.00K,41.9105,-93.3409,41.9115,-93.2792
202405,21,202405,21,1183337,IOWA,Flash Flood,JASPER,0,0,0,0,0.00K,0.00K,41.75,-93.23,41.7447,-93.23
202405,21,202405,22,1183385,IOWA,Flood,JASPER,0,0,0,0,0.00K,0.00K,41.7,-93.17,41.6804,-93.1616
202405,2,202405,3,1182820,IOWA,Flood,MONROE,0,0,0,0,0.00K,0.00K,41.1135,-92.9075,40.9938,-92.8852
202405,21,202405,22,1183833,IOWA,Flood,MARSHALL,0,0,0,0,0.00K,0.00K,42.024,-92.9971,42.023,-93.0026
202405,21,202405,21,1183332,IOWA,Flash Flood,TAMA,0,0,0,0,0.00K,0.00K,41.95,-92.71,41.9394,-92.7131
202405,21,202405,22,1183380,IOWA,Flood,BREMER,0,0,0,0,0.00K,0.00K,42.64,-92.26,42.6392,-92.2542
202405,21,202405,22,1183383,IOWA,Flood,BUTLER,0,0,0,0,0.00K,0.00K,42.6771,-92.9968,42.6639,-92.609
202405,21,202405,21,1181065,IOWA,Flash Flood,POTTAWATTAMIE,0,0,0,0,75.00K,10.00K,41.4741,-95.5486,41.474,-95.5348
202405,21,202405,21,1183328,IOWA,Flash Flood,TAMA,0,0,0,0,0.00K,0.00K,42.01,-92.72,42.0085,-92.7215
202405,21,202405,22,1183838,IOWA,Flood,BLACK HAWK,0,0,0,0,0.00K,0.00K,42.4499,-92.4178,42.4478,-92.4117
202405,20,202405,21,1183845,IOWA,Flash Flood,KOSSUTH,0,0,0,0,0.00K,0.00K,43.08,-94.0,43.1026,-94.0014
202405,21,202405,21,1183339,IOWA,Flash Flood,HARDIN,0,0,0,0,0.00K,0.00K,42.5139,-93.2426,42.5132,-93.2306
202405,21,202405,21,1183372,IOWA,Flash Flood,JASPER,0,0,0,0,0.00K,0.00K,41.7114,-92.9152,41.7219,-92.9175
202405,22,202405,22,1183420,IOWA,Flood,BUTLER,0,0,0,0,0.00K,0.00K,42.58,-92.8,42.5685,-92.801
202405,21,202405,22,1183830,IOWA,Flood,BLACK HAWK,0,0,0,0,0.00K,0.00K,42.5235,-92.4702,42.5235,-92.492
202407,15,202407,15,1204766,IOWA,Flash Flood,BLACK HAWK,0,0,0,0,0.00K,0.00K,42.4949,-92.3081,42.4949,-92.3077
202406,22,202406,30,1194209,IOWA,Flood,HUMBOLDT,0,0,0,0,88.00K,0.00K,42.65,-94.16,42.72,-94.2
202406,21,202406,30,1194818,IOWA,Flood,PALO ALTO,0,0,0,0,721.00K,0.00K,43.09,-94.75,42.79,-94.44
202407,1,202407,1,1206365,IOWA,Flood,HARRISON,0,0,0,0,0.00K,0.00K,41.7411,-96.122,41.8046,-96.0653
202407,1,202407,3,1206367,IOWA,Flood,POTTAWATTAMIE,0,0,0,0,0.00K,0.00K,41.4976,-96.0384,41.5051,-95.9642
202407,31,202407,31,1203908,IOWA,Flash Flood,MONROE,0,0,0,0,0.00K,0.00K,41.1245,-92.8544,41.1305,-92.5201
202407,31,202407,31,1203916,IOWA,Flood,MARION,0,0,0,0,0.00K,0.00K,41.2467,-92.6839,41.1923,-92.5373
202405,21,202405,22,1183416,IOWA,Flood,BLACK HAWK,0,0,0,0,0.00K,0.00K,42.6036,-92.2143,42.603,-92.2001
202407,1,202407,5,1206372,IOWA,Flood,MILLS,0,0,0,0,0.00K,0.00K,41.16,-95.8966,41.1584,-95.8516
202407,1,202407,4,1199928,IOWA,Flood,DICKINSON,0,0,0,0,0.00K,0.00K,43.49,-95.14,43.41,-95.13
202407,1,202407,14,1199929,IOWA,Flood,DICKINSON,0,0,0,0,0.00K,0.00K,43.43,-95.18,43.35,-95.18
202407,1,202407,1,1199931,IOWA,Flood,CLAY,0,0,0,0,0.00K,0.00K,43.13,-95.29,43.11,-95.2
202407,1,202407,2,1199932,IOWA,Flood,DICKINSON,0,0,0,0,0.00K,0.00K,43.501,-95.2208,43.43,-95.28
202407,1,202407,8,1199933,IOWA,Flood,DICKINSON,0,0,0,0,0.00K,0.00K,43.41,-95.27,43.2554,-95.2648
202407,1,202407,8,1199934,IOWA,Flood,CLAY,0,0,0,0,0.00K,0.00K,43.2554,-95.2648,43.21,-95.28
202407,1,202407,17,1199935,IOWA,Flood,CLAY,0,0,0,0,0.00K,0.00K,43.255,-95.184,43.255,-95.2764
202407,1,202407,18,1199936,IOWA,Flood,CLAY,0,0,0,0,0.00K,0.00K,43.15,-95.18,43.1,-95.1
202407,1,202407,2,1199938,IOWA,Flood,CLAY,0,0,0,0,0.00K,0.00K,43.02,-95.1,42.93,-95.2
202407,1,202407,2,1199939,IOWA,Flood,BUENA VISTA,0,0,0,0,0.00K,0.00K,42.9098,-95.0902,42.9099,-95.386
202407,1,202407,7,1199940,IOWA,Flood,CHEROKEE,0,0,0,0,0.00K,0.00K,42.91,-95.47,42.7,-95.64
202407,1,202407,7,1199941,IOWA,Flood,O'BRIEN,0,0,0,0,0.00K,0.00K,42.96,-95.43,42.9365,-95.439
202407,1,202407,5,1199943,IOWA,Flood,SIOUX,0,0,0,0,0.00K,0.00K,43.08,-96.4545,43.0451,-96.5121
202407,1,202407,6,1199944,IOWA,Flood,PLYMOUTH,0,0,0,0,0.00K,0.00K,42.9085,-96.5382,42.8245,-96.578
202407,1,202407,7,1199945,IOWA,Flood,PLYMOUTH,0,0,0,0,0.00K,0.00K,42.7743,-96.6258,42.7551,-96.6188
202407,1,202407,6,1206377,IOWA,Flood,FREMONT,0,0,0,0,0.00K,0.00K,40.9077,-95.8507,40.9161,-95.7995
202407,2,202407,2,1200183,IOWA,Flash Flood,KEOKUK,0,0,0,0,0.00K,0.00K,41.45,-92.37,41.4481,-92.3786
202407,2,202407,2,1200193,IOWA,Flash Flood,JOHNSON,0,0,0,0,0.00K,0.00K,41.68,-91.58,41.6798,-91.58
202407,2,202407,2,1200194,IOWA,Flash Flood,JOHNSON,0,0,0,0,0.00K,0.00K,41.67,-91.55,41.6699,-91.5494
202407,2,202407,2,1200196,IOWA,Flash Flood,JOHNSON,0,0,0,0,0.00K,0.00K,41.66,-91.53,41.66,-91.5303
202405,21,202405,22,1183406,IOWA,Flood,JASPER,0,0,0,0,0.00K,0.00K,41.6875,-93.1919,41.6961,-93.1803
202405,21,202405,22,1183415,IOWA,Flood,POWESHIEK,0,0,0,0,0.00K,0.00K,41.7313,-92.3175,41.7123,-92.7154
202407,1,202407,10,1204187,IOWA,Flood,ALLAMAKEE,0,0,0,0,31.00K,10.00K,43.3477,-91.1897,43.3459,-91.1961
202407,1,202407,17,1204189,IOWA,Flood,CLAYTON,0,0,0,0,0.00K,0.00K,43.0296,-91.1737,43.0405,-91.1769
202407,1,202407,16,1204190,IOWA,Flood,CLAYTON,0,0,0,0,0.00K,0.00K,42.8205,-91.104,42.8264,-91.0825
202407,15,202407,15,1204617,IOWA,Flash Flood,DUBUQUE,0,0,0,0,0.00K,0.00K,42.56,-91.12,42.5575,-91.1202
202407,15,202407,15,1204620,IOWA,Flash Flood,LINN,0,0,0,0,0.00K,0.00K,41.99,-91.65,41.9894,-91.6506
202407,10,202407,10,1200298,IOWA,Flash Flood,JOHNSON,0,0,0,0,0.00K,0.00K,41.69,-91.59,41.6901,-91.5899
202407,10,202407,10,1200299,IOWA,Flash Flood,JOHNSON,0,0,0,0,0.00K,0.00K,41.66,-91.53,41.6599,-91.5305
202407,15,202407,15,1204622,IOWA,Flash Flood,DUBUQUE,0,0,0,0,0.00K,0.00K,42.3,-90.68,42.3001,-90.6871
202407,22,202407,22,1204669,IOWA,Flash Flood,SCOTT,0,0,0,0,0.00K,0.00K,41.61,-90.36,41.6141,-90.3614
202407,25,202407,25,1204664,IOWA,Flash Flood,LEE,0,0,0,0,0.00K,0.00K,40.53,-91.42,40.5327,-91.4173
202407,28,202407,28,1205756,IOWA,Flash Flood,WOODBURY,0,0,0,0,0.00K,0.00K,42.5278,-96.4148,42.5016,-96.3568
202405,21,202405,22,1183418,IOWA,Flood,MARSHALL,0,0,0,0,0.00K,0.00K,41.946,-92.8705,42.1821,-92.8655
202407,28,202407,28,1205753,IOWA,Flash Flood,WOODBURY,0,0,0,0,0.00K,0.00K,42.4905,-96.4288,42.4866,-96.3902
202406,25,202406,27,1194177,IOWA,Flood,BLACK HAWK,0,0,0,0,0.00K,0.00K,42.56,-92.38,42.49,-92.47
202406,24,202406,28,1194178,IOWA,Flood,BLACK HAWK,0,0,0,0,0.00K,0.00K,42.56,-92.38,42.62,-92.41
202406,24,202406,27,1194179,IOWA,Flood,BLACK HAWK,0,0,0,0,0.00K,0.00K,42.71,-92.4,42.71,-92.52
202407,4,202407,9,1205099,IOWA,Flood,DUBUQUE,0,0,0,0,0.00K,0.00K,42.5494,-90.6742,42.6281,-90.7214
202407,3,202407,10,1205106,IOWA,Flood,DUBUQUE,0,0,0,0,0.00K,0.00K,42.4845,-90.6624,42.5024,-90.6588
202407,5,202407,9,1205118,IOWA,Flood,JACKSON,0,0,0,0,0.00K,0.00K,42.2664,-90.426,42.2537,-90.4207
202407,5,202407,13,1205123,IOWA,Flood,CLINTON,0,0,0,0,0.00K,0.00K,41.7776,-90.2536,41.7831,-90.2533
202407,5,202407,14,1205128,IOWA,Flood,SCOTT,0,0,0,0,0.00K,0.00K,41.5664,-90.4108,41.5837,-90.3521
202406,23,202406,27,1194180,IOWA,Flood,BUTLER,0,0,0,0,0.00K,0.00K,42.61,-92.49,42.69,-92.49
202406,22,202406,25,1194194,IOWA,Flood,CERRO GORDO,0,0,0,0,0.00K,0.00K,43.31,-93.3,43.26,-93.5
202406,22,202406,30,1194195,IOWA,Flood,WEBSTER,0,0,0,0,0.00K,0.00K,42.42,-94.21,42.3,-94.06
202407,31,202407,31,1203687,IOWA,Flash Flood,MARION,0,0,0,0,0.00K,0.00K,41.242,-93.2942,41.2335,-93.0699
202405,21,202405,22,1183399,IOWA,Flood,BUTLER,0,0,0,0,0.00K,0.00K,42.5841,-92.7989,42.5856,-92.7591
202405,21,202405,22,1183400,IOWA,Flood,HANCOCK,0,0,0,0,0.00K,0.00K,43.22,-93.93,43.2206,-93.8845
202405,21,202405,22,1183401,IOWA,Flood,KOSSUTH,0,0,0,0,0.00K,0.00K,43.1035,-94.0164,43.1037,-93.972
202405,21,202405,22,1183419,IOWA,Flood,FRANKLIN,0,0,0,0,0.00K,0.00K,42.7391,-93.2243,42.7402,-93.2189
202405,21,202405,22,1183839,IOWA,Flood,POWESHIEK,0,0,0,0,0.00K,0.00K,41.6918,-92.3527,41.692,-92.3658
202407,4,202407,17,1205137,IOWA,Flood,MUSCATINE,0,0,0,0,0.00K,0.00K,41.3724,-91.0624,41.3753,-91.0655
202407,2,202407,20,1205140,IOWA,Flood,LOUISA,0,0,0,0,0.00K,0.00K,41.1518,-90.987,41.1674,-91.0425
202407,1,202407,22,1205147,IOWA,Flood,DES MOINES,0,0,0,0,0.00K,0.00K,40.7926,-91.0924,40.8108,-91.097
202406,24,202406,30,1194197,IOWA,Flood,WEBSTER,0,0,0,0,0.00K,0.00K,42.07,-94.03,41.87,-93.94
202406,22,202406,30,1194200,IOWA,Flood,KOSSUTH,0,0,0,0,128.00K,0.00K,42.88,-94.13,43.05,-94.15
202406,22,202406,27,1194201,IOWA,Flood,HUMBOLDT,0,0,0,0,0.00K,0.00K,42.88,-94.25,42.66,-94.25
202406,21,202406,30,1194208,IOWA,Flood,EMMET,0,0,0,0,10.00M,0.00K,43.26,-94.83,43.26,-94.71
202405,21,202405,22,1183403,IOWA,Flood,KOSSUTH,0,0,0,0,0.00K,0.00K,43.1131,-94.4071,43.2116,-94.0284
202407,1,202407,1,1199457,IOWA,Flood,WEBSTER,0,0,0,0,0.00K,0.00K,42.07,-94.03,41.87,-93.94
202407,1,202407,1,1199458,IOWA,Flood,KOSSUTH,0,0,0,0,0.00K,0.00K,42.88,-94.13,43.05,-94.15
202407,1,202407,12,1199459,IOWA,Flood,PALO ALTO,0,0,0,0,0.00K,0.00K,43.09,-94.75,42.79,-94.44
202407,1,202407,13,1199460,IOWA,Flood,EMMET,0,0,0,0,0.00K,0.00K,43.26,-94.83,43.26,-94.71
202407,1,202407,15,1199461,IOWA,Flood,HUMBOLDT,0,0,0,0,0.00K,0.00K,42.65,-94.16,42.72,-94.2
202405,22,202405,28,1179170,IOWA,Flood,CHEROKEE,0,0,0,0,0.00K,0.00K,42.91,-95.47,42.7,-95.64
202405,21,202405,31,1179174,IOWA,Flood,CLAY,0,0,0,0,0.00K,0.00K,43.15,-95.18,43.1,-95.1
202405,21,202405,22,1179177,IOWA,Flood,CLAY,0,0,0,0,0.00K,0.00K,43.0,-95.21,42.98,-95.2
202405,21,202405,21,1168813,IOWA,Flood,BUENA VISTA,0,0,0,0,85.00K,0.00K,42.8956,-95.3455,42.8641,-95.3438
202405,1,202405,17,1173362,IOWA,Flood,CLAY,0,0,0,0,0.00K,0.00K,43.15,-95.18,43.1,-95.1
202405,2,202405,14,1173363,IOWA,Flood,CLAY,0,0,0,0,0.00K,0.00K,43.255,-95.184,43.255,-95.2764
202405,1,202405,15,1173361,IOWA,Flood,CLAY,0,0,0,0,0.00K,0.00K,43.2554,-95.2648,43.21,-95.28
202405,24,202405,31,1179166,IOWA,Flood,DICKINSON,0,0,0,0,0.00K,0.00K,43.41,-95.27,43.2554,-95.2648
202405,24,202405,31,1179167,IOWA,Flood,CLAY,0,0,0,0,0.00K,0.00K,43.2554,-95.2648,43.21,-95.28
202405,22,202405,28,1179172,IOWA,Flood,O'BRIEN,0,0,0,0,0.00K,0.00K,42.96,-95.43,42.9365,-95.439
202405,24,202405,31,1179168,IOWA,Flood,CLAY,0,0,0,0,0.00K,0.00K,43.255,-95.184,43.255,-95.2764
202405,22,202405,26,1179169,IOWA,Flood,CLAY,0,0,0,0,0.00K,0.00K,43.13,-95.29,43.11,-95.2
202407,2,202407,2,1199293,IOWA,Flash Flood,MARION,0,0,0,0,0.00K,0.00K,41.4269,-92.8762,41.3841,-92.8842
202407,2,202407,2,1199295,IOWA,Flash Flood,MARION,0,0,0,0,0.00K,0.00K,41.4298,-92.8735,41.3814,-92.8825
202407,2,202407,2,1199299,IOWA,Flash Flood,MAHASKA,0,0,0,0,0.00K,0.00K,41.46,-92.6521,41.46,-92.6512
202407,7,202407,8,1199467,IOWA,Flash Flood,WRIGHT,0,0,0,0,0.00K,0.00K,42.6196,-93.8905,42.733,-93.6886
202407,7,202407,8,1199469,IOWA,Flash Flood,WRIGHT,0,0,0,0,0.00K,0.00K,42.7311,-93.7664,42.7561,-93.7491
202407,7,202407,8,1199476,IOWA,Flash Flood,WRIGHT,0,0,0,0,0.00K,0.00K,42.74,-93.71,42.74,-93.7031
202407,7,202407,8,1199478,IOWA,Flash Flood,WRIGHT,0,0,0,0,0.00K,0.00K,42.65,-93.9,42.6469,-93.9005
202405,2,202405,12,1173367,IOWA,Flood,CLAY,0,0,0,0,0.00K,0.00K,43.13,-95.29,43.11,-95.2
202405,1,202405,15,1173360,IOWA,Flood,DICKINSON,0,0,0,0,0.00K,0.00K,43.41,-95.27,43.2554,-95.2648
202405,2,202405,15,1173364,IOWA,Flood,CHEROKEE,0,0,0,0,0.00K,0.00K,42.91,-95.47,42.7,-95.64
202405,31,202405,31,1171084,IOWA,Flood,O'BRIEN,0,0,0,0,0.00K,0.00K,43.3121,-95.8803,43.1768,-95.8858
202405,2,202405,15,1173365,IOWA,Flood,O'BRIEN,0,0,0,0,0.00K,0.00K,42.96,-95.43,42.9365,-95.439
202407,1,202407,11,1199456,IOWA,Flood,WEBSTER,0,0,0,0,0.00K,0.00K,42.42,-94.21,42.3,-94.06
202406,3,202406,3,1191064,IOWA,Flash Flood,DUBUQUE,0,0,0,0,0.00K,0.00K,42.5097,-90.7642,42.51,-90.7647
202406,3,202406,3,1191065,IOWA,Flash Flood,DUBUQUE,0,0,0,0,0.00K,0.00K,42.5222,-90.7006,42.5198,-90.7014
202406,3,202406,3,1191066,IOWA,Flash Flood,DUBUQUE,0,0,0,0,0.00K,0.00K,42.5463,-90.6944,42.5561,-90.707
202406,3,202406,3,1191067,IOWA,Flash Flood,DUBUQUE,0,0,0,0,0.00K,0.00K,42.5043,-90.6621,42.5061,-90.6584
202406,3,202406,3,1191068,IOWA,Flash Flood,DUBUQUE,0,0,0,0,0.00K,0.00K,42.4625,-90.6836,42.4593,-90.6833
202406,25,202406,25,1198871,IOWA,Flash Flood,MONONA,0,0,0,0,100.00K,100.00K,42.2114,-95.9282,42.2114,-95.942
202406,24,202406,28,1198870,IOWA,Flood,MONONA,0,0,0,0,1.00M,298.60K,42.2118,-96.3736,42.2089,-96.3194
202406,24,202406,30,1198872,IOWA,Flood,HARRISON,0,0,0,0,200.00K,16.95K,41.8713,-95.9789,41.8679,-96.1587
202406,24,202406,30,1198874,IOWA,Flood,MILLS,0,0,0,0,0.00K,0.00K,41.1603,-95.9008,41.0571,-95.8899
202406,12,202406,12,1198302,IOWA,Flash Flood,HARRISON,0,0,0,0,25.00K,15.00K,41.8525,-95.9742,41.8508,-95.989
202406,24,202406,25,1195832,IOWA,Flood,ALLAMAKEE,0,0,0,0,25.00K,10.00K,43.422,-91.5073,43.4266,-91.5194
202406,22,202406,24,1196392,IOWA,Flood,MITCHELL,0,0,0,0,0.00K,0.00K,43.35,-92.9185,43.3528,-92.9234
202406,22,202406,22,1194400,IOWA,Flash Flood,FAYETTE,0,0,0,0,10.00K,0.00K,42.9441,-91.9547,42.9723,-91.952
202406,22,202406,22,1194401,IOWA,Flash Flood,ALLAMAKEE,0,0,0,0,5.00K,0.00K,43.37,-91.23,43.3877,-91.2467
202406,30,202406,30,1194667,IOWA,Flood,ALLAMAKEE,0,0,0,0,0.00K,0.00K,43.3477,-91.1897,43.3459,-91.1961
202406,26,202406,30,1194669,IOWA,Flood,CLAYTON,0,0,0,0,0.00K,0.00K,42.8205,-91.104,42.8264,-91.0825
202406,22,202406,22,1194824,IOWA,Flood,PALO ALTO,0,0,0,0,0.00K,0.00K,43.0825,-94.5361,43.0841,-94.5428
202406,22,202406,22,1194825,IOWA,Flood,PALO ALTO,0,0,0,0,0.00K,0.00K,43.1067,-94.6284,43.1096,-94.6527
202406,22,202406,22,1194826,IOWA,Flood,EMMET,0,0,0,0,0.00K,0.00K,43.3593,-94.8197,43.3889,-94.8412
202406,22,202406,22,1194827,IOWA,Flood,KOSSUTH,0,0,0,0,0.00K,0.00K,43.3182,-94.2377,43.3755,-94.2354
202406,22,202406,22,1198803,IOWA,Flash Flood,WORTH,0,0,0,0,0.00K,0.00K,43.2767,-93.4635,43.2736,-93.1828
202406,3,202406,3,1190574,IOWA,Flash Flood,ALLAMAKEE,0,0,0,0,10.00K,0.00K,43.3592,-91.2129,43.3594,-91.213
202406,3,202406,3,1190575,IOWA,Flash Flood,ALLAMAKEE,0,0,0,0,1.00K,0.00K,43.3605,-91.2384,43.359,-91.2382
202406,21,202406,30,1190121,IOWA,Flood,DICKINSON,0,0,0,0,0.00K,0.00K,43.43,-95.18,43.35,-95.18
202406,21,202406,23,1193368,IOWA,Flood,CLAY,0,0,0,0,0.00K,0.00K,43.0,-95.21,42.98,-95.2
202406,21,202406,30,1193371,IOWA,Flood,BUENA VISTA,0,0,0,0,0.00K,0.00K,42.9098,-95.0902,42.9099,-95.386
202406,21,202406,30,1190120,IOWA,Flood,DICKINSON,0,0,0,0,0.00K,0.00K,43.4991,-95.1464,43.4242,-95.1252
202406,21,202406,26,1183331,IOWA,Flood,SIOUX,0,0,0,0,0.00K,0.00K,43.2581,-96.3774,43.25,-96.39
202406,21,202406,30,1193370,IOWA,Flood,CLAY,0,0,0,0,0.00K,0.00K,43.02,-95.1,42.93,-95.2
202406,21,202406,26,1183327,IOWA,Flood,LYON,0,0,0,0,0.00K,0.00K,43.34,-96.25,43.2581,-96.3774
202406,21,202406,22,1183336,IOWA,Flood,SIOUX,0,0,0,0,0.00K,0.00K,43.25,-96.25,43.24,-96.25
202406,20,202406,30,1193369,IOWA,Flood,DICKINSON,0,0,0,0,0.00K,0.00K,43.501,-95.2208,43.43,-95.28
202406,21,202406,25,1190155,IOWA,Flood,CLAY,0,0,0,0,0.00K,0.00K,43.2361,-95.388,43.16,-95.379
202406,20,202406,30,1182849,IOWA,Flood,SIOUX,0,0,0,0,0.00K,0.00K,43.08,-96.4545,43.0451,-96.5121
202406,21,202406,26,1183325,IOWA,Flood,LYON,0,0,0,0,0.00K,0.00K,43.5,-96.25,43.41,-96.19
202406,21,202406,30,1182850,IOWA,Flood,PLYMOUTH,0,0,0,0,0.00K,0.00K,42.9085,-96.5382,42.8245,-96.578
202406,21,202406,22,1183346,IOWA,Flood,LYON,0,0,0,0,0.00K,0.00K,43.25,-96.25,43.24,-96.25
202406,24,202406,30,1195807,IOWA,Flood,CLAYTON,0,0,0,0,0.00K,0.00K,43.0296,-91.1737,43.0405,-91.1769
202406,22,202406,25,1195815,IOWA,Flood,FLOYD,0,0,0,0,172.00K,5.00K,43.0691,-92.6844,43.0725,-92.6835
202406,23,202406,24,1195819,IOWA,Flood,MITCHELL,0,0,0,0,0.00K,0.00K,43.2293,-92.6677,43.2256,-92.6692
202406,24,202406,25,1195822,IOWA,Flood,ALLAMAKEE,0,0,0,0,35.00K,20.00K,43.0335,-92.5045,43.0369,-92.5016
202406,23,202406,26,1195824,IOWA,Flood,CHICKASAW,0,0,0,0,45.00K,10.00K,42.9508,-92.527,42.9492,-92.5227
202406,22,202406,24,1195825,IOWA,Flood,HOWARD,0,0,0,0,40.00K,10.00K,43.4644,-92.3006,43.4637,-92.3003
202406,23,202406,24,1195827,IOWA,Flood,WINNESHIEK,0,0,0,0,108.00K,10.00K,43.4427,-92.0418,43.4433,-92.0399
202406,21,202406,30,1195690,IOWA,Flood,CHEROKEE,0,0,0,0,1.02M,0.00K,42.5615,-95.8594,42.563,-95.3894
202406,21,202406,30,1195707,IOWA,Flood,BUENA VISTA,0,0,0,0,2.44M,0.00K,42.5654,-95.3846,42.5618,-94.9168
202406,21,202406,25,1197156,IOWA,Flood,CLAY,0,0,1,0,25.59M,0.00K,42.912,-95.3867,42.9139,-94.9161
202406,21,202406,29,1190130,IOWA,Flood,DICKINSON,0,0,0,0,0.00K,0.00K,43.4,-95.26,43.42,-95.24
202406,4,202406,4,1193469,IOWA,Flash Flood,KOSSUTH,0,0,0,0,0.00K,0.00K,43.0902,-94.2514,43.0909,-94.2167
202406,21,202406,22,1190083,IOWA,Flood,SIOUX,0,0,0,0,0.00K,0.00K,43.1697,-95.8615,43.1467,-95.8615
202406,21,202406,30,1182852,IOWA,Flood,PLYMOUTH,0,0,0,0,0.00K,0.00K,42.7743,-96.6258,42.7551,-96.6188
202406,23,202406,30,1193377,IOWA,Flood,WOODBURY,0,0,0,0,0.00K,0.00K,42.56,-95.78,42.36,-95.92
202406,23,202406,24,1190102,IOWA,Flood,PLYMOUTH,0,0,0,0,0.00K,0.00K,42.63,-96.31,42.59,-96.34
202406,22,202406,24,1190101,IOWA,Flood,PLYMOUTH,0,0,0,0,0.00K,0.00K,42.75,-96.23,42.72,-96.27
202406,22,202406,25,1190100,IOWA,Flood,PLYMOUTH,0,0,0,0,0.00K,0.00K,42.91,-96.1,42.82,-96.2
202406,21,202406,22,1198356,IOWA,Flash Flood,O'BRIEN,0,0,0,0,0.00K,0.00K,43.1918,-95.6651,43.1812,-95.666
202406,21,202406,22,1198367,IOWA,Flash Flood,O'BRIEN,0,0,0,0,0.00K,0.00K,43.1951,-95.4549,43.1912,-95.7841
202406,22,202406,23,1193364,IOWA,Flood,CHEROKEE,0,0,0,0,0.00K,0.00K,42.91,-95.67,42.83,-95.63
202406,22,202406,23,1190071,IOWA,Flood,PLYMOUTH,0,0,0,0,0.00K,0.00K,42.9093,-96.1856,42.7508,-96.2491
202406,20,202406,25,1195623,IOWA,Flood,OSCEOLA,0,0,0,0,2.15M,0.00K,43.2589,-95.8603,43.26,-95.6259
202406,23,202406,30,1193376,IOWA,Flood,IDA,0,0,0,0,0.00K,0.00K,42.56,-95.7418,42.5314,-95.7416
202406,21,202406,21,1198338,IOWA,Flash Flood,OSCEOLA,0,0,0,0,0.00K,0.00K,43.4006,-95.7274,43.4123,-95.7305
202406,21,202406,21,1198341,IOWA,Flash Flood,SIOUX,0,0,0,0,0.00K,0.00K,43.1575,-96.1601,43.1644,-96.1786
202406,22,202406,30,1197197,IOWA,Flood,WOODBURY,0,0,0,0,4.13M,0.00K,42.22,-96.2975,42.2131,-95.6728
202406,21,202406,30,1193375,IOWA,Flood,O'BRIEN,0,0,0,0,0.00K,0.00K,42.96,-95.43,42.9365,-95.439
202406,20,202406,20,1197879,IOWA,Flash Flood,LYON,0,0,0,0,0.00K,0.00K,43.3784,-95.9917,43.3063,-96.0307
202406,21,202406,21,1198346,IOWA,Flash Flood,DICKINSON,0,0,0,0,0.00K,0.00K,43.4339,-95.1062,43.429,-95.1229
202406,24,202406,27,1182249,IOWA,Flood,WOODBURY,0,0,0,0,0.00K,0.00K,42.5158,-96.4787,42.491,-96.4692
202406,1,202406,7,1182226,IOWA,Flood,CLAY,0,0,0,0,0.00K,0.00K,43.13,-95.29,43.11,-95.2
202406,1,202406,11,1182230,IOWA,Flood,CLAY,0,0,0,0,0.00K,0.00K,43.2554,-95.2648,43.21,-95.28
202406,21,202406,21,1197872,IOWA,Flash Flood,SIOUX,0,0,0,0,0.00K,0.00K,43.2168,-96.1791,43.2067,-96.1878
202406,21,202406,21,1197876,IOWA,Flash Flood,LYON,0,0,0,0,0.00K,0.00K,43.4376,-96.1687,43.4498,-96.1752
202406,21,202406,21,1197877,IOWA,Flash Flood,SIOUX,0,0,0,0,0.00K,0.00K,43.2541,-95.9416,43.258,-96.0071
202406,21,202406,22,1198335,IOWA,Flash Flood,SIOUX,0,0,0,0,0.00K,0.00K,43.0929,-96.1783,43.0755,-96.1843
202406,23,202406,28,1182859,IOWA,Flood,WOODBURY,0,0,0,0,0.00K,0.00K,42.56,-96.499,42.4916,-96.4764
202406,1,202406,12,1182231,IOWA,Flood,CLAY,0,0,0,0,0.00K,0.00K,43.255,-95.184,43.255,-95.2764
202406,1,202406,14,1182234,IOWA,Flood,CLAY,0,0,0,0,0.00K,0.00K,43.15,-95.18,43.1,-95.1
202406,15,202406,30,1193354,IOWA,Flood,DICKINSON,0,0,0,0,0.00K,0.00K,43.41,-95.27,43.2554,-95.2648
202406,21,202406,25,1195634,IOWA,Flood,DICKINSON,0,0,0,0,1.90M,0.00K,43.2566,-95.3864,43.2568,-94.9153
202406,21,202406,22,1198337,IOWA,Flash Flood,DICKINSON,0,0,0,0,0.00K,0.00K,43.3603,-95.1461,43.3401,-95.1532
202406,15,202406,15,1190941,IOWA,Flash Flood,DICKINSON,0,0,0,0,0.00K,0.00K,43.4229,-95.1082,43.4214,-95.1122
202406,21,202406,30,1195684,IOWA,Flood,PLYMOUTH,0,0,0,0,1.58M,0.00K,42.5677,-96.4667,42.5624,-95.8622
202406,21,202406,23,1183375,IOWA,Flood,LYON,0,0,0,0,0.00K,0.00K,43.3597,-95.9976,43.3344,-96.1202
202406,23,202406,24,1190103,IOWA,Flood,WOODBURY,0,0,0,0,0.00K,0.00K,42.5619,-96.373,42.54,-96.4
202406,21,202406,24,1190084,IOWA,Flood,O'BRIEN,0,0,0,0,0.00K,0.00K,43.25,-95.84,43.2054,-95.8622
202406,21,202406,30,1182844,IOWA,Flood,LYON,0,0,0,0,0.00K,0.00K,43.5,-96.5986,43.4825,-96.5849
202406,15,202406,15,1190940,IOWA,Flash Flood,DICKINSON,0,0,0,0,0.00K,0.00K,43.4207,-95.1129,43.4179,-95.1119
202406,20,202406,25,1195645,IOWA,Flood,SIOUX,0,0,1,0,6.50M,0.00K,42.9171,-96.5259,42.9126,-95.8644
202406,21,202406,30,1182845,IOWA,Flood,LYON,0,0,0,0,0.00K,0.00K,43.385,-96.527,43.2971,-96.5305
202406,15,202406,30,1193357,IOWA,Flood,CLAY,0,0,0,0,0.00K,0.00K,43.2554,-95.2648,43.21,-95.28
202406,17,202406,30,1193362,IOWA,Flood,CLAY,0,0,0,0,0.00K,0.00K,43.15,-95.18,43.1,-95.1
202406,21,202406,25,1190099,IOWA,Flood,SIOUX,0,0,0,0,0.00K,0.00K,43.07,-95.96,43.0,-96.03
202406,1,202406,11,1182229,IOWA,Flood,DICKINSON,0,0,0,0,0.00K,0.00K,43.41,-95.27,43.2554,-95.2648
202406,21,202406,25,1195677,IOWA,Flood,O'BRIEN,0,0,0,0,2.25M,0.00K,42.9117,-95.8571,42.9118,-95.3902
202406,22,202406,23,1190061,IOWA,Flood,SIOUX,0,0,0,0,0.00K,0.00K,42.9093,-96.1754,42.9302,-96.163
202406,21,202406,30,1193373,IOWA,Flood,O'BRIEN,0,0,0,0,0.00K,0.00K,42.96,-95.43,42.9394,-95.4123
202406,21,202406,30,1182846,IOWA,Flood,SIOUX,0,0,0,0,0.00K,0.00K,43.2601,-96.5549,43.2472,-96.5493
202406,21,202406,30,1193374,IOWA,Flood,CHEROKEE,0,0,0,0,0.00K,0.00K,42.91,-95.47,42.7,-95.64
202406,21,202406,24,1190085,IOWA,Flood,SIOUX,0,0,0,0,0.00K,0.00K,43.2054,-95.8622,43.07,-95.96
202406,23,202406,29,1182857,IOWA,Flood,PLYMOUTH,0,0,0,0,0.00K,0.00K,42.68,-96.55,42.6611,-96.542
202406,20,202406,25,1195603,IOWA,Flood,LYON,0,0,0,0,13.20M,0.00K,43.2669,-96.5661,43.2617,-95.8664
202406,17,202406,30,1193358,IOWA,Flood,CLAY,0,0,0,0,0.00K,0.00K,43.255,-95.184,43.255,-95.2764
202406,21,202406,30,1195673,IOWA,Flood,O'BRIEN,0,0,0,0,0.00K,0.00K,43.01,-95.44,42.99,-95.45
202406,17,202406,30,1190188,IOWA,Flood,CLAY,0,0,0,0,0.00K,0.00K,43.13,-95.29,43.11,-95.2
202406,24,202406,30,1198873,IOWA,Flood,POTTAWATTAMIE,0,0,0,0,550.00K,87.25K,41.51,-95.89,41.51,-96.02
202406,24,202406,30,1198875,IOWA,Flood,FREMONT,0,0,0,0,0.00K,0.00K,40.586,-95.8156,40.5857,-95.6779
202408,29,202408,29,1206192,IOWA,Flash Flood,WOODBURY,0,0,0,0,0.00K,0.00K,42.5191,-96.4225,42.4968,-96.4128
202407,1,202407,4,1199942,IOWA,Flood,LYON,0,0,0,0,0.00K,0.00K,43.5,-96.5986,43.4825,-96.5849
