episode_id,overpass_utc,platform,sensor_type,collection,n_scenes,aoi_coverage,cloud_pct,hours_from_begin,hours_after_end,during_episode,window_label,scene_ids
157601_0,2021-05-26T16:53:32Z,Landsat,optical,landsat-c2-l2,2,0.0419,0.1,-33.47,-43.11,False,pre,LC08_L2SP_026031_20210526_02_T1;LC08_L2SP_026032_20210526_02_T1
157601_0,2021-05-26T17:12:23Z,Sentinel-2,optical,sentinel-2-l2a,8,1.0,0.0,-33.16,-42.79,False,pre,S2A_15TXF_20210526_1_L2A;S2A_15TXF_20210526_0_L2A;S2A_15TWF_20210526_1_L2A;S2A_15TWF_20210526_0_L2A;S2A_15TXE_20210526_1_L2A;S2A_15TXE_20210526_0_L2A;S2A_15TWE_20210526_1_L2A;S2A_15TWE_20210526_0_L2A
157601_0,2021-05-27T15:54:46Z,Landsat,optical,landsat-c2-l2,1,1.0,100.0,-10.45,-20.09,False,pre,LE07_L2SP_025032_20210527_02_T2
157601_0,2021-05-28T17:02:33Z,Sentinel-2,optical,sentinel-2-l2a,12,1.0,99.7,14.68,5.04,False,post,S2B_15TXF_20210528_1_L2A;S2B_15TXF_20210528_0_L2A;S2B_15TWF_20210528_1_L2A;S2B_15TWF_20210528_0_L2A;S2B_15TXE_20210528_3_L2A;S2B_15TXE_20210528_2_L2A;S2B_15TXE_20210528_1_L2A;S2B_15TXE_20210528_0_L2A;S2B_15TWE_20210528_3_L2A;S2B_15TWE_20210528_2_L2A;S2B_15TWE_20210528_1_L2A;S2B_15TWE_20210528_0_L2A
158463_0,2021-06-24T23:57:23Z,Sentinel-1,radar,sentinel-1-grd,1,0.0269,,-1.96,-6.04,False,pre,S1A_IW_GRDH_1SDV_20210624T235710_20210624T235735_038489_048ABE
158463_0,2021-06-25T17:12:24Z,Sentinel-2,optical,sentinel-2-l2a,8,1.0,89.7,15.29,11.21,False,post,S2A_15TXF_20210625_1_L2A;S2A_15TXF_20210625_0_L2A;S2A_15TWF_20210625_1_L2A;S2A_15TWF_20210625_0_L2A;S2A_15TXE_20210625_1_L2A;S2A_15TXE_20210625_0_L2A;S2A_15TWE_20210625_1_L2A;S2A_15TWE_20210625_0_L2A
158466_0,2021-06-24T23:57:36Z,Sentinel-1,radar,sentinel-1-grd,2,0.9999,,-28.04,-33.04,False,pre,S1A_IW_GRDH_1SDV_20210624T235710_20210624T235735_038489_048ABE;S1A_IW_GRDH_1SDV_20210624T235735_20210624T235802_038489_048ABE
158466_0,2021-06-25T17:12:03Z,Sentinel-2,optical,sentinel-2-l2a,4,1.0,95.7,-10.8,-15.8,False,pre,S2A_15TXG_20210625_1_L2A;S2A_15TXG_20210625_0_L2A;S2A_15TWG_20210625_1_L2A;S2A_15TWG_20210625_0_L2A
158466_0,2021-06-27T16:53:19Z,Landsat,optical,landsat-c2-l2,2,0.3005,59.2,36.89,31.89,False,post,LC08_L2SP_026030_20210627_02_T1;LC08_L2SP_026031_20210627_02_T1
158466_0,2021-06-27T17:02:06Z,Sentinel-2,optical,sentinel-2-l2a,4,1.0,83.6,37.04,32.04,False,post,S2B_15TXG_20210627_1_L2A;S2B_15TXG_20210627_0_L2A;S2B_15TWG_20210627_1_L2A;S2B_15TWG_20210627_0_L2A
159463_0,2021-06-25T17:12:21Z,Sentinel-2,optical,sentinel-2-l2a,4,1.0,92.7,14.22,9.96,False,post,S2A_15TWF_20210625_1_L2A;S2A_15TWF_20210625_0_L2A;S2A_15TVF_20210625_1_L2A;S2A_15TVF_20210625_0_L2A
159795_0,2021-06-28T15:51:20Z,Landsat,optical,landsat-c2-l2,1,1.0,94.0,-26.64,-29.64,False,pre,LE07_L2SP_025030_20210628_02_T1
159795_0,2021-06-30T00:05:58Z,Sentinel-1,radar,sentinel-1-grd,1,0.8107,,5.6,2.6,False,post,S1A_IW_GRDH_1SDV_20210630T000544_20210630T000612_038562_048CE8
159795_0,2021-06-30T17:11:39Z,Sentinel-2,optical,sentinel-2-l2a,4,1.0,42.5,22.69,19.69,False,post,S2B_15TXJ_20210630_0_L2A;S2B_15TXJ_20210630_1_L2A;S2B_15TXH_20210630_0_L2A;S2B_15TXH_20210630_1_L2A
160825_0,2021-07-13T16:53:32Z,Landsat,optical,landsat-c2-l2,1,1.0,33.5,-32.61,-38.17,False,pre,LC08_L2SP_026031_20210713_02_T1
160825_0,2021-07-13T17:22:05Z,Sentinel-2,optical,sentinel-2-l2a,2,0.6048,48.0,-32.13,-37.7,False,pre,S2B_15TVG_20210713_1_L2A;S2B_15TVG_20210713_0_L2A
160825_0,2021-07-15T17:12:10Z,Sentinel-2,optical,sentinel-2-l2a,2,1.0,66.2,15.7,10.14,False,post,S2A_15TVG_20210715_1_L2A;S2A_15TVG_20210715_0_L2A
160825_0,2021-07-17T00:13:59Z,Sentinel-1,radar,sentinel-1-grd,1,1.0,,46.73,41.17,False,post,S1A_IW_GRDH_1SDV_20210717T001347_20210717T001412_038810_049450
161012_0,2021-07-10T17:12:24Z,Sentinel-2,optical,sentinel-2-l2a,8,1.0,98.3,-23.29,-26.79,False,pre,S2B_15TXF_20210710_1_L2A;S2B_15TXF_20210710_0_L2A;S2B_15TWF_20210710_0_L2A;S2B_15TWF_20210710_1_L2A;S2B_15TXE_20210710_1_L2A;S2B_15TXE_20210710_0_L2A;S2B_15TWE_20210710_0_L2A;S2B_15TWE_20210710_1_L2A
161012_0,2021-07-12T00:05:32Z,Sentinel-1,radar,sentinel-1-grd,1,1.0,,7.59,4.09,False,post,S1A_IW_GRDH_1SDV_20210712T000520_20210712T000545_038737_049230
161012_0,2021-07-12T17:02:30Z,Sentinel-2,optical,sentinel-2-l2a,8,1.0,98.4,24.54,21.04,False,post,S2A_15TXF_20210712_1_L2A;S2A_15TXF_20210712_0_L2A;S2A_15TWF_20210712_1_L2A;S2A_15TWF_20210712_0_L2A;S2A_15TXE_20210712_1_L2A;S2A_15TXE_20210712_0_L2A;S2A_15TWE_20210712_1_L2A;S2A_15TWE_20210712_0_L2A
161012_0,2021-07-13T16:53:44Z,Landsat,optical,landsat-c2-l2,2,0.1099,25.4,48.4,44.9,False,post,LC08_L2SP_026031_20210713_02_T1;LC08_L2SP_026032_20210713_02_T1
161088_0,2021-08-27T17:21:43Z,Sentinel-2,optical,sentinel-2-l2a,4,1.0,66.9,-9.44,-13.64,False,pre,S2A_15TVJ_20210827_1_L2A;S2A_15TVJ_20210827_0_L2A;S2A_15TVH_20210827_1_L2A;S2A_15TVH_20210827_0_L2A
161088_0,2021-08-28T00:13:41Z,Sentinel-1,radar,sentinel-1-grd,1,0.379,,-2.57,-6.77,False,pre,S1B_IW_GRDH_1SDV_20210828T001327_20210828T001356_028439_0364B7
161088_0,2021-08-29T00:06:01Z,Sentinel-1,radar,sentinel-1-grd,1,0.0011,,21.3,17.1,False,post,S1A_IW_GRDH_1SDV_20210829T000547_20210829T000615_039437_04A8B3
161088_0,2021-08-29T15:58:19Z,Landsat,optical,landsat-c2-l2,1,1.0,76.0,37.17,32.97,False,post,LE07_L2SP_027030_20210829_02_T1
161088_0,2021-08-29T17:11:43Z,Sentinel-2,optical,sentinel-2-l2a,4,1.0,96.7,38.4,34.2,False,post,S2B_15TVJ_20210829_1_L2A;S2B_15TVJ_20210829_0_L2A;S2B_15TVH_20210829_1_L2A;S2B_15TVH_20210829_0_L2A
161208_0,2021-08-09T17:12:15Z,Sentinel-2,optical,sentinel-2-l2a,3,0.1647,33.6,-42.8,-44.46,False,pre,S2B_15TXF_20210809_2_L2A;S2B_15TXF_20210809_1_L2A;S2B_15TXF_20210809_0_L2A
161208_0,2021-08-11T17:02:24Z,Sentinel-2,optical,sentinel-2-l2a,4,1.0,36.2,5.04,3.37,False,post,S2A_15TXF_20210811_3_L2A;S2A_15TXF_20210811_0_L2A;S2A_15TXF_20210811_1_L2A;S2A_15TXF_20210811_2_L2A
161208_0,2021-08-11T23:57:26Z,Sentinel-1,radar,sentinel-1-grd,1,1.0,,11.96,10.29,False,post,S1A_IW_GRDH_1SDV_20210811T235713_20210811T235738_039189_04A034
161640_0,2021-08-23T16:47:38Z,Landsat,optical,landsat-c2-l2,1,1.0,29.0,-44.07,-45.21,False,pre,LC08_L2SP_025031_20210823_02_T1
161640_0,2021-08-23T23:57:39Z,Sentinel-1,radar,sentinel-1-grd,2,0.1683,,-36.91,-38.04,False,pre,S1A_IW_GRDH_1SDV_20210823T235714_20210823T235739_039364_04A63D;S1A_IW_GRDH_1SDV_20210823T235739_20210823T235806_039364_04A63D
161640_0,2021-08-24T17:12:12Z,Sentinel-2,optical,sentinel-2-l2a,4,1.0,5.7,-19.66,-20.8,False,pre,S2A_15TWG_20210824_0_L2A;S2A_15TWG_20210824_1_L2A;S2A_15TWF_20210824_1_L2A;S2A_15TWF_20210824_0_L2A
161640_0,2021-08-26T17:02:12Z,Sentinel-2,optical,sentinel-2-l2a,4,0.6946,99.8,28.17,27.04,False,post,S2B_15TWG_20210826_1_L2A;S2B_15TWG_20210826_0_L2A;S2B_15TWF_20210826_1_L2A;S2B_15TWF_20210826_0_L2A
161657_0,2021-08-26T17:01:57Z,Sentinel-2,optical,sentinel-2-l2a,8,0.6514,100.0,-43.97,-45.97,False,pre,S2B_15TXH_20210826_1_L2A;S2B_15TXH_20210826_0_L2A;S2B_15TWH_20210826_0_L2A;S2B_15TWH_20210826_1_L2A;S2B_15TXG_20210826_1_L2A;S2B_15TXG_20210826_0_L2A;S2B_15TWG_20210826_1_L2A;S2B_15TWG_20210826_0_L2A
161657_0,2021-08-29T00:06:01Z,Sentinel-1,radar,sentinel-1-grd,1,1.0,,11.1,9.1,False,post,S1A_IW_GRDH_1SDV_20210829T000547_20210829T000615_039437_04A8B3
161657_0,2021-08-29T17:11:51Z,Sentinel-2,optical,sentinel-2-l2a,8,1.0,73.0,28.2,26.2,False,post,S2B_15TXH_20210829_0_L2A;S2B_15TXH_20210829_1_L2A;S2B_15TWH_20210829_1_L2A;S2B_15TWH_20210829_0_L2A;S2B_15TXG_20210829_1_L2A;S2B_15TXG_20210829_0_L2A;S2B_15TWG_20210829_1_L2A;S2B_15TWG_20210829_0_L2A
162075_0,2021-08-14T16:53:58Z,Landsat,optical,landsat-c2-l2,2,1.0,0.0,47.6,46.6,False,post,LC08_L2SP_026031_20210814_02_T1;LC08_L2SP_026032_20210814_02_T1
162075_0,2021-08-14T17:12:29Z,Sentinel-2,optical,sentinel-2-l2a,8,1.0,0.6,47.91,46.91,False,post,S2A_15TWF_20210814_1_L2A;S2A_15TWF_20210814_0_L2A;S2A_15TVF_20210814_1_L2A;S2A_15TVF_20210814_0_L2A;S2A_15TWE_20210814_1_L2A;S2A_15TWE_20210814_0_L2A;S2A_15TVE_20210814_1_L2A;S2A_15TVE_20210814_0_L2A
162145_0,2021-08-07T16:47:09Z,Landsat,optical,landsat-c2-l2,1,0.0688,99.9,-36.46,-38.21,False,pre,LC08_L2SP_025030_20210807_02_T1
162145_0,2021-08-07T17:21:46Z,Sentinel-2,optical,sentinel-2-l2a,4,0.0192,97.7,-35.89,-37.64,False,pre,S2A_15TWH_20210807_1_L2A;S2A_15TWH_20210807_0_L2A;S2A_15TVH_20210807_1_L2A;S2A_15TVH_20210807_0_L2A
162145_0,2021-08-09T17:11:51Z,Sentinel-2,optical,sentinel-2-l2a,6,1.0,57.9,11.95,10.2,False,post,S2B_15TWH_20210809_2_L2A;S2B_15TWH_20210809_1_L2A;S2B_15TWH_20210809_0_L2A;S2B_15TVH_20210809_2_L2A;S2B_15TVH_20210809_1_L2A;S2B_15TVH_20210809_0_L2A
162145_0,2021-08-11T00:05:36Z,Sentinel-1,radar,sentinel-1-grd,1,0.9979,,42.84,41.09,False,post,S1B_IW_GRDH_1SDV_20210811T000522_20210811T000551_028191_035CFA
162234_0,2021-08-29T00:06:01Z,Sentinel-1,radar,sentinel-1-grd,1,1.0,,-30.4,-77.88,False,pre,S1A_IW_GRDH_1SDV_20210829T000547_20210829T000615_039437_04A8B3
162234_0,2021-08-29T17:11:53Z,Sentinel-2,optical,sentinel-2-l2a,4,1.0,94.3,-13.3,-60.79,False,pre,S2B_15TWH_20210829_1_L2A;S2B_15TWH_20210829_0_L2A;S2B_15TWG_20210829_1_L2A;S2B_15TWG_20210829_0_L2A
162234_0,2021-08-30T16:53:39Z,Landsat,optical,landsat-c2-l2,2,1.0,0.4,10.39,-37.09,True,during,LC08_L2SP_026030_20210830_02_T1;LC08_L2SP_026031_20210830_02_T1
162234_0,2021-08-31T15:45:59Z,Landsat,optical,landsat-c2-l2,2,0.9744,99.0,33.27,-14.22,True,during,LE07_L2SP_025030_20210831_02_T1;LE07_L2SP_025031_20210831_02_T2
162520_0,2021-08-26T17:01:47Z,Sentinel-2,optical,sentinel-2-l2a,6,0.3051,99.8,-34.95,-114.57,False,pre,S2B_15TXJ_20210826_1_L2A;S2B_15TXJ_20210826_0_L2A;S2B_15TXH_20210826_1_L2A;S2B_15TXH_20210826_0_L2A;S2B_15TWH_20210826_0_L2A;S2B_15TWH_20210826_1_L2A
162520_0,2021-08-27T17:21:38Z,Sentinel-2,optical,sentinel-2-l2a,8,0.0367,79.9,-10.62,-90.24,False,pre,S2A_15TWJ_20210827_1_L2A;S2A_15TWJ_20210827_0_L2A;S2A_15TVJ_20210827_1_L2A;S2A_15TVJ_20210827_0_L2A;S2A_15TWH_20210827_1_L2A;S2A_15TWH_20210827_0_L2A;S2A_15TVH_20210827_1_L2A;S2A_15TVH_20210827_0_L2A
162520_0,2021-08-29T00:06:01Z,Sentinel-1,radar,sentinel-1-grd,1,0.8689,,20.12,-59.5,True,during,S1A_IW_GRDH_1SDV_20210829T000547_20210829T000615_039437_04A8B3
162520_0,2021-08-29T15:58:19Z,Landsat,optical,landsat-c2-l2,1,0.0492,76.0,35.99,-43.63,True,during,LE07_L2SP_027030_20210829_02_T1
162520_0,2021-08-29T17:11:39Z,Sentinel-2,optical,sentinel-2-l2a,12,1.0,83.7,37.21,-42.41,True,during,S2B_15TXJ_20210829_1_L2A;S2B_15TXJ_20210829_0_L2A;S2B_15TWJ_20210829_1_L2A;S2B_15TWJ_20210829_0_L2A;S2B_15TVJ_20210829_1_L2A;S2B_15TVJ_20210829_0_L2A;S2B_15TXH_20210829_0_L2A;S2B_15TXH_20210829_1_L2A;S2B_15TWH_20210829_1_L2A;S2B_15TWH_20210829_0_L2A;S2B_15TVH_20210829_1_L2A;S2B_15TVH_20210829_0_L2A
162520_0,2021-08-30T16:53:39Z,Landsat,optical,landsat-c2-l2,2,0.87,0.4,60.91,-18.71,True,during,LC08_L2SP_026030_20210830_02_T1;LC08_L2SP_026031_20210830_02_T1
162520_0,2021-08-31T15:45:59Z,Landsat,optical,landsat-c2-l2,2,0.6836,99.0,83.78,4.17,False,post,LE07_L2SP_025030_20210831_02_T1;LE07_L2SP_025031_20210831_02_T2
162520_0,2021-08-31T17:01:50Z,Sentinel-2,optical,sentinel-2-l2a,6,0.3066,99.7,85.05,5.43,False,post,S2A_15TXJ_20210831_1_L2A;S2A_15TXJ_20210831_0_L2A;S2A_15TXH_20210831_1_L2A;S2A_15TXH_20210831_0_L2A;S2A_15TWH_20210831_0_L2A;S2A_15TWH_20210831_1_L2A
162520_0,2021-09-01T17:21:33Z,Sentinel-2,optical,sentinel-2-l2a,8,0.0399,2.3,109.38,29.76,False,post,S2B_15TWJ_20210901_1_L2A;S2B_15TWJ_20210901_0_L2A;S2B_15TVJ_20210901_1_L2A;S2B_15TVJ_20210901_0_L2A;S2B_15TWH_20210901_1_L2A;S2B_15TWH_20210901_0_L2A;S2B_15TVH_20210901_1_L2A;S2B_15TVH_20210901_0_L2A
162664_0,2021-08-30T16:53:39Z,Landsat,optical,landsat-c2-l2,2,1.0,0.4,-37.11,-45.36,False,pre,LC08_L2SP_026030_20210830_02_T1;LC08_L2SP_026031_20210830_02_T1
162664_0,2021-08-31T15:45:59Z,Landsat,optical,landsat-c2-l2,2,0.9744,99.0,-14.23,-22.48,False,pre,LE07_L2SP_025030_20210831_02_T1;LE07_L2SP_025031_20210831_02_T2
162792_0,2021-08-07T17:22:19Z,Sentinel-2,optical,sentinel-2-l2a,12,1.0,99.5,-9.56,-11.46,False,pre,S2A_15TUG_20210807_1_L2A;S2A_15TUG_20210807_0_L2A;S2A_14TQM_20210807_1_L2A;S2A_14TQM_20210807_0_L2A;S2A_15TTG_20210807_1_L2A;S2A_15TTG_20210807_0_L2A;S2A_15TUF_20210807_1_L2A;S2A_15TUF_20210807_0_L2A;S2A_15TTF_20210807_1_L2A;S2A_15TTF_20210807_0_L2A;S2A_14TQL_20210807_1_L2A;S2A_14TQL_20210807_0_L2A
162792_0,2021-08-10T00:14:00Z,Sentinel-1,radar,sentinel-1-grd,1,0.9884,,45.3,43.4,False,post,S1A_IW_GRDH_1SDV_20210810T001348_20210810T001413_039160_049F36
167941_0,2022-04-11T16:53:03Z,Landsat,optical,landsat-c2-l2,1,1.0,11.7,-42.37,-55.87,False,pre,LC08_L2SP_026030_20220411_02_T1
167941_0,2022-04-11T17:11:55Z,Sentinel-2,optical,sentinel-2-l2a,1,1.0,59.9,-42.05,-55.55,False,pre,S2A_15TVH_20220411_0_L2A
167941_0,2022-04-14T17:21:52Z,Sentinel-2,optical,sentinel-2-l2a,1,0.9794,72.9,30.11,16.61,False,post,S2A_15TVH_20220414_0_L2A
168731_0,2022-05-26T17:12:07Z,Sentinel-2,optical,sentinel-2-l2a,2,0.6329,85.8,-5.05,-17.3,False,pre,S2B_15TXG_20220526_0_L2A;S2B_15TXF_20220526_0_L2A
168731_0,2022-05-26T23:57:39Z,Sentinel-1,radar,sentinel-1-grd,2,1.0001,,1.71,-10.54,True,during,S1A_IW_GRDH_1SDV_20220526T235714_20220526T235739_043389_052E6D;S1A_IW_GRDH_1SDV_20220526T235739_20220526T235804_043389_052E6D
168731_0,2022-05-28T17:02:18Z,Sentinel-2,optical,sentinel-2-l2a,2,1.0,98.5,42.79,30.54,False,post,S2A_15TXG_20220528_0_L2A;S2A_15TXF_20220528_0_L2A
169081_0,2022-04-21T17:12:19Z,Sentinel-2,optical,sentinel-2-l2a,6,0.9735,57.6,-20.68,-24.21,False,pre,S2A_15TWG_20220421_0_L2A;S2A_15TVG_20220421_0_L2A;S2A_15TUG_20220421_0_L2A;S2A_15TWF_20220421_0_L2A;S2A_15TVF_20220421_0_L2A;S2A_15TUF_20220421_0_L2A
169081_0,2022-04-24T17:22:14Z,Sentinel-2,optical,sentinel-2-l2a,6,0.6394,49.3,51.49,47.95,False,post,S2A_15TVG_20220424_0_L2A;S2A_15TUG_20220424_0_L2A;S2A_15TVG_20220424_1_L2A;S2A_15TUG_20220424_1_L2A;S2A_15TVF_20220424_0_L2A;S2A_15TUF_20220424_0_L2A
169884_0,2022-06-23T16:47:29Z,Landsat,optical,landsat-c2-l2,2,1.0,1.4,-40.21,-43.21,False,pre,LC08_L2SP_025030_20220623_02_T1;LC08_L2SP_025031_20220623_02_T1
169884_0,2022-06-25T17:12:06Z,Sentinel-2,optical,sentinel-2-l2a,6,1.0,87.7,8.2,5.2,False,post,S2B_15TXH_20220625_0_L2A;S2B_15TWH_20220625_0_L2A;S2B_15TXG_20220625_0_L2A;S2B_15TWG_20220625_0_L2A;S2B_15TXF_20220625_0_L2A;S2B_15TWF_20220625_0_L2A
169884_0,2022-06-26T15:24:16Z,Landsat,optical,landsat-c2-l2,2,0.184,5.5,30.4,27.4,False,post,LE07_L2SP_026030_20220626_02_T1;LE07_L2SP_026031_20220626_02_T1
170382_0,2022-06-05T16:59:52Z,Landsat,optical,landsat-c2-l2,1,1.0,85.7,-8.5,-26.0,False,pre,LC08_L2SP_027031_20220605_02_T1
170382_0,2022-06-05T17:12:17Z,Sentinel-2,optical,sentinel-2-l2a,4,0.934,100.0,-8.3,-25.8,False,pre,S2B_15TVG_20220605_0_L2A;S2B_15TUG_20220605_0_L2A;S2B_15TVF_20220605_0_L2A;S2B_15TUF_20220605_0_L2A
170382_0,2022-06-06T16:53:10Z,Landsat,optical,landsat-c2-l2,1,0.3527,91.3,15.39,-2.11,True,during,LC09_L2SP_026031_20220606_02_T2
170382_0,2022-06-08T17:22:14Z,Sentinel-2,optical,sentinel-2-l2a,4,1.0,44.9,63.87,46.37,False,post,S2B_15TVG_20220608_0_L2A;S2B_15TUG_20220608_0_L2A;S2B_15TVF_20220608_0_L2A;S2B_15TUF_20220608_0_L2A
170387_0,2022-06-13T16:59:13Z,Landsat,optical,landsat-c2-l2,2,1.0,77.4,-42.51,-52.51,False,pre,LC09_L2SP_027030_20220613_02_T1;LC09_L2SP_027031_20220613_02_T1
170387_0,2022-06-13T17:22:15Z,Sentinel-2,optical,sentinel-2-l2a,2,1.0,99.4,-42.13,-52.13,False,pre,S2A_15TVG_20220613_0_L2A;S2A_15TUG_20220613_0_L2A
170387_0,2022-06-14T15:31:01Z,Landsat,optical,landsat-c2-l2,1,1.0,3.0,-19.98,-29.98,False,pre,LE07_L2SP_027031_20220614_02_T1
170387_0,2022-06-14T16:53:48Z,Landsat,optical,landsat-c2-l2,1,0.7443,0.0,-18.6,-28.6,False,pre,LC08_L2SP_026031_20220614_02_T1
170387_0,2022-06-15T17:12:12Z,Sentinel-2,optical,sentinel-2-l2a,2,1.0,96.2,5.7,-4.3,True,during,S2B_15TVG_20220615_0_L2A;S2B_15TUG_20220615_0_L2A
170975_0,2022-06-23T17:22:00Z,Sentinel-2,optical,sentinel-2-l2a,4,1.0,1.9,-38.63,-39.63,False,pre,S2A_15TUJ_20220623_0_L2A;S2A_14TQP_20220623_0_L2A;S2A_15TUH_20220623_0_L2A;S2A_14TQN_20220623_0_L2A
170975_0,2022-06-26T17:31:58Z,Sentinel-2,optical,sentinel-2-l2a,2,0.671,6.9,33.53,32.53,False,post,S2A_14TQP_20220626_0_L2A;S2A_14TQN_20220626_0_L2A
171117_0,2022-06-03T17:21:56Z,Sentinel-2,optical,sentinel-2-l2a,4,1.0,1.6,-43.63,-141.63,False,pre,S2A_15TUJ_20220603_0_L2A;S2A_14TQP_20220603_0_L2A;S2A_15TUH_20220603_0_L2A;S2A_14TQN_20220603_0_L2A
171117_0,2022-06-04T17:05:08Z,Landsat,optical,landsat-c2-l2,1,1.0,96.4,-19.91,-117.91,False,pre,LC09_L2SP_028030_20220604_02_T2
171117_0,2022-06-05T16:59:28Z,Landsat,optical,landsat-c2-l2,1,0.5027,87.1,3.99,-94.01,True,during,LC08_L2SP_027030_20220605_02_T1
171117_0,2022-06-06T17:31:43Z,Sentinel-2,optical,sentinel-2-l2a,2,0.0049,84.9,28.53,-69.47,True,during,S2A_15TUJ_20220606_0_L2A;S2A_14TQP_20220606_0_L2A
171117_0,2022-06-08T17:21:49Z,Sentinel-2,optical,sentinel-2-l2a,4,1.0,29.5,76.36,-21.64,True,during,S2B_15TUJ_20220608_0_L2A;S2B_14TQP_20220608_0_L2A;S2B_15TUH_20220608_0_L2A;S2B_14TQN_20220608_0_L2A
171799_0,2022-06-05T16:59:52Z,Landsat,optical,landsat-c2-l2,1,0.9018,85.7,-42.0,-50.5,False,pre,LC08_L2SP_027031_20220605_02_T1
171799_0,2022-06-05T17:12:15Z,Sentinel-2,optical,sentinel-2-l2a,2,1.0,99.9,-41.8,-50.3,False,pre,S2B_15TVG_20220605_0_L2A;S2B_15TVF_20220605_0_L2A
171799_0,2022-06-06T16:53:10Z,Landsat,optical,landsat-c2-l2,1,1.0,91.3,-18.11,-26.61,False,pre,LC09_L2SP_026031_20220606_02_T2
171799_0,2022-06-08T17:22:12Z,Sentinel-2,optical,sentinel-2-l2a,2,0.5479,46.5,30.37,21.87,False,post,S2B_15TVG_20220608_0_L2A;S2B_15TVF_20220608_0_L2A
171799_0,2022-06-09T15:25:30Z,Landsat,optical,landsat-c2-l2,1,1.0,54.0,52.43,43.93,False,post,LE07_L2SP_026031_20220609_02_T1
171800_0,2022-06-13T16:59:13Z,Landsat,optical,landsat-c2-l2,2,0.958,77.4,-47.01,-58.01,False,pre,LC09_L2SP_027030_20220613_02_T1;LC09_L2SP_027031_20220613_02_T1
171800_0,2022-06-13T17:22:13Z,Sentinel-2,optical,sentinel-2-l2a,1,0.5998,100.0,-46.63,-57.63,False,pre,S2A_15TVG_20220613_0_L2A
171800_0,2022-06-14T15:31:01Z,Landsat,optical,landsat-c2-l2,1,0.6386,3.0,-24.48,-35.48,False,pre,LE07_L2SP_027031_20220614_02_T1
171800_0,2022-06-14T16:53:48Z,Landsat,optical,landsat-c2-l2,1,1.0,0.0,-23.1,-34.1,False,pre,LC08_L2SP_026031_20220614_02_T1
171800_0,2022-06-15T17:12:10Z,Sentinel-2,optical,sentinel-2-l2a,1,1.0,93.7,1.2,-9.8,True,during,S2B_15TVG_20220615_0_L2A
171951_0,2022-07-05T17:11:50Z,Sentinel-2,optical,sentinel-2-l2a,1,1.0,44.9,-9.27,-11.3,False,pre,S2B_15TXH_20220705_0_L2A
171951_0,2022-07-07T17:02:02Z,Sentinel-2,optical,sentinel-2-l2a,1,1.0,98.3,38.57,36.53,False,post,S2A_15TXH_20220707_0_L2A
172130_0,2022-07-13T23:57:55Z,Sentinel-1,radar,sentinel-1-grd,1,1.0,,-39.7,-41.78,False,pre,S1A_IW_GRDH_1SDV_20220713T235742_20220713T235807_044089_054344
172130_0,2022-07-15T17:11:49Z,Sentinel-2,optical,sentinel-2-l2a,1,1.0,59.9,1.53,-0.55,True,during,S2B_15TXH_20220715_0_L2A
172130_0,2022-07-16T16:53:28Z,Landsat,optical,landsat-c2-l2,1,0.406,82.5,25.22,23.14,False,post,LC08_L2SP_026030_20220716_02_T1
172130_0,2022-07-17T16:47:06Z,Landsat,optical,landsat-c2-l2,2,1.0,41.0,49.12,47.04,False,post,LC09_L2SP_025030_20220717_02_T1;LC09_L2SP_025031_20220717_02_T1
172130_0,2022-07-17T17:02:01Z,Sentinel-2,optical,sentinel-2-l2a,1,1.0,29.7,49.37,47.28,False,post,S2A_15TXH_20220717_0_L2A
172468_0,2022-07-07T17:02:25Z,Sentinel-2,optical,sentinel-2-l2a,4,1.0,99.1,-24.46,-26.96,False,pre,S2A_15TXG_20220707_0_L2A;S2A_15TWG_20220707_0_L2A;S2A_15TXF_20220707_0_L2A;S2A_15TWF_20220707_0_L2A
172468_0,2022-07-08T15:17:50Z,Landsat,optical,landsat-c2-l2,1,0.9722,41.0,-2.2,-4.7,False,pre,LE07_L2SP_025031_20220708_02_T2
172468_0,2022-07-08T16:53:28Z,Landsat,optical,landsat-c2-l2,1,0.0232,90.3,-0.61,-3.11,False,pre,LC09_L2SP_026031_20220708_02_T2
172468_0,2022-07-09T16:47:41Z,Landsat,optical,landsat-c2-l2,1,1.0,4.2,23.29,20.79,False,post,LC08_L2SP_025031_20220709_02_T1
172468_0,2022-07-10T16:41:18Z,Landsat,optical,landsat-c2-l2,2,0.1933,11.8,47.19,44.69,False,post,LC09_L2SP_024031_20220710_02_T1;LC09_L2SP_024032_20220710_02_T1
172468_0,2022-07-10T17:12:21Z,Sentinel-2,optical,sentinel-2-l2a,4,0.7997,39.1,47.71,45.21,False,post,S2A_15TXG_20220710_0_L2A;S2A_15TWG_20220710_0_L2A;S2A_15TXF_20220710_0_L2A;S2A_15TWF_20220710_0_L2A
172639_0,2022-07-06T15:35:00Z,Landsat,optical,landsat-c2-l2,1,1.0,69.0,-44.42,-213.42,False,pre,LE07_L2SP_028030_20220706_02_T1
172639_0,2022-07-06T17:05:27Z,Landsat,optical,landsat-c2-l2,1,1.0,61.7,-42.91,-211.91,False,pre,LC09_L2SP_028030_20220706_02_T1
172639_0,2022-07-06T17:31:48Z,Sentinel-2,optical,sentinel-2-l2a,2,0.0002,90.6,-42.47,-211.47,False,pre,S2A_15TUJ_20220706_0_L2A;S2A_14TQP_20220706_0_L2A
172639_0,2022-07-07T16:59:39Z,Landsat,optical,landsat-c2-l2,1,0.6094,74.5,-19.01,-188.01,False,pre,LC08_L2SP_027030_20220707_02_T1
172639_0,2022-07-08T17:21:52Z,Sentinel-2,optical,sentinel-2-l2a,4,1.0,69.0,5.36,-163.64,True,during,S2B_15TUJ_20220708_0_L2A;S2B_14TQP_20220708_0_L2A;S2B_15TUH_20220708_0_L2A;S2B_14TQN_20220708_0_L2A
172639_0,2022-07-11T17:31:40Z,Sentinel-2,optical,sentinel-2-l2a,2,0.0005,12.6,77.53,-91.47,True,during,S2B_15TUJ_20220711_0_L2A;S2B_14TQP_20220711_0_L2A
172639_0,2022-07-13T17:22:00Z,Sentinel-2,optical,sentinel-2-l2a,4,1.0,4.6,125.37,-43.63,True,during,S2A_15TUJ_20220713_0_L2A;S2A_14TQP_20220713_0_L2A;S2A_15TUH_20220713_0_L2A;S2A_14TQN_20220713_0_L2A
172639_0,2022-07-14T17:05:49Z,Landsat,optical,landsat-c2-l2,1,1.0,26.1,149.1,-19.9,True,during,LC08_L2SP_028030_20220714_02_T1
172639_0,2022-07-15T16:59:13Z,Landsat,optical,landsat-c2-l2,1,0.5667,41.1,172.99,3.99,False,post,LC09_L2SP_027030_20220715_02_T1
172639_0,2022-07-16T17:31:49Z,Sentinel-2,optical,sentinel-2-l2a,4,0.0005,98.7,197.53,28.53,False,post,S2A_15TUJ_20220716_0_L2A;S2A_14TQP_20220716_0_L2A;S2A_15TUJ_20220716_1_L2A;S2A_14TQP_20220716_1_L2A
172639_0,2022-07-17T00:22:25Z,Sentinel-1,radar,sentinel-1-grd,1,0.0408,,204.37,35.37,False,post,S1A_IW_GRDH_1SDV_20220717T002213_20220717T002238_044133_05448E
172671_0,2022-07-06T15:35:12Z,Landsat,optical,landsat-c2-l2,2,1.0,73.5,-31.08,-31.91,False,pre,LE07_L2SP_028030_20220706_02_T1;LE07_L2SP_028031_20220706_02_T1
172671_0,2022-07-06T17:05:39Z,Landsat,optical,landsat-c2-l2,2,1.0,65.3,-29.57,-30.41,False,pre,LC09_L2SP_028030_20220706_02_T1;LC09_L2SP_028031_20220706_02_T1
172671_0,2022-07-06T17:32:21Z,Sentinel-2,optical,sentinel-2-l2a,5,0.827,51.9,-29.13,-29.96,False,pre,S2A_14TQN_20220706_0_L2A;S2A_14TPN_20220706_0_L2A;S2A_14TQM_20220706_0_L2A;S2A_15TTG_20220706_0_L2A;S2A_14TPM_20220706_0_L2A
172671_0,2022-07-08T17:22:16Z,Sentinel-2,optical,sentinel-2-l2a,5,1.0,75.7,18.7,17.87,False,post,S2B_14TQN_20220708_0_L2A;S2B_14TPN_20220708_0_L2A;S2B_14TQM_20220708_0_L2A;S2B_15TTG_20220708_0_L2A;S2B_14TPM_20220708_0_L2A
172782_0,2022-07-22T17:01:46Z,Sentinel-2,optical,sentinel-2-l2a,2,0.9928,18.2,-46.35,-51.47,False,pre,S2B_15TXJ_20220722_0_L2A;S2B_15TXH_20220722_0_L2A
172782_0,2022-07-24T16:53:12Z,Landsat,optical,landsat-c2-l2,1,0.7744,9.4,1.5,-3.61,True,during,LC09_L2SP_026030_20220724_02_T1
172782_0,2022-07-25T15:16:09Z,Landsat,optical,landsat-c2-l2,1,1.0,7.0,23.89,18.77,False,post,LE07_L2SP_025030_20220725_02_T1
172782_0,2022-07-25T16:47:24Z,Landsat,optical,landsat-c2-l2,1,1.0,26.4,25.41,20.29,False,post,LC08_L2SP_025030_20220725_02_T1
172782_0,2022-07-25T17:11:43Z,Sentinel-2,optical,sentinel-2-l2a,2,1.0,46.6,25.81,20.7,False,post,S2B_15TXJ_20220725_0_L2A;S2B_15TXH_20220725_0_L2A
172782_0,2022-07-25T23:58:08Z,Sentinel-1,radar,sentinel-1-grd,2,0.9999,,32.59,27.47,False,post,S1A_IW_GRDH_1SDV_20220725T235743_20220725T235808_044264_054878;S1A_IW_GRDH_1SDV_20220725T235808_20220725T235833_044264_054878
173446_0,2022-08-18T16:47:40Z,Landsat,optical,landsat-c2-l2,1,1.0,4.5,-33.29,-37.19,False,pre,LC09_L2SP_025031_20220818_02_T1
173446_0,2022-08-18T23:57:32Z,Sentinel-1,radar,sentinel-1-grd,1,1.0,,-26.12,-30.02,False,pre,S1A_IW_GRDH_1SDV_20220818T235720_20220818T235745_044614_055350
173446_0,2022-08-19T16:42:00Z,Landsat,optical,landsat-c2-l2,2,0.5184,51.8,-9.38,-13.28,False,pre,LC08_L2SP_024031_20220819_02_T1;LC08_L2SP_024032_20220819_02_T1
173446_0,2022-08-19T17:12:19Z,Sentinel-2,optical,sentinel-2-l2a,2,0.5196,73.9,-8.88,-12.78,False,pre,S2A_15TXG_20220819_0_L2A;S2A_15TXF_20220819_0_L2A
173446_0,2022-08-21T17:02:12Z,Sentinel-2,optical,sentinel-2-l2a,2,1.0,70.3,38.95,35.05,False,post,S2B_15TXG_20220821_0_L2A;S2B_15TXF_20220821_0_L2A
173503_0,2022-08-19T17:12:27Z,Sentinel-2,optical,sentinel-2-l2a,2,1.0,46.1,-4.29,-6.79,False,pre,S2A_15TVG_20220819_0_L2A;S2A_15TVF_20220819_0_L2A
173503_0,2022-08-21T15:25:50Z,Landsat,optical,landsat-c2-l2,1,0.0156,32.0,41.93,39.43,False,post,LE07_L2SP_027031_20220821_02_T1
174446_0,2022-09-03T16:47:53Z,Landsat,optical,landsat-c2-l2,2,1.0,50.4,-8.64,-9.2,False,pre,LC09_L2SP_025031_20220903_02_T1;LC09_L2SP_025032_20220903_02_T1
174446_0,2022-09-03T17:12:15Z,Sentinel-2,optical,sentinel-2-l2a,1,0.1689,50.5,-8.23,-8.8,False,pre,S2B_15TXF_20220903_0_L2A
174446_0,2022-09-04T16:42:01Z,Landsat,optical,landsat-c2-l2,2,0.8026,97.1,15.27,14.7,False,post,LC08_L2SP_024031_20220904_02_T2;LC08_L2SP_024032_20220904_02_T2
174446_0,2022-09-05T00:05:42Z,Sentinel-1,radar,sentinel-1-grd,1,1.0,,22.66,22.1,False,post,S1A_IW_GRDH_1SDV_20220905T000529_20220905T000554_044862_055BAF
174446_0,2022-09-05T17:02:29Z,Sentinel-2,optical,sentinel-2-l2a,1,1.0,100.0,39.61,39.04,False,post,S2A_15TXF_20220905_0_L2A
177752_0,2023-02-25T16:53:17Z,Landsat,optical,landsat-c2-l2,1,1.0,2.9,-41.61,-65.61,False,pre,LC08_L2SP_026030_20230225_02_T1
177752_0,2023-02-25T17:11:50Z,Sentinel-2,optical,sentinel-2-l2a,1,1.0,0.1,-41.3,-65.3,False,pre,S2A_15TVH_20230225_0_L2A
177752_0,2023-02-28T17:21:46Z,Sentinel-2,optical,sentinel-2-l2a,1,0.9738,100.0,30.86,6.86,False,post,S2A_15TVH_20230228_0_L2A
177752_0,2023-03-01T15:01:33Z,Landsat,optical,landsat-c2-l2,1,1.0,7.0,52.53,28.53,False,post,LE07_L2SP_027030_20230301_02_T1
178186_0,2023-02-25T16:53:17Z,Landsat,optical,landsat-c2-l2,1,0.6639,2.9,-46.61,-70.86,False,pre,LC08_L2SP_026030_20230225_02_T1
178186_0,2023-02-25T17:11:44Z,Sentinel-2,optical,sentinel-2-l2a,2,1.0,16.6,-46.3,-70.55,False,pre,S2A_15TXH_20230225_0_L2A;S2A_15TWH_20230225_0_L2A
178186_0,2023-02-26T16:47:31Z,Landsat,optical,landsat-c2-l2,2,1.0,2.8,-22.71,-46.96,False,pre,LC09_L2SP_025030_20230226_02_T1;LC09_L2SP_025031_20230226_02_T1
178186_0,2023-02-26T23:57:55Z,Sentinel-1,radar,sentinel-1-grd,1,1.0,,-15.53,-39.78,False,pre,S1A_IW_GRDH_1SDV_20230226T235742_20230226T235807_047414_05B11D
178186_0,2023-02-27T17:01:51Z,Sentinel-2,optical,sentinel-2-l2a,3,0.6949,100.0,1.53,-22.72,True,during,S2B_15TXH_20230227_0_L2A;S2B_15TXH_20230227_1_L2A;S2B_15TWH_20230227_0_L2A
178844_0,2023-04-15T16:47:06Z,Landsat,optical,landsat-c2-l2,2,1.0,78.4,-35.21,-373.2,False,pre,LC09_L2SP_025030_20230415_02_T1;LC09_L2SP_025031_20230415_02_T1
178844_0,2023-04-15T23:57:56Z,Sentinel-1,radar,sentinel-1-grd,1,1.0,,-28.03,-366.02,False,pre,S1A_IW_GRDH_1SDV_20230415T235743_20230415T235808_048114_05C8C1
178844_0,2023-04-16T14:42:05Z,Landsat,optical,landsat-c2-l2,2,0.2879,100.0,-13.3,-351.28,False,pre,LE07_L2SP_024030_20230416_02_T2;LE07_L2SP_024031_20230416_02_T2
178844_0,2023-04-18T17:01:50Z,Sentinel-2,optical,sentinel-2-l2a,1,1.0,0.2,37.03,-300.95,True,during,S2B_15TXH_20230418_0_L2A
178844_0,2023-04-21T00:06:04Z,Sentinel-1,radar,sentinel-1-grd,1,0.8852,,92.1,-245.88,True,during,S1A_IW_GRDH_1SDV_20230421T000551_20230421T000616_048187_05CB2E
178844_0,2023-04-21T14:45:58Z,Landsat,optical,landsat-c2-l2,1,1.0,9.0,106.77,-231.22,True,during,LE07_L2SP_025030_20230421_02_T1
178844_0,2023-04-21T17:11:47Z,Sentinel-2,optical,sentinel-2-l2a,1,1.0,62.7,109.2,-228.79,True,during,S2B_15TXH_20230421_0_L2A
178844_0,2023-04-22T16:53:04Z,Landsat,optical,landsat-c2-l2,1,0.3113,97.5,132.88,-205.1,True,during,LC09_L2SP_026030_20230422_02_T2
178844_0,2023-04-23T17:01:48Z,Sentinel-2,optical,sentinel-2-l2a,1,1.0,100.0,157.03,-180.95,True,during,S2A_15TXH_20230423_0_L2A
178844_0,2023-04-26T14:50:00Z,Landsat,optical,landsat-c2-l2,1,0.8893,1.0,226.83,-111.15,True,during,LE07_L2SP_026030_20230426_02_T1
178844_0,2023-04-26T17:11:45Z,Sentinel-2,optical,sentinel-2-l2a,1,1.0,38.1,229.2,-108.79,True,during,S2A_15TXH_20230426_0_L2A
178844_0,2023-04-27T23:57:56Z,Sentinel-1,radar,sentinel-1-grd,1,1.0,,259.97,-78.02,True,during,S1A_IW_GRDH_1SDV_20230427T235743_20230427T235808_048289_05CE9D
178844_0,2023-04-28T17:01:50Z,Sentinel-2,optical,sentinel-2-l2a,1,1.0,58.0,277.03,-60.95,True,during,S2B_15TXH_20230428_0_L2A
178844_0,2023-04-30T16:52:43Z,Landsat,optical,landsat-c2-l2,1,0.2825,100.0,324.88,-13.1,True,during,LC08_L2SP_026030_20230430_02_T2
178844_0,2023-05-01T16:46:58Z,Landsat,optical,landsat-c2-l2,2,1.0,32.9,348.78,10.8,False,post,LC09_L2SP_025030_20230501_02_T1;LC09_L2SP_025031_20230501_02_T1
178844_0,2023-05-01T17:11:47Z,Sentinel-2,optical,sentinel-2-l2a,1,1.0,17.1,349.2,11.21,False,post,S2B_15TXH_20230501_0_L2A
178844_0,2023-05-03T00:06:05Z,Sentinel-1,radar,sentinel-1-grd,1,0.8809,,380.1,42.12,False,post,S1A_IW_GRDH_1SDV_20230503T000552_20230503T000617_048362_05D114
178844_1,2023-04-21T00:06:16Z,Sentinel-1,radar,sentinel-1-grd,2,0.8181,,-24.9,-245.88,False,pre,S1A_IW_GRDH_1SDV_20230421T000551_20230421T000616_048187_05CB2E;S1A_IW_GRDH_1SDV_20230421T000616_20230421T000641_048187_05CB2E
178844_1,2023-04-21T14:45:58Z,Landsat,optical,landsat-c2-l2,1,1.0,9.0,-10.23,-231.22,False,pre,LE07_L2SP_025030_20230421_02_T1
178844_1,2023-04-21T17:11:40Z,Sentinel-2,optical,sentinel-2-l2a,2,1.0,76.4,-7.81,-228.79,False,pre,S2B_15TXJ_20230421_0_L2A;S2B_15TXH_20230421_0_L2A
178844_1,2023-04-22T16:53:04Z,Landsat,optical,landsat-c2-l2,1,0.7008,97.5,15.88,-205.1,True,during,LC09_L2SP_026030_20230422_02_T2
178844_1,2023-04-23T17:01:41Z,Sentinel-2,optical,sentinel-2-l2a,2,0.9942,100.0,40.03,-180.96,True,during,S2A_15TXJ_20230423_0_L2A;S2A_15TXH_20230423_0_L2A
178844_1,2023-04-26T14:50:00Z,Landsat,optical,landsat-c2-l2,1,1.0,1.0,109.83,-111.15,True,during,LE07_L2SP_026030_20230426_02_T1
178844_1,2023-04-26T17:11:38Z,Sentinel-2,optical,sentinel-2-l2a,2,1.0,38.5,112.19,-108.79,True,during,S2A_15TXJ_20230426_0_L2A;S2A_15TXH_20230426_0_L2A
178844_1,2023-04-27T23:58:08Z,Sentinel-1,radar,sentinel-1-grd,2,0.9994,,142.97,-78.01,True,during,S1A_IW_GRDH_1SDV_20230427T235743_20230427T235808_048289_05CE9D;S1A_IW_GRDH_1SDV_20230427T235808_20230427T235833_048289_05CE9D
178844_1,2023-04-28T17:01:43Z,Sentinel-2,optical,sentinel-2-l2a,2,0.992,64.5,160.03,-60.95,True,during,S2B_15TXJ_20230428_0_L2A;S2B_15TXH_20230428_0_L2A
178844_1,2023-04-30T16:52:43Z,Landsat,optical,landsat-c2-l2,1,0.6674,100.0,207.88,-13.1,True,during,LC08_L2SP_026030_20230430_02_T2
178844_1,2023-05-01T16:46:46Z,Landsat,optical,landsat-c2-l2,1,1.0,51.2,231.78,10.8,False,post,LC09_L2SP_025030_20230501_02_T1
178844_1,2023-05-01T17:11:40Z,Sentinel-2,optical,sentinel-2-l2a,2,1.0,42.3,232.19,11.21,False,post,S2B_15TXJ_20230501_0_L2A;S2B_15TXH_20230501_0_L2A
178844_1,2023-05-03T00:06:17Z,Sentinel-1,radar,sentinel-1-grd,2,0.8128,,263.1,42.12,False,post,S1A_IW_GRDH_1SDV_20230503T000552_20230503T000617_048362_05D114;S1A_IW_GRDH_1SDV_20230503T000617_20230503T000642_048362_05D114
178928_0,2023-03-20T17:21:50Z,Sentinel-2,optical,sentinel-2-l2a,4,1.0,8.5,-33.64,-47.64,False,pre,S2A_14TQP_20230320_0_L2A;S2A_14TPP_20230320_0_L2A;S2A_14TQN_20230320_0_L2A;S2A_14TPN_20230320_0_L2A
178928_0,2023-03-21T00:14:30Z,Sentinel-1,radar,sentinel-1-grd,1,0.8344,,-26.76,-40.76,False,pre,S1A_IW_GRDH_1SDV_20230321T001417_20230321T001442_047735_05BBF8
178928_0,2023-03-23T17:31:46Z,Sentinel-2,optical,sentinel-2-l2a,4,1.0,83.7,38.53,24.53,False,post,S2A_14TQP_20230323_0_L2A;S2A_14TPP_20230323_0_L2A;S2A_14TQN_20230323_0_L2A;S2A_14TPN_20230323_0_L2A
178929_0,2023-03-27T17:05:25Z,Landsat,optical,landsat-c2-l2,1,1.0,7.4,-34.91,-39.91,False,pre,LC08_L2SP_028030_20230327_02_T1
178929_0,2023-03-28T15:05:30Z,Landsat,optical,landsat-c2-l2,1,1.0,1.0,-12.91,-17.91,False,pre,LE07_L2SP_028030_20230328_02_T1
178929_0,2023-03-28T16:59:23Z,Landsat,optical,landsat-c2-l2,1,0.6341,1.7,-11.01,-16.01,False,pre,LC09_L2SP_027030_20230328_02_T1
178929_0,2023-03-28T17:31:39Z,Sentinel-2,optical,sentinel-2-l2a,2,0.0004,1.4,-10.47,-15.47,False,pre,S2B_15TUJ_20230328_0_L2A;S2B_14TQP_20230328_0_L2A
178929_0,2023-03-30T17:21:46Z,Sentinel-2,optical,sentinel-2-l2a,4,1.0,100.0,37.36,32.36,False,post,S2A_15TUJ_20230330_0_L2A;S2A_14TQP_20230330_0_L2A;S2A_15TUH_20230330_0_L2A;S2A_14TQN_20230330_0_L2A
178934_0,2023-04-13T16:59:52Z,Landsat,optical,landsat-c2-l2,2,0.8503,2.1,-31.75,-31.75,False,pre,LC09_L2SP_027031_20230413_02_T1;LC09_L2SP_027032_20230413_02_T1
178934_0,2023-04-14T00:14:05Z,Sentinel-1,radar,sentinel-1-grd,1,0.9906,,-24.52,-24.52,False,pre,S1A_IW_GRDH_1SDV_20230414T001353_20230414T001418_048085_05C7C2
178934_0,2023-04-14T15:00:35Z,Landsat,optical,landsat-c2-l2,2,1.0,22.5,-9.74,-9.74,False,pre,LE07_L2SP_027031_20230414_02_T1;LE07_L2SP_027032_20230414_02_T1
178934_0,2023-04-14T17:22:17Z,Sentinel-2,optical,sentinel-2-l2a,6,1.0,66.8,-7.38,-7.38,False,pre,S2B_15TUG_20230414_0_L2A;S2B_14TQM_20230414_0_L2A;S2B_15TTG_20230414_0_L2A;S2B_15TUF_20230414_1_L2A;S2B_15TTF_20230414_1_L2A;S2B_14TQL_20230414_0_L2A
179071_0,2023-05-14T17:04:52Z,Landsat,optical,landsat-c2-l2,1,0.6796,100.0,15.08,10.33,False,post,LC08_L2SP_028030_20230514_02_T2
179071_0,2023-05-14T17:21:57Z,Sentinel-2,optical,sentinel-2-l2a,1,1.0,100.0,15.37,10.62,False,post,S2B_15TUH_20230514_0_L2A
179071_0,2023-05-15T16:59:13Z,Landsat,optical,landsat-c2-l2,2,1.0,83.5,38.99,34.24,False,post,LC09_L2SP_027030_20230515_02_T1;LC09_L2SP_027031_20230515_02_T2
179266_0,2023-04-09T17:21:55Z,Sentinel-2,optical,sentinel-2-l2a,9,1.0,91.1,-13.63,-219.63,False,pre,S2A_15TUJ_20230409_0_L2A;S2A_14TQP_20230409_0_L2A;S2A_14TPP_20230409_0_L2A;S2A_15TUH_20230409_1_L2A;S2A_14TQN_20230409_1_L2A;S2A_14TPN_20230409_1_L2A;S2A_15TUH_20230409_0_L2A;S2A_14TQN_20230409_0_L2A;S2A_14TPN_20230409_0_L2A
179266_0,2023-04-11T17:11:40Z,Landsat,optical,landsat-c2-l2,1,0.6213,0.9,34.19,-171.81,True,during,LC09_L2SP_029030_20230411_02_T1
179266_0,2023-04-12T17:05:21Z,Landsat,optical,landsat-c2-l2,2,1.0,0.1,58.09,-147.91,True,during,LC08_L2SP_028030_20230412_02_T1;LC08_L2SP_028031_20230412_02_T1
179266_0,2023-04-12T17:31:42Z,Sentinel-2,optical,sentinel-2-l2a,6,0.7928,0.2,58.53,-147.47,True,during,S2A_15TUJ_20230412_0_L2A;S2A_14TQP_20230412_0_L2A;S2A_14TPP_20230412_0_L2A;S2A_15TUH_20230412_0_L2A;S2A_14TQN_20230412_0_L2A;S2A_14TPN_20230412_0_L2A
179266_0,2023-04-13T16:59:28Z,Landsat,optical,landsat-c2-l2,2,0.198,0.0,81.99,-124.01,True,during,LC09_L2SP_027030_20230413_02_T1;LC09_L2SP_027031_20230413_02_T1
179266_0,2023-04-14T00:14:30Z,Sentinel-1,radar,sentinel-1-grd,1,0.8115,,89.24,-116.76,True,during,S1A_IW_GRDH_1SDV_20230414T001418_20230414T001443_048085_05C7C2
179266_0,2023-04-14T15:00:11Z,Landsat,optical,landsat-c2-l2,2,0.2072,13.0,104.0,-102.0,True,during,LE07_L2SP_027030_20230414_02_T1;LE07_L2SP_027031_20230414_02_T1
179266_0,2023-04-14T17:21:51Z,Sentinel-2,optical,sentinel-2-l2a,6,1.0,62.9,106.36,-99.64,True,during,S2B_15TUJ_20230414_0_L2A;S2B_14TQP_20230414_0_L2A;S2B_14TPP_20230414_0_L2A;S2B_15TUH_20230414_0_L2A;S2B_14TQN_20230414_0_L2A;S2B_14TPN_20230414_0_L2A
179266_0,2023-04-17T17:31:44Z,Sentinel-2,optical,sentinel-2-l2a,6,0.7928,0.9,178.53,-27.47,True,during,S2B_15TUJ_20230417_0_L2A;S2B_14TQP_20230417_0_L2A;S2B_14TPP_20230417_0_L2A;S2B_15TUH_20230417_0_L2A;S2B_14TQN_20230417_0_L2A;S2B_14TPN_20230417_0_L2A
179266_0,2023-04-19T00:22:25Z,Sentinel-1,radar,sentinel-1-grd,1,0.3564,,209.37,3.37,False,post,S1A_IW_GRDH_1SDV_20230419T002212_20230419T002237_048158_05CA3D
179266_0,2023-04-19T15:04:17Z,Landsat,optical,landsat-c2-l2,2,1.0,42.0,224.07,18.07,False,post,LE07_L2SP_028030_20230419_02_T1;LE07_L2SP_028031_20230419_02_T1
179266_0,2023-04-19T17:11:17Z,Landsat,optical,landsat-c2-l2,1,0.6198,91.9,226.19,20.19,False,post,LC08_L2SP_029030_20230419_02_T1
179266_0,2023-04-19T17:21:49Z,Sentinel-2,optical,sentinel-2-l2a,6,1.0,99.0,226.36,20.36,False,post,S2A_15TUJ_20230419_0_L2A;S2A_14TQP_20230419_0_L2A;S2A_14TPP_20230419_0_L2A;S2A_15TUH_20230419_0_L2A;S2A_14TQN_20230419_0_L2A;S2A_14TPN_20230419_0_L2A
179266_0,2023-04-20T17:05:39Z,Landsat,optical,landsat-c2-l2,2,1.0,50.0,250.09,44.09,False,post,LC09_L2SP_028030_20230420_02_T2;LC09_L2SP_028031_20230420_02_T2
179277_0,2023-04-09T17:21:51Z,Sentinel-2,optical,sentinel-2-l2a,4,1.0,97.9,-34.64,-110.64,False,pre,S2A_14TQP_20230409_0_L2A;S2A_14TPP_20230409_0_L2A;S2A_14TQN_20230409_1_L2A;S2A_14TPN_20230409_1_L2A
179277_0,2023-04-11T17:11:40Z,Landsat,optical,landsat-c2-l2,1,0.9685,0.9,13.19,-62.81,True,during,LC09_L2SP_029030_20230411_02_T1
179277_0,2023-04-12T17:05:09Z,Landsat,optical,landsat-c2-l2,1,1.0,0.2,37.09,-38.91,True,during,LC08_L2SP_028030_20230412_02_T1
179277_0,2023-04-12T17:31:48Z,Sentinel-2,optical,sentinel-2-l2a,4,1.0,0.2,37.53,-38.47,True,during,S2A_14TQP_20230412_0_L2A;S2A_14TPP_20230412_0_L2A;S2A_14TQN_20230412_0_L2A;S2A_14TPN_20230412_0_L2A
179277_0,2023-04-14T00:14:30Z,Sentinel-1,radar,sentinel-1-grd,1,0.8706,,68.24,-7.76,True,during,S1A_IW_GRDH_1SDV_20230414T001418_20230414T001443_048085_05C7C2
179277_0,2023-04-14T17:21:53Z,Sentinel-2,optical,sentinel-2-l2a,4,1.0,84.0,85.36,9.36,False,post,S2B_14TQP_20230414_0_L2A;S2B_14TPP_20230414_0_L2A;S2B_14TQN_20230414_0_L2A;S2B_14TPN_20230414_0_L2A
179278_0,2023-04-02T00:14:30Z,Sentinel-1,radar,sentinel-1-grd,1,1.0,,-1.76,-157.76,False,pre,S1A_IW_GRDH_1SDV_20230402T001418_20230402T001443_047910_05C1D3
179278_0,2023-04-02T15:09:44Z,Landsat,optical,landsat-c2-l2,1,0.3163,7.0,13.16,-142.84,True,during,LE07_L2SP_028030_20230402_02_T1
179278_0,2023-04-02T17:31:35Z,Sentinel-2,optical,sentinel-2-l2a,2,0.0008,72.6,15.53,-140.47,True,during,S2A_15TUJ_20230402_0_L2A;S2A_14TQP_20230402_0_L2A
179278_0,2023-04-04T17:05:33Z,Landsat,optical,landsat-c2-l2,1,1.0,100.0,63.09,-92.91,True,during,LC09_L2SP_028030_20230404_02_T2
179278_0,2023-04-04T17:21:51Z,Sentinel-2,optical,sentinel-2-l2a,4,1.0,100.0,63.36,-92.64,True,during,S2B_15TUJ_20230404_0_L2A;S2B_14TQP_20230404_0_L2A;S2B_15TUH_20230404_0_L2A;S2B_14TQN_20230404_0_L2A
179278_0,2023-04-05T16:59:06Z,Landsat,optical,landsat-c2-l2,1,0.6479,91.7,86.99,-69.01,True,during,LC08_L2SP_027030_20230405_02_T2
179278_0,2023-04-07T00:22:25Z,Sentinel-1,radar,sentinel-1-grd,1,0.0408,,118.37,-37.63,True,during,S1A_IW_GRDH_1SDV_20230407T002212_20230407T002237_047983_05C453
179278_0,2023-04-07T17:31:38Z,Sentinel-2,optical,sentinel-2-l2a,2,0.0005,0.0,135.53,-20.47,True,during,S2B_15TUJ_20230407_0_L2A;S2B_14TQP_20230407_0_L2A
179278_0,2023-04-09T17:21:48Z,Sentinel-2,optical,sentinel-2-l2a,4,1.0,93.8,183.36,27.36,False,post,S2A_15TUJ_20230409_0_L2A;S2A_14TQP_20230409_0_L2A;S2A_15TUH_20230409_1_L2A;S2A_14TQN_20230409_1_L2A
179281_0,2023-05-12T17:31:35Z,Sentinel-2,optical,sentinel-2-l2a,2,0.002,100.0,-37.47,-171.47,False,pre,S2A_15TUJ_20230512_0_L2A;S2A_14TQP_20230512_0_L2A
179281_0,2023-05-13T00:22:27Z,Sentinel-1,radar,sentinel-1-grd,1,0.0406,,-30.63,-164.63,False,pre,S1A_IW_GRDH_1SDV_20230513T002214_20230513T002239_048508_05D5BF
179281_0,2023-05-14T17:04:52Z,Landsat,optical,landsat-c2-l2,1,1.0,100.0,10.08,-123.92,True,during,LC08_L2SP_028030_20230514_02_T2
179281_0,2023-05-14T17:21:51Z,Sentinel-2,optical,sentinel-2-l2a,4,1.0,100.0,10.36,-123.64,True,during,S2B_15TUJ_20230514_0_L2A;S2B_14TQP_20230514_0_L2A;S2B_15TUH_20230514_0_L2A;S2B_14TQN_20230514_0_L2A
179281_0,2023-05-15T16:59:01Z,Landsat,optical,landsat-c2-l2,1,0.6973,67.0,33.98,-100.02,True,during,LC09_L2SP_027030_20230515_02_T1
179281_0,2023-05-17T17:31:40Z,Sentinel-2,optical,sentinel-2-l2a,4,0.0002,1.8,82.53,-51.47,True,during,S2B_15TUJ_20230517_1_L2A;S2B_15TUJ_20230517_0_L2A;S2B_14TQP_20230517_1_L2A;S2B_14TQP_20230517_0_L2A
179281_0,2023-05-19T17:21:50Z,Sentinel-2,optical,sentinel-2-l2a,4,1.0,83.2,130.36,-3.64,True,during,S2A_15TUJ_20230519_0_L2A;S2A_14TQP_20230519_0_L2A;S2A_15TUH_20230519_0_L2A;S2A_14TQN_20230519_0_L2A
179281_0,2023-05-20T00:14:32Z,Sentinel-1,radar,sentinel-1-grd,1,1.0,,137.24,3.24,False,post,S1A_IW_GRDH_1SDV_20230520T001420_20230520T001445_048610_05D8B1
179459_0,2023-05-29T17:22:02Z,Sentinel-2,optical,sentinel-2-l2a,4,1.0,38.6,-27.37,-30.63,False,pre,S2A_15TVH_20230529_0_L2A;S2A_15TUH_20230529_0_L2A;S2A_15TVG_20230529_0_L2A;S2A_15TUG_20230529_0_L2A
179459_0,2023-05-31T16:59:05Z,Landsat,optical,landsat-c2-l2,2,1.0,16.2,20.25,16.98,False,post,LC09_L2SP_027030_20230531_02_T1;LC09_L2SP_027031_20230531_02_T1
179459_0,2023-05-31T17:12:06Z,Sentinel-2,optical,sentinel-2-l2a,4,0.9637,25.5,20.47,17.2,False,post,S2B_15TVH_20230531_0_L2A;S2B_15TUH_20230531_0_L2A;S2B_15TVG_20230531_0_L2A;S2B_15TUG_20230531_0_L2A
179459_0,2023-06-01T00:14:20Z,Sentinel-1,radar,sentinel-1-grd,2,0.999,,27.51,24.24,False,post,S1A_IW_GRDH_1SDV_20230601T001355_20230601T001420_048785_05DDEF;S1A_IW_GRDH_1SDV_20230601T001420_20230601T001445_048785_05DDEF
179459_0,2023-06-01T16:52:56Z,Landsat,optical,landsat-c2-l2,1,0.004,97.1,44.15,40.88,False,post,LC08_L2SP_026031_20230601_02_T1
179763_0,2023-04-21T14:46:10Z,Landsat,optical,landsat-c2-l2,2,0.9368,5.0,-33.85,-231.21,False,pre,LE07_L2SP_025030_20230421_02_T1;LE07_L2SP_025031_20230421_02_T1
179763_0,2023-04-21T17:12:01Z,Sentinel-2,optical,sentinel-2-l2a,3,0.2136,35.4,-31.42,-228.78,False,pre,S2B_15TXH_20230421_0_L2A;S2B_15TXG_20230421_0_L2A;S2B_15TXF_20230421_0_L2A
179763_0,2023-04-23T17:02:01Z,Sentinel-2,optical,sentinel-2-l2a,8,1.0,99.8,16.42,-180.95,True,during,S2A_15TYH_20230423_0_L2A;S2A_15TXH_20230423_0_L2A;S2A_15TYG_20230423_0_L2A;S2A_16TBM_20230423_0_L2A;S2A_15TXG_20230423_0_L2A;S2A_16TBL_20230423_0_L2A;S2A_15TYF_20230423_0_L2A;S2A_15TXF_20230423_0_L2A
179763_0,2023-04-24T16:40:54Z,Landsat,optical,landsat-c2-l2,2,0.8513,47.1,40.07,-157.3,True,during,LC09_L2SP_024030_20230424_02_T1;LC09_L2SP_024031_20230424_02_T1
179763_0,2023-04-26T17:11:59Z,Sentinel-2,optical,sentinel-2-l2a,3,0.2174,13.6,88.58,-108.78,True,during,S2A_15TXH_20230426_0_L2A;S2A_15TXG_20230426_0_L2A;S2A_15TXF_20230426_1_L2A
179763_0,2023-04-27T23:57:43Z,Sentinel-1,radar,sentinel-1-grd,2,0.9997,,119.35,-78.02,True,during,S1A_IW_GRDH_1SDV_20230427T235718_20230427T235743_048289_05CE9D;S1A_IW_GRDH_1SDV_20230427T235743_20230427T235808_048289_05CE9D
179763_0,2023-04-28T17:02:03Z,Sentinel-2,optical,sentinel-2-l2a,8,1.0,53.7,136.42,-60.95,True,during,S2B_15TYH_20230428_0_L2A;S2B_15TXH_20230428_0_L2A;S2B_15TYG_20230428_0_L2A;S2B_16TBM_20230428_0_L2A;S2B_15TXG_20230428_0_L2A;S2B_16TBL_20230428_0_L2A;S2B_15TYF_20230428_0_L2A;S2B_15TXF_20230428_0_L2A
179763_0,2023-05-01T16:46:58Z,Landsat,optical,landsat-c2-l2,2,0.976,32.9,208.17,10.8,False,post,LC09_L2SP_025030_20230501_02_T1;LC09_L2SP_025031_20230501_02_T1
179763_0,2023-05-01T17:12:02Z,Sentinel-2,optical,sentinel-2-l2a,3,0.2173,10.8,208.58,11.22,False,post,S2B_15TXH_20230501_0_L2A;S2B_15TXG_20230501_0_L2A;S2B_15TXF_20230501_0_L2A
179763_0,2023-05-02T16:40:32Z,Landsat,optical,landsat-c2-l2,2,0.8549,23.5,232.06,34.69,False,post,LC08_L2SP_024030_20230502_02_T1;LC08_L2SP_024031_20230502_02_T1
179763_0,2023-05-03T00:05:52Z,Sentinel-1,radar,sentinel-1-grd,2,0.0339,,239.48,42.11,False,post,S1A_IW_GRDH_1SDV_20230503T000527_20230503T000552_048362_05D114;S1A_IW_GRDH_1SDV_20230503T000552_20230503T000617_048362_05D114
179763_1,2023-04-24T16:41:17Z,Landsat,optical,landsat-c2-l2,2,0.624,19.8,-41.31,-157.3,False,pre,LC09_L2SP_024031_20230424_02_T1;LC09_L2SP_024032_20230424_02_T1
179763_1,2023-04-26T17:12:11Z,Sentinel-2,optical,sentinel-2-l2a,3,0.431,4.7,7.2,-108.78,True,during,S2A_15TXG_20230426_0_L2A;S2A_15TXF_20230426_1_L2A;S2A_15TXF_20230426_0_L2A
179763_1,2023-04-27T23:57:31Z,Sentinel-1,radar,sentinel-1-grd,1,1.0,,37.96,-78.02,True,during,S1A_IW_GRDH_1SDV_20230427T235718_20230427T235743_048289_05CE9D
179763_1,2023-04-28T17:02:12Z,Sentinel-2,optical,sentinel-2-l2a,2,1.0,11.8,55.04,-60.95,True,during,S2B_15TXG_20230428_0_L2A;S2B_15TXF_20230428_0_L2A
179763_1,2023-05-01T16:47:21Z,Landsat,optical,landsat-c2-l2,2,1.0,9.7,126.79,10.81,False,post,LC09_L2SP_025031_20230501_02_T1;LC09_L2SP_025032_20230501_02_T1
179763_1,2023-05-01T17:12:09Z,Sentinel-2,optical,sentinel-2-l2a,2,0.4307,7.6,127.2,11.22,False,post,S2B_15TXG_20230501_0_L2A;S2B_15TXF_20230501_0_L2A
179763_1,2023-05-02T16:40:56Z,Landsat,optical,landsat-c2-l2,2,0.6399,3.6,150.68,34.7,False,post,LC08_L2SP_024031_20230502_02_T1;LC08_L2SP_024032_20230502_02_T1
179763_1,2023-05-03T00:05:40Z,Sentinel-1,radar,sentinel-1-grd,1,0.9671,,158.09,42.11,False,post,S1A_IW_GRDH_1SDV_20230503T000527_20230503T000552_048362_05D114
180146_0,2023-05-11T15:02:18Z,Landsat,optical,landsat-c2-l2,1,1.0,62.0,-37.46,-38.46,False,pre,LE07_L2SP_028031_20230511_02_T1
180146_0,2023-05-12T17:32:14Z,Sentinel-2,optical,sentinel-2-l2a,4,0.0763,97.8,-10.96,-11.96,False,pre,S2A_14TQM_20230512_0_L2A;S2A_15TTG_20230512_0_L2A;S2A_15TTF_20230512_0_L2A;S2A_14TQL_20230512_0_L2A
180146_0,2023-05-13T00:22:27Z,Sentinel-1,radar,sentinel-1-grd,1,1.0,,-4.13,-5.13,False,pre,S1A_IW_GRDH_1SDV_20230513T002214_20230513T002239_048508_05D5BF
180146_0,2023-05-14T17:05:16Z,Landsat,optical,landsat-c2-l2,1,1.0,98.7,36.59,35.59,False,post,LC08_L2SP_028031_20230514_02_T1
180146_0,2023-05-14T17:22:22Z,Sentinel-2,optical,sentinel-2-l2a,4,1.0,99.9,36.87,35.87,False,post,S2B_14TQM_20230514_0_L2A;S2B_15TTG_20230514_0_L2A;S2B_15TTF_20230514_0_L2A;S2B_14TQL_20230514_0_L2A
180664_0,2023-04-30T16:52:43Z,Landsat,optical,landsat-c2-l2,1,0.456,100.0,-13.12,-353.87,False,pre,LC08_L2SP_026030_20230430_02_T2
180664_0,2023-05-01T16:46:58Z,Landsat,optical,landsat-c2-l2,2,1.0,32.9,10.78,-329.97,True,during,LC09_L2SP_025030_20230501_02_T1;LC09_L2SP_025031_20230501_02_T1
180664_0,2023-05-01T17:11:40Z,Sentinel-2,optical,sentinel-2-l2a,2,1.0,42.3,11.19,-329.56,True,during,S2B_15TXJ_20230501_0_L2A;S2B_15TXH_20230501_0_L2A
180664_0,2023-05-03T00:06:17Z,Sentinel-1,radar,sentinel-1-grd,2,0.8504,,42.1,-298.65,True,during,S1A_IW_GRDH_1SDV_20230503T000552_20230503T000617_048362_05D114;S1A_IW_GRDH_1SDV_20230503T000617_20230503T000642_048362_05D114
180664_0,2023-05-03T17:01:42Z,Sentinel-2,optical,sentinel-2-l2a,2,0.9972,12.7,59.03,-281.72,True,during,S2A_15TXJ_20230503_0_L2A;S2A_15TXH_20230503_0_L2A
180664_0,2023-05-06T17:11:38Z,Sentinel-2,optical,sentinel-2-l2a,2,1.0,100.0,131.19,-209.56,True,during,S2A_15TXJ_20230506_0_L2A;S2A_15TXH_20230506_0_L2A
180664_0,2023-05-08T14:40:00Z,Landsat,optical,landsat-c2-l2,2,0.3264,93.5,176.67,-164.08,True,during,LE07_L2SP_024030_20230508_02_T2;LE07_L2SP_024031_20230508_02_T1
180664_0,2023-05-08T16:52:53Z,Landsat,optical,landsat-c2-l2,1,0.4959,41.3,178.88,-161.87,True,during,LC09_L2SP_026030_20230508_02_T1
180664_0,2023-05-08T17:01:44Z,Sentinel-2,optical,sentinel-2-l2a,2,0.9966,78.6,179.03,-161.72,True,during,S2B_15TXJ_20230508_0_L2A;S2B_15TXH_20230508_0_L2A
180664_0,2023-05-09T16:46:36Z,Landsat,optical,landsat-c2-l2,2,1.0,26.5,202.78,-137.97,True,during,LC08_L2SP_025030_20230509_02_T1;LC08_L2SP_025031_20230509_02_T1
180664_0,2023-05-09T23:58:00Z,Sentinel-1,radar,sentinel-1-grd,1,1.0,,209.97,-130.78,True,during,S1A_IW_GRDH_1SDV_20230509T235744_20230509T235816_048464_05D46D
180664_0,2023-05-11T17:11:40Z,Sentinel-2,optical,sentinel-2-l2a,2,1.0,90.2,251.19,-89.56,True,during,S2B_15TXJ_20230511_0_L2A;S2B_15TXH_20230511_0_L2A
180664_0,2023-05-13T14:43:44Z,Landsat,optical,landsat-c2-l2,1,1.0,93.0,296.73,-44.02,True,during,LE07_L2SP_025030_20230513_02_T1
180664_0,2023-05-13T17:01:41Z,Sentinel-2,optical,sentinel-2-l2a,2,0.9962,99.6,299.03,-41.72,True,during,S2A_15TXJ_20230513_0_L2A;S2A_15TXH_20230513_0_L2A
180664_0,2023-05-15T00:06:18Z,Sentinel-1,radar,sentinel-1-grd,2,0.8481,,330.11,-10.64,True,during,S1A_IW_GRDH_1SDV_20230515T000553_20230515T000618_048537_05D69B;S1A_IW_GRDH_1SDV_20230515T000618_20230515T000643_048537_05D69B
180664_0,2023-05-16T16:52:30Z,Landsat,optical,landsat-c2-l2,1,0.4595,2.0,370.88,30.13,False,post,LC08_L2SP_026030_20230516_02_T1
180664_0,2023-05-16T17:11:39Z,Sentinel-2,optical,sentinel-2-l2a,2,1.0,18.3,371.19,30.44,False,post,S2A_15TXJ_20230516_0_L2A;S2A_15TXH_20230516_0_L2A
180705_0,2023-05-13T14:43:44Z,Landsat,optical,landsat-c2-l2,1,0.582,93.0,-37.27,-86.52,False,pre,LE07_L2SP_025030_20230513_02_T1
180705_0,2023-05-13T17:01:49Z,Sentinel-2,optical,sentinel-2-l2a,3,0.0301,99.4,-34.97,-84.22,False,pre,S2A_15TXJ_20230513_0_L2A;S2A_15TXH_20230513_0_L2A;S2A_15TWH_20230513_0_L2A
180705_0,2023-05-14T17:21:40Z,Sentinel-2,optical,sentinel-2-l2a,4,0.0502,100.0,-10.64,-59.89,False,pre,S2B_15TWJ_20230514_0_L2A;S2B_15TVJ_20230514_0_L2A;S2B_15TWH_20230514_0_L2A;S2B_15TVH_20230514_0_L2A
180705_0,2023-05-15T00:06:18Z,Sentinel-1,radar,sentinel-1-grd,2,0.9996,,-3.89,-53.14,False,pre,S1A_IW_GRDH_1SDV_20230515T000553_20230515T000618_048537_05D69B;S1A_IW_GRDH_1SDV_20230515T000618_20230515T000643_048537_05D69B
180705_0,2023-05-15T16:59:01Z,Landsat,optical,landsat-c2-l2,1,0.0976,67.0,12.98,-36.27,True,during,LC09_L2SP_027030_20230515_02_T1
180705_0,2023-05-16T16:52:30Z,Landsat,optical,landsat-c2-l2,1,1.0,2.0,36.88,-12.37,True,during,LC08_L2SP_026030_20230516_02_T1
180705_0,2023-05-16T17:11:43Z,Sentinel-2,optical,sentinel-2-l2a,6,1.0,13.4,37.2,-12.05,True,during,S2A_15TXJ_20230516_0_L2A;S2A_15TWJ_20230516_0_L2A;S2A_15TVJ_20230516_0_L2A;S2A_15TXH_20230516_0_L2A;S2A_15TWH_20230516_0_L2A;S2A_15TVH_20230516_0_L2A
180705_0,2023-05-17T16:46:38Z,Landsat,optical,landsat-c2-l2,1,0.3936,1.1,60.78,11.53,False,post,LC09_L2SP_025030_20230517_02_T1
180705_0,2023-05-18T14:47:37Z,Landsat,optical,landsat-c2-l2,1,1.0,65.0,82.79,33.54,False,post,LE07_L2SP_026030_20230518_02_T1
180705_0,2023-05-18T17:01:53Z,Sentinel-2,optical,sentinel-2-l2a,3,0.034,77.8,85.03,35.78,False,post,S2B_15TXJ_20230518_0_L2A;S2B_15TXH_20230518_0_L2A;S2B_15TWH_20230518_0_L2A
180948_0,2023-05-13T00:22:27Z,Sentinel-1,radar,sentinel-1-grd,1,0.3187,,-21.63,-23.63,False,pre,S1A_IW_GRDH_1SDV_20230513T002214_20230513T002239_048508_05D5BF
180948_0,2023-05-14T17:04:52Z,Landsat,optical,landsat-c2-l2,1,1.0,100.0,19.08,17.08,False,post,LC08_L2SP_028030_20230514_02_T2
180948_0,2023-05-14T17:21:59Z,Sentinel-2,optical,sentinel-2-l2a,2,1.0,100.0,19.37,17.37,False,post,S2B_15TUH_20230514_0_L2A;S2B_14TQN_20230514_0_L2A
180948_0,2023-05-15T16:59:13Z,Landsat,optical,landsat-c2-l2,2,0.9779,83.5,42.99,40.99,False,post,LC09_L2SP_027030_20230515_02_T1;LC09_L2SP_027031_20230515_02_T2
181954_0,2023-07-10T16:59:18Z,Landsat,optical,landsat-c2-l2,2,1.0,0.2,-44.26,-47.26,False,pre,LC08_L2SP_027030_20230710_02_T1;LC08_L2SP_027031_20230710_02_T1
181954_0,2023-07-10T17:12:14Z,Sentinel-2,optical,sentinel-2-l2a,2,1.0,0.0,-44.05,-47.05,False,pre,S2B_15TVG_20230710_0_L2A;S2B_15TUG_20230710_0_L2A
181954_0,2023-07-11T14:48:46Z,Landsat,optical,landsat-c2-l2,1,1.0,15.0,-22.44,-25.44,False,pre,LE07_L2SP_027031_20230711_02_T1
181954_0,2023-07-11T16:53:13Z,Landsat,optical,landsat-c2-l2,1,0.7454,10.5,-20.36,-23.36,False,pre,LC09_L2SP_026031_20230711_02_T1
181954_0,2023-07-13T17:22:10Z,Sentinel-2,optical,sentinel-2-l2a,2,1.0,99.2,28.12,25.12,False,post,S2B_15TVG_20230713_0_L2A;S2B_15TUG_20230713_0_L2A
184498_0,2023-08-04T17:12:27Z,Sentinel-2,optical,sentinel-2-l2a,4,0.6555,88.4,-15.04,-623.29,False,pre,S2A_15TXF_20230804_0_L2A;S2A_15TWF_20230804_0_L2A;S2A_15TXE_20230804_0_L2A;S2A_15TWE_20230804_0_L2A
184498_0,2023-08-05T16:47:24Z,Landsat,optical,landsat-c2-l2,2,1.0,56.6,8.54,-599.71,True,during,LC09_L2SP_025031_20230805_02_T1;LC09_L2SP_025032_20230805_02_T1
184498_0,2023-08-06T16:41:32Z,Landsat,optical,landsat-c2-l2,1,0.2092,93.4,32.44,-575.81,True,during,LC08_L2SP_024032_20230806_02_T1
184498_0,2023-08-06T17:02:32Z,Sentinel-2,optical,sentinel-2-l2a,4,1.0,94.4,32.79,-575.46,True,during,S2B_15TXF_20230806_0_L2A;S2B_15TWF_20230806_0_L2A;S2B_15TXE_20230806_0_L2A;S2B_15TWE_20230806_0_L2A
184498_0,2023-08-09T14:29:58Z,Landsat,optical,landsat-c2-l2,1,1.0,100.0,102.25,-506.0,True,during,LE07_L2SP_024032_20230809_02_T2
184498_0,2023-08-09T17:12:28Z,Sentinel-2,optical,sentinel-2-l2a,4,0.6446,100.0,104.96,-503.29,True,during,S2B_15TXF_20230809_0_L2A;S2B_15TWF_20230809_0_L2A;S2B_15TXE_20230809_0_L2A;S2B_15TWE_20230809_0_L2A
184498_0,2023-08-11T17:02:31Z,Sentinel-2,optical,sentinel-2-l2a,4,1.0,5.9,152.79,-455.46,True,during,S2A_15TXF_20230811_0_L2A;S2A_15TWF_20230811_0_L2A;S2A_15TXE_20230811_0_L2A;S2A_15TWE_20230811_0_L2A
184498_0,2023-08-13T16:47:33Z,Landsat,optical,landsat-c2-l2,2,1.0,100.0,200.54,-407.71,True,during,LC08_L2SP_025031_20230813_02_T2;LC08_L2SP_025032_20230813_02_T2
184498_0,2023-08-13T23:57:24Z,Sentinel-1,radar,sentinel-1-grd,2,0.8947,,207.71,-400.54,True,during,S1A_IW_GRDH_1SDV_20230813T235659_20230813T235724_049864_05FF50;S1A_IW_GRDH_1SDV_20230813T235724_20230813T235749_049864_05FF50
184498_0,2023-08-14T14:33:22Z,Landsat,optical,landsat-c2-l2,1,1.0,20.0,222.31,-385.94,True,during,LE07_L2SP_025032_20230814_02_T1
184498_0,2023-08-14T16:41:26Z,Landsat,optical,landsat-c2-l2,1,0.1964,63.1,224.44,-383.81,True,during,LC09_L2SP_024032_20230814_02_T1
184498_0,2023-08-14T17:12:28Z,Sentinel-2,optical,sentinel-2-l2a,4,0.6484,51.9,224.96,-383.29,True,during,S2A_15TXF_20230814_0_L2A;S2A_15TWF_20230814_0_L2A;S2A_15TXE_20230814_0_L2A;S2A_15TWE_20230814_0_L2A
184498_0,2023-08-16T17:02:32Z,Sentinel-2,optical,sentinel-2-l2a,4,1.0,3.9,272.79,-335.46,True,during,S2B_15TXF_20230816_0_L2A;S2B_15TWF_20230816_0_L2A;S2B_15TXE_20230816_0_L2A;S2B_15TWE_20230816_0_L2A
184498_0,2023-08-19T14:36:44Z,Landsat,optical,landsat-c2-l2,1,0.125,1.0,342.36,-265.89,True,during,LE07_L2SP_026032_20230819_02_T1
184498_0,2023-08-19T17:12:27Z,Sentinel-2,optical,sentinel-2-l2a,4,0.6426,0.3,344.96,-263.29,True,during,S2B_15TXF_20230819_0_L2A;S2B_15TWF_20230819_0_L2A;S2B_15TXE_20230819_0_L2A;S2B_15TWE_20230819_0_L2A
184498_0,2023-08-21T16:47:29Z,Landsat,optical,landsat-c2-l2,2,1.0,25.8,392.54,-215.71,True,during,LC09_L2SP_025031_20230821_02_T1;LC09_L2SP_025032_20230821_02_T1
184498_0,2023-08-21T17:02:33Z,Sentinel-2,optical,sentinel-2-l2a,4,1.0,35.6,392.79,-215.46,True,during,S2A_15TXF_20230821_0_L2A;S2A_15TWF_20230821_0_L2A;S2A_15TXE_20230821_0_L2A;S2A_15TWE_20230821_0_L2A
184498_0,2023-08-22T16:41:39Z,Landsat,optical,landsat-c2-l2,1,0.2306,15.3,416.44,-191.81,True,during,LC08_L2SP_024032_20230822_02_T1
184498_0,2023-08-24T17:12:28Z,Sentinel-2,optical,sentinel-2-l2a,4,0.6315,2.0,464.96,-143.29,True,during,S2A_15TXF_20230824_0_L2A;S2A_15TWF_20230824_0_L2A;S2A_15TXE_20230824_0_L2A;S2A_15TWE_20230824_0_L2A
184498_0,2023-08-25T23:57:25Z,Sentinel-1,radar,sentinel-1-grd,2,0.8999,,495.71,-112.54,True,during,S1A_IW_GRDH_1SDV_20230825T235700_20230825T235725_050039_060545;S1A_IW_GRDH_1SDV_20230825T235725_20230825T235750_050039_060545
184498_0,2023-08-26T17:02:31Z,Sentinel-2,optical,sentinel-2-l2a,4,1.0,94.0,512.79,-95.46,True,during,S2B_15TXF_20230826_0_L2A;S2B_15TWF_20230826_0_L2A;S2B_15TXE_20230826_0_L2A;S2B_15TWE_20230826_0_L2A
184498_0,2023-08-29T16:47:39Z,Landsat,optical,landsat-c2-l2,2,1.0,2.9,584.54,-23.71,True,during,LC08_L2SP_025031_20230829_02_T1;LC08_L2SP_025032_20230829_02_T1
184498_0,2023-08-29T17:12:27Z,Sentinel-2,optical,sentinel-2-l2a,4,0.6357,2.4,584.96,-23.29,True,during,S2B_15TXF_20230829_0_L2A;S2B_15TWF_20230829_0_L2A;S2B_15TXE_20230829_0_L2A;S2B_15TWE_20230829_0_L2A
184498_0,2023-08-30T16:41:36Z,Landsat,optical,landsat-c2-l2,1,0.2284,30.7,608.44,0.19,False,post,LC09_L2SP_024032_20230830_02_T1
184498_0,2023-08-31T00:05:46Z,Sentinel-1,radar,sentinel-1-grd,1,1.0,,615.85,7.6,False,post,S1A_IW_GRDH_1SDV_20230831T000534_20230831T000559_050112_0607D4
184498_0,2023-08-31T14:24:58Z,Landsat,optical,landsat-c2-l2,1,0.3447,0.0,630.17,21.92,False,post,LE07_L2SP_024032_20230831_02_T1
184498_0,2023-08-31T17:02:32Z,Sentinel-2,optical,sentinel-2-l2a,4,1.0,0.2,632.79,24.54,False,post,S2A_15TXF_20230831_0_L2A;S2A_15TWF_20230831_0_L2A;S2A_15TXE_20230831_0_L2A;S2A_15TWE_20230831_0_L2A
184558_0,2023-08-05T00:22:32Z,Sentinel-1,radar,sentinel-1-grd,1,0.124,,-16.66,-24.12,False,pre,S1A_IW_GRDH_1SDV_20230805T002219_20230805T002244_049733_05FAF8
184558_0,2023-08-05T17:31:52Z,Sentinel-2,optical,sentinel-2-l2a,4,0.8679,93.3,0.5,-6.97,True,during,S2B_14TQP_20230805_0_L2A;S2B_14TPP_20230805_0_L2A;S2B_14TQN_20230805_0_L2A;S2B_14TPN_20230805_0_L2A
184558_0,2023-08-07T14:47:32Z,Landsat,optical,landsat-c2-l2,1,0.3962,71.0,45.76,38.29,False,post,LE07_L2SP_027030_20230807_02_T1
184558_0,2023-08-07T17:21:55Z,Sentinel-2,optical,sentinel-2-l2a,6,1.0,33.2,48.33,40.87,False,post,S2A_15TUJ_20230807_0_L2A;S2A_14TQP_20230807_0_L2A;S2A_14TPP_20230807_0_L2A;S2A_15TUH_20230807_0_L2A;S2A_14TQN_20230807_0_L2A;S2A_14TPN_20230807_0_L2A
189673_0,2024-04-30T17:04:57Z,Landsat,optical,landsat-c2-l2,1,1.0,76.9,-7.92,-12.9,False,pre,LC08_L2SP_028030_20240430_02_T1
189673_0,2024-05-01T16:59:01Z,Landsat,optical,landsat-c2-l2,1,0.6516,79.1,15.98,11.0,False,post,LC09_L2SP_027030_20240501_02_T1
189673_0,2024-05-01T17:31:36Z,Sentinel-2,optical,sentinel-2-l2a,2,0.0007,80.3,16.53,11.54,False,post,S2B_15TUJ_20240501_0_L2A;S2B_14TQP_20240501_0_L2A
189673_0,2024-05-02T00:14:36Z,Sentinel-1,radar,sentinel-1-grd,1,1.0,,23.24,18.26,False,post,S1A_IW_GRDH_1SDV_20240502T001424_20240502T001449_053685_06854A
190075_0,2024-05-23T17:21:53Z,Sentinel-2,optical,sentinel-2-l2a,4,1.0,0.4,45.36,36.36,False,post,S2A_15TUH_20240523_1_L2A;S2A_14TQN_20240523_1_L2A;S2A_15TUH_20240523_0_L2A;S2A_14TQN_20240523_0_L2A
190511_0,2024-05-31T00:22:31Z,Sentinel-1,radar,sentinel-1-grd,1,0.223,,-22.62,-28.62,False,pre,S1A_IW_GRDH_1SDV_20240531T002218_20240531T002243_054108_069459
190511_0,2024-05-31T17:31:46Z,Sentinel-2,optical,sentinel-2-l2a,2,0.6961,97.0,-5.47,-11.47,False,pre,S2B_14TQP_20240531_0_L2A;S2B_14TQN_20240531_0_L2A
190511_0,2024-06-01T17:04:39Z,Landsat,optical,landsat-c2-l2,1,1.0,60.4,18.08,12.08,False,post,LC08_L2SP_028030_20240601_02_T1
190511_0,2024-06-02T17:21:52Z,Sentinel-2,optical,sentinel-2-l2a,4,1.0,94.0,42.36,36.36,False,post,S2A_15TUJ_20240602_0_L2A;S2A_14TQP_20240602_0_L2A;S2A_15TUH_20240602_0_L2A;S2A_14TQN_20240602_0_L2A
190777_0,2024-04-29T17:11:23Z,Landsat,optical,landsat-c2-l2,1,0.0,91.3,-36.81,-433.81,False,pre,LC09_L2SP_029030_20240429_02_T2
190777_0,2024-04-30T17:05:09Z,Landsat,optical,landsat-c2-l2,2,1.0,77.5,-12.91,-409.91,False,pre,LC08_L2SP_028030_20240430_02_T1;LC08_L2SP_028031_20240430_02_T1
190777_0,2024-05-01T16:59:13Z,Landsat,optical,landsat-c2-l2,2,0.3038,86.0,10.99,-386.01,True,during,LC09_L2SP_027030_20240501_02_T1;LC09_L2SP_027031_20240501_02_T1
190777_0,2024-05-01T17:31:41Z,Sentinel-2,optical,sentinel-2-l2a,4,0.2922,90.2,11.53,-385.47,True,during,S2B_15TUJ_20240501_0_L2A;S2B_14TQP_20240501_0_L2A;S2B_15TUH_20240501_0_L2A;S2B_14TQN_20240501_0_L2A
190777_0,2024-05-02T00:14:36Z,Sentinel-1,radar,sentinel-1-grd,1,1.0,,18.24,-378.76,True,during,S1A_IW_GRDH_1SDV_20240502T001424_20240502T001449_053685_06854A
190777_0,2024-05-03T17:21:50Z,Sentinel-2,optical,sentinel-2-l2a,4,1.0,33.4,59.36,-337.64,True,during,S2A_15TUJ_20240503_0_L2A;S2A_14TQP_20240503_0_L2A;S2A_15TUH_20240503_0_L2A;S2A_14TQN_20240503_0_L2A
190777_0,2024-05-06T17:31:43Z,Sentinel-2,optical,sentinel-2-l2a,4,0.2933,96.9,131.53,-265.47,True,during,S2A_15TUJ_20240506_0_L2A;S2A_14TQP_20240506_0_L2A;S2A_15TUH_20240506_0_L2A;S2A_14TQN_20240506_0_L2A
190777_0,2024-05-07T17:11:04Z,Landsat,optical,landsat-c2-l2,1,0.0,43.3,155.18,-241.82,True,during,LC08_L2SP_029030_20240507_02_T1
190777_0,2024-05-08T17:05:24Z,Landsat,optical,landsat-c2-l2,2,1.0,73.7,179.09,-217.91,True,during,LC09_L2SP_028030_20240508_02_T1;LC09_L2SP_028031_20240508_02_T1
190777_0,2024-05-08T17:21:48Z,Sentinel-2,optical,sentinel-2-l2a,4,1.0,81.9,179.36,-217.64,True,during,S2B_15TUJ_20240508_0_L2A;S2B_14TQP_20240508_0_L2A;S2B_15TUH_20240508_0_L2A;S2B_14TQN_20240508_0_L2A
190777_0,2024-05-09T16:58:53Z,Landsat,optical,landsat-c2-l2,2,0.33,81.2,202.98,-194.02,True,during,LC08_L2SP_027030_20240509_02_T2;LC08_L2SP_027031_20240509_02_T1
190777_0,2024-05-11T17:31:41Z,Sentinel-2,optical,sentinel-2-l2a,4,0.2945,0.8,251.53,-145.47,True,during,S2B_15TUJ_20240511_0_L2A;S2B_14TQP_20240511_0_L2A;S2B_15TUH_20240511_0_L2A;S2B_14TQN_20240511_0_L2A
190777_0,2024-05-13T17:21:51Z,Sentinel-2,optical,sentinel-2-l2a,4,1.0,71.3,299.36,-97.64,True,during,S2A_15TUJ_20240513_0_L2A;S2A_14TQP_20240513_0_L2A;S2A_15TUH_20240513_0_L2A;S2A_14TQN_20240513_0_L2A
190777_0,2024-05-15T17:11:16Z,Landsat,optical,landsat-c2-l2,1,0.0,81.5,347.19,-49.81,True,during,LC09_L2SP_029030_20240515_02_T1
190777_0,2024-05-16T17:04:55Z,Landsat,optical,landsat-c2-l2,2,1.0,24.1,371.08,-25.92,True,during,LC08_L2SP_028030_20240516_02_T1;LC08_L2SP_028031_20240516_02_T1
190777_0,2024-05-16T17:31:43Z,Sentinel-2,optical,sentinel-2-l2a,4,0.2964,59.5,371.53,-25.47,True,during,S2A_15TUJ_20240516_0_L2A;S2A_14TQP_20240516_0_L2A;S2A_15TUH_20240516_0_L2A;S2A_14TQN_20240516_0_L2A
190777_0,2024-05-17T16:59:05Z,Landsat,optical,landsat-c2-l2,2,0.3102,22.3,394.98,-2.02,True,during,LC09_L2SP_027030_20240517_02_T1;LC09_L2SP_027031_20240517_02_T1
190777_0,2024-05-18T17:21:46Z,Sentinel-2,optical,sentinel-2-l2a,4,1.0,0.1,419.36,22.36,False,post,S2B_15TUJ_20240518_0_L2A;S2B_14TQP_20240518_0_L2A;S2B_15TUH_20240518_0_L2A;S2B_14TQN_20240518_0_L2A
190777_0,2024-05-19T00:22:31Z,Sentinel-1,radar,sentinel-1-grd,1,0.3506,,426.38,29.38,False,post,S1A_IW_GRDH_1SDV_20240519T002219_20240519T002243_053933_068E46
191512_0,2024-05-21T17:31:40Z,Sentinel-2,optical,sentinel-2-l2a,4,0.3033,87.2,-2.47,-252.46,False,pre,S2B_15TUJ_20240521_0_L2A;S2B_14TQP_20240521_0_L2A;S2B_15TUH_20240521_0_L2A;S2B_14TQN_20240521_0_L2A
191512_0,2024-05-23T17:10:51Z,Landsat,optical,landsat-c2-l2,1,0.0,12.3,45.18,-204.8,True,during,LC08_L2SP_029030_20240523_02_T1
191512_0,2024-05-23T17:21:50Z,Sentinel-2,optical,sentinel-2-l2a,6,1.0,1.1,45.36,-204.62,True,during,S2A_15TUJ_20240523_0_L2A;S2A_14TQP_20240523_0_L2A;S2A_15TUH_20240523_1_L2A;S2A_14TQN_20240523_1_L2A;S2A_15TUH_20240523_0_L2A;S2A_14TQN_20240523_0_L2A
191512_0,2024-05-24T17:05:13Z,Landsat,optical,landsat-c2-l2,2,1.0,22.2,69.09,-180.9,True,during,LC09_L2SP_028030_20240524_02_T1;LC09_L2SP_028031_20240524_02_T1
191512_0,2024-05-25T16:58:40Z,Landsat,optical,landsat-c2-l2,2,0.324,33.8,92.98,-157.01,True,during,LC08_L2SP_027030_20240525_02_T1;LC08_L2SP_027031_20240525_02_T1
191512_0,2024-05-26T17:31:41Z,Sentinel-2,optical,sentinel-2-l2a,4,0.3069,67.0,117.53,-132.46,True,during,S2A_15TUJ_20240526_0_L2A;S2A_14TQP_20240526_0_L2A;S2A_15TUH_20240526_0_L2A;S2A_14TQN_20240526_0_L2A
191512_0,2024-05-28T17:21:47Z,Sentinel-2,optical,sentinel-2-l2a,4,1.0,27.1,165.36,-84.62,True,during,S2B_15TUJ_20240528_0_L2A;S2B_14TQP_20240528_0_L2A;S2B_15TUH_20240528_0_L2A;S2B_14TQN_20240528_0_L2A
191512_0,2024-05-31T00:22:31Z,Sentinel-1,radar,sentinel-1-grd,1,0.3507,,220.38,-29.61,True,during,S1A_IW_GRDH_1SDV_20240531T002218_20240531T002243_054108_069459
191512_0,2024-05-31T17:11:09Z,Landsat,optical,landsat-c2-l2,1,0.0,97.3,237.19,-12.8,True,during,LC09_L2SP_029030_20240531_02_T2
191512_0,2024-05-31T17:31:41Z,Sentinel-2,optical,sentinel-2-l2a,4,0.2996,93.0,237.53,-12.46,True,during,S2B_15TUJ_20240531_0_L2A;S2B_14TQP_20240531_0_L2A;S2B_15TUH_20240531_0_L2A;S2B_14TQN_20240531_0_L2A
191512_0,2024-06-01T17:04:51Z,Landsat,optical,landsat-c2-l2,2,1.0,60.4,261.08,11.1,False,post,LC08_L2SP_028030_20240601_02_T1;LC08_L2SP_028031_20240601_02_T1
191512_0,2024-06-02T16:58:59Z,Landsat,optical,landsat-c2-l2,2,0.3289,75.1,284.98,35.0,False,post,LC09_L2SP_027030_20240602_02_T1;LC09_L2SP_027031_20240602_02_T1
191512_0,2024-06-02T17:21:52Z,Sentinel-2,optical,sentinel-2-l2a,4,1.0,94.0,285.36,35.38,False,post,S2A_15TUJ_20240602_0_L2A;S2A_14TQP_20240602_0_L2A;S2A_15TUH_20240602_0_L2A;S2A_14TQN_20240602_0_L2A
191512_1,2024-05-23T17:21:50Z,Sentinel-2,optical,sentinel-2-l2a,6,1.0,1.1,-29.64,-204.62,False,pre,S2A_15TUJ_20240523_0_L2A;S2A_14TQP_20240523_0_L2A;S2A_15TUH_20240523_1_L2A;S2A_14TQN_20240523_1_L2A;S2A_15TUH_20240523_0_L2A;S2A_14TQN_20240523_0_L2A
191512_1,2024-05-24T17:05:01Z,Landsat,optical,landsat-c2-l2,1,1.0,38.8,-5.92,-180.9,False,pre,LC09_L2SP_028030_20240524_02_T1
191512_1,2024-05-25T16:58:28Z,Landsat,optical,landsat-c2-l2,1,0.7689,46.2,17.97,-157.01,True,during,LC08_L2SP_027030_20240525_02_T1
191512_1,2024-05-28T17:21:47Z,Sentinel-2,optical,sentinel-2-l2a,4,1.0,27.1,90.36,-84.62,True,during,S2B_15TUJ_20240528_0_L2A;S2B_14TQP_20240528_0_L2A;S2B_15TUH_20240528_0_L2A;S2B_14TQN_20240528_0_L2A
191512_1,2024-05-31T00:22:31Z,Sentinel-1,radar,sentinel-1-grd,1,0.0714,,145.38,-29.61,True,during,S1A_IW_GRDH_1SDV_20240531T002218_20240531T002243_054108_069459
191512_1,2024-06-01T17:04:39Z,Landsat,optical,landsat-c2-l2,1,1.0,60.4,186.08,11.09,False,post,LC08_L2SP_028030_20240601_02_T1
191512_1,2024-06-02T16:58:47Z,Landsat,optical,landsat-c2-l2,1,0.7769,62.6,209.98,35.0,False,post,LC09_L2SP_027030_20240602_02_T1
191512_1,2024-06-02T17:21:52Z,Sentinel-2,optical,sentinel-2-l2a,4,1.0,94.0,210.36,35.38,False,post,S2A_15TUJ_20240602_0_L2A;S2A_14TQP_20240602_0_L2A;S2A_15TUH_20240602_0_L2A;S2A_14TQN_20240602_0_L2A
191762_0,2024-05-19T16:46:43Z,Landsat,optical,landsat-c2-l2,2,0.1394,63.4,-36.22,-81.22,False,pre,LC09_L2SP_025030_20240519_02_T1;LC09_L2SP_025031_20240519_02_T1
191762_0,2024-05-20T17:12:04Z,Sentinel-2,optical,sentinel-2-l2a,11,0.9334,24.1,-11.8,-56.8,False,pre,S2A_15TWJ_20240520_0_L2A;S2A_15TVJ_20240520_0_L2A;S2A_15TWH_20240520_0_L2A;S2A_15TVH_20240520_0_L2A;S2A_15TUH_20240520_0_L2A;S2A_15TWG_20240520_0_L2A;S2A_15TVG_20240520_0_L2A;S2A_15TUG_20240520_0_L2A;S2A_15TWF_20240520_0_L2A;S2A_15TVF_20240520_0_L2A;S2A_15TUF_20240520_0_L2A
191762_0,2024-05-21T00:06:09Z,Sentinel-1,radar,sentinel-1-grd,3,0.9007,,-4.9,-49.9,False,pre,S1A_IW_GRDH_1SDV_20240521T000532_20240521T000557_053962_068F45;S1A_IW_GRDH_1SDV_20240521T000557_20240521T000622_053962_068F45;S1A_IW_GRDH_1SDV_20240521T000622_20240521T000647_053962_068F45
191762_0,2024-05-22T17:02:13Z,Sentinel-2,optical,sentinel-2-l2a,2,0.0,15.8,36.04,-8.96,True,during,S2B_15TWG_20240522_0_L2A;S2B_15TWF_20240522_0_L2A
191762_0,2024-05-23T17:21:53Z,Sentinel-2,optical,sentinel-2-l2a,13,0.4132,5.7,60.36,15.36,False,post,S2A_15TWJ_20240523_0_L2A;S2A_15TVJ_20240523_0_L2A;S2A_15TUJ_20240523_0_L2A;S2A_15TWH_20240523_0_L2A;S2A_15TVH_20240523_1_L2A;S2A_15TUH_20240523_1_L2A;S2A_15TVG_20240523_1_L2A;S2A_15TVH_20240523_0_L2A;S2A_15TUH_20240523_0_L2A;S2A_15TVG_20240523_0_L2A;S2A_15TUG_20240523_0_L2A;S2A_15TVF_20240523_0_L2A
191762_0,2024-05-24T17:05:13Z,Landsat,optical,landsat-c2-l2,2,0.0111,22.2,84.09,39.09,False,post,LC09_L2SP_028030_20240524_02_T1;LC09_L2SP_028031_20240524_02_T1
191893_0,2024-05-31T00:22:31Z,Sentinel-1,radar,sentinel-1-grd,1,0.0418,,-29.62,-363.62,False,pre,S1A_IW_GRDH_1SDV_20240531T002218_20240531T002243_054108_069459
191893_0,2024-05-31T17:31:36Z,Sentinel-2,optical,sentinel-2-l2a,2,0.0016,86.1,-12.47,-346.47,False,pre,S2B_15TUJ_20240531_0_L2A;S2B_14TQP_20240531_0_L2A
191893_0,2024-06-01T17:04:39Z,Landsat,optical,landsat-c2-l2,1,1.0,60.4,11.08,-322.92,True,during,LC08_L2SP_028030_20240601_02_T1
191893_0,2024-06-02T16:58:47Z,Landsat,optical,landsat-c2-l2,1,0.6944,62.6,34.98,-299.02,True,during,LC09_L2SP_027030_20240602_02_T1
191893_0,2024-06-02T17:21:52Z,Sentinel-2,optical,sentinel-2-l2a,4,1.0,94.0,35.36,-298.64,True,during,S2A_15TUJ_20240602_0_L2A;S2A_14TQP_20240602_0_L2A;S2A_15TUH_20240602_0_L2A;S2A_14TQN_20240602_0_L2A
191893_0,2024-06-05T17:31:41Z,Sentinel-2,optical,sentinel-2-l2a,2,0.0003,66.8,107.53,-226.47,True,during,S2A_15TUJ_20240605_0_L2A;S2A_14TQP_20240605_0_L2A
191893_0,2024-06-07T17:21:51Z,Sentinel-2,optical,sentinel-2-l2a,4,1.0,92.2,155.36,-178.64,True,during,S2B_15TUJ_20240607_0_L2A;S2B_14TQP_20240607_0_L2A;S2B_15TUH_20240607_0_L2A;S2B_14TQN_20240607_0_L2A
191893_0,2024-06-09T17:04:55Z,Landsat,optical,landsat-c2-l2,1,1.0,0.0,203.08,-130.92,True,during,LC09_L2SP_028030_20240609_02_T1
191893_0,2024-06-10T16:58:30Z,Landsat,optical,landsat-c2-l2,1,0.5804,3.5,226.98,-107.02,True,during,LC08_L2SP_027030_20240610_02_T1
191893_0,2024-06-10T17:31:39Z,Sentinel-2,optical,sentinel-2-l2a,2,0.0005,0.2,227.53,-106.47,True,during,S2B_15TUJ_20240610_0_L2A;S2B_14TQP_20240610_0_L2A
191893_0,2024-06-12T00:22:30Z,Sentinel-1,radar,sentinel-1-grd,1,0.0425,,258.38,-75.62,True,during,S1A_IW_GRDH_1SDV_20240612T002218_20240612T002242_054283_069A65
191893_0,2024-06-12T17:21:54Z,Sentinel-2,optical,sentinel-2-l2a,4,1.0,92.8,275.37,-58.63,True,during,S2A_15TUJ_20240612_0_L2A;S2A_14TQP_20240612_0_L2A;S2A_15TUH_20240612_0_L2A;S2A_14TQN_20240612_0_L2A
191893_0,2024-06-15T17:31:41Z,Sentinel-2,optical,sentinel-2-l2a,2,0.0002,100.0,347.53,13.53,False,post,S2A_15TUJ_20240615_0_L2A;S2A_14TQP_20240615_0_L2A
191899_0,2024-06-20T17:31:55Z,Sentinel-2,optical,sentinel-2-l2a,9,0.5977,99.7,-4.22,-252.45,False,pre,S2B_15TUJ_20240620_0_L2A;S2B_14TQP_20240620_0_L2A;S2B_14TPP_20240620_0_L2A;S2B_15TUH_20240620_0_L2A;S2B_14TQN_20240620_0_L2A;S2B_14TPN_20240620_0_L2A;S2B_14TQM_20240620_0_L2A;S2B_15TTG_20240620_0_L2A;S2B_14TPM_20240620_0_L2A
191899_0,2024-06-22T17:22:03Z,Sentinel-2,optical,sentinel-2-l2a,10,1.0,97.9,43.62,-204.62,True,during,S2A_15TUJ_20240622_0_L2A;S2A_14TQP_20240622_0_L2A;S2A_14TPP_20240622_0_L2A;S2A_15TUH_20240622_0_L2A;S2A_14TQN_20240622_0_L2A;S2A_14TPN_20240622_0_L2A;S2A_15TUG_20240622_0_L2A;S2A_14TQM_20240622_0_L2A;S2A_15TTG_20240622_0_L2A;S2A_14TPM_20240622_0_L2A
191899_0,2024-06-24T17:11:14Z,Landsat,optical,landsat-c2-l2,2,0.3068,3.9,91.44,-156.8,True,during,LC08_L2SP_029030_20240624_02_T1;LC08_L2SP_029031_20240624_02_T1
191899_0,2024-06-25T17:04:50Z,Landsat,optical,landsat-c2-l2,2,1.0,24.8,115.33,-132.9,True,during,LC09_L2SP_028030_20240625_02_T1;LC09_L2SP_028031_20240625_02_T1
191899_0,2024-06-25T17:31:56Z,Sentinel-2,optical,sentinel-2-l2a,9,0.5973,29.8,115.78,-132.45,True,during,S2A_15TUJ_20240625_0_L2A;S2A_14TQP_20240625_0_L2A;S2A_14TPP_20240625_0_L2A;S2A_15TUH_20240625_0_L2A;S2A_14TQN_20240625_0_L2A;S2A_14TPN_20240625_0_L2A;S2A_14TQM_20240625_0_L2A;S2A_15TTG_20240625_0_L2A;S2A_14TPM_20240625_0_L2A
191899_0,2024-06-26T16:58:53Z,Landsat,optical,landsat-c2-l2,2,0.1922,0.1,139.23,-109.0,True,during,LC08_L2SP_027030_20240626_02_T1;LC08_L2SP_027031_20240626_02_T1
191899_0,2024-06-27T17:22:02Z,Sentinel-2,optical,sentinel-2-l2a,10,1.0,99.6,163.62,-84.62,True,during,S2B_15TUJ_20240627_0_L2A;S2B_14TQP_20240627_0_L2A;S2B_14TPP_20240627_0_L2A;S2B_15TUH_20240627_0_L2A;S2B_14TQN_20240627_0_L2A;S2B_14TPN_20240627_0_L2A;S2B_15TUG_20240627_0_L2A;S2B_14TQM_20240627_0_L2A;S2B_15TTG_20240627_0_L2A;S2B_14TPM_20240627_0_L2A
191899_0,2024-06-30T17:31:57Z,Sentinel-2,optical,sentinel-2-l2a,9,0.5933,15.4,235.78,-12.45,True,during,S2B_15TUJ_20240630_0_L2A;S2B_14TQP_20240630_0_L2A;S2B_14TPP_20240630_0_L2A;S2B_15TUH_20240630_0_L2A;S2B_14TQN_20240630_0_L2A;S2B_14TPN_20240630_0_L2A;S2B_14TQM_20240630_0_L2A;S2B_15TTG_20240630_0_L2A;S2B_14TPM_20240630_0_L2A
191899_0,2024-07-01T00:14:22Z,Sentinel-1,radar,sentinel-1-grd,2,0.8807,,242.49,-5.74,True,during,S1A_IW_GRDH_1SDV_20240701T001357_20240701T001422_054560_06A400;S1A_IW_GRDH_1SDV_20240701T001422_20240701T001447_054560_06A400
191899_0,2024-07-02T17:11:11Z,Landsat,optical,landsat-c2-l2,2,0.3036,85.1,283.44,35.2,False,post,LC09_L2SP_029030_20240702_02_T2;LC09_L2SP_029031_20240702_02_T2
191899_0,2024-07-02T17:22:02Z,Sentinel-2,optical,sentinel-2-l2a,10,1.0,100.0,283.62,35.38,False,post,S2A_15TUJ_20240702_0_L2A;S2A_14TQP_20240702_0_L2A;S2A_14TPP_20240702_0_L2A;S2A_15TUH_20240702_0_L2A;S2A_14TQN_20240702_0_L2A;S2A_14TPN_20240702_0_L2A;S2A_15TUG_20240702_0_L2A;S2A_14TQM_20240702_0_L2A;S2A_15TTG_20240702_0_L2A;S2A_14TPM_20240702_0_L2A
191899_1,2024-06-24T17:11:14Z,Landsat,optical,landsat-c2-l2,2,0.2582,3.9,-7.81,-61.81,False,pre,LC08_L2SP_029030_20240624_02_T1;LC08_L2SP_029031_20240624_02_T1
191899_1,2024-06-25T17:04:50Z,Landsat,optical,landsat-c2-l2,2,1.0,24.8,16.08,-37.92,True,during,LC09_L2SP_028030_20240625_02_T1;LC09_L2SP_028031_20240625_02_T1
191899_1,2024-06-25T17:32:11Z,Sentinel-2,optical,sentinel-2-l2a,5,0.8422,31.0,16.54,-37.46,True,during,S2A_14TQN_20240625_0_L2A;S2A_14TPN_20240625_0_L2A;S2A_14TQM_20240625_0_L2A;S2A_15TTG_20240625_0_L2A;S2A_14TPM_20240625_0_L2A
191899_1,2024-06-27T17:22:15Z,Sentinel-2,optical,sentinel-2-l2a,5,1.0,100.0,64.37,10.37,False,post,S2B_14TQN_20240627_0_L2A;S2B_14TPN_20240627_0_L2A;S2B_14TQM_20240627_0_L2A;S2B_15TTG_20240627_0_L2A;S2B_14TPM_20240627_0_L2A
191984_0,2024-05-02T00:13:59Z,Sentinel-1,radar,sentinel-1-grd,2,0.6036,,-17.27,-40.27,False,pre,S1A_IW_GRDH_1SDV_20240502T001334_20240502T001359_053685_06854A;S1A_IW_GRDH_1SDV_20240502T001359_20240502T001424_053685_06854A
191984_0,2024-05-02T16:53:09Z,Landsat,optical,landsat-c2-l2,2,1.0,100.0,-0.61,-23.61,False,pre,LC08_L2SP_026031_20240502_02_T2;LC08_L2SP_026032_20240502_02_T2
191984_0,2024-05-03T16:47:15Z,Landsat,optical,landsat-c2-l2,2,0.3879,3.6,23.29,0.29,False,post,LC09_L2SP_025031_20240503_02_T1;LC09_L2SP_025032_20240503_02_T1
192209_0,2024-05-20T17:12:04Z,Sentinel-2,optical,sentinel-2-l2a,11,0.8824,24.1,-26.3,-215.05,False,pre,S2A_15TWJ_20240520_0_L2A;S2A_15TVJ_20240520_0_L2A;S2A_15TWH_20240520_0_L2A;S2A_15TVH_20240520_0_L2A;S2A_15TUH_20240520_0_L2A;S2A_15TWG_20240520_0_L2A;S2A_15TVG_20240520_0_L2A;S2A_15TUG_20240520_0_L2A;S2A_15TWF_20240520_0_L2A;S2A_15TVF_20240520_0_L2A;S2A_15TUF_20240520_0_L2A
192209_0,2024-05-21T00:06:09Z,Sentinel-1,radar,sentinel-1-grd,3,0.8777,,-19.4,-208.15,False,pre,S1A_IW_GRDH_1SDV_20240521T000532_20240521T000557_053962_068F45;S1A_IW_GRDH_1SDV_20240521T000557_20240521T000622_053962_068F45;S1A_IW_GRDH_1SDV_20240521T000622_20240521T000647_053962_068F45
192209_0,2024-05-22T17:02:13Z,Sentinel-2,optical,sentinel-2-l2a,2,0.0,15.8,21.54,-167.21,True,during,S2B_15TWG_20240522_0_L2A;S2B_15TWF_20240522_0_L2A
192209_0,2024-05-23T17:21:53Z,Sentinel-2,optical,sentinel-2-l2a,13,0.4317,5.7,45.86,-142.89,True,during,S2A_15TWJ_20240523_0_L2A;S2A_15TVJ_20240523_0_L2A;S2A_15TUJ_20240523_0_L2A;S2A_15TWH_20240523_0_L2A;S2A_15TVH_20240523_1_L2A;S2A_15TUH_20240523_1_L2A;S2A_15TVG_20240523_1_L2A;S2A_15TVH_20240523_0_L2A;S2A_15TUH_20240523_0_L2A;S2A_15TVG_20240523_0_L2A;S2A_15TUG_20240523_0_L2A;S2A_15TVF_20240523_0_L2A
192209_0,2024-05-24T17:05:01Z,Landsat,optical,landsat-c2-l2,1,0.0214,38.8,69.58,-119.17,True,during,LC09_L2SP_028030_20240524_02_T1
192209_0,2024-05-25T16:58:40Z,Landsat,optical,landsat-c2-l2,2,0.4658,33.8,93.48,-95.27,True,during,LC08_L2SP_027030_20240525_02_T1;LC08_L2SP_027031_20240525_02_T1
192209_0,2024-05-25T17:12:03Z,Sentinel-2,optical,sentinel-2-l2a,11,0.8818,16.7,93.7,-95.05,True,during,S2B_15TWJ_20240525_0_L2A;S2B_15TVJ_20240525_0_L2A;S2B_15TWH_20240525_0_L2A;S2B_15TVH_20240525_0_L2A;S2B_15TUH_20240525_0_L2A;S2B_15TWG_20240525_0_L2A;S2B_15TVG_20240525_0_L2A;S2B_15TUG_20240525_0_L2A;S2B_15TWF_20240525_0_L2A;S2B_15TVF_20240525_0_L2A;S2B_15TUF_20240525_0_L2A
192209_0,2024-05-26T16:52:49Z,Landsat,optical,landsat-c2-l2,2,0.6484,80.9,117.38,-71.37,True,during,LC09_L2SP_026030_20240526_02_T2;LC09_L2SP_026031_20240526_02_T1
192209_0,2024-05-27T16:46:18Z,Landsat,optical,landsat-c2-l2,2,0.1501,63.8,141.27,-47.48,True,during,LC08_L2SP_025030_20240527_02_T1;LC08_L2SP_025031_20240527_02_T1
192209_0,2024-05-27T17:02:15Z,Sentinel-2,optical,sentinel-2-l2a,2,0.0,73.8,141.54,-47.21,True,during,S2A_15TWG_20240527_0_L2A;S2A_15TWF_20240527_0_L2A
192209_0,2024-05-27T23:58:05Z,Sentinel-1,radar,sentinel-1-grd,1,0.0102,,148.47,-40.28,True,during,S1A_IW_GRDH_1SDV_20240527T235748_20240527T235821_054064_0692D1
192209_0,2024-05-28T17:21:51Z,Sentinel-2,optical,sentinel-2-l2a,10,0.4286,27.1,165.86,-22.89,True,during,S2B_15TWJ_20240528_0_L2A;S2B_15TVJ_20240528_0_L2A;S2B_15TUJ_20240528_0_L2A;S2B_15TWH_20240528_0_L2A;S2B_15TVH_20240528_0_L2A;S2B_15TUH_20240528_0_L2A;S2B_15TVG_20240528_0_L2A;S2B_15TUG_20240528_0_L2A;S2B_15TVF_20240528_0_L2A;S2B_15TUF_20240528_0_L2A
192209_0,2024-05-30T17:12:06Z,Sentinel-2,optical,sentinel-2-l2a,11,0.8874,61.7,213.7,24.95,False,post,S2A_15TWJ_20240530_0_L2A;S2A_15TVJ_20240530_0_L2A;S2A_15TWH_20240530_0_L2A;S2A_15TVH_20240530_0_L2A;S2A_15TUH_20240530_0_L2A;S2A_15TWG_20240530_0_L2A;S2A_15TVG_20240530_0_L2A;S2A_15TUG_20240530_0_L2A;S2A_15TWF_20240530_0_L2A;S2A_15TVF_20240530_0_L2A;S2A_15TUF_20240530_0_L2A
192209_1,2024-05-23T17:21:43Z,Sentinel-2,optical,sentinel-2-l2a,2,1.0,0.2,-32.39,-60.39,False,pre,S2A_15TUJ_20240523_0_L2A;S2A_15TUH_20240523_1_L2A
192209_1,2024-05-24T17:05:01Z,Landsat,optical,landsat-c2-l2,1,1.0,38.8,-8.67,-36.67,False,pre,LC09_L2SP_028030_20240524_02_T1
192209_1,2024-05-25T16:58:28Z,Landsat,optical,landsat-c2-l2,1,1.0,46.2,15.22,-12.78,True,during,LC08_L2SP_027030_20240525_02_T1
192821_0,2024-06-15T17:31:41Z,Sentinel-2,optical,sentinel-2-l2a,2,0.0002,100.0,-10.47,-372.46,False,pre,S2A_15TUJ_20240615_0_L2A;S2A_14TQP_20240615_0_L2A
192821_0,2024-06-17T17:04:46Z,Landsat,optical,landsat-c2-l2,1,1.0,95.1,37.08,-324.9,True,during,LC08_L2SP_028030_20240617_02_T1
192821_0,2024-06-17T17:21:50Z,Sentinel-2,optical,sentinel-2-l2a,4,1.0,96.7,37.36,-324.62,True,during,S2B_15TUJ_20240617_0_L2A;S2B_14TQP_20240617_0_L2A;S2B_15TUH_20240617_0_L2A;S2B_14TQN_20240617_0_L2A
192821_0,2024-06-18T16:58:33Z,Landsat,optical,landsat-c2-l2,1,0.661,77.0,60.98,-301.01,True,during,LC09_L2SP_027030_20240618_02_T2
192821_0,2024-06-20T17:31:38Z,Sentinel-2,optical,sentinel-2-l2a,2,0.0014,100.0,109.53,-252.46,True,during,S2B_15TUJ_20240620_0_L2A;S2B_14TQP_20240620_0_L2A
192821_0,2024-06-22T17:21:52Z,Sentinel-2,optical,sentinel-2-l2a,4,1.0,99.9,157.36,-204.62,True,during,S2A_15TUJ_20240622_0_L2A;S2A_14TQP_20240622_0_L2A;S2A_15TUH_20240622_0_L2A;S2A_14TQN_20240622_0_L2A
192821_0,2024-06-25T17:04:39Z,Landsat,optical,landsat-c2-l2,1,1.0,23.5,229.08,-132.91,True,during,LC09_L2SP_028030_20240625_02_T1
192821_0,2024-06-25T17:31:39Z,Sentinel-2,optical,sentinel-2-l2a,2,0.0013,39.3,229.53,-132.46,True,during,S2A_15TUJ_20240625_0_L2A;S2A_14TQP_20240625_0_L2A
192821_0,2024-06-26T16:58:41Z,Landsat,optical,landsat-c2-l2,1,0.6022,0.1,252.98,-109.01,True,during,LC08_L2SP_027030_20240626_02_T1
192821_0,2024-06-27T17:21:51Z,Sentinel-2,optical,sentinel-2-l2a,4,1.0,99.4,277.36,-84.62,True,during,S2B_15TUJ_20240627_0_L2A;S2B_14TQP_20240627_0_L2A;S2B_15TUH_20240627_0_L2A;S2B_14TQN_20240627_0_L2A
192821_0,2024-06-30T17:31:39Z,Sentinel-2,optical,sentinel-2-l2a,2,0.0006,0.0,349.53,-12.46,True,during,S2B_15TUJ_20240630_0_L2A;S2B_14TQP_20240630_0_L2A
192821_0,2024-07-01T00:14:34Z,Sentinel-1,radar,sentinel-1-grd,1,1.0,,356.24,-5.74,True,during,S1A_IW_GRDH_1SDV_20240701T001422_20240701T001447_054560_06A400
192821_0,2024-07-02T17:21:51Z,Sentinel-2,optical,sentinel-2-l2a,4,1.0,100.0,397.36,35.38,False,post,S2A_15TUJ_20240702_0_L2A;S2A_14TQP_20240702_0_L2A;S2A_15TUH_20240702_0_L2A;S2A_14TQN_20240702_0_L2A
192828_0,2024-06-03T16:52:18Z,Landsat,optical,landsat-c2-l2,1,0.7608,66.0,-5.63,-5.88,False,pre,LC08_L2SP_026030_20240603_02_T1
192828_0,2024-06-04T16:46:25Z,Landsat,optical,landsat-c2-l2,1,1.0,82.4,18.27,18.02,False,post,LC09_L2SP_025030_20240604_02_T1
192828_0,2024-06-04T17:11:40Z,Sentinel-2,optical,sentinel-2-l2a,2,1.0,96.8,18.69,18.44,False,post,S2B_15TXJ_20240604_0_L2A;S2B_15TXH_20240604_0_L2A
192874_0,2024-06-04T17:11:55Z,Sentinel-2,optical,sentinel-2-l2a,3,0.4699,66.6,-5.38,-8.3,False,pre,S2B_15TVJ_20240604_0_L2A;S2B_15TVH_20240604_0_L2A;S2B_15TUH_20240604_0_L2A
192935_0,2024-06-15T17:31:41Z,Sentinel-2,optical,sentinel-2-l2a,2,0.0004,100.0,-8.87,-11.22,False,pre,S2A_15TUJ_20240615_0_L2A;S2A_14TQP_20240615_0_L2A
192935_0,2024-06-17T17:04:46Z,Landsat,optical,landsat-c2-l2,1,1.0,95.1,38.68,36.33,False,post,LC08_L2SP_028030_20240617_02_T1
192935_0,2024-06-17T17:21:50Z,Sentinel-2,optical,sentinel-2-l2a,4,1.0,96.7,38.96,36.61,False,post,S2B_15TUJ_20240617_0_L2A;S2B_14TQP_20240617_0_L2A;S2B_15TUH_20240617_0_L2A;S2B_14TQN_20240617_0_L2A
192939_0,2024-07-14T16:46:43Z,Landsat,optical,landsat-c2-l2,2,0.5956,24.7,-29.89,-36.22,False,pre,LC08_L2SP_025030_20240714_02_T1;LC08_L2SP_025031_20240714_02_T1
192939_0,2024-07-14T17:11:59Z,Sentinel-2,optical,sentinel-2-l2a,2,1.0,57.5,-29.47,-35.8,False,pre,S2B_15TWH_20240714_0_L2A;S2B_15TWG_20240714_0_L2A
192939_0,2024-07-14T23:58:03Z,Sentinel-1,radar,sentinel-1-grd,1,0.0851,,-22.7,-29.03,False,pre,S1A_IW_GRDH_1SDV_20240714T235746_20240714T235819_054764_06AB0F
192942_0,2024-06-04T16:46:37Z,Landsat,optical,landsat-c2-l2,2,1.0,88.2,20.44,18.78,False,post,LC09_L2SP_025030_20240604_02_T1;LC09_L2SP_025031_20240604_02_T2
192942_0,2024-06-04T17:11:54Z,Sentinel-2,optical,sentinel-2-l2a,2,0.7993,98.0,20.87,19.2,False,post,S2B_15TXH_20240604_0_L2A;S2B_15TXG_20240604_0_L2A
192942_0,2024-06-05T16:40:09Z,Landsat,optical,landsat-c2-l2,2,0.3268,5.6,44.34,42.67,False,post,LC08_L2SP_024030_20240605_02_T1;LC08_L2SP_024031_20240605_02_T1
193225_0,2024-06-22T17:21:48Z,Sentinel-2,optical,sentinel-2-l2a,4,1.0,88.7,10.86,-9.64,True,during,S2A_15TVJ_20240622_0_L2A;S2A_15TUJ_20240622_0_L2A;S2A_15TVH_20240622_0_L2A;S2A_15TUH_20240622_0_L2A
193225_0,2024-06-24T17:11:55Z,Sentinel-2,optical,sentinel-2-l2a,5,0.3674,0.0,58.7,38.2,False,post,S2B_15TVJ_20240624_0_L2A;S2B_15TVH_20240624_0_L2A;S2B_15TUH_20240624_0_L2A;S2B_15TVH_20240624_1_L2A;S2B_15TUH_20240624_1_L2A
193311_0,2024-06-19T16:52:38Z,Landsat,optical,landsat-c2-l2,2,0.3592,100.0,-44.37,-277.11,False,pre,LC08_L2SP_026030_20240619_02_T2;LC08_L2SP_026031_20240619_02_T2
193311_0,2024-06-19T17:12:00Z,Sentinel-2,optical,sentinel-2-l2a,8,0.6722,99.8,-44.05,-276.78,False,pre,S2A_15TWJ_20240619_0_L2A;S2A_15TVJ_20240619_0_L2A;S2A_15TWH_20240619_0_L2A;S2A_15TVH_20240619_0_L2A;S2A_15TUH_20240619_0_L2A;S2A_15TWG_20240619_0_L2A;S2A_15TVG_20240619_0_L2A;S2A_15TUG_20240619_0_L2A
193311_0,2024-06-20T16:46:20Z,Landsat,optical,landsat-c2-l2,2,0.073,83.4,-20.48,-253.21,False,pre,LC09_L2SP_025030_20240620_02_T2;LC09_L2SP_025031_20240620_02_T1
193311_0,2024-06-20T23:58:04Z,Sentinel-1,radar,sentinel-1-grd,1,0.0095,,-13.28,-246.02,False,pre,S1A_IW_GRDH_1SDV_20240620T235747_20240620T235820_054414_069EEB
193311_0,2024-06-22T17:21:48Z,Sentinel-2,optical,sentinel-2-l2a,8,0.7575,79.2,28.11,-204.62,True,during,S2A_15TWJ_20240622_0_L2A;S2A_15TVJ_20240622_0_L2A;S2A_15TUJ_20240622_0_L2A;S2A_15TWH_20240622_0_L2A;S2A_15TVH_20240622_0_L2A;S2A_15TUH_20240622_0_L2A;S2A_15TVG_20240622_0_L2A;S2A_15TUG_20240622_0_L2A
193311_0,2024-06-24T17:11:58Z,Sentinel-2,optical,sentinel-2-l2a,11,0.6659,7.7,75.95,-156.78,True,during,S2B_15TWJ_20240624_0_L2A;S2B_15TVJ_20240624_0_L2A;S2B_15TWH_20240624_1_L2A;S2B_15TVH_20240624_0_L2A;S2B_15TUH_20240624_0_L2A;S2B_15TWH_20240624_0_L2A;S2B_15TVH_20240624_1_L2A;S2B_15TUH_20240624_1_L2A;S2B_15TWG_20240624_1_L2A;S2B_15TVG_20240624_0_L2A;S2B_15TUG_20240624_0_L2A
193311_0,2024-06-25T17:04:50Z,Landsat,optical,landsat-c2-l2,2,0.2225,24.8,99.83,-132.9,True,during,LC09_L2SP_028030_20240625_02_T1;LC09_L2SP_028031_20240625_02_T1
193311_0,2024-06-26T16:58:53Z,Landsat,optical,landsat-c2-l2,2,0.7688,0.1,123.73,-109.0,True,during,LC08_L2SP_027030_20240626_02_T1;LC08_L2SP_027031_20240626_02_T1
193311_0,2024-06-27T16:52:29Z,Landsat,optical,landsat-c2-l2,2,0.3588,40.0,147.62,-85.11,True,during,LC09_L2SP_026030_20240627_02_T1;LC09_L2SP_026031_20240627_02_T1
193311_0,2024-06-27T17:21:47Z,Sentinel-2,optical,sentinel-2-l2a,8,0.7573,93.2,148.11,-84.62,True,during,S2B_15TWJ_20240627_0_L2A;S2B_15TVJ_20240627_0_L2A;S2B_15TUJ_20240627_0_L2A;S2B_15TWH_20240627_0_L2A;S2B_15TVH_20240627_0_L2A;S2B_15TUH_20240627_0_L2A;S2B_15TVG_20240627_0_L2A;S2B_15TUG_20240627_0_L2A
193311_0,2024-06-28T16:46:32Z,Landsat,optical,landsat-c2-l2,2,0.0677,47.9,171.53,-61.21,True,during,LC08_L2SP_025030_20240628_02_T2;LC08_L2SP_025031_20240628_02_T2
193311_0,2024-06-29T17:11:58Z,Sentinel-2,optical,sentinel-2-l2a,8,0.6652,38.2,195.95,-36.78,True,during,S2A_15TWJ_20240629_0_L2A;S2A_15TVJ_20240629_0_L2A;S2A_15TWH_20240629_0_L2A;S2A_15TVH_20240629_0_L2A;S2A_15TUH_20240629_0_L2A;S2A_15TWG_20240629_0_L2A;S2A_15TVG_20240629_0_L2A;S2A_15TUG_20240629_0_L2A
193311_0,2024-07-01T00:14:22Z,Sentinel-1,radar,sentinel-1-grd,2,0.7042,,226.99,-5.74,True,during,S1A_IW_GRDH_1SDV_20240701T001357_20240701T001422_054560_06A400;S1A_IW_GRDH_1SDV_20240701T001422_20240701T001447_054560_06A400
193311_0,2024-07-02T17:21:47Z,Sentinel-2,optical,sentinel-2-l2a,8,0.7582,99.9,268.11,35.38,False,post,S2A_15TWJ_20240702_0_L2A;S2A_15TVJ_20240702_0_L2A;S2A_15TUJ_20240702_0_L2A;S2A_15TWH_20240702_0_L2A;S2A_15TVH_20240702_0_L2A;S2A_15TUH_20240702_0_L2A;S2A_15TVG_20240702_0_L2A;S2A_15TUG_20240702_0_L2A
193311_0,2024-07-02T23:58:03Z,Sentinel-1,radar,sentinel-1-grd,1,0.0094,,274.72,41.98,False,post,S1A_IW_GRDH_1SDV_20240702T235746_20240702T235819_054589_06A502
193311_1,2024-06-24T17:11:58Z,Sentinel-2,optical,sentinel-2-l2a,3,1.0,3.4,0.2,-77.55,True,during,S2B_15TWH_20240624_1_L2A;S2B_15TWH_20240624_0_L2A;S2B_15TWG_20240624_1_L2A
193311_1,2024-06-27T16:52:29Z,Landsat,optical,landsat-c2-l2,2,1.0,40.0,71.87,-5.88,True,during,LC09_L2SP_026030_20240627_02_T1;LC09_L2SP_026031_20240627_02_T1
193311_1,2024-06-28T16:46:32Z,Landsat,optical,landsat-c2-l2,2,0.5721,47.9,95.78,18.03,False,post,LC08_L2SP_025030_20240628_02_T2;LC08_L2SP_025031_20240628_02_T2
193311_1,2024-06-29T17:11:59Z,Sentinel-2,optical,sentinel-2-l2a,2,1.0,12.1,120.2,42.45,False,post,S2A_15TWH_20240629_0_L2A;S2A_15TWG_20240629_0_L2A
193340_0,2024-06-20T16:46:20Z,Landsat,optical,landsat-c2-l2,2,1.0,83.4,-46.08,-54.39,False,pre,LC09_L2SP_025030_20240620_02_T2;LC09_L2SP_025031_20240620_02_T1
193340_0,2024-06-20T23:58:04Z,Sentinel-1,radar,sentinel-1-grd,1,1.0,,-38.88,-47.2,False,pre,S1A_IW_GRDH_1SDV_20240620T235747_20240620T235820_054414_069EEB
193340_0,2024-06-21T17:01:51Z,Sentinel-2,optical,sentinel-2-l2a,3,0.6645,43.5,-21.82,-30.14,False,pre,S2B_15TXJ_20240621_0_L2A;S2B_15TXH_20240621_0_L2A;S2B_15TWH_20240621_0_L2A
193340_0,2024-06-24T17:11:43Z,Sentinel-2,optical,sentinel-2-l2a,4,1.0,39.7,50.35,42.03,False,post,S2B_15TXJ_20240624_0_L2A;S2B_15TWJ_20240624_0_L2A;S2B_15TXH_20240624_0_L2A;S2B_15TWH_20240624_1_L2A
193360_0,2024-06-20T16:46:20Z,Landsat,optical,landsat-c2-l2,2,0.5476,83.4,-38.23,-253.21,False,pre,LC09_L2SP_025030_20240620_02_T2;LC09_L2SP_025031_20240620_02_T1
193360_0,2024-06-20T23:58:04Z,Sentinel-1,radar,sentinel-1-grd,1,0.6353,,-31.03,-246.02,False,pre,S1A_IW_GRDH_1SDV_20240620T235747_20240620T235820_054414_069EEB
193360_0,2024-06-21T17:01:51Z,Sentinel-2,optical,sentinel-2-l2a,3,0.3681,43.5,-13.97,-228.95,False,pre,S2B_15TXJ_20240621_0_L2A;S2B_15TXH_20240621_0_L2A;S2B_15TWH_20240621_0_L2A
193360_0,2024-06-22T17:21:41Z,Sentinel-2,optical,sentinel-2-l2a,4,0.0303,61.4,10.36,-204.62,True,during,S2A_15TWJ_20240622_0_L2A;S2A_15TVJ_20240622_0_L2A;S2A_15TWH_20240622_0_L2A;S2A_15TVH_20240622_0_L2A
193360_0,2024-06-24T17:11:49Z,Sentinel-2,optical,sentinel-2-l2a,8,1.0,19.9,58.2,-156.79,True,during,S2B_15TXJ_20240624_0_L2A;S2B_15TWJ_20240624_0_L2A;S2B_15TVJ_20240624_0_L2A;S2B_15TXH_20240624_0_L2A;S2B_15TWH_20240624_1_L2A;S2B_15TVH_20240624_0_L2A;S2B_15TWH_20240624_0_L2A;S2B_15TVH_20240624_1_L2A
193360_0,2024-06-26T16:58:41Z,Landsat,optical,landsat-c2-l2,1,0.0973,0.1,105.98,-109.01,True,during,LC08_L2SP_027030_20240626_02_T1
193360_0,2024-06-26T17:01:52Z,Sentinel-2,optical,sentinel-2-l2a,3,0.3689,0.4,106.03,-108.95,True,during,S2A_15TXJ_20240626_0_L2A;S2A_15TXH_20240626_0_L2A;S2A_15TWH_20240626_0_L2A
193360_0,2024-06-27T16:52:29Z,Landsat,optical,landsat-c2-l2,2,0.8559,40.0,129.87,-85.11,True,during,LC09_L2SP_026030_20240627_02_T1;LC09_L2SP_026031_20240627_02_T1
193360_0,2024-06-27T17:21:40Z,Sentinel-2,optical,sentinel-2-l2a,4,0.0296,91.0,130.36,-84.62,True,during,S2B_15TWJ_20240627_0_L2A;S2B_15TVJ_20240627_0_L2A;S2B_15TWH_20240627_0_L2A;S2B_15TVH_20240627_0_L2A
193360_0,2024-06-28T16:46:32Z,Landsat,optical,landsat-c2-l2,2,0.5365,47.9,153.78,-61.21,True,during,LC08_L2SP_025030_20240628_02_T2;LC08_L2SP_025031_20240628_02_T2
193360_0,2024-06-29T17:11:44Z,Sentinel-2,optical,sentinel-2-l2a,6,1.0,36.6,178.2,-36.79,True,during,S2A_15TXJ_20240629_0_L2A;S2A_15TWJ_20240629_0_L2A;S2A_15TVJ_20240629_0_L2A;S2A_15TXH_20240629_0_L2A;S2A_15TWH_20240629_0_L2A;S2A_15TVH_20240629_0_L2A
193360_0,2024-07-01T17:01:53Z,Sentinel-2,optical,sentinel-2-l2a,3,0.3697,89.8,226.03,11.05,False,post,S2B_15TXJ_20240701_0_L2A;S2B_15TXH_20240701_0_L2A;S2B_15TWH_20240701_0_L2A
193360_0,2024-07-02T17:21:40Z,Sentinel-2,optical,sentinel-2-l2a,4,0.0325,100.0,250.36,35.38,False,post,S2A_15TWJ_20240702_0_L2A;S2A_15TVJ_20240702_0_L2A;S2A_15TWH_20240702_0_L2A;S2A_15TVH_20240702_0_L2A
193360_0,2024-07-02T23:58:03Z,Sentinel-1,radar,sentinel-1-grd,1,0.635,,256.97,41.98,False,post,S1A_IW_GRDH_1SDV_20240702T235746_20240702T235819_054589_06A502
193362_0,2024-06-24T17:11:48Z,Sentinel-2,optical,sentinel-2-l2a,1,1.0,34.8,-42.8,-156.79,False,pre,S2B_15TXH_20240624_0_L2A
193362_0,2024-06-26T17:01:52Z,Sentinel-2,optical,sentinel-2-l2a,1,1.0,0.0,5.03,-108.95,True,during,S2A_15TXH_20240626_0_L2A
193362_0,2024-06-27T16:52:17Z,Landsat,optical,landsat-c2-l2,1,0.4191,35.6,28.87,-85.11,True,during,LC09_L2SP_026030_20240627_02_T1
193362_0,2024-06-28T16:46:32Z,Landsat,optical,landsat-c2-l2,2,1.0,47.9,52.78,-61.21,True,during,LC08_L2SP_025030_20240628_02_T2;LC08_L2SP_025031_20240628_02_T2
193362_0,2024-06-29T17:11:48Z,Sentinel-2,optical,sentinel-2-l2a,1,1.0,26.4,77.2,-36.79,True,during,S2A_15TXH_20240629_0_L2A
193362_0,2024-07-01T17:01:53Z,Sentinel-2,optical,sentinel-2-l2a,1,1.0,99.9,125.03,11.05,False,post,S2B_15TXH_20240701_0_L2A
193362_0,2024-07-02T23:58:03Z,Sentinel-1,radar,sentinel-1-grd,1,1.0,,155.97,41.98,False,post,S1A_IW_GRDH_1SDV_20240702T235746_20240702T235819_054589_06A502
193362_1,2024-06-28T16:46:20Z,Landsat,optical,landsat-c2-l2,1,1.0,27.3,-42.23,-61.21,False,pre,LC08_L2SP_025030_20240628_02_T2
193362_1,2024-06-29T17:11:41Z,Sentinel-2,optical,sentinel-2-l2a,2,1.0,21.4,-17.81,-36.79,False,pre,S2A_15TXJ_20240629_0_L2A;S2A_15TXH_20240629_0_L2A
193362_1,2024-07-01T17:01:45Z,Sentinel-2,optical,sentinel-2-l2a,2,0.9927,84.6,30.03,11.05,False,post,S2B_15TXJ_20240701_0_L2A;S2B_15TXH_20240701_0_L2A
193362_1,2024-07-02T23:58:03Z,Sentinel-1,radar,sentinel-1-grd,1,1.0,,60.97,41.98,False,post,S1A_IW_GRDH_1SDV_20240702T235746_20240702T235819_054589_06A502
193882_0,2024-06-20T17:31:50Z,Sentinel-2,optical,sentinel-2-l2a,4,1.0,99.8,-6.47,-20.97,False,pre,S2B_14TQP_20240620_0_L2A;S2B_14TPP_20240620_0_L2A;S2B_14TQN_20240620_0_L2A;S2B_14TPN_20240620_0_L2A
193882_0,2024-06-22T17:21:56Z,Sentinel-2,optical,sentinel-2-l2a,4,1.0,99.9,41.37,26.87,False,post,S2A_14TQP_20240622_0_L2A;S2A_14TPP_20240622_0_L2A;S2A_14TQN_20240622_0_L2A;S2A_14TPN_20240622_0_L2A
193888_0,2024-06-29T17:11:41Z,Sentinel-2,optical,sentinel-2-l2a,2,1.0,21.4,-36.81,-444.06,False,pre,S2A_15TXJ_20240629_0_L2A;S2A_15TXH_20240629_0_L2A
193888_0,2024-07-01T17:01:45Z,Sentinel-2,optical,sentinel-2-l2a,2,0.9967,84.6,11.03,-396.22,True,during,S2B_15TXJ_20240701_0_L2A;S2B_15TXH_20240701_0_L2A
193888_0,2024-07-02T23:58:03Z,Sentinel-1,radar,sentinel-1-grd,1,1.0,,41.97,-365.28,True,during,S1A_IW_GRDH_1SDV_20240702T235746_20240702T235819_054589_06A502
193888_0,2024-07-04T17:11:41Z,Sentinel-2,optical,sentinel-2-l2a,2,1.0,98.5,83.19,-324.06,True,during,S2B_15TXJ_20240704_0_L2A;S2B_15TXH_20240704_0_L2A
193888_0,2024-07-05T16:52:34Z,Landsat,optical,landsat-c2-l2,1,0.5663,74.0,106.88,-300.37,True,during,LC08_L2SP_026030_20240705_02_T2
193888_0,2024-07-06T16:46:34Z,Landsat,optical,landsat-c2-l2,2,1.0,16.0,130.78,-276.47,True,during,LC09_L2SP_025030_20240706_02_T1;LC09_L2SP_025031_20240706_02_T1
193888_0,2024-07-06T17:01:45Z,Sentinel-2,optical,sentinel-2-l2a,2,0.9962,16.0,131.03,-276.22,True,during,S2A_15TXJ_20240706_0_L2A;S2A_15TXH_20240706_0_L2A
193888_0,2024-07-09T17:11:41Z,Sentinel-2,optical,sentinel-2-l2a,2,1.0,93.6,203.19,-204.06,True,during,S2A_15TXJ_20240709_0_L2A;S2A_15TXH_20240709_0_L2A
193888_0,2024-07-11T17:01:43Z,Sentinel-2,optical,sentinel-2-l2a,2,0.9941,37.5,251.03,-156.22,True,during,S2B_15TXJ_20240711_0_L2A;S2B_15TXH_20240711_0_L2A
193888_0,2024-07-13T16:52:39Z,Landsat,optical,landsat-c2-l2,1,0.4996,51.2,298.88,-108.37,True,during,LC09_L2SP_026030_20240713_02_T1
193888_0,2024-07-14T16:46:43Z,Landsat,optical,landsat-c2-l2,2,1.0,24.7,322.78,-84.47,True,during,LC08_L2SP_025030_20240714_02_T1;LC08_L2SP_025031_20240714_02_T1
193888_0,2024-07-14T17:11:40Z,Sentinel-2,optical,sentinel-2-l2a,2,1.0,33.9,323.19,-84.06,True,during,S2B_15TXJ_20240714_0_L2A;S2B_15TXH_20240714_0_L2A
193888_0,2024-07-14T23:58:03Z,Sentinel-1,radar,sentinel-1-grd,1,1.0,,329.97,-77.28,True,during,S1A_IW_GRDH_1SDV_20240714T235746_20240714T235819_054764_06AB0F
193888_0,2024-07-16T17:01:43Z,Sentinel-2,optical,sentinel-2-l2a,2,0.9938,44.1,371.03,-36.22,True,during,S2A_15TXJ_20240716_0_L2A;S2A_15TXH_20240716_0_L2A
193888_0,2024-07-19T17:11:38Z,Sentinel-2,optical,sentinel-2-l2a,2,1.0,33.6,443.19,35.94,False,post,S2A_15TXJ_20240719_0_L2A;S2A_15TXH_20240719_0_L2A
193917_0,2024-06-12T00:22:30Z,Sentinel-1,radar,sentinel-1-grd,1,1.0,,-24.87,-26.62,False,pre,S1A_IW_GRDH_1SDV_20240612T002218_20240612T002242_054283_069A65
193917_0,2024-06-12T17:22:25Z,Sentinel-2,optical,sentinel-2-l2a,4,1.0,73.5,-7.88,-9.63,False,pre,S2A_14TQM_20240612_0_L2A;S2A_15TTG_20240612_0_L2A;S2A_15TTF_20240612_0_L2A;S2A_14TQL_20240612_0_L2A
193922_0,2024-06-22T17:22:30Z,Sentinel-2,optical,sentinel-2-l2a,9,1.0,66.7,-36.62,-204.61,False,pre,S2A_15TUG_20240622_0_L2A;S2A_14TQM_20240622_0_L2A;S2A_15TTG_20240622_0_L2A;S2A_15TUF_20240622_0_L2A;S2A_15TTF_20240622_0_L2A;S2A_14TQL_20240622_0_L2A;S2A_15TUE_20240622_0_L2A;S2A_15TTE_20240622_0_L2A;S2A_14TQK_20240622_0_L2A
193922_0,2024-06-24T17:11:14Z,Landsat,optical,landsat-c2-l2,2,0.0043,3.9,11.19,-156.8,True,during,LC08_L2SP_029030_20240624_02_T1;LC08_L2SP_029031_20240624_02_T1
193922_0,2024-06-25T17:05:02Z,Landsat,optical,landsat-c2-l2,3,1.0,19.7,35.08,-132.9,True,during,LC09_L2SP_028030_20240625_02_T1;LC09_L2SP_028031_20240625_02_T1;LC09_L2SP_028032_20240625_02_T1
193922_0,2024-06-25T17:32:17Z,Sentinel-2,optical,sentinel-2-l2a,4,0.1291,26.1,35.54,-132.45,True,during,S2A_14TQM_20240625_0_L2A;S2A_15TTG_20240625_0_L2A;S2A_15TTF_20240625_0_L2A;S2A_14TQL_20240625_0_L2A
193922_0,2024-06-26T16:59:17Z,Landsat,optical,landsat-c2-l2,2,0.5786,4.7,58.99,-109.0,True,during,LC08_L2SP_027031_20240626_02_T1;LC08_L2SP_027032_20240626_02_T1
193922_0,2024-06-27T17:22:30Z,Sentinel-2,optical,sentinel-2-l2a,9,1.0,94.8,83.38,-84.61,True,during,S2B_15TUG_20240627_0_L2A;S2B_14TQM_20240627_0_L2A;S2B_15TTG_20240627_0_L2A;S2B_15TUF_20240627_0_L2A;S2B_15TTF_20240627_0_L2A;S2B_14TQL_20240627_0_L2A;S2B_15TUE_20240627_0_L2A;S2B_15TTE_20240627_0_L2A;S2B_14TQK_20240627_0_L2A
193922_0,2024-06-30T17:32:18Z,Sentinel-2,optical,sentinel-2-l2a,4,0.125,23.3,155.54,-12.44,True,during,S2B_14TQM_20240630_0_L2A;S2B_15TTG_20240630_0_L2A;S2B_15TTF_20240630_0_L2A;S2B_14TQL_20240630_0_L2A
193922_0,2024-07-01T00:13:57Z,Sentinel-1,radar,sentinel-1-grd,2,0.9037,,162.23,-5.75,True,during,S1A_IW_GRDH_1SDV_20240701T001332_20240701T001357_054560_06A400;S1A_IW_GRDH_1SDV_20240701T001357_20240701T001422_054560_06A400
193922_0,2024-07-02T17:11:11Z,Landsat,optical,landsat-c2-l2,2,0.0038,85.1,203.19,35.2,False,post,LC09_L2SP_029030_20240702_02_T2;LC09_L2SP_029031_20240702_02_T2
193922_0,2024-07-02T17:22:29Z,Sentinel-2,optical,sentinel-2-l2a,9,1.0,81.8,203.37,35.39,False,post,S2A_15TUG_20240702_0_L2A;S2A_14TQM_20240702_0_L2A;S2A_15TTG_20240702_0_L2A;S2A_15TUF_20240702_0_L2A;S2A_15TTF_20240702_0_L2A;S2A_14TQL_20240702_0_L2A;S2A_15TUE_20240702_0_L2A;S2A_15TTE_20240702_0_L2A;S2A_14TQK_20240702_0_L2A
193924_0,2024-06-20T17:31:44Z,Sentinel-2,optical,sentinel-2-l2a,6,0.7188,99.9,-33.95,-37.97,False,pre,S2B_15TUJ_20240620_0_L2A;S2B_14TQP_20240620_0_L2A;S2B_14TPP_20240620_0_L2A;S2B_15TUH_20240620_0_L2A;S2B_14TQN_20240620_0_L2A;S2B_14TPN_20240620_0_L2A
193924_0,2024-06-22T17:21:54Z,Sentinel-2,optical,sentinel-2-l2a,6,1.0,99.9,13.88,9.87,False,post,S2A_15TUJ_20240622_0_L2A;S2A_14TQP_20240622_0_L2A;S2A_14TPP_20240622_0_L2A;S2A_15TUH_20240622_0_L2A;S2A_14TQN_20240622_0_L2A;S2A_14TPN_20240622_0_L2A
194055_0,2024-07-01T00:13:57Z,Sentinel-1,radar,sentinel-1-grd,2,0.4866,,-45.42,-52.52,False,pre,S1A_IW_GRDH_1SDV_20240701T001332_20240701T001357_054560_06A400;S1A_IW_GRDH_1SDV_20240701T001357_20240701T001422_054560_06A400
194055_0,2024-07-04T17:12:16Z,Sentinel-2,optical,sentinel-2-l2a,4,1.0,58.8,43.55,36.45,False,post,S2B_15TWG_20240704_0_L2A;S2B_15TVG_20240704_0_L2A;S2B_15TWF_20240704_0_L2A;S2B_15TVF_20240704_0_L2A
194087_0,2024-06-29T17:12:00Z,Sentinel-2,optical,sentinel-2-l2a,5,0.4785,50.0,-36.8,-373.05,False,pre,S2A_15TVJ_20240629_0_L2A;S2A_15TVH_20240629_0_L2A;S2A_15TUH_20240629_0_L2A;S2A_15TVG_20240629_0_L2A;S2A_15TUG_20240629_0_L2A
194087_0,2024-07-01T00:14:22Z,Sentinel-1,radar,sentinel-1-grd,2,0.9997,,-5.76,-342.01,False,pre,S1A_IW_GRDH_1SDV_20240701T001357_20240701T001422_054560_06A400;S1A_IW_GRDH_1SDV_20240701T001422_20240701T001447_054560_06A400
194087_0,2024-07-02T17:21:54Z,Sentinel-2,optical,sentinel-2-l2a,6,1.0,99.9,35.37,-300.88,True,during,S2A_15TVJ_20240702_0_L2A;S2A_15TUJ_20240702_0_L2A;S2A_15TVH_20240702_0_L2A;S2A_15TUH_20240702_0_L2A;S2A_15TVG_20240702_0_L2A;S2A_15TUG_20240702_0_L2A
194087_0,2024-07-03T17:05:06Z,Landsat,optical,landsat-c2-l2,2,0.3632,47.0,59.09,-277.16,True,during,LC08_L2SP_028030_20240703_02_T1;LC08_L2SP_028031_20240703_02_T1
194087_0,2024-07-04T16:58:53Z,Landsat,optical,landsat-c2-l2,2,1.0,50.9,82.98,-253.27,True,during,LC09_L2SP_027030_20240704_02_T1;LC09_L2SP_027031_20240704_02_T1
194087_0,2024-07-04T17:12:01Z,Sentinel-2,optical,sentinel-2-l2a,5,0.4784,49.4,83.2,-253.05,True,during,S2B_15TVJ_20240704_0_L2A;S2B_15TVH_20240704_0_L2A;S2B_15TUH_20240704_0_L2A;S2B_15TVG_20240704_0_L2A;S2B_15TUG_20240704_0_L2A
194087_0,2024-07-05T16:52:58Z,Landsat,optical,landsat-c2-l2,1,0.0022,81.1,106.88,-229.37,True,during,LC08_L2SP_026031_20240705_02_T2
194087_0,2024-07-07T17:21:54Z,Sentinel-2,optical,sentinel-2-l2a,6,1.0,51.8,155.37,-180.88,True,during,S2B_15TVJ_20240707_0_L2A;S2B_15TUJ_20240707_0_L2A;S2B_15TVH_20240707_0_L2A;S2B_15TUH_20240707_0_L2A;S2B_15TVG_20240707_0_L2A;S2B_15TUG_20240707_0_L2A
194087_0,2024-07-09T17:12:00Z,Sentinel-2,optical,sentinel-2-l2a,5,0.4776,74.4,203.2,-133.05,True,during,S2A_15TVJ_20240709_0_L2A;S2A_15TVH_20240709_0_L2A;S2A_15TUH_20240709_0_L2A;S2A_15TVG_20240709_0_L2A;S2A_15TUG_20240709_0_L2A
194087_0,2024-07-11T17:05:11Z,Landsat,optical,landsat-c2-l2,2,0.3388,1.7,251.09,-85.16,True,during,LC09_L2SP_028030_20240711_02_T1;LC09_L2SP_028031_20240711_02_T1
194087_0,2024-07-12T16:59:02Z,Landsat,optical,landsat-c2-l2,2,1.0,14.2,274.98,-61.27,True,during,LC08_L2SP_027030_20240712_02_T1;LC08_L2SP_027031_20240712_02_T1
194087_0,2024-07-12T17:21:53Z,Sentinel-2,optical,sentinel-2-l2a,6,1.0,5.9,275.36,-60.89,True,during,S2A_15TVJ_20240712_0_L2A;S2A_15TUJ_20240712_0_L2A;S2A_15TVH_20240712_0_L2A;S2A_15TUH_20240712_0_L2A;S2A_15TVG_20240712_0_L2A;S2A_15TUG_20240712_0_L2A
194087_0,2024-07-13T00:14:21Z,Sentinel-1,radar,sentinel-1-grd,2,0.9998,,282.24,-54.01,True,during,S1A_IW_GRDH_1SDV_20240713T001356_20240713T001421_054735_06AA11;S1A_IW_GRDH_1SDV_20240713T001421_20240713T001446_054735_06AA11
194087_0,2024-07-13T16:53:03Z,Landsat,optical,landsat-c2-l2,1,0.0108,27.3,298.88,-37.37,True,during,LC09_L2SP_026031_20240713_02_T1
194087_0,2024-07-14T17:12:00Z,Sentinel-2,optical,sentinel-2-l2a,5,0.4742,51.1,323.2,-13.05,True,during,S2B_15TVJ_20240714_0_L2A;S2B_15TVH_20240714_0_L2A;S2B_15TUH_20240714_0_L2A;S2B_15TVG_20240714_0_L2A;S2B_15TUG_20240714_0_L2A
194088_0,2024-07-07T17:21:51Z,Sentinel-2,optical,sentinel-2-l2a,1,1.0,35.2,-7.3,-13.64,False,pre,S2B_15TVH_20240707_0_L2A
194088_0,2024-07-09T17:11:56Z,Sentinel-2,optical,sentinel-2-l2a,1,1.0,75.7,40.53,34.2,False,post,S2A_15TVH_20240709_0_L2A
194192_0,2024-06-30T17:31:46Z,Sentinel-2,optical,sentinel-2-l2a,6,0.5763,4.7,-12.47,-427.47,False,pre,S2B_15TUJ_20240630_0_L2A;S2B_14TQP_20240630_0_L2A;S2B_14TPP_20240630_0_L2A;S2B_15TUH_20240630_0_L2A;S2B_14TQN_20240630_0_L2A;S2B_14TPN_20240630_0_L2A
194192_0,2024-07-01T00:14:34Z,Sentinel-1,radar,sentinel-1-grd,1,0.889,,-5.76,-420.76,False,pre,S1A_IW_GRDH_1SDV_20240701T001422_20240701T001447_054560_06A400
194192_0,2024-07-02T17:10:59Z,Landsat,optical,landsat-c2-l2,1,0.3631,100.0,35.18,-379.82,True,during,LC09_L2SP_029030_20240702_02_T2
194192_0,2024-07-02T17:21:53Z,Sentinel-2,optical,sentinel-2-l2a,6,1.0,100.0,35.36,-379.64,True,during,S2A_15TUJ_20240702_0_L2A;S2A_14TQP_20240702_0_L2A;S2A_14TPP_20240702_0_L2A;S2A_15TUH_20240702_0_L2A;S2A_14TQN_20240702_0_L2A;S2A_14TPN_20240702_0_L2A
194192_0,2024-07-03T17:05:06Z,Landsat,optical,landsat-c2-l2,2,1.0,47.0,59.09,-355.91,True,during,LC08_L2SP_028030_20240703_02_T1;LC08_L2SP_028031_20240703_02_T1
194192_0,2024-07-04T16:58:53Z,Landsat,optical,landsat-c2-l2,2,0.2412,50.9,82.98,-332.02,True,during,LC09_L2SP_027030_20240704_02_T1;LC09_L2SP_027031_20240704_02_T1
194192_0,2024-07-05T17:31:46Z,Sentinel-2,optical,sentinel-2-l2a,6,0.5801,52.1,107.53,-307.47,True,during,S2A_15TUJ_20240705_0_L2A;S2A_14TQP_20240705_0_L2A;S2A_14TPP_20240705_0_L2A;S2A_15TUH_20240705_0_L2A;S2A_14TQN_20240705_0_L2A;S2A_14TPN_20240705_0_L2A
194192_0,2024-07-06T00:22:29Z,Sentinel-1,radar,sentinel-1-grd,1,0.3545,,114.37,-300.63,True,during,S1A_IW_GRDH_1SDV_20240706T002217_20240706T002242_054633_06A68D
194192_0,2024-07-07T17:21:53Z,Sentinel-2,optical,sentinel-2-l2a,6,1.0,70.8,155.36,-259.64,True,during,S2B_15TUJ_20240707_0_L2A;S2B_14TQP_20240707_0_L2A;S2B_14TPP_20240707_0_L2A;S2B_15TUH_20240707_0_L2A;S2B_14TQN_20240707_0_L2A;S2B_14TPN_20240707_0_L2A
194192_0,2024-07-10T17:11:10Z,Landsat,optical,landsat-c2-l2,1,0.3662,0.7,227.19,-187.81,True,during,LC08_L2SP_029030_20240710_02_T1
194192_0,2024-07-10T17:31:45Z,Sentinel-2,optical,sentinel-2-l2a,6,0.5808,9.2,227.53,-187.47,True,during,S2B_15TUJ_20240710_0_L2A;S2B_14TQP_20240710_0_L2A;S2B_14TPP_20240710_0_L2A;S2B_15TUH_20240710_0_L2A;S2B_14TQN_20240710_0_L2A;S2B_14TPN_20240710_0_L2A
194192_0,2024-07-11T17:05:11Z,Landsat,optical,landsat-c2-l2,2,1.0,1.7,251.09,-163.91,True,during,LC09_L2SP_028030_20240711_02_T1;LC09_L2SP_028031_20240711_02_T1
194192_0,2024-07-12T16:59:02Z,Landsat,optical,landsat-c2-l2,2,0.2284,14.2,274.98,-140.02,True,during,LC08_L2SP_027030_20240712_02_T1;LC08_L2SP_027031_20240712_02_T1
194192_0,2024-07-12T17:21:53Z,Sentinel-2,optical,sentinel-2-l2a,6,1.0,3.4,275.36,-139.64,True,during,S2A_15TUJ_20240712_0_L2A;S2A_14TQP_20240712_0_L2A;S2A_14TPP_20240712_0_L2A;S2A_15TUH_20240712_0_L2A;S2A_14TQN_20240712_0_L2A;S2A_14TPN_20240712_0_L2A
194192_0,2024-07-13T00:14:34Z,Sentinel-1,radar,sentinel-1-grd,1,0.8896,,282.24,-132.76,True,during,S1A_IW_GRDH_1SDV_20240713T001421_20240713T001446_054735_06AA11
194192_0,2024-07-15T17:31:44Z,Sentinel-2,optical,sentinel-2-l2a,6,0.584,96.4,347.53,-67.47,True,during,S2A_15TUJ_20240715_0_L2A;S2A_14TQP_20240715_0_L2A;S2A_14TPP_20240715_0_L2A;S2A_15TUH_20240715_0_L2A;S2A_14TQN_20240715_0_L2A;S2A_14TPN_20240715_0_L2A
194192_0,2024-07-17T17:21:53Z,Sentinel-2,optical,sentinel-2-l2a,6,1.0,9.8,395.36,-19.64,True,during,S2B_15TUJ_20240717_0_L2A;S2B_14TQP_20240717_0_L2A;S2B_14TPP_20240717_0_L2A;S2B_15TUH_20240717_0_L2A;S2B_14TQN_20240717_0_L2A;S2B_14TPN_20240717_0_L2A
194192_0,2024-07-18T00:22:29Z,Sentinel-1,radar,sentinel-1-grd,1,0.3542,,402.37,-12.63,True,during,S1A_IW_GRDH_1SDV_20240718T002216_20240718T002241_054808_06AC9B
194192_0,2024-07-18T17:11:14Z,Landsat,optical,landsat-c2-l2,1,0.3513,3.5,419.19,4.19,False,post,LC09_L2SP_029030_20240718_02_T1
194192_0,2024-07-19T17:05:22Z,Landsat,optical,landsat-c2-l2,2,1.0,94.2,443.09,28.09,False,post,LC08_L2SP_028030_20240719_02_T1;LC08_L2SP_028031_20240719_02_T1
194228_0,2024-07-01T17:02:16Z,Sentinel-2,optical,sentinel-2-l2a,4,0.8534,92.3,-30.13,-33.96,False,pre,S2B_15TXG_20240701_0_L2A;S2B_15TWG_20240701_0_L2A;S2B_15TXF_20240701_0_L2A;S2B_15TWF_20240701_0_L2A
194228_0,2024-07-02T23:57:48Z,Sentinel-1,radar,sentinel-1-grd,2,0.5176,,0.8,-3.04,True,during,S1A_IW_GRDH_1SDV_20240702T235721_20240702T235746_054589_06A502;S1A_IW_GRDH_1SDV_20240702T235746_20240702T235819_054589_06A502
194228_0,2024-07-04T17:12:12Z,Sentinel-2,optical,sentinel-2-l2a,4,1.0,89.6,42.04,38.2,False,post,S2B_15TXG_20240704_0_L2A;S2B_15TWG_20240704_0_L2A;S2B_15TXF_20240704_0_L2A;S2B_15TWF_20240704_0_L2A
194242_0,2024-07-09T17:12:12Z,Sentinel-2,optical,sentinel-2-l2a,4,1.0,100.0,-29.6,-32.8,False,pre,S2A_15TXG_20240709_0_L2A;S2A_15TWG_20240709_0_L2A;S2A_15TXF_20240709_0_L2A;S2A_15TWF_20240709_0_L2A
194242_0,2024-07-11T17:02:14Z,Sentinel-2,optical,sentinel-2-l2a,4,1.0,38.3,18.24,15.04,False,post,S2B_15TXG_20240711_0_L2A;S2B_15TWG_20240711_0_L2A;S2B_15TXF_20240711_0_L2A;S2B_15TWF_20240711_0_L2A
194324_0,2024-07-14T16:46:43Z,Landsat,optical,landsat-c2-l2,2,1.0,24.7,-30.22,-34.22,False,pre,LC08_L2SP_025030_20240714_02_T1;LC08_L2SP_025031_20240714_02_T1
194324_0,2024-07-14T17:11:57Z,Sentinel-2,optical,sentinel-2-l2a,4,0.9107,51.3,-29.8,-33.8,False,pre,S2B_15TXH_20240714_0_L2A;S2B_15TWH_20240714_0_L2A;S2B_15TXG_20240714_0_L2A;S2B_15TWG_20240714_0_L2A
194324_0,2024-07-14T23:57:48Z,Sentinel-1,radar,sentinel-1-grd,2,0.9999,,-23.04,-27.04,False,pre,S1A_IW_GRDH_1SDV_20240714T235721_20240714T235746_054764_06AB0F;S1A_IW_GRDH_1SDV_20240714T235746_20240714T235819_054764_06AB0F
194324_0,2024-07-15T16:40:31Z,Landsat,optical,landsat-c2-l2,2,0.1817,51.9,-6.32,-10.32,False,pre,LC09_L2SP_024030_20240715_02_T1;LC09_L2SP_024031_20240715_02_T1
194324_0,2024-07-16T17:02:01Z,Sentinel-2,optical,sentinel-2-l2a,7,1.0,76.4,18.03,14.03,False,post,S2A_15TYH_20240716_0_L2A;S2A_15TXH_20240716_0_L2A;S2A_15TWH_20240716_0_L2A;S2A_15TYG_20240716_0_L2A;S2A_16TBM_20240716_0_L2A;S2A_15TXG_20240716_0_L2A;S2A_15TWG_20240716_0_L2A
194668_0,2024-07-29T16:53:18Z,Landsat,optical,landsat-c2-l2,2,1.0,24.6,-43.11,-57.11,False,pre,LC09_L2SP_026031_20240729_02_T1;LC09_L2SP_026032_20240729_02_T1
194668_0,2024-07-29T17:12:15Z,Sentinel-2,optical,sentinel-2-l2a,4,1.0,30.0,-42.8,-56.8,False,pre,S2A_15TWG_20240729_0_L2A;S2A_15TVG_20240729_0_L2A;S2A_15TWF_20240729_0_L2A;S2A_15TVF_20240729_0_L2A
194668_0,2024-07-30T16:47:16Z,Landsat,optical,landsat-c2-l2,2,0.1576,77.9,-19.21,-33.21,False,pre,LC08_L2SP_025031_20240730_02_T1;LC08_L2SP_025032_20240730_02_T1
194837_0,2024-07-23T16:41:17Z,Landsat,optical,landsat-c2-l2,1,0.277,8.1,-44.65,-47.65,False,pre,LC08_L2SP_024032_20240723_02_T1
194837_0,2024-07-24T17:12:25Z,Sentinel-2,optical,sentinel-2-l2a,4,0.655,31.7,-20.13,-23.13,False,pre,S2B_15TXF_20240724_0_L2A;S2B_15TWF_20240724_0_L2A;S2B_15TXE_20240724_0_L2A;S2B_15TWE_20240724_0_L2A
194837_0,2024-07-26T17:02:29Z,Sentinel-2,optical,sentinel-2-l2a,4,1.0,25.0,27.71,24.71,False,post,S2A_15TXF_20240726_0_L2A;S2A_15TWF_20240726_0_L2A;S2A_15TXE_20240726_0_L2A;S2A_15TWE_20240726_0_L2A
194837_0,2024-07-26T23:57:21Z,Sentinel-1,radar,sentinel-1-grd,2,0.8882,,34.62,31.62,False,post,S1A_IW_GRDH_1SDV_20240726T235656_20240726T235721_054939_06B126;S1A_IW_GRDH_1SDV_20240726T235721_20240726T235746_054939_06B126
194840_0,2024-07-21T17:02:12Z,Sentinel-2,optical,sentinel-2-l2a,6,1.0,50.1,-30.96,-33.96,False,pre,S2B_15TYG_20240721_0_L2A;S2B_16TBM_20240721_0_L2A;S2B_15TXG_20240721_0_L2A;S2B_16TBL_20240721_0_L2A;S2B_15TYF_20240721_0_L2A;S2B_15TXF_20240721_0_L2A
194840_0,2024-07-22T16:46:53Z,Landsat,optical,landsat-c2-l2,1,1.0,64.7,-7.22,-10.22,False,pre,LC09_L2SP_025031_20240722_02_T1
194840_0,2024-07-23T16:40:53Z,Landsat,optical,landsat-c2-l2,1,1.0,9.9,16.68,13.68,False,post,LC08_L2SP_024031_20240723_02_T1
194931_0,2024-07-01T17:02:05Z,Sentinel-2,optical,sentinel-2-l2a,8,1.0,84.9,-11.97,-514.97,False,pre,S2B_15TYH_20240701_0_L2A;S2B_15TXH_20240701_0_L2A;S2B_15TYG_20240701_0_L2A;S2B_16TBM_20240701_0_L2A;S2B_15TXG_20240701_0_L2A;S2B_16TBL_20240701_0_L2A;S2B_15TYF_20240701_0_L2A;S2B_15TXF_20240701_0_L2A
194931_0,2024-07-02T23:57:48Z,Sentinel-1,radar,sentinel-1-grd,2,1.0,,18.96,-484.04,True,during,S1A_IW_GRDH_1SDV_20240702T235721_20240702T235746_054589_06A502;S1A_IW_GRDH_1SDV_20240702T235746_20240702T235819_054589_06A502
194931_0,2024-07-04T17:12:03Z,Sentinel-2,optical,sentinel-2-l2a,3,0.5514,98.2,60.2,-442.8,True,during,S2B_15TXH_20240704_0_L2A;S2B_15TXG_20240704_0_L2A;S2B_15TXF_20240704_0_L2A
194931_0,2024-07-05T16:52:34Z,Landsat,optical,landsat-c2-l2,1,0.0,74.0,83.88,-419.12,True,during,LC08_L2SP_026030_20240705_02_T2
194931_0,2024-07-06T16:46:46Z,Landsat,optical,landsat-c2-l2,3,1.0,13.1,107.78,-395.22,True,during,LC09_L2SP_025030_20240706_02_T1;LC09_L2SP_025031_20240706_02_T1;LC09_L2SP_025032_20240706_02_T1
194931_0,2024-07-06T17:02:05Z,Sentinel-2,optical,sentinel-2-l2a,8,1.0,30.0,108.03,-394.97,True,during,S2A_15TYH_20240706_0_L2A;S2A_15TXH_20240706_0_L2A;S2A_15TYG_20240706_0_L2A;S2A_16TBM_20240706_0_L2A;S2A_15TXG_20240706_0_L2A;S2A_16TBL_20240706_0_L2A;S2A_15TYF_20240706_0_L2A;S2A_15TXF_20240706_0_L2A
194931_0,2024-07-07T16:40:38Z,Landsat,optical,landsat-c2-l2,3,0.4622,51.4,131.68,-371.32,True,during,LC08_L2SP_024030_20240707_02_T1;LC08_L2SP_024031_20240707_02_T1;LC08_L2SP_024032_20240707_02_T1
194931_0,2024-07-09T17:12:02Z,Sentinel-2,optical,sentinel-2-l2a,3,0.5642,100.0,180.2,-322.8,True,during,S2A_15TXH_20240709_0_L2A;S2A_15TXG_20240709_0_L2A;S2A_15TXF_20240709_0_L2A
194931_0,2024-07-11T17:02:03Z,Sentinel-2,optical,sentinel-2-l2a,8,1.0,44.9,228.03,-274.97,True,during,S2B_15TYH_20240711_0_L2A;S2B_15TXH_20240711_0_L2A;S2B_15TYG_20240711_0_L2A;S2B_16TBM_20240711_0_L2A;S2B_15TXG_20240711_0_L2A;S2B_16TBL_20240711_0_L2A;S2B_15TYF_20240711_0_L2A;S2B_15TXF_20240711_0_L2A
194931_0,2024-07-14T16:46:55Z,Landsat,optical,landsat-c2-l2,3,1.0,19.1,299.78,-203.22,True,during,LC08_L2SP_025030_20240714_02_T1;LC08_L2SP_025031_20240714_02_T1;LC08_L2SP_025032_20240714_02_T1
194931_0,2024-07-14T17:12:02Z,Sentinel-2,optical,sentinel-2-l2a,3,0.5592,30.2,300.2,-202.8,True,during,S2B_15TXH_20240714_0_L2A;S2B_15TXG_20240714_0_L2A;S2B_15TXF_20240714_0_L2A
194931_0,2024-07-14T23:57:48Z,Sentinel-1,radar,sentinel-1-grd,2,1.0,,306.96,-196.04,True,during,S1A_IW_GRDH_1SDV_20240714T235721_20240714T235746_054764_06AB0F;S1A_IW_GRDH_1SDV_20240714T235746_20240714T235819_054764_06AB0F
194931_0,2024-07-15T16:40:43Z,Landsat,optical,landsat-c2-l2,3,0.5436,36.3,323.68,-179.32,True,during,LC09_L2SP_024030_20240715_02_T1;LC09_L2SP_024031_20240715_02_T1;LC09_L2SP_024032_20240715_02_T1
194931_0,2024-07-16T17:02:03Z,Sentinel-2,optical,sentinel-2-l2a,8,1.0,88.3,348.03,-154.97,True,during,S2A_15TYH_20240716_0_L2A;S2A_15TXH_20240716_0_L2A;S2A_15TYG_20240716_0_L2A;S2A_16TBM_20240716_0_L2A;S2A_15TXG_20240716_0_L2A;S2A_16TBL_20240716_0_L2A;S2A_15TYF_20240716_0_L2A;S2A_15TXF_20240716_0_L2A
194931_0,2024-07-19T17:12:00Z,Sentinel-2,optical,sentinel-2-l2a,3,0.5857,31.7,420.2,-82.8,True,during,S2A_15TXH_20240719_0_L2A;S2A_15TXG_20240719_0_L2A;S2A_15TXF_20240719_0_L2A
194931_0,2024-07-21T17:02:05Z,Sentinel-2,optical,sentinel-2-l2a,8,1.0,53.1,468.03,-34.97,True,during,S2B_15TYH_20240721_0_L2A;S2B_15TXH_20240721_0_L2A;S2B_15TYG_20240721_0_L2A;S2B_16TBM_20240721_0_L2A;S2B_15TXG_20240721_0_L2A;S2B_16TBL_20240721_0_L2A;S2B_15TYF_20240721_0_L2A;S2B_15TXF_20240721_0_L2A
194931_0,2024-07-22T16:46:53Z,Landsat,optical,landsat-c2-l2,3,1.0,40.0,491.78,-11.22,True,during,LC09_L2SP_025030_20240722_02_T1;LC09_L2SP_025031_20240722_02_T1;LC09_L2SP_025032_20240722_02_T1
194931_0,2024-07-23T16:40:53Z,Landsat,optical,landsat-c2-l2,3,0.5163,25.0,515.68,12.68,False,post,LC08_L2SP_024030_20240723_02_T1;LC08_L2SP_024031_20240723_02_T1;LC08_L2SP_024032_20240723_02_T1
194931_0,2024-07-24T17:12:02Z,Sentinel-2,optical,sentinel-2-l2a,3,0.557,66.7,540.2,37.2,False,post,S2B_15TXH_20240724_0_L2A;S2B_15TXG_20240724_0_L2A;S2B_15TXF_20240724_0_L2A
194931_1,2024-07-04T17:11:56Z,Sentinel-2,optical,sentinel-2-l2a,2,0.0232,98.1,-12.8,-233.8,False,pre,S2B_15TXH_20240704_0_L2A;S2B_15TXG_20240704_0_L2A
194931_1,2024-07-06T16:46:34Z,Landsat,optical,landsat-c2-l2,2,0.971,16.0,34.78,-186.22,True,during,LC09_L2SP_025030_20240706_02_T1;LC09_L2SP_025031_20240706_02_T1
194931_1,2024-07-06T17:02:05Z,Sentinel-2,optical,sentinel-2-l2a,8,1.0,30.0,35.03,-185.97,True,during,S2A_15TYH_20240706_0_L2A;S2A_15TXH_20240706_0_L2A;S2A_15TYG_20240706_0_L2A;S2A_16TBM_20240706_0_L2A;S2A_15TXG_20240706_0_L2A;S2A_16TBL_20240706_0_L2A;S2A_15TYF_20240706_0_L2A;S2A_15TXF_20240706_0_L2A
194931_1,2024-07-07T16:40:38Z,Landsat,optical,landsat-c2-l2,1,0.9939,59.3,58.68,-162.32,True,during,LC08_L2SP_024031_20240707_02_T1
194931_1,2024-07-09T17:11:55Z,Sentinel-2,optical,sentinel-2-l2a,2,0.0262,100.0,107.2,-113.8,True,during,S2A_15TXH_20240709_0_L2A;S2A_15TXG_20240709_0_L2A
194931_1,2024-07-11T17:02:03Z,Sentinel-2,optical,sentinel-2-l2a,8,1.0,44.9,155.03,-65.97,True,during,S2B_15TYH_20240711_0_L2A;S2B_15TXH_20240711_0_L2A;S2B_15TYG_20240711_0_L2A;S2B_16TBM_20240711_0_L2A;S2B_15TXG_20240711_0_L2A;S2B_16TBL_20240711_0_L2A;S2B_15TYF_20240711_0_L2A;S2B_15TXF_20240711_0_L2A
194931_1,2024-07-14T16:46:43Z,Landsat,optical,landsat-c2-l2,2,0.9767,24.7,226.78,5.78,False,post,LC08_L2SP_025030_20240714_02_T1;LC08_L2SP_025031_20240714_02_T1
194931_1,2024-07-14T17:11:55Z,Sentinel-2,optical,sentinel-2-l2a,2,0.025,45.2,227.2,6.2,False,post,S2B_15TXH_20240714_0_L2A;S2B_15TXG_20240714_0_L2A
194931_1,2024-07-14T23:57:48Z,Sentinel-1,radar,sentinel-1-grd,2,0.9995,,233.96,12.96,False,post,S1A_IW_GRDH_1SDV_20240714T235721_20240714T235746_054764_06AB0F;S1A_IW_GRDH_1SDV_20240714T235746_20240714T235819_054764_06AB0F
194931_1,2024-07-15T16:40:43Z,Landsat,optical,landsat-c2-l2,1,0.9999,27.7,250.68,29.68,False,post,LC09_L2SP_024031_20240715_02_T1
195054_0,2024-07-27T17:05:14Z,Landsat,optical,landsat-c2-l2,2,1.0,0.5,-27.58,-29.91,False,pre,LC09_L2SP_028030_20240727_02_T1;LC09_L2SP_028031_20240727_02_T1
195054_0,2024-07-27T17:22:14Z,Sentinel-2,optical,sentinel-2-l2a,5,1.0,0.1,-27.3,-29.63,False,pre,S2B_14TQN_20240727_0_L2A;S2B_14TPN_20240727_0_L2A;S2B_14TQM_20240727_0_L2A;S2B_15TTG_20240727_0_L2A;S2B_14TPM_20240727_0_L2A
195054_0,2024-07-30T00:22:28Z,Sentinel-1,radar,sentinel-1-grd,1,1.0,,27.71,25.37,False,post,S1A_IW_GRDH_1SDV_20240730T002216_20240730T002241_054983_06B2B8
195054_0,2024-07-30T17:32:09Z,Sentinel-2,optical,sentinel-2-l2a,5,0.8509,18.6,44.87,42.54,False,post,S2B_14TQN_20240730_0_L2A;S2B_14TPN_20240730_0_L2A;S2B_14TQM_20240730_0_L2A;S2B_15TTG_20240730_0_L2A;S2B_14TPM_20240730_0_L2A
195125_0,2024-08-28T17:05:34Z,Landsat,optical,landsat-c2-l2,2,1.0,4.6,-28.41,-29.91,False,pre,LC09_L2SP_028030_20240828_02_T1;LC09_L2SP_028031_20240828_02_T1
195125_0,2024-08-29T17:32:10Z,Sentinel-2,optical,sentinel-2-l2a,5,0.83,72.1,-3.96,-5.46,False,pre,S2B_14TQN_20240829_0_L2A;S2B_14TPN_20240829_0_L2A;S2B_14TQM_20240829_0_L2A;S2B_15TTG_20240829_0_L2A;S2B_14TPM_20240829_0_L2A
195125_0,2024-08-30T00:14:31Z,Sentinel-1,radar,sentinel-1-grd,1,0.7274,,2.74,1.24,False,post,S1A_IW_GRDH_1SDV_20240830T001419_20240830T001444_055435_06C30A
195125_0,2024-08-31T17:22:11Z,Sentinel-2,optical,sentinel-2-l2a,5,1.0,0.0,43.87,42.37,False,post,S2A_14TQN_20240831_0_L2A;S2A_14TPN_20240831_0_L2A;S2A_14TQM_20240831_0_L2A;S2A_15TTG_20240831_0_L2A;S2A_14TPM_20240831_0_L2A
195173_0,2024-06-30T17:32:18Z,Sentinel-2,optical,sentinel-2-l2a,4,0.017,23.3,-12.46,-140.46,False,pre,S2B_14TQM_20240630_0_L2A;S2B_15TTG_20240630_0_L2A;S2B_15TTF_20240630_0_L2A;S2B_14TQL_20240630_0_L2A
195173_0,2024-07-01T00:13:57Z,Sentinel-1,radar,sentinel-1-grd,2,0.9374,,-5.77,-133.77,False,pre,S1A_IW_GRDH_1SDV_20240701T001332_20240701T001357_054560_06A400;S1A_IW_GRDH_1SDV_20240701T001357_20240701T001422_054560_06A400
195173_0,2024-07-02T17:22:29Z,Sentinel-2,optical,sentinel-2-l2a,9,1.0,81.8,35.37,-92.63,True,during,S2A_15TUG_20240702_0_L2A;S2A_14TQM_20240702_0_L2A;S2A_15TTG_20240702_0_L2A;S2A_15TUF_20240702_0_L2A;S2A_15TTF_20240702_0_L2A;S2A_14TQL_20240702_0_L2A;S2A_15TUE_20240702_0_L2A;S2A_15TTE_20240702_0_L2A;S2A_14TQK_20240702_0_L2A
195173_0,2024-07-03T17:05:30Z,Landsat,optical,landsat-c2-l2,2,1.0,82.4,59.09,-68.91,True,during,LC08_L2SP_028031_20240703_02_T1;LC08_L2SP_028032_20240703_02_T2
195173_0,2024-07-04T16:59:17Z,Landsat,optical,landsat-c2-l2,2,0.7526,40.7,82.99,-45.01,True,during,LC09_L2SP_027031_20240704_02_T1;LC09_L2SP_027032_20240704_02_T1
195173_0,2024-07-05T17:32:18Z,Sentinel-2,optical,sentinel-2-l2a,4,0.0199,4.3,107.54,-20.46,True,during,S2A_14TQM_20240705_0_L2A;S2A_15TTG_20240705_0_L2A;S2A_15TTF_20240705_0_L2A;S2A_14TQL_20240705_0_L2A
195173_0,2024-07-06T00:22:17Z,Sentinel-1,radar,sentinel-1-grd,2,0.9997,,114.37,-13.63,True,during,S1A_IW_GRDH_1SDV_20240706T002152_20240706T002217_054633_06A68D;S1A_IW_GRDH_1SDV_20240706T002217_20240706T002242_054633_06A68D
195173_0,2024-07-07T17:22:29Z,Sentinel-2,optical,sentinel-2-l2a,9,1.0,72.5,155.37,27.37,False,post,S2B_15TUG_20240707_0_L2A;S2B_14TQM_20240707_0_L2A;S2B_15TTG_20240707_0_L2A;S2B_15TUF_20240707_0_L2A;S2B_15TTF_20240707_0_L2A;S2B_14TQL_20240707_0_L2A;S2B_15TUE_20240707_0_L2A;S2B_15TTE_20240707_0_L2A;S2B_14TQK_20240707_0_L2A
202052_0,2025-04-19T16:52:54Z,Landsat,optical,landsat-c2-l2,2,0.2363,61.3,-31.63,-36.33,False,pre,LC08_L2SP_026030_20250419_02_T1;LC08_L2SP_026031_20250419_02_T1
202052_0,2025-04-20T16:47:15Z,Landsat,optical,landsat-c2-l2,1,1.0,100.0,-7.73,-12.43,False,pre,LC09_L2SP_025031_20250420_02_T2
202052_0,2025-04-20T17:12:03Z,Sentinel-2,optical,sentinel-2-l2a,2,1.0,100.0,-7.32,-12.02,False,pre,S2B_15TXG_20250420_0_L2A;S2B_15TWG_20250420_0_L2A
202052_0,2025-04-22T00:06:02Z,Sentinel-1,radar,sentinel-1-grd,1,1.0,,23.58,18.88,False,post,S1A_IW_GRDH_1SDV_20250422T000549_20250422T000614_058862_074BA2
202052_0,2025-04-22T17:02:27Z,Sentinel-2,optical,sentinel-2-l2a,2,1.0,16.3,40.52,35.82,False,post,S2C_15TXG_20250422_0_L2A;S2C_15TWG_20250422_0_L2A
202522_0,2025-05-20T17:12:09Z,Sentinel-2,optical,sentinel-2-l2a,4,0.8195,95.6,-2.8,-4.96,False,pre,S2B_15TXG_20250520_0_L2A;S2B_15TWG_20250520_0_L2A;S2B_15TXF_20250520_0_L2A;S2B_15TWF_20250520_0_L2A
202522_0,2025-05-21T16:52:53Z,Landsat,optical,landsat-c2-l2,2,0.1811,94.2,20.88,18.71,False,post,LC08_L2SP_026030_20250521_02_T2;LC08_L2SP_026031_20250521_02_T2
202522_0,2025-05-22T16:46:45Z,Landsat,optical,landsat-c2-l2,2,1.0,76.8,44.78,42.61,False,post,LC09_L2SP_025030_20250522_02_T1;LC09_L2SP_025031_20250522_02_T1
202522_0,2025-05-22T17:02:31Z,Sentinel-2,optical,sentinel-2-l2a,4,1.0,95.1,45.04,42.88,False,post,S2C_15TXG_20250522_0_L2A;S2C_15TWG_20250522_0_L2A;S2C_15TXF_20250522_0_L2A;S2C_15TWF_20250522_0_L2A
202718_0,2025-06-02T17:21:52Z,Sentinel-2,optical,sentinel-2-l2a,4,1.0,52.8,-7.64,-15.64,False,pre,S2B_14TQP_20250602_0_L2A;S2B_14TPP_20250602_0_L2A;S2B_14TQN_20250602_0_L2A;S2B_14TPN_20250602_0_L2A
202718_0,2025-06-03T17:11:12Z,Landsat,optical,landsat-c2-l2,1,0.8586,100.0,16.19,8.19,False,post,LC09_L2SP_029030_20250603_02_T1
202718_0,2025-06-04T17:05:03Z,Landsat,optical,landsat-c2-l2,1,1.0,31.5,40.08,32.08,False,post,LC08_L2SP_028030_20250604_02_T1
204312_0,2025-06-24T17:12:12Z,Sentinel-2,optical,sentinel-2-l2a,1,1.0,97.9,-30.3,-33.3,False,pre,S2C_15TVH_20250624_0_L2A
204312_0,2025-06-26T00:14:07Z,Sentinel-1,radar,sentinel-1-grd,1,1.0,,0.74,-2.26,True,during,S1A_IW_GRDH_1SDV_20250626T001349_20250626T001425_059810_076D9C
204312_0,2025-06-26T17:12:08Z,Sentinel-2,optical,sentinel-2-l2a,1,1.0,79.5,17.7,14.7,False,post,S2A_15TVH_20250626_0_L2A
204312_0,2025-06-27T00:05:08Z,Sentinel-1,radar,sentinel-1-grd,1,1.0,,24.59,21.59,False,post,S1C_IW_GRDH_1SDV_20250627T000454_20250627T000523_002961_0060B5
204312_0,2025-06-27T17:22:09Z,Sentinel-2,optical,sentinel-2-l2a,1,1.0,34.9,41.87,38.87,False,post,S2C_15TVH_20250627_0_L2A
204326_0,2025-08-08T17:12:03Z,Sentinel-2,optical,sentinel-2-l2a,6,0.6517,48.6,-41.0,-47.8,False,pre,S2B_15TXH_20250808_0_L2A;S2B_15TWH_20250808_0_L2A;S2B_15TXG_20250808_0_L2A;S2B_15TWG_20250808_0_L2A;S2B_15TXF_20250808_0_L2A;S2B_15TWF_20250808_0_L2A
204326_0,2025-08-08T23:56:59Z,Sentinel-1,radar,sentinel-1-grd,1,0.002,,-34.25,-41.05,False,pre,S1C_IW_GRDH_1SDV_20250808T235644_20250808T235713_003588_0072F4
204326_0,2025-08-09T16:53:26Z,Landsat,optical,landsat-c2-l2,2,0.099,100.0,-17.31,-24.11,False,pre,LC08_L2SP_026030_20250809_02_T2;LC08_L2SP_026031_20250809_02_T2
204326_0,2025-08-10T16:47:17Z,Landsat,optical,landsat-c2-l2,2,1.0,100.0,6.59,-0.21,True,during,LC09_L2SP_025030_20250810_02_T1;LC09_L2SP_025031_20250810_02_T1
204326_0,2025-08-10T17:02:22Z,Sentinel-2,optical,sentinel-2-l2a,11,1.0,100.0,6.84,0.04,False,post,S2C_15TYH_20250810_0_L2A;S2C_15TXH_20250810_0_L2A;S2C_15TWH_20250810_0_L2A;S2C_15TYG_20250810_0_L2A;S2C_16TBM_20250810_0_L2A;S2C_15TXG_20250810_0_L2A;S2C_15TWG_20250810_0_L2A;S2C_16TBL_20250810_0_L2A;S2C_15TYF_20250810_0_L2A;S2C_15TXF_20250810_0_L2A;S2C_15TWF_20250810_0_L2A
204326_0,2025-08-11T16:41:18Z,Landsat,optical,landsat-c2-l2,3,0.3917,77.5,30.49,23.69,False,post,LC08_L2SP_024030_20250811_02_T1;LC08_L2SP_024031_20250811_02_T1;LC08_L2SP_024032_20250811_02_T1
204583_0,2025-08-14T23:57:51Z,Sentinel-1,radar,sentinel-1-grd,1,0.3844,,-22.62,-24.04,False,pre,S1A_IW_GRDH_1SDV_20250814T235737_20250814T235804_060539_078758
204583_0,2025-08-15T17:02:09Z,Sentinel-2,optical,sentinel-2-l2a,1,0.4291,60.3,-5.55,-6.96,False,pre,S2B_15TWG_20250815_0_L2A
204583_0,2025-08-17T16:53:31Z,Landsat,optical,landsat-c2-l2,2,1.0,50.1,42.31,40.89,False,post,LC09_L2SP_026030_20250817_02_T1;LC09_L2SP_026031_20250817_02_T1
204708_0,2025-06-27T17:22:43Z,Sentinel-2,optical,sentinel-2-l2a,2,0.2452,7.0,-46.62,-50.12,False,pre,S2C_15TVF_20250627_0_L2A;S2C_15TVE_20250627_0_L2A
204708_0,2025-06-29T16:59:46Z,Landsat,optical,landsat-c2-l2,2,0.6801,94.5,1.0,-2.5,True,during,LC08_L2SP_027031_20250629_02_T1;LC08_L2SP_027032_20250629_02_T1
204708_0,2025-06-29T17:17:36Z,Sentinel-2,optical,sentinel-2-l2a,4,1.0,99.9,1.29,-2.21,True,during,S2B_15TVF_20250629_0_L2A;S2B_15TVE_20250629_0_L2A;S2A_15TVF_20250629_1_L2A;S2A_15TVE_20250629_1_L2A
204708_0,2025-06-30T16:53:44Z,Landsat,optical,landsat-c2-l2,1,1.0,83.4,24.9,21.4,False,post,LC09_L2SP_026032_20250630_02_T1
204939_0,2025-06-01T00:21:26Z,Sentinel-1,radar,sentinel-1-grd,1,1.0,,-46.64,-48.31,False,pre,S1C_IW_GRDH_1SDV_20250601T002111_20250601T002140_002582_0055B9
204939_0,2025-06-02T17:21:52Z,Sentinel-2,optical,sentinel-2-l2a,4,1.0,52.8,-5.64,-7.3,False,pre,S2B_14TQP_20250602_0_L2A;S2B_14TPP_20250602_0_L2A;S2B_14TQN_20250602_0_L2A;S2B_14TPN_20250602_0_L2A
204939_0,2025-06-03T17:11:12Z,Landsat,optical,landsat-c2-l2,1,0.8586,100.0,18.19,16.52,False,post,LC09_L2SP_029030_20250603_02_T1
204939_0,2025-06-04T17:05:03Z,Landsat,optical,landsat-c2-l2,1,1.0,31.5,42.08,40.42,False,post,LC08_L2SP_028030_20250604_02_T1
205243_0,2025-07-02T16:40:47Z,Landsat,optical,landsat-c2-l2,2,0.329,27.8,-31.32,-34.95,False,pre,LC09_L2SP_024030_20250702_02_T1;LC09_L2SP_024031_20250702_02_T1
205243_0,2025-07-03T17:02:12Z,Sentinel-2,optical,sentinel-2-l2a,10,1.0,4.7,-6.96,-10.6,False,pre,S2A_15TYH_20250703_1_L2A;S2A_15TXH_20250703_0_L2A;S2A_15TYH_20250703_2_L2A;S2A_16TBM_20250703_1_L2A;S2A_15TYG_20250703_1_L2A;S2A_15TXH_20250703_1_L2A;S2A_15TXG_20250703_0_L2A;S2A_15TYG_20250703_2_L2A;S2A_16TBM_20250703_2_L2A;S2A_15TXG_20250703_1_L2A
205243_0,2025-07-03T23:56:57Z,Sentinel-1,radar,sentinel-1-grd,1,0.0071,,-0.05,-3.68,False,pre,S1C_IW_GRDH_1SDV_20250703T235642_20250703T235711_003063_00639C
205243_0,2025-07-04T17:12:14Z,Sentinel-2,optical,sentinel-2-l2a,2,0.7791,34.7,17.2,13.57,False,post,S2C_15TXH_20250704_0_L2A;S2C_15TXG_20250704_0_L2A
205251_0,2025-07-09T16:47:10Z,Landsat,optical,landsat-c2-l2,1,1.0,11.8,20.82,19.34,False,post,LC09_L2SP_025031_20250709_02_T1
205251_0,2025-07-09T23:57:25Z,Sentinel-1,radar,sentinel-1-grd,1,1.0,,27.99,26.51,False,post,S1A_IW_GRDH_1SDV_20250709T235713_20250709T235738_060014_0774A9
205251_0,2025-07-10T16:41:02Z,Landsat,optical,landsat-c2-l2,1,1.0,77.5,44.72,43.23,False,post,LC08_L2SP_024031_20250710_02_T1
205257_0,2025-07-09T16:46:58Z,Landsat,optical,landsat-c2-l2,2,0.9926,15.9,-31.55,-36.57,False,pre,LC09_L2SP_025030_20250709_02_T1;LC09_L2SP_025031_20250709_02_T1
205257_0,2025-07-09T17:12:03Z,Sentinel-2,optical,sentinel-2-l2a,3,0.2181,16.2,-31.13,-36.15,False,pre,S2B_15TXH_20250709_0_L2A;S2B_15TXG_20250709_0_L2A;S2B_15TXF_20250709_0_L2A
205257_0,2025-07-09T23:57:38Z,Sentinel-1,radar,sentinel-1-grd,2,0.9999,,-24.37,-29.39,False,pre,S1A_IW_GRDH_1SDV_20250709T235713_20250709T235738_060014_0774A9;S1A_IW_GRDH_1SDV_20250709T235738_20250709T235805_060014_0774A9
205257_0,2025-07-10T16:40:51Z,Landsat,optical,landsat-c2-l2,2,0.8162,84.1,-7.65,-12.67,False,pre,LC08_L2SP_024030_20250710_02_T1;LC08_L2SP_024031_20250710_02_T1
205257_0,2025-07-11T17:02:25Z,Sentinel-2,optical,sentinel-2-l2a,8,1.0,87.4,16.71,11.69,False,post,S2C_15TYH_20250711_0_L2A;S2C_15TXH_20250711_0_L2A;S2C_15TYG_20250711_0_L2A;S2C_16TBM_20250711_0_L2A;S2C_15TXG_20250711_0_L2A;S2C_16TBL_20250711_0_L2A;S2C_15TYF_20250711_0_L2A;S2C_15TXF_20250711_0_L2A
205435_0,2025-07-09T23:57:25Z,Sentinel-1,radar,sentinel-1-grd,3,0.9023,,-44.86,-58.04,False,pre,S1A_IW_GRDH_1SDV_20250709T235648_20250709T235713_060014_0774A9;S1A_IW_GRDH_1SDV_20250709T235713_20250709T235738_060014_0774A9;S1A_IW_GRDH_1SDV_20250709T235738_20250709T235805_060014_0774A9
205435_0,2025-07-10T16:41:02Z,Landsat,optical,landsat-c2-l2,3,0.3443,64.1,-28.13,-41.32,False,pre,LC08_L2SP_024030_20250710_02_T1;LC08_L2SP_024031_20250710_02_T1;LC08_L2SP_024032_20250710_02_T1
205435_0,2025-07-11T17:02:38Z,Sentinel-2,optical,sentinel-2-l2a,15,0.8918,85.5,-3.77,-16.96,False,pre,S2C_15TYH_20250711_0_L2A;S2C_15TXH_20250711_0_L2A;S2C_15TWH_20250711_0_L2A;S2C_15TYG_20250711_0_L2A;S2C_16TBM_20250711_0_L2A;S2C_15TXG_20250711_0_L2A;S2C_15TWG_20250711_0_L2A;S2C_16TBL_20250711_0_L2A;S2C_15TYF_20250711_0_L2A;S2C_15TXF_20250711_0_L2A;S2C_15TWF_20250711_0_L2A;S2C_16TBK_20250711_0_L2A
205451_0,2025-07-17T16:47:18Z,Landsat,optical,landsat-c2-l2,1,1.0,97.4,-43.38,-47.53,False,pre,LC08_L2SP_025031_20250717_02_T2
205451_0,2025-07-19T17:12:06Z,Sentinel-2,optical,sentinel-2-l2a,1,1.0,12.1,5.04,0.89,False,post,S2B_15TWG_20250719_0_L2A
205453_0,2025-07-18T16:41:17Z,Landsat,optical,landsat-c2-l2,2,0.0897,37.3,-40.0,-46.81,False,pre,LC09_L2SP_024031_20250718_02_T1;LC09_L2SP_024032_20250718_02_T1
205453_0,2025-07-19T17:12:11Z,Sentinel-2,optical,sentinel-2-l2a,4,0.9014,39.7,-15.48,-22.3,False,pre,S2B_15TXG_20250719_0_L2A;S2B_15TWG_20250719_0_L2A;S2B_15TXF_20250719_0_L2A;S2B_15TWF_20250719_0_L2A
205453_0,2025-07-21T17:02:35Z,Sentinel-2,optical,sentinel-2-l2a,4,0.8995,94.7,32.36,25.54,False,post,S2C_15TXG_20250721_0_L2A;S2C_15TWG_20250721_0_L2A;S2C_15TXF_20250721_0_L2A;S2C_15TWF_20250721_0_L2A
205453_0,2025-07-21T23:57:38Z,Sentinel-1,radar,sentinel-1-grd,2,0.5874,,39.28,32.46,False,post,S1A_IW_GRDH_1SDV_20250721T235712_20250721T235737_060189_077AAC;S1A_IW_GRDH_1SDV_20250721T235737_20250721T235804_060189_077AAC
205478_0,2025-07-24T17:12:45Z,Sentinel-2,optical,sentinel-2-l2a,4,0.6166,96.1,-45.05,-47.42,False,pre,S2C_15TXF_20250724_0_L2A;S2C_15TWF_20250724_0_L2A;S2C_15TXE_20250724_0_L2A;S2C_15TWE_20250724_0_L2A
205478_0,2025-07-25T16:47:31Z,Landsat,optical,landsat-c2-l2,2,1.0,80.8,-21.47,-23.84,False,pre,LC09_L2SP_025031_20250725_02_T1;LC09_L2SP_025032_20250725_02_T1
205478_0,2025-07-26T16:41:33Z,Landsat,optical,landsat-c2-l2,1,0.1957,95.5,2.43,0.06,False,post,LC08_L2SP_024032_20250726_02_T1
205478_0,2025-07-26T17:02:28Z,Sentinel-2,optical,sentinel-2-l2a,4,1.0,66.8,2.77,0.41,False,post,S2B_15TXF_20250726_0_L2A;S2B_15TWF_20250726_0_L2A;S2B_15TXE_20250726_0_L2A;S2B_15TWE_20250726_0_L2A
205480_0,2025-07-24T17:12:29Z,Sentinel-2,optical,sentinel-2-l2a,2,0.5492,87.9,-28.33,-57.64,False,pre,S2C_15TXG_20250724_0_L2A;S2C_15TXF_20250724_0_L2A
205480_0,2025-07-25T16:47:31Z,Landsat,optical,landsat-c2-l2,2,1.0,80.8,-4.74,-34.06,False,pre,LC09_L2SP_025031_20250725_02_T1;LC09_L2SP_025032_20250725_02_T1
205480_0,2025-07-26T16:41:21Z,Landsat,optical,landsat-c2-l2,2,0.3949,97.8,19.16,-10.16,True,during,LC08_L2SP_024031_20250726_02_T2;LC08_L2SP_024032_20250726_02_T1
205480_0,2025-07-26T17:02:12Z,Sentinel-2,optical,sentinel-2-l2a,2,1.0,93.4,19.5,-9.81,True,during,S2B_15TXG_20250726_0_L2A;S2B_15TXF_20250726_0_L2A
205482_0,2025-07-21T17:02:21Z,Sentinel-2,optical,sentinel-2-l2a,4,0.687,80.8,-38.79,-41.18,False,pre,S2C_15TXH_20250721_0_L2A;S2C_15TWH_20250721_0_L2A;S2C_15TXG_20250721_0_L2A;S2C_15TWG_20250721_0_L2A
205482_0,2025-07-21T23:57:51Z,Sentinel-1,radar,sentinel-1-grd,1,1.0,,-31.87,-34.25,False,pre,S1A_IW_GRDH_1SDV_20250721T235737_20250721T235804_060189_077AAC
205482_0,2025-07-23T17:02:17Z,Sentinel-2,optical,sentinel-2-l2a,4,0.6795,1.0,9.2,6.82,False,post,S2A_15TXH_20250723_0_L2A;S2A_15TWH_20250723_0_L2A;S2A_15TXG_20250723_0_L2A;S2A_15TWG_20250723_0_L2A
205482_0,2025-07-24T16:53:19Z,Landsat,optical,landsat-c2-l2,2,0.9989,95.6,33.06,30.67,False,post,LC08_L2SP_026030_20250724_02_T2;LC08_L2SP_026031_20250724_02_T2
205482_0,2025-07-24T17:12:17Z,Sentinel-2,optical,sentinel-2-l2a,4,1.0,94.3,33.37,30.99,False,post,S2C_15TXH_20250724_0_L2A;S2C_15TWH_20250724_0_L2A;S2C_15TXG_20250724_0_L2A;S2C_15TWG_20250724_0_L2A
206155_0,2025-08-08T17:00:01Z,Landsat,optical,landsat-c2-l2,2,0.9923,4.9,-40.5,-41.58,False,pre,LC09_L2SP_027031_20250808_02_T1;LC09_L2SP_027032_20250808_02_T1
206155_0,2025-08-08T17:22:41Z,Sentinel-2,optical,sentinel-2-l2a,2,1.0,1.0,-40.12,-41.21,False,pre,S2A_15TTF_20250808_0_L2A;S2A_14TQL_20250808_0_L2A
206155_0,2025-08-11T17:22:28Z,Sentinel-2,optical,sentinel-2-l2a,2,1.0,99.9,31.87,30.79,False,post,S2B_15TTF_20250811_0_L2A;S2B_14TQL_20250811_0_L2A
206183_0,2025-07-27T17:22:10Z,Sentinel-2,optical,sentinel-2-l2a,4,1.0,6.9,-13.28,-14.63,False,pre,S2C_15TUJ_20250727_0_L2A;S2C_14TQP_20250727_0_L2A;S2C_15TUH_20250727_0_L2A;S2C_14TQN_20250727_0_L2A
206360_0,2025-07-09T23:57:51Z,Sentinel-1,radar,sentinel-1-grd,1,0.0773,,-44.25,-51.79,False,pre,S1A_IW_GRDH_1SDV_20250709T235738_20250709T235805_060014_0774A9
206403_0,2025-07-29T17:11:39Z,Landsat,optical,landsat-c2-l2,1,0.4908,12.3,-12.16,-15.81,False,pre,LC08_L2SP_029030_20250729_02_T1
206403_0,2025-07-30T17:05:28Z,Landsat,optical,landsat-c2-l2,1,1.0,55.8,11.74,8.09,False,post,LC09_L2SP_028030_20250730_02_T1
206403_0,2025-07-30T17:32:09Z,Sentinel-2,optical,sentinel-2-l2a,4,0.8581,91.1,12.19,8.54,False,post,S2C_14TQP_20250730_0_L2A;S2C_14TPP_20250730_0_L2A;S2C_14TQN_20250730_0_L2A;S2C_14TPN_20250730_0_L2A
206403_0,2025-07-31T00:21:29Z,Sentinel-1,radar,sentinel-1-grd,1,1.0,,19.01,15.36,False,post,S1C_IW_GRDH_1SDV_20250731T002114_20250731T002144_003457_006F14
206403_0,2025-08-01T00:14:05Z,Sentinel-1,radar,sentinel-1-grd,1,0.0039,,42.88,39.23,False,post,S1A_IW_GRDH_1SDV_20250801T001347_20250801T001423_060335_077FB1
206484_0,2025-07-29T17:11:39Z,Landsat,optical,landsat-c2-l2,1,0.7669,12.3,-32.81,-54.81,False,pre,LC08_L2SP_029030_20250729_02_T1
206484_0,2025-07-30T17:05:40Z,Landsat,optical,landsat-c2-l2,2,1.0,61.3,-8.91,-30.91,False,pre,LC09_L2SP_028030_20250730_02_T1;LC09_L2SP_028031_20250730_02_T1
206484_0,2025-07-30T17:32:09Z,Sentinel-2,optical,sentinel-2-l2a,4,1.0,91.1,-8.46,-30.46,False,pre,S2C_14TQP_20250730_0_L2A;S2C_14TPP_20250730_0_L2A;S2C_14TQN_20250730_0_L2A;S2C_14TPN_20250730_0_L2A
206484_0,2025-07-31T00:21:29Z,Sentinel-1,radar,sentinel-1-grd,1,1.0,,-1.64,-23.64,False,pre,S1C_IW_GRDH_1SDV_20250731T002114_20250731T002144_003457_006F14
206484_0,2025-08-01T00:14:05Z,Sentinel-1,radar,sentinel-1-grd,1,0.2478,,22.23,0.23,False,post,S1A_IW_GRDH_1SDV_20250801T001347_20250801T001423_060335_077FB1
206484_0,2025-08-01T17:21:52Z,Sentinel-2,optical,sentinel-2-l2a,4,1.0,30.4,39.36,17.36,False,post,S2B_14TQP_20250801_0_L2A;S2B_14TPP_20250801_0_L2A;S2B_14TQN_20250801_0_L2A;S2B_14TPN_20250801_0_L2A
206490_0,2025-08-08T23:56:59Z,Sentinel-1,radar,sentinel-1-grd,1,0.9619,,-47.88,-47.88,False,pre,S1C_IW_GRDH_1SDV_20250808T235644_20250808T235713_003588_0072F4
206490_0,2025-08-09T16:53:14Z,Landsat,optical,landsat-c2-l2,1,0.3814,100.0,-30.95,-30.95,False,pre,LC08_L2SP_026030_20250809_02_T2
206490_0,2025-08-10T16:47:17Z,Landsat,optical,landsat-c2-l2,2,1.0,100.0,-7.05,-7.05,False,pre,LC09_L2SP_025030_20250810_02_T1;LC09_L2SP_025031_20250810_02_T1
206490_0,2025-08-10T17:02:07Z,Sentinel-2,optical,sentinel-2-l2a,1,1.0,100.0,-6.8,-6.8,False,pre,S2C_15TXH_20250810_0_L2A
206490_0,2025-08-12T17:02:02Z,Sentinel-2,optical,sentinel-2-l2a,1,1.0,99.8,41.2,41.2,False,post,S2A_15TXH_20250812_0_L2A
206546_0,2025-07-19T17:17:25Z,Sentinel-2,optical,sentinel-2-l2a,8,1.0,20.1,-15.24,-22.54,False,pre,S2B_15TVG_20250719_0_L2A;S2B_15TUG_20250719_0_L2A;S2B_15TVF_20250719_0_L2A;S2B_15TUF_20250719_0_L2A;S2A_15TVG_20250719_1_L2A;S2A_15TUG_20250719_1_L2A;S2A_15TVF_20250719_1_L2A;S2A_15TUF_20250719_1_L2A
206546_0,2025-07-20T00:14:05Z,Sentinel-1,radar,sentinel-1-grd,1,1.0,,-8.3,-15.6,False,pre,S1A_IW_GRDH_1SDV_20250720T001347_20250720T001423_060160_0779AE
206579_0,2025-08-17T16:53:20Z,Landsat,optical,landsat-c2-l2,1,1.0,81.5,-20.03,-23.29,False,pre,LC09_L2SP_026030_20250817_02_T1
206579_0,2025-08-18T16:47:06Z,Landsat,optical,landsat-c2-l2,1,0.6248,95.5,3.87,0.6,False,post,LC08_L2SP_025030_20250818_02_T1
206579_0,2025-08-18T17:11:42Z,Sentinel-2,optical,sentinel-2-l2a,4,1.0,90.5,4.28,1.01,False,post,S2B_15TXJ_20250818_0_L2A;S2B_15TWJ_20250818_0_L2A;S2B_15TXH_20250818_0_L2A;S2B_15TWH_20250818_0_L2A
206579_0,2025-08-20T00:05:59Z,Sentinel-1,radar,sentinel-1-grd,1,0.961,,35.18,31.92,False,post,S1A_IW_GRDH_1SDV_20250820T000546_20250820T000613_060612_078A3E
206584_0,2025-08-16T17:21:56Z,Sentinel-2,optical,sentinel-2-l2a,4,0.0028,93.0,-47.63,-108.88,False,pre,S2C_15TWJ_20250816_0_L2A;S2C_15TVJ_20250816_0_L2A;S2C_15TWH_20250816_0_L2A;S2C_15TVH_20250816_0_L2A
206584_0,2025-08-17T16:53:31Z,Landsat,optical,landsat-c2-l2,2,0.8304,50.1,-24.11,-85.36,False,pre,LC09_L2SP_026030_20250817_02_T1;LC09_L2SP_026031_20250817_02_T1
206584_0,2025-08-18T16:47:18Z,Landsat,optical,landsat-c2-l2,2,0.755,75.7,-0.21,-61.46,False,pre,LC08_L2SP_025030_20250818_02_T1;LC08_L2SP_025031_20250818_02_T1
206584_0,2025-08-18T17:11:44Z,Sentinel-2,optical,sentinel-2-l2a,6,1.0,87.5,0.2,-61.05,True,during,S2B_15TXJ_20250818_0_L2A;S2B_15TWJ_20250818_0_L2A;S2B_15TVJ_20250818_0_L2A;S2B_15TXH_20250818_0_L2A;S2B_15TWH_20250818_0_L2A;S2B_15TVH_20250818_0_L2A
206584_0,2025-08-20T00:05:59Z,Sentinel-1,radar,sentinel-1-grd,1,0.933,,31.1,-30.15,True,during,S1A_IW_GRDH_1SDV_20250820T000546_20250820T000613_060612_078A3E
206584_0,2025-08-20T17:02:08Z,Sentinel-2,optical,sentinel-2-l2a,3,0.4662,59.4,48.04,-13.21,True,during,S2C_15TXJ_20250820_0_L2A;S2C_15TXH_20250820_0_L2A;S2C_15TWH_20250820_0_L2A
206584_0,2025-08-20T23:56:59Z,Sentinel-1,radar,sentinel-1-grd,1,0.7838,,54.95,-6.3,True,during,S1C_IW_GRDH_1SDV_20250820T235645_20250820T235714_003763_00782E
206584_0,2025-08-21T17:21:39Z,Sentinel-2,optical,sentinel-2-l2a,4,0.0037,51.4,72.36,11.11,False,post,S2B_15TWJ_20250821_0_L2A;S2B_15TVJ_20250821_0_L2A;S2B_15TWH_20250821_0_L2A;S2B_15TVH_20250821_0_L2A
206824_0,2025-08-07T17:05:47Z,Landsat,optical,landsat-c2-l2,2,1.0,38.3,-39.74,-41.9,False,pre,LC08_L2SP_028030_20250807_02_T1;LC08_L2SP_028031_20250807_02_T1
206824_0,2025-08-08T16:59:37Z,Landsat,optical,landsat-c2-l2,2,0.0053,29.1,-15.84,-18.01,False,pre,LC09_L2SP_027030_20250808_02_T1;LC09_L2SP_027031_20250808_02_T1
206824_0,2025-08-08T17:22:10Z,Sentinel-2,optical,sentinel-2-l2a,2,1.0,72.0,-15.46,-17.63,False,pre,S2A_15TUH_20250808_1_L2A;S2A_14TQN_20250808_0_L2A
206824_0,2025-08-09T17:32:11Z,Sentinel-2,optical,sentinel-2-l2a,1,0.4044,100.0,8.7,6.54,False,post,S2C_14TQN_20250809_0_L2A
206920_0,2025-07-19T17:17:23Z,Sentinel-2,optical,sentinel-2-l2a,4,1.0,20.2,-31.21,-34.21,False,pre,S2B_15TVG_20250719_0_L2A;S2B_15TVF_20250719_0_L2A;S2A_15TVG_20250719_1_L2A;S2A_15TVF_20250719_1_L2A
206920_0,2025-07-20T00:14:05Z,Sentinel-1,radar,sentinel-1-grd,1,1.0,,-24.27,-27.27,False,pre,S1A_IW_GRDH_1SDV_20250720T001347_20250720T001423_060160_0779AE
206920_0,2025-07-22T17:22:12Z,Sentinel-2,optical,sentinel-2-l2a,2,0.5627,76.2,40.87,37.87,False,post,S2B_15TVG_20250722_0_L2A;S2B_15TVF_20250722_0_L2A
207543_0,2025-08-05T17:12:37Z,Sentinel-2,optical,sentinel-2-l2a,1,1.0,34.5,-45.54,-48.79,False,pre,S2A_15TVF_20250805_0_L2A
207543_0,2025-08-06T17:22:36Z,Sentinel-2,optical,sentinel-2-l2a,1,0.4872,100.0,-21.37,-24.62,False,pre,S2C_15TVF_20250806_0_L2A
207543_0,2025-08-08T00:05:33Z,Sentinel-1,radar,sentinel-1-grd,1,0.525,,9.34,6.09,False,post,S1A_IW_GRDH_1SDV_20250808T000521_20250808T000546_060437_07835B
207543_0,2025-08-08T17:00:01Z,Landsat,optical,landsat-c2-l2,2,0.9135,4.9,26.25,23.0,False,post,LC09_L2SP_027031_20250808_02_T1;LC09_L2SP_027032_20250808_02_T1
207543_0,2025-08-08T17:17:27Z,Sentinel-2,optical,sentinel-2-l2a,2,1.0,7.3,26.54,23.29,False,post,S2B_15TVF_20250808_0_L2A;S2A_15TVF_20250808_1_L2A
207543_0,2025-08-09T16:53:50Z,Landsat,optical,landsat-c2-l2,2,1.0,98.6,50.15,46.9,False,post,LC08_L2SP_026031_20250809_02_T2;LC08_L2SP_026032_20250809_02_T1
208321_0,2025-09-15T17:22:11Z,Sentinel-2,optical,sentinel-2-l2a,4,1.0,35.2,-31.71,-32.63,False,pre,S2C_15TVH_20250915_0_L2A;S2C_15TUH_20250915_0_L2A;S2C_15TVG_20250915_0_L2A;S2C_15TUG_20250915_0_L2A
208321_0,2025-09-17T16:59:49Z,Landsat,optical,landsat-c2-l2,2,1.0,86.2,15.91,15.0,False,post,LC08_L2SP_027030_20250917_02_T1;LC08_L2SP_027031_20250917_02_T1
208321_0,2025-09-17T17:17:05Z,Sentinel-2,optical,sentinel-2-l2a,8,1.0,98.4,16.2,15.28,False,post,S2B_15TVH_20250917_0_L2A;S2B_15TUH_20250917_0_L2A;S2B_15TVG_20250917_0_L2A;S2B_15TUG_20250917_0_L2A;S2A_15TVH_20250917_1_L2A;S2A_15TUH_20250917_1_L2A;S2A_15TVG_20250917_1_L2A;S2A_15TUG_20250917_1_L2A
208321_0,2025-09-18T00:14:06Z,Sentinel-1,radar,sentinel-1-grd,1,1.0,,23.15,22.24,False,post,S1A_IW_GRDH_1SDV_20250918T001348_20250918T001424_061035_079B0F
208321_0,2025-09-18T16:53:50Z,Landsat,optical,landsat-c2-l2,1,0.0136,93.7,39.81,38.9,False,post,LC09_L2SP_026031_20250918_02_T1
