impact_id,episode_id,event_id,source_type,source_ref,pub_date,start_date,end_date,date_precision,location_name,location_raw,lat,lon,geom_type,admin_fips,huc8,impact_type,quantity,quantity_unit,severity,confidence,flood_type,mention_count,text_span,notes
0a0d23e9-1826-5099-83d8-867dc6f48497,157601_0,953640,noaa_narrative,NOAA StormEvents EVENT_ID 953640,,2021-05-27,2021-05-28,day,"Van Buren County, IA",,40.7692,-91.7266,event_point,19177,7100009,road_closed,,,2,A,river,1,Heavy rain resulted in several secondary county roads closed overnight.,
82553adb-63bb-599c-a7fc-0b6d44d6dfa4,158463_0,964108,noaa_narrative,NOAA StormEvents EVENT_ID 964108,,2021-06-24,2021-06-24,day,"Jefferson County, IA",Clearwood Avenue; Dewberry Avenue,40.9209,-92.1296,event_point,19101,7100009,road_flooded,,,1,A,flash,1,Sheriff office received a report of water over 265th street between Clearwood Avenue and Dewberry Avenue at 855 pm.,
21d2ab8e-8c9b-599d-b902-218d6a16681e,158463_0,964110,noaa_narrative,NOAA StormEvents EVENT_ID 964110,,2021-06-24,2021-06-24,day,"Jefferson County, IA",Douds Road,40.918,-92.0724,event_point,19101,7100009,road_flooded,,,1,A,flash,1,Sheriff office received report of Douds Road flooded near Lick Creek at 902 pm.,
538e371c-4592-585e-afb5-63b0de6562d9,158463_0,964112,noaa_narrative,NOAA StormEvents EVENT_ID 964112,,2021-06-24,2021-06-24,day,"Jefferson County, IA",265th Street; Grasstree Avenue,40.9271,-92.0498,event_point,19101,7100009,road_flooded,,,1,A,flash,1,A deputy reported water on Grasstree Avenue north of 265th Street near the bridge.,
4e415467-c03b-509b-b242-08a6fbf07e5b,158463_0,964113,noaa_narrative,NOAA StormEvents EVENT_ID 964113,,2021-06-24,2021-06-25,day,"Van Buren County, IA",,40.73,-91.97,event_point,19177,7100009,infrastructure,,,2,A,flash,1,Reports of roads and culverts washed out throughout the county.,
362220bb-4229-53db-94f3-6cbb63029762,158463_0,964113,noaa_narrative,NOAA StormEvents EVENT_ID 964113,,2021-06-24,2021-06-25,day,"Van Buren County, IA",,40.73,-91.97,event_point,19177,7100009,road_closed,,,2,A,flash,1,Reports of roads and culverts washed out throughout the county.,
764cb8b8-7c17-5288-b0c8-f71b42d49690,159463_0,965461,noaa_narrative,NOAA StormEvents EVENT_ID 965461,,2021-06-24,2021-06-25,day,"Lucas County, IA",482nd Street,41.01,-93.27,event_point,19117,7100008,road_closed,,,2,A,flash,1,Law enforcement reported that 482nd Street had water running over it and it was in the process of being closed and barricaded.,
14b81780-64ca-552f-a176-00d3cae77a91,159463_0,965464,noaa_narrative,NOAA StormEvents EVENT_ID 965464,,2021-06-24,2021-06-25,day,"Wapello County, IA",,40.932,-92.2234,event_point,19179,7100009,home_flooded,,,2,A,flash,1,Emergency management reported flash flooding including the flooding of the basement of Eldon City Hall and street and highway flooding in and around the town of Eldon.,
3bc1d4ac-85a0-5675-bbd0-34b1c464c45f,159463_0,965464,noaa_narrative,NOAA StormEvents EVENT_ID 965464,,2021-06-24,2021-06-25,day,"Wapello County, IA",,40.932,-92.2234,event_point,19179,7100009,road_flooded,,,1,A,flash,1,Emergency management reported flash flooding including the flooding of the basement of Eldon City Hall and street and highway flooding in and around the town of Eldon.,
ff18e867-3b77-5411-9ebb-dcbcb16a5647,159463_0,965475,noaa_narrative,NOAA StormEvents EVENT_ID 965475,,2021-06-24,2021-06-25,day,"Wapello County, IA",,40.96,-92.24,event_point,19179,7080107,river_overbank,,,0,A,flash,1,A trained spotter relayed that multiple creeks were out of banks with and estimated 6 inch depth of water flowing across highway 16.,
4bcc2988-3eff-571f-92a8-7339f79bdfa0,159463_0,965475,noaa_narrative,NOAA StormEvents EVENT_ID 965475,,2021-06-24,2021-06-25,day,"Wapello County, IA",,40.96,-92.24,event_point,19179,7080107,road_flooded,,,1,A,flash,1,A trained spotter relayed that multiple creeks were out of banks with and estimated 6 inch depth of water flowing across highway 16.,
a32c8e09-5db4-5918-9178-38d04df2189c,159795_0,965919,noaa_narrative,NOAA StormEvents EVENT_ID 965919,,2021-06-29,2021-06-29,day,"Allamakee County, IA",,43.16,-91.19,event_point,19005,7060001,evacuation,,,3,A,flash,1,Damage to these roads prompted officials to evacuate the campgrounds until safety inspections could be made.,
66551b41-e597-5817-bc39-f1c21590356e,159795_0,965919,noaa_narrative,NOAA StormEvents EVENT_ID 965919,,2021-06-29,2021-06-29,day,"Allamakee County, IA",,43.16,-91.19,event_point,19005,7060001,river_overbank,,,0,A,flash,1,The Yellow River was pushed out of its banks with water going over several roads in the Yellow River State Forest.,
2c2beb01-4830-5425-8e3e-cae29c61b324,159795_0,965919,noaa_narrative,NOAA StormEvents EVENT_ID 965919,,2021-06-29,2021-06-29,day,"Allamakee County, IA",,43.16,-91.19,event_point,19005,7060001,road_flooded,,,1,A,flash,1,The Yellow River was pushed out of its banks with water going over several roads in the Yellow River State Forest.,
c998a395-1c99-52ae-849d-26cfa40dc1ec,161012_0,972505,noaa_narrative,NOAA StormEvents EVENT_ID 972505,,2021-07-11,2021-07-11,day,"Van Buren County, IA",,40.69,-91.8,event_point,19177,7100009,road_flooded,,,1,A,flash,2,The Emergency Manager reports water flowing over a gravel road from nearby fields.,
45de3f8a-5d9b-5f01-bc7f-360cc0e91c92,160825_0,971423,noaa_narrative,NOAA StormEvents EVENT_ID 971423,,2021-07-14,2021-07-15,day,"Story County, IA",,41.91,-93.44,event_point,19169,7080105,road_flooded,,,1,A,flash,1,Report of water over the road at 305th and 630th with 3 to 4 inches of rainfall in the area.,
3c042d5a-10f6-5380-9b2a-7646a82965e1,160825_0,971425,noaa_narrative,NOAA StormEvents EVENT_ID 971425,,2021-07-14,2021-07-15,day,"Story County, IA",2nd Street,41.8891,-93.3947,event_point,19169,7080105,road_flooded,,,1,A,flash,1,Trained spotter reports water over the intersection of Woodlawn and 2nd Street at least 6 inches deep.,
7cf1ae2a-7cc7-5f3b-a351-ce6ade029540,162792_0,983070,noaa_narrative,NOAA StormEvents EVENT_ID 983070,,2021-08-07,2021-08-07,day,"Pottawattamie County, IA",,41.2386,-95.8497,event_point,19155,10230006,road_closed,,,2,A,flash,1,Public report from mping of street/road flooding; street/road closed; vehicles stranded.,
ae7f5ca1-5b0a-5b3a-838a-46a03746804d,162792_0,983070,noaa_narrative,NOAA StormEvents EVENT_ID 983070,,2021-08-07,2021-08-07,day,"Pottawattamie County, IA",,41.2386,-95.8497,event_point,19155,10230006,road_flooded,,,1,A,flash,1,Public report from mping of street/road flooding; street/road closed; vehicles stranded.,
02dd4838-d90a-5ecd-b425-cd2fa322845f,162792_0,983074,noaa_narrative,NOAA StormEvents EVENT_ID 983074,,2021-08-07,2021-08-07,day,"Pottawattamie County, IA",,41.27,-95.88,event_point,19155,10230006,road_flooded,,,1,A,flash,1,Trained spotter reported 2-4 feet of water over roads.,
f33e5788-db16-52f4-859c-5a15ad63992e,162792_0,983077,noaa_narrative,NOAA StormEvents EVENT_ID 983077,,2021-08-07,2021-08-07,day,"Pottawattamie County, IA",,41.26,-95.9,event_point,19155,10230006,home_flooded,,,2,A,flash,1,Public reported flooded basements.,
f5a06073-aee4-5ace-aab2-3b988eb2c035,162145_0,978973,noaa_narrative,NOAA StormEvents EVENT_ID 978973,,2021-08-08,2021-08-09,day,"Floyd County, IA",,43.0742,-92.6827,event_point,19067,7080201,road_closed,,,2,A,flash,1,Some of the streets were impassable.,
d809b7aa-659e-5eb1-8865-5bf0d32bb064,162145_0,978973,noaa_narrative,NOAA StormEvents EVENT_ID 978973,,2021-08-08,2021-08-09,day,"Floyd County, IA",,43.0742,-92.6827,event_point,19067,7080201,road_flooded,,,1,A,flash,1,Runoff from heavy rains causes several streets in Charles City to become flooded.,
62b23932-545e-5a3d-8546-69ddd567eefd,162145_0,978975,noaa_narrative,NOAA StormEvents EVENT_ID 978975,,2021-08-08,2021-08-09,day,"Chickasaw County, IA",,43.0667,-92.3074,event_point,19037,7080102,road_flooded,,,1,A,flash,1,Runoff from heavy rain caused street flooding to occur in New Hampton.,
bcd98a4c-2723-5817-ab2a-7ce14ff631f6,161208_0,973375,noaa_narrative,NOAA StormEvents EVENT_ID 973375,,2021-08-11,2021-08-11,day,"Des Moines County, IA",West Burlington Avenue,40.83,-91.17,event_point,19057,7080104,road_flooded,,,1,A,flash,1,The fire department reported water deep enough that vehicles could not pass through on Mt Pleasant street and West Burlington Avenue.,
b67bad1c-9ac0-5731-9fb2-d6f97a297522,161208_0,973376,noaa_narrative,NOAA StormEvents EVENT_ID 973376,,2021-08-11,2021-08-11,day,"Des Moines County, IA",Highway 61,40.83,-91.14,event_point,19057,7080104,road_closed,3,vehicles,2,A,flash,1,Emergency management reported that Highway 61 in Burlington was impassable and 3 vehicles were stranded.,
0040ab8a-ff41-53d8-bffa-cd2da120df49,162075_0,978575,noaa_narrative,NOAA StormEvents EVENT_ID 978575,,2021-08-12,2021-08-12,day,"Appanoose County, IA",,40.62,-92.92,event_point,19007,10280201,road_closed,,,2,A,flash,1,Several other roads impassable.,
346d7188-bfc2-520f-b42a-fe25f43263d0,162075_0,978575,noaa_narrative,NOAA StormEvents EVENT_ID 978575,,2021-08-12,2021-08-12,day,"Appanoose County, IA",,40.62,-92.92,event_point,19007,10280201,road_flooded,,,1,A,flash,1,"Delayed report of flooding in multiple areas, including highway 5 where 6 to 7 inches of water was over the road.",
bb15c4a0-f77a-5a21-9afa-cb71e3a2903d,161640_0,975963,noaa_narrative,NOAA StormEvents EVENT_ID 975963,,2021-08-25,2021-08-25,day,"Iowa County, IA",,41.5804,-92.0716,event_point,19095,7080209,road_flooded,,,1,A,flash,1,"Street flooded in town, with lots of standing water.",
15f87c4b-17b3-5345-bdbc-ed7015fc276a,161088_0,978892,noaa_narrative,NOAA StormEvents EVENT_ID 978892,,2021-08-27,2021-08-28,day,"Worth County, IA",13th Street,43.4401,-93.2156,event_point,19195,7080202,road_flooded,,,1,A,flash,1,Water was several inches deep and completely covering 13th Street South in Northwood.,
a1aee78b-2cf3-5525-877f-baf286c16fcb,161088_0,978894,noaa_narrative,NOAA StormEvents EVENT_ID 978894,,2021-08-27,2021-08-28,day,"Worth County, IA",410th Street; Yarrow Avenue,43.36,-93.04,event_point,19195,7080201,road_flooded,,,1,A,flash,1,Water was several inches deep flowing over Yarrow Avenue near the intersection of 410th Street.,
c70b8dd2-b669-589e-949c-172d4ec553a2,161088_0,978897,noaa_narrative,NOAA StormEvents EVENT_ID 978897,,2021-08-27,2021-08-28,day,"Worth County, IA",,43.33,-93.07,event_point,19195,7080201,road_flooded,,,1,A,flash,1,Three to six inches of water flowing over road.,
12de31a4-687c-543e-b03d-1d39bc40192a,161088_0,978898,noaa_narrative,NOAA StormEvents EVENT_ID 978898,,2021-08-27,2021-08-28,day,"Worth County, IA",410th Street; Ulmus Avenue,43.35,-93.1,event_point,19195,7080202,road_flooded,,,1,A,flash,1,Water several inches deep flowing over the road near the intersection of Ulmus Avenue and 410th Street east of Kensett.,
ece91b5b-aac8-5e45-ac13-38b98be396f4,162520_0,981156,noaa_narrative,NOAA StormEvents EVENT_ID 981156,,2021-08-27,2021-08-28,day,"Mitchell County, IA",,43.45,-93.03,event_point,19131,7080201,infrastructure,,,2,A,flash,1,A dam on the Cedar River near Mitchell sustained damage from the flood waters.,
8010731f-d4d7-5405-8ad4-4e9d51e947dd,162520_0,981156,noaa_narrative,NOAA StormEvents EVENT_ID 981156,,2021-08-27,2021-08-28,day,"Mitchell County, IA",,43.45,-93.03,event_point,19131,7080201,river_overbank,,,0,A,flash,1,Runoff from heavy rains pushed the Little Cedar River out of its banks.,
c4903cae-90fd-5414-ab39-c5fe85fe7660,162520_0,981156,noaa_narrative,NOAA StormEvents EVENT_ID 981156,,2021-08-27,2021-08-28,day,"Mitchell County, IA",A46; T64,43.45,-93.03,event_point,19131,7080201,road_closed,,,2,A,flash,2,County roads A46 and T64 near New Haven had to be closed because of the flood waters.,
b489fb68-6e92-54ac-9319-e39000ba7fde,162520_0,981156,noaa_narrative,NOAA StormEvents EVENT_ID 981156,,2021-08-27,2021-08-28,day,"Mitchell County, IA",A46; T64,43.45,-93.03,event_point,19131,7080201,road_flooded,,,1,A,flash,1,County roads A46 and T64 near New Haven had to be closed because of the flood waters.,
fad524e2-4e12-573d-8a8d-9b55d55ccff5,162520_0,981384,noaa_narrative,NOAA StormEvents EVENT_ID 981384,,2021-08-27,2021-08-29,day,"Winneshiek County, IA",,43.2095,-91.957,event_point,19191,7060004,river_overbank,,,0,A,river,1,Runoff from heavy rains pushed the Turkey River out of its banks in Spillville.,
37531777-3bfe-50d7-9bf6-74c84041fc65,162520_0,981571,noaa_narrative,NOAA StormEvents EVENT_ID 981571,,2021-08-27,2021-08-28,day,"Floyd County, IA",,43.21,-92.65,event_point,19067,7080201,road_closed,,,2,A,flash,1,Some gravel roads were washed out and some chickens were washed away from a farm.,
ab14e588-62b6-5d4f-8aad-e6cfdfaaee36,161657_0,976055,noaa_narrative,NOAA StormEvents EVENT_ID 976055,,2021-08-28,2021-08-28,day,"Buchanan County, IA",Highway 150,42.4772,-91.9157,event_point,19019,7080102,road_flooded,,,1,A,flash,1,"Debris from water flood over many roads, including Highway 150.",
2443240e-63a8-590c-9602-855234f72a3c,162520_0,981308,noaa_narrative,NOAA StormEvents EVENT_ID 981308,,2021-08-28,2021-08-28,day,"Fayette County, IA",,43.01,-92.08,event_point,19065,7060004,evacuation,,,3,A,flash,1,Flood waters from the Little Turkey River caused officials to evacuate campers from Gouldsburg County Park and close roads around Waucoma.,
9ef777a0-2edc-54a6-a475-4213675265df,162520_0,981308,noaa_narrative,NOAA StormEvents EVENT_ID 981308,,2021-08-28,2021-08-28,day,"Fayette County, IA",,43.01,-92.08,event_point,19065,7060004,river_overbank,,,0,A,flash,1,Runoff from heavy rain caused several streams to out of their banks across Fayette County.,
251fd7cf-3b61-5fb9-8450-7a20440c0271,162520_0,981308,noaa_narrative,NOAA StormEvents EVENT_ID 981308,,2021-08-28,2021-08-28,day,"Fayette County, IA",,43.01,-92.08,event_point,19065,7060004,road_closed,,,2,A,flash,1,Flood waters from the Little Turkey River caused officials to evacuate campers from Gouldsburg County Park and close roads around Waucoma.,
94d6daa1-a4fb-54f1-ac1a-0544f30691fe,162520_0,981311,noaa_narrative,NOAA StormEvents EVENT_ID 981311,,2021-08-28,2021-08-28,day,"Chickasaw County, IA",,43.21,-92.54,event_point,19037,7080102,river_overbank,,,0,A,flash,1,Runoff from heavy rains caused numerous streams to go out of their banks across Chickasaw County.,
ec9d47a2-28b4-5d15-a3ca-3196f8789c35,162520_0,981311,noaa_narrative,NOAA StormEvents EVENT_ID 981311,,2021-08-28,2021-08-28,day,"Chickasaw County, IA",,43.21,-92.54,event_point,19037,7080102,road_closed,,,2,A,flash,1,Roads throughout the township of New Hampton were had to be closed because of flood waters.,
35612196-d81c-567c-95ea-292608c8a7df,162520_0,981315,noaa_narrative,NOAA StormEvents EVENT_ID 981315,,2021-08-28,2021-08-28,day,"Chickasaw County, IA",,43.21,-92.54,event_point,19037,7080102,evacuation,,,3,A,river,1,A train attempting to cross the Wapsipinicon River southwest of New Hampton derailed causing officials to evacuate nearby residents when one of the tank cars leaked some anhydrous ammonia.,
a12090f1-dd03-50ee-a900-fa3cfb47b268,162520_0,981315,noaa_narrative,NOAA StormEvents EVENT_ID 981315,,2021-08-28,2021-08-28,day,"Chickasaw County, IA",,43.21,-92.54,event_point,19037,7080102,river_overbank,,,0,A,river,1,The East Fork of the Wapsipinicon River went out of its banks forcing officials to close U.S.,
47a885f8-b77e-5e0f-a8ea-60d2d5051ef8,162520_0,981315,noaa_narrative,NOAA StormEvents EVENT_ID 981315,,2021-08-28,2021-08-28,day,"Chickasaw County, IA",,43.21,-92.54,event_point,19037,7080102,road_closed,,,2,A,river,1,Numerous roads were closed across Chickasaw County because of flood waters in the Ionia area.,
b9939348-0bc1-5b7b-a027-7cbe3b0fc7a6,162520_0,981315,noaa_narrative,NOAA StormEvents EVENT_ID 981315,,2021-08-28,2021-08-28,day,"Chickasaw County, IA",,43.21,-92.54,event_point,19037,7080102,road_flooded,,,1,A,river,1,Numerous roads were closed across Chickasaw County because of flood waters in the Ionia area.,
02bfa64a-ab6b-584c-a839-abdfaa76ed4b,162520_0,981316,noaa_narrative,NOAA StormEvents EVENT_ID 981316,,2021-08-28,2021-08-28,day,"Fayette County, IA",,43.06,-92.03,event_point,19065,7060004,evacuation,,,3,A,river,1,Flood waters from the Little Turkey River prompted officials to evacuate half of Waucoma.,
72fd4317-ce90-52e5-9deb-368e23939d7f,162520_0,981318,noaa_narrative,NOAA StormEvents EVENT_ID 981318,,2021-08-28,2021-08-28,day,"Mitchell County, IA",,43.2995,-92.551,event_point,19131,7080102,road_closed,,,2,A,river,1,A road east of New Haven had to be closed due to flood waters from Watsons Creek.,
23316ddb-fd43-5ec6-8ea3-7934ed3969cf,162520_0,981318,noaa_narrative,NOAA StormEvents EVENT_ID 981318,,2021-08-28,2021-08-28,day,"Mitchell County, IA",,43.2995,-92.551,event_point,19131,7080102,road_flooded,,,1,A,river,1,A road east of New Haven had to be closed due to flood waters from Watsons Creek.,
221bb83c-4783-5425-a122-d22c7dfe5247,162520_0,981319,noaa_narrative,NOAA StormEvents EVENT_ID 981319,,2021-08-28,2021-08-28,day,"Floyd County, IA",,43.13,-92.61,event_point,19067,7080201,road_closed,,,2,A,river,1,A road was closed south of Colwell due to flood waters from the Cedar River.,
5d79a29d-8dd6-583c-afae-2e3a647b21a7,162520_0,981319,noaa_narrative,NOAA StormEvents EVENT_ID 981319,,2021-08-28,2021-08-28,day,"Floyd County, IA",,43.13,-92.61,event_point,19067,7080201,road_flooded,,,1,A,river,1,A road was closed south of Colwell due to flood waters from the Cedar River.,
caabe251-4bb0-548c-92cb-5ab45c828f74,162520_0,981320,noaa_narrative,NOAA StormEvents EVENT_ID 981320,,2021-08-28,2021-08-28,day,"Winneshiek County, IA",,43.24,-91.99,event_point,19191,7060002,road_closed,,,2,A,river,1,Roads were closed in the vicinity of Spillville and Ridgeway due to flood waters from the Turkey River and Walnut Creek.,
b8b6649d-f23e-5e42-9571-ff6369caf5b4,162520_0,981345,noaa_narrative,NOAA StormEvents EVENT_ID 981345,,2021-08-28,2021-08-30,day,"Floyd County, IA",,43.0691,-92.6844,event_point,19067,7080201,river_overbank,,,0,A,river,1,Runoff from heavy rains pushed the Cedar River out of its banks in Charles City.,
6abdbf98-f16e-5bce-8327-beb5ab6300be,162520_0,981386,noaa_narrative,NOAA StormEvents EVENT_ID 981386,,2021-08-28,2021-08-31,day,"Clayton County, IA",,42.845,-91.4043,event_point,19043,7060004,river_overbank,,,0,A,river,1,Runoff from heavy rains pushed the Turkey River out of its banks in Elkader.,
637c0364-25a7-57cb-9703-0fdbfabd00af,162520_0,981387,noaa_narrative,NOAA StormEvents EVENT_ID 981387,,2021-08-28,2021-08-31,day,"Clayton County, IA",,42.7386,-91.2686,event_point,19043,7060004,river_overbank,,,0,A,river,1,Runoff from heavy rains pushed the Turkey River out of its banks in Garber.,
884e9037-a435-57d9-86fe-879fa9611bf9,162234_0,982176,noaa_narrative,NOAA StormEvents EVENT_ID 982176,,2021-08-30,2021-08-31,day,"Black Hawk County, IA",,42.56,-92.38,event_point,19013,7080205,river_overbank,,,0,A,river,1,"River entered flood state at 1230pm LST on the 30th of August, crested at 91.43 ft on 215am LST on August 31st, and fell below flood stage on 815am LST on September 1st.",
826706d2-3291-5cbd-92f3-f5fc9d738fc2,162234_0,982184,noaa_narrative,NOAA StormEvents EVENT_ID 982184,,2021-08-30,2021-08-31,day,"Black Hawk County, IA",,42.69,-92.3,event_point,19013,7080201,river_overbank,,,0,A,river,1,"Site entered flood state at 1230am LST on August 30th, crested at 15.11 ft at 845am LST on August 31st, and fell below flood stage at 1115am on August 31st.",
f4482134-e265-56d5-aa5c-4e187a632d39,167941_0,1023649,noaa_narrative,NOAA StormEvents EVENT_ID 1023649,,2022-04-13,2022-04-13,day,"Cerro Gordo County, IA",,43.29,-93.28,event_point,19033,7080203,river_overbank,,,0,A,river,1,"River entered flood state at 515am LST on the 13th of April, crested at 10.91 ft at 745am LST on April 13th, and fell below flood stage at 645pm LST on April 13th.",
9a814436-85c3-502b-b3c4-4414ea2220d1,169081_0,1024184,noaa_narrative,NOAA StormEvents EVENT_ID 1024184,,2022-04-22,2022-04-22,day,"Guthrie County, IA",,41.85,-94.31,event_point,19077,7100006,road_closed,,,2,A,flash,1,Several streets closed in Jamaica and Bagley due to surface flooding.,
ef08060a-464b-58c3-870b-48dc273eca05,169081_0,1024184,noaa_narrative,NOAA StormEvents EVENT_ID 1024184,,2022-04-22,2022-04-22,day,"Guthrie County, IA",,41.85,-94.31,event_point,19077,7100006,road_flooded,,,1,A,flash,1,Several streets closed in Jamaica and Bagley due to surface flooding.,
07d3c6f9-95e9-58d7-bb40-99dbe87fc5b8,169081_0,1024188,noaa_narrative,NOAA StormEvents EVENT_ID 1024188,,2022-04-22,2022-04-22,day,"Polk County, IA",,41.73,-93.62,event_point,19153,7100004,road_flooded,,,1,A,flash,1,Minor street flash flooding relayed through trained spotter.,
bf6111c4-0488-5d25-a18a-6853d498f9b7,169081_0,1024192,noaa_narrative,NOAA StormEvents EVENT_ID 1024192,,2022-04-22,2022-04-22,day,"Dallas County, IA",,41.8456,-94.0194,event_point,19049,7100004,road_flooded,,,1,A,flash,1,Emergency manager relayed a report from a trained spotter of localized street flooding in Woodward and Bouton with possible power outages.,
f3320e38-f96c-5fb5-916b-f8a6a7acc93f,169081_0,1024196,noaa_narrative,NOAA StormEvents EVENT_ID 1024196,,2022-04-22,2022-04-22,day,"Marshall County, IA",,42.0101,-92.9138,event_point,19127,7080208,road_flooded,,,1,A,flash,1,Standing water of unknown depth reported by local media on South 2nd street north of old highway 30.,
4cc24e12-521a-56dd-a317-9c1263d47cf4,169081_0,1024197,noaa_narrative,NOAA StormEvents EVENT_ID 1024197,,2022-04-22,2022-04-22,day,"Story County, IA",510th Ave,41.87,-93.68,event_point,19169,7100008,road_flooded,,,1,A,flash,1,Water from Four Mile Creek over the road along 510th Ave south of Slater.,
12dfb5bb-d08f-5d5b-8c9e-370edb31c289,168731_0,1021833,noaa_narrative,NOAA StormEvents EVENT_ID 1021833,,2022-05-26,2022-05-26,day,"Jones County, IA",,42.1743,-91.1212,event_point,19105,7060006,road_closed,,,2,A,flash,2,Emergency Manager reported several gravel roads washed out in the Scotch Grove and Central Park areas.,
a04b419b-5e2a-5499-aa86-ef343681bc53,168731_0,1021833,noaa_narrative,NOAA StormEvents EVENT_ID 1021833,,2022-05-26,2022-05-26,day,"Jones County, IA",,42.1743,-91.1212,event_point,19105,7060006,road_flooded,,,1,A,flash,1,"Additionally, water from Mineral Creek was over the roads.",
1f281e49-dc87-57ce-b7bf-8d4becf1b771,168731_0,1021834,noaa_narrative,NOAA StormEvents EVENT_ID 1021834,,2022-05-26,2022-05-27,day,"Des Moines County, IA",,40.8846,-91.348,event_point,19057,7080107,home_flooded,,,2,A,flash,1,"Water flowing into homes, apartments, and the school.",
af375843-cbe9-5f42-b397-799e4619d262,168731_0,1021834,noaa_narrative,NOAA StormEvents EVENT_ID 1021834,,2022-05-26,2022-05-27,day,"Des Moines County, IA",Main Street,40.8846,-91.348,event_point,19057,7080107,road_closed,,,2,A,flash,1,2 feet of standing water on Main Street and several gravel roads washed out west of Danville.,
9ec6ab0a-0daf-54c7-875d-5a2e28a08c93,168731_0,1021834,noaa_narrative,NOAA StormEvents EVENT_ID 1021834,,2022-05-26,2022-05-27,day,"Des Moines County, IA",Main Street,40.8846,-91.348,event_point,19057,7080107,road_flooded,,,1,A,flash,2,Water flowing over highway in Danville.,
9d7c4ea7-4ec8-56d0-8b85-32fb90c0dfd7,171800_0,1042879,noaa_narrative,NOAA StormEvents EVENT_ID 1042879,,2022-06-15,2022-06-15,day,"Story County, IA",,42.01,-93.62,event_point,19169,7080105,river_overbank,,,0,A,river,1,"The South Skunk River in Ames at US 30 went into flood stage, 21.5 feet, at 10am CST on June 15th, crested at 22.1 feet at 2:15 pm CST, and receded below flood stage at 9pm CST June 15th.",
2da05d92-0311-5ada-bf1c-5255a859a157,169884_0,1029398,noaa_narrative,NOAA StormEvents EVENT_ID 1029398,,2022-06-25,2022-06-25,day,"Buchanan County, IA",Highway 150,42.36,-91.89,event_point,19019,7080205,road_closed,,,2,A,flash,1,"Torrential rainfall resulted in run off water over Highway 150, which was impassable in several spots.",
8c8d83f2-c790-5795-a8f3-c01ce43020bc,169884_0,1029398,noaa_narrative,NOAA StormEvents EVENT_ID 1029398,,2022-06-25,2022-06-25,day,"Buchanan County, IA",Highway 150,42.36,-91.89,event_point,19019,7080205,road_flooded,,,1,A,flash,1,"Torrential rainfall resulted in run off water over Highway 150, which was impassable in several spots.",
467e6698-cbc8-5a4d-937e-5e5980c05fae,170975_0,1037758,noaa_narrative,NOAA StormEvents EVENT_ID 1037758,,2022-06-25,2022-06-25,day,"O'Brien County, IA",440th Street,43.0123,-95.7317,event_point,19141,10230003,road_flooded,,,1,A,flash,1,Rainfall of 2.1 inches in a little over an hour resulted in water flowing over 440th Street.,
787d5232-085a-56d4-b805-6be72cdf7940,172671_0,1048246,noaa_narrative,NOAA StormEvents EVENT_ID 1048246,,2022-07-07,2022-07-07,day,"Woodbury County, IA",,42.5105,-96.4404,event_point,19193,10230001,road_flooded,,,1,A,flash,1,Several other low-lying roads were covered by water.,
a7f50d4b-99fc-59d2-916f-bc31635b977f,172468_0,1046837,noaa_narrative,NOAA StormEvents EVENT_ID 1046837,,2022-07-08,2022-07-08,day,"Johnson County, IA",,41.72,-91.46,event_point,19103,7080209,river_overbank,,,0,A,flash,1,"Rapid Creek at Wilson's Orchard came out of its banks, overspreading an area the size of a football field with 2 to 3 feet of fast flowing water.",
1e3e1fe8-717c-59e9-8cd1-8f900b62642b,172639_0,1047998,noaa_narrative,NOAA StormEvents EVENT_ID 1047998,,2022-07-09,2022-07-13,day,"Dickinson County, IA",170th Avenue; Highway 9,43.501,-95.2208,event_point,19059,10230003,road_flooded,,,1,A,river,1,"A significant amount of rural land was flooded, and water encroached on 170th Avenue north of Iowa Highway 9.",
6eb64d7f-3cb5-5eef-bae3-1b452f323f68,172782_0,1050212,noaa_narrative,NOAA StormEvents EVENT_ID 1050212,,2022-07-24,2022-07-24,day,"Allamakee County, IA",,43.422,-91.5073,event_point,19005,7060002,river_overbank,,,0,A,river,1,Runoff from heavy rains pushed the Upper Iowa River out of its banks near Dorchester twice on July 24th.,
1f842368-3a3d-5c5e-9020-cab475bf27bb,173503_0,1053225,noaa_narrative,NOAA StormEvents EVENT_ID 1053225,,2022-08-19,2022-08-19,day,"Polk County, IA",,41.62,-93.58,event_point,19153,7100008,rescue,,,2,A,flash,1,Water rescue in progress at time of report.,
9ce9b8ee-a33b-5947-8bda-827582f634e5,174446_0,1057567,noaa_narrative,NOAA StormEvents EVENT_ID 1057567,,2022-09-03,2022-09-03,day,"Des Moines County, IA",West Ave,40.8002,-91.1195,event_point,19057,7080104,road_flooded,,,1,A,flash,1,Emergency management reported flash flooding with deep stationary water on roads near West Ave.,
71d7b78b-7961-5754-a7e8-f246db04d7df,177752_0,1081129,noaa_narrative,NOAA StormEvents EVENT_ID 1081129,,2023-02-27,2023-02-28,day,"Cerro Gordo County, IA",,43.29,-93.28,event_point,19033,7080203,river_overbank,,,0,A,river,1,"River entered flood state at 430am LST on the 27th of February, crested at 11.24 ft at 630am LST on February 27th, and fell below flood stage at 430am LST on February 28th.",
e3d151d4-225e-55f7-903c-6fc26871bc14,178186_0,1083894,noaa_narrative,NOAA StormEvents EVENT_ID 1083894,,2023-02-27,2023-02-28,day,"Clayton County, IA",,42.845,-91.4043,event_point,19043,7060004,river_overbank,,,0,A,river,1,Runoff from the combination of rainfall and melting snow pushed the Turkey River out of its banks in Elkader.,
a7002549-eabd-5a2a-b8c0-d8cab847c197,178186_0,1083896,noaa_narrative,NOAA StormEvents EVENT_ID 1083896,,2023-02-27,2023-02-28,day,"Clayton County, IA",,42.7386,-91.2686,event_point,19043,7060004,river_overbank,,,0,A,river,1,Runoff from the combination of rainfall and melting snow pushed the Turkey River out of its banks in Garber.,
a730e0cb-2f78-5894-b9fc-959f102519a1,178186_0,1083898,noaa_narrative,NOAA StormEvents EVENT_ID 1083898,,2023-02-27,2023-02-27,day,"Fayette County, IA",,43.0422,-91.8211,event_point,19065,7060004,river_overbank,,,0,A,river,1,Runoff from the combination of rainfall and snow melt pushed the Turkey River out of its banks in Eldorado.,
1fa19777-f974-5e10-acc7-cc4527f77d51,178186_0,1083901,noaa_narrative,NOAA StormEvents EVENT_ID 1083901,,2023-02-27,2023-02-27,day,"Clayton County, IA",,42.7517,-91.3814,event_point,19043,7060004,river_overbank,,,0,A,river,1,Runoff from the combination of rainfall and snow melt pushed the Volga River out of its banks in Littleport.,
9c389c2b-4202-5771-b9f0-6920774455e5,178934_0,1089222,noaa_narrative,NOAA StormEvents EVENT_ID 1089222,,2023-04-14,2023-04-14,day,"Pottawattamie County, IA",33rd Street; 3rd Avenue,41.259,-95.8974,event_point,19155,10230006,road_flooded,,,1,A,flash,1,Emergency manager reported water over the intersection of 33rd Street and 3rd Avenue.,
53afbe68-4712-5164-82d7-a7e52ad7cf45,178844_0,1088625,noaa_narrative,NOAA StormEvents EVENT_ID 1088625,,2023-04-16,2023-04-30,day,"Clayton County, IA",,43.0296,-91.1737,event_point,19043,7060001,evacuation,,,3,A,river,1,"In both towns, people were evacuated from their homes due to rising flood waters.",
4e786ec3-b59e-520b-b4aa-f75b1cbd8391,178844_0,1088625,noaa_narrative,NOAA StormEvents EVENT_ID 1088625,,2023-04-16,2023-04-30,day,"Clayton County, IA",,43.0296,-91.1737,event_point,19043,7060001,home_flooded,,,2,A,river,1,"In both towns, people were evacuated from their homes due to rising flood waters.",
757688c7-23a7-5ce7-8528-ce188658d7a2,178844_0,1088625,noaa_narrative,NOAA StormEvents EVENT_ID 1088625,,2023-04-16,2023-04-30,day,"Clayton County, IA",Highway 18; Highway 76,43.0296,-91.1737,event_point,19043,7060001,road_closed,,,2,A,river,1,"North of neighboring Marquette, Iowa, Highway 76 was closed due to flooding from Highway 18 to north of Effigy Mounds.",
072ec047-fff2-5f91-a0ac-724d46f3da5b,178844_0,1088625,noaa_narrative,NOAA StormEvents EVENT_ID 1088625,,2023-04-16,2023-04-30,day,"Clayton County, IA",Highway 18; Highway 76,43.0296,-91.1737,event_point,19043,7060001,road_flooded,,,1,A,river,1,"North of neighboring Marquette, Iowa, Highway 76 was closed due to flooding from Highway 18 to north of Effigy Mounds.",
db7a2015-96cd-5114-8ddf-f576c9cb6ba5,178844_1,1088623,noaa_narrative,NOAA StormEvents EVENT_ID 1088623,,2023-04-21,2023-04-30,day,"Allamakee County, IA",Highway 35,43.3477,-91.1897,event_point,19005,7060001,road_closed,,,2,A,river,1,"Multiple streets in town were closed, including the Black Hawk Bridge connecting Lansing, Iowa to Wisconsin Highway 35 from April 25th to May 4th.",
c5d8763f-a3bc-5cf7-877d-51e5c69ead79,179763_0,1094837,noaa_narrative,NOAA StormEvents EVENT_ID 1094837,,2023-04-22,2023-04-30,day,"Dubuque County, IA",,42.4656,-90.6363,event_point,19061,7060005,infrastructure,,,2,A,river,1,Rapid snow melt across Minnesota and Wisconsin caused the Mississippi River at Dubuque Lock and Dam 11 to rise above its major flood stage of 20.5 feet during the evening hours of April 22nd.,
ec87b99d-96d4-514f-a766-b258460fad50,179763_0,1094837,noaa_narrative,NOAA StormEvents EVENT_ID 1094837,,2023-04-22,2023-04-30,day,"Dubuque County, IA",,42.4656,-90.6363,event_point,19061,7060005,river_overbank,,,0,A,river,3,Rapid snow melt across Minnesota and Wisconsin caused the Mississippi River at Dubuque Lock and Dam 11 to rise above its major flood stage of 20.5 feet during the evening hours of April 22nd.,
d209707b-f555-5a01-bec9-3712703f1eca,179763_0,1097165,noaa_narrative,NOAA StormEvents EVENT_ID 1097165,,2023-04-24,2023-04-30,day,"Scott County, IA",,41.5225,-90.4922,event_point,19163,7080101,infrastructure,,,2,A,river,1,The Mississippi River at Rock Island Lock and Dam 15 rose above its major flood stage of 18.0 feet around mid day on  April 24th and continued to rise to its crest of 21.41 on the evening of April 30th.,
6436ef72-e5ef-550e-a4be-0f6ec3516332,179763_0,1097165,noaa_narrative,NOAA StormEvents EVENT_ID 1097165,,2023-04-24,2023-04-30,day,"Scott County, IA",,41.5225,-90.4922,event_point,19163,7080101,river_overbank,,,0,A,river,1,The Mississippi River at Rock Island Lock and Dam 15 rose above its major flood stage of 18.0 feet around mid day on  April 24th and continued to rise to its crest of 21.41 on the evening of April 30th.,
a5bb3568-0872-5155-a21b-3e9ef65891aa,179763_0,1094844,noaa_narrative,NOAA StormEvents EVENT_ID 1094844,,2023-04-25,2023-04-30,day,"Jackson County, IA",,42.2822,-90.4328,event_point,19097,7060005,infrastructure,,,2,A,river,1,Rapid snow melt across Minnesota and Wisconsin caused the Mississippi River at Bellevue Lock and Dam 12 to rise above its major flood stage of 20.0 feet during the early morning hours of April 25th.,
add60325-59a9-541c-8aee-e5d8f40ad628,179763_0,1094844,noaa_narrative,NOAA StormEvents EVENT_ID 1094844,,2023-04-25,2023-04-30,day,"Jackson County, IA",,42.2822,-90.4328,event_point,19097,7060005,river_overbank,,,0,A,river,3,Rapid snow melt across Minnesota and Wisconsin caused the Mississippi River at Bellevue Lock and Dam 12 to rise above its major flood stage of 20.0 feet during the early morning hours of April 25th.,
1ad42689-b48c-59c4-97d6-74bca16e5f52,179763_0,1096722,noaa_narrative,NOAA StormEvents EVENT_ID 1096722,,2023-04-25,2023-04-30,day,"Clinton County, IA",,41.8045,-90.237,event_point,19045,7080101,river_overbank,,,0,A,river,1,The Mississippi River at Camanche rose above its major flood stage of 20.5 feet during the morning hours of April 25th and continued to rise to its crest of 22.82 on the evening of April 30th.,
a5e9ded9-913c-5626-a708-89f6abea9fb5,179763_0,1096729,noaa_narrative,NOAA StormEvents EVENT_ID 1096729,,2023-04-25,2023-04-30,day,"Scott County, IA",,41.6153,-90.3461,event_point,19163,7080101,infrastructure,,,2,A,river,1,The Mississippi River at Le Claire Lock and Dam 14 rose above its major flood stage of 13.5 feet during the morning hours of April 25th and continued to rise to its crest of 16.12 on the evening of April 30th.,
f22b8ea0-dc15-5b0f-9bd4-f3800e85e852,179763_0,1096729,noaa_narrative,NOAA StormEvents EVENT_ID 1096729,,2023-04-25,2023-04-30,day,"Scott County, IA",,41.6153,-90.3461,event_point,19163,7080101,river_overbank,,,0,A,river,1,The Mississippi River at Le Claire Lock and Dam 14 rose above its major flood stage of 13.5 feet during the morning hours of April 25th and continued to rise to its crest of 16.12 on the evening of April 30th.,
3a2e8717-2eee-5bbb-8f59-c14ba0b7ae1d,179763_1,1097150,noaa_narrative,NOAA StormEvents EVENT_ID 1097150,,2023-04-26,2023-04-30,day,"Muscatine County, IA",,41.4365,-91.0118,event_point,19139,7080101,river_overbank,,,0,A,river,1,The Mississippi River at Muscatine rose above its major flood stage of 20.0 feet during the  afternoon on April 26th and continued to rise to 22.13 feet during the evening hours of April 30th.,
364d1587-0f6e-58bf-a5b9-dcfde743ce5f,179763_1,1097156,noaa_narrative,NOAA StormEvents EVENT_ID 1097156,,2023-04-26,2023-04-30,day,"Louisa County, IA",,41.1648,-91.0134,event_point,19115,7080101,river_overbank,,,0,A,river,1,"The Mississippi River at New Boston rose above its major flood stage of 18.5 feet during the early morning hours of April 26th,  The river continued to rise to 20.6 feet late in the day on April 30th.|The Mississippi River at Keithsburg rose above its major flood stage of 17.0 feet during the early morning hours of April 26th and continued to rise to 18.88 feet by the end of the month.",
244162aa-7b1e-5e6b-98ad-0312f853d5be,179763_1,1097160,noaa_narrative,NOAA StormEvents EVENT_ID 1097160,,2023-04-26,2023-04-30,day,"Des Moines County, IA",,40.889,-91.0336,event_point,19057,7080104,river_overbank,,,0,A,river,2,The Mississippi River at Burlington rose above its major flood stage of 18.0 feet during the evening hours of April 26th.,
4f3df216-c815-5c39-a9fa-96a1022a8d46,179763_1,1097186,noaa_narrative,NOAA StormEvents EVENT_ID 1097186,,2023-04-27,2023-04-30,day,"Des Moines County, IA",,40.8984,-91.0073,event_point,19057,7080104,river_overbank,,,0,A,river,1,The Mississippi River at Gladstone rose above its major flood stage of 14 feet during the early morning hours of April 27th.,
1231e945-cd5a-5e46-a96b-73a5fde82e6e,180146_0,1097604,noaa_narrative,NOAA StormEvents EVENT_ID 1097604,,2023-05-12,2023-05-12,day,"Harrison County, IA",,41.8,-95.91,event_point,19085,10230001,agriculture,,,1,A,flash,1,Large trees were washed into fields and there was significant damage to farm fields in several areas in the counties.,
09541ba0-6194-595d-8164-bc8b478e1cf9,180146_0,1097604,noaa_narrative,NOAA StormEvents EVENT_ID 1097604,,2023-05-12,2023-05-12,day,"Harrison County, IA",,41.8,-95.91,event_point,19085,10230001,infrastructure,,,2,A,flash,1,Forest Service reported up to two dozen culverts washed out and six county roads that were partially or fully washed out.,
0464c569-951a-56be-bdc2-6b1a8b5553a2,180146_0,1097604,noaa_narrative,NOAA StormEvents EVENT_ID 1097604,,2023-05-12,2023-05-12,day,"Harrison County, IA",,41.8,-95.91,event_point,19085,10230001,road_closed,,,2,A,flash,1,Forest Service reported up to two dozen culverts washed out and six county roads that were partially or fully washed out.,
d4d5206e-e5ac-5fd1-8e01-c991881c78c2,179071_0,1092806,noaa_narrative,NOAA StormEvents EVENT_ID 1092806,,2023-05-13,2023-05-14,day,"Pocahontas County, IA",,42.8536,-94.8562,event_point,19151,7100006,home_flooded,,,2,A,flash,1,Water up against some homes and businesses in town.,
3059b283-553e-522a-b9a3-50f8cb4549d4,180948_0,1102014,noaa_narrative,NOAA StormEvents EVENT_ID 1102014,,2023-05-13,2023-05-13,day,"Buena Vista County, IA",,42.7673,-94.9781,event_point,19021,7100006,road_flooded,,,1,A,flash,1,Multiple rural roads south of Albert City were inundated by water.,
345e2dbc-109a-5359-a3ca-fcc810961f86,180948_0,1102029,noaa_narrative,NOAA StormEvents EVENT_ID 1102029,,2023-05-13,2023-05-13,day,"Buena Vista County, IA",,42.7753,-94.9502,event_point,19021,7100006,home_flooded,,,2,A,flash,1,Water encroached into several basements around Albert City.,
b12d318b-fd53-5502-8fb6-ca2281d41571,180948_0,1102030,noaa_narrative,NOAA StormEvents EVENT_ID 1102030,,2023-05-13,2023-05-13,day,"Buena Vista County, IA",,42.8635,-94.9876,event_point,19021,7100006,home_flooded,,,2,A,flash,1,A basement wall collapsed due to heavy rainfall and resultant flooding.,
47204861-2542-5a2a-b998-0f1e6bb8ec9e,179459_0,1093386,noaa_narrative,NOAA StormEvents EVENT_ID 1093386,,2023-05-30,2023-05-30,day,"Webster County, IA",,42.51,-94.2,event_point,19187,7100004,road_closed,,,2,A,flash,1,Road closure on N 3rd street due to water collecting on roads.,
b426ec01-d2d0-5300-a74b-5daa6b04a80d,179459_0,1093386,noaa_narrative,NOAA StormEvents EVENT_ID 1093386,,2023-05-30,2023-05-30,day,"Webster County, IA",,42.51,-94.2,event_point,19187,7100004,road_flooded,,,1,A,flash,1,Road closure on N 3rd street due to water collecting on roads.,
c4cd3de8-df5a-556d-9130-6de956ed123e,179459_0,1093390,noaa_narrative,NOAA StormEvents EVENT_ID 1093390,,2023-05-30,2023-05-30,day,"Webster County, IA",13th St; 6th Ave,42.51,-94.18,event_point,19187,7100004,road_flooded,,,1,A,flash,1,"Street flooding at intersection of 6th Ave and 13th St, water up to bumper of car.",
0e7b55c7-6769-5ac8-a557-f1f2bb50e272,184498_0,1129569,noaa_narrative,NOAA StormEvents EVENT_ID 1129569,,2023-08-05,2023-08-30,day,"Lee County, IA",,40.41,-91.4,event_point,19111,7080104,rescue,,,2,A,flash,1,Law Enforcement reported several stalled vehicles and water rescues by first responders in town in the past 2 to 3 hours.,
4c2ded5d-7f9c-539b-8ea3-90fafcc5f344,184498_0,1129569,noaa_narrative,NOAA StormEvents EVENT_ID 1129569,,2023-08-05,2023-08-30,day,"Lee County, IA",,40.41,-91.4,event_point,19111,7080104,road_flooded,,,1,A,flash,1,There was 4 to 5 feet of water reported on many roads and streets.,
f59f3fb2-62e7-5c57-829f-1054b78590dc,184498_0,1129570,noaa_narrative,NOAA StormEvents EVENT_ID 1129570,,2023-08-05,2023-08-05,day,"Lee County, IA",,40.71,-91.24,event_point,19111,7080104,river_overbank,,,0,A,flash,1,"The Emergency Manager reported that a drainage ditch was out of its banks, causing flooding.",
7c22db51-a552-5e6e-8d94-099d3c8ce018,184558_0,1129823,noaa_narrative,NOAA StormEvents EVENT_ID 1129823,,2023-08-05,2023-08-05,day,"Sioux County, IA",10th Avenue; 12th Avenue; 12th Street; 14th Street; Main Street,43.2071,-96.3027,event_point,19167,10170204,road_flooded,,,1,A,flash,1,"Significant water was ponded or flowing on Main Street by 12th Street, and also along 14th Street from 10th Avenue to 12th Avenue.",
660f04e0-ab53-57a6-8222-87a79ee0b2fc,184558_0,1129830,noaa_narrative,NOAA StormEvents EVENT_ID 1129830,,2023-08-05,2023-08-05,day,"Sioux County, IA",,43.0886,-96.1886,event_point,19167,10170203,evacuation,,,3,A,flash,1,Seven trailers were evacuated due to high water in Westbrook Village on the northwest edge of town.,
72b2b331-cc87-5418-9198-0451a357c8cd,184558_0,1129830,noaa_narrative,NOAA StormEvents EVENT_ID 1129830,,2023-08-05,2023-08-05,day,"Sioux County, IA",,43.0886,-96.1886,event_point,19167,10170203,river_overbank,,,0,A,flash,1,Water ponding in the area of Central Park overflowed roadways and entered the Sioux Center Fire Department building.,
ddd163e2-e880-56b7-819d-f91f962123be,184558_0,1129833,noaa_narrative,NOAA StormEvents EVENT_ID 1129833,,2023-08-05,2023-08-05,day,"Sioux County, IA",,43.1929,-96.0048,event_point,19167,10230002,road_flooded,,,1,A,flash,1,Rainfall up to seven inches in around 2 hours produced significant street flooding around town.,
082a7dbb-4ffc-5f87-ba5c-856b20820f2a,184558_0,1129835,noaa_narrative,NOAA StormEvents EVENT_ID 1129835,,2023-08-05,2023-08-05,day,"Sioux County, IA",County Road; Highway 18; K64; L14,43.1878,-95.9971,event_point,19167,10230002,road_closed,,,2,A,flash,1,Highway 18 was closed in both directions between County Road K64 and County Road L14 due to significant standing water over the highway.,
9c4c24e1-ce0a-54b1-9f83-a8a89ac42927,184558_0,1129835,noaa_narrative,NOAA StormEvents EVENT_ID 1129835,,2023-08-05,2023-08-05,day,"Sioux County, IA",County Road; Highway 18; K64; L14,43.1878,-95.9971,event_point,19167,10230002,road_flooded,,,1,A,flash,1,Highway 18 was closed in both directions between County Road K64 and County Road L14 due to significant standing water over the highway.,
7eef7fef-fc65-59d2-9706-e1654a0c3cdd,184558_0,1129838,noaa_narrative,NOAA StormEvents EVENT_ID 1129838,,2023-08-05,2023-08-05,day,"O'Brien County, IA",,43.181,-95.6655,event_point,19141,10230002,river_overbank,,,0,A,river,1,Several yards flooded due to a small creek overflowing.,
a735ac42-4974-515a-87e3-a2943ec2a269,191984_0,1182820,noaa_narrative,NOAA StormEvents EVENT_ID 1182820,,2024-05-02,2024-05-03,day,"Monroe County, IA",,41.1135,-92.9075,event_point,19135,7100009,road_closed,14,road,2,A,river,2,"Emergency management reported road closures remaining for at least 10 roadways, some gravel and some paved.",
008543f7-810d-5e6f-960c-cd9f502bbc7a,190075_0,1168813,noaa_narrative,NOAA StormEvents EVENT_ID 1168813,,2024-05-21,2024-05-21,day,"Buena Vista County, IA",,42.8956,-95.3455,event_point,19021,10230003,home_flooded,,,2,A,river,1,Water was also reported in some basements in the Linn Grove area due to a high water table.,
7b8d238e-d619-51c5-be2c-979b2a9ed89c,190075_0,1168813,noaa_narrative,NOAA StormEvents EVENT_ID 1168813,,2024-05-21,2024-05-21,day,"Buena Vista County, IA",,42.8956,-95.3455,event_point,19021,10230003,road_flooded,,,1,A,river,1,A few county gravel roads were also briefly inundated after the heaviest rain the afternoon of May 21st requiring minor repair to the gravel surface.,
3710b76a-effa-5a48-ab1d-4a0cbe1bd549,191512_0,1179177,noaa_narrative,NOAA StormEvents EVENT_ID 1179177,,2024-05-21,2024-05-22,day,"Clay County, IA",,43.0,-95.21,event_point,19041,10230003,agriculture,,,1,A,river,1,"Willow Creek near Cornell rose above flood stage the evening of May 21st, cresting around 1.70 feet above flood stage (91.7 feet) on May 22nd.",
0808b651-3416-5de2-8e6c-e7dd11b19468,191714_0,1181065,noaa_narrative,NOAA StormEvents EVENT_ID 1181065,,2024-05-21,2024-05-21,day,"Pottawattamie County, IA",340th Street,41.4741,-95.5486,event_point,19155,10240001,infrastructure,,,2,A,flash,1,Sewer systems in the city were completely inundated with water flowing over roads at 340th Street between southeast Minden and the Keg Creek Bridge.,
a7cc8fe1-e9ff-5588-8ccf-3a0f9449e524,191714_0,1181065,noaa_narrative,NOAA StormEvents EVENT_ID 1181065,,2024-05-21,2024-05-21,day,"Pottawattamie County, IA",340th Street,41.4741,-95.5486,event_point,19155,10240001,road_flooded,,,1,A,flash,2,The Pottawattamie Emergency Manager reported street flooding throughout the town of Minden.,
73379d26-477c-51b2-a7f5-113dc9d752bf,191762_0,1183243,noaa_narrative,NOAA StormEvents EVENT_ID 1183243,,2024-05-21,2024-05-21,day,"Boone County, IA",,41.9905,-93.8875,event_point,19015,7100004,road_closed,,,2,A,flash,1,Canyon road impassable due to water over the road.,
3f680d57-273c-5506-af66-3d9d9ffffb2b,191762_0,1183243,noaa_narrative,NOAA StormEvents EVENT_ID 1183243,,2024-05-21,2024-05-21,day,"Boone County, IA",,41.9905,-93.8875,event_point,19015,7100004,road_flooded,,,1,A,flash,1,Canyon road impassable due to water over the road.,
a5312e38-c237-5cef-9502-64faa1d132a1,191762_0,1183247,noaa_narrative,NOAA StormEvents EVENT_ID 1183247,,2024-05-21,2024-05-22,day,"Hancock County, IA",220th Street,43.08,-93.81,event_point,19081,7100005,road_flooded,,,1,A,river,1,Water on the road on 220th Street south Britt.,
79f54b68-d433-50e4-8fdc-4c04878ca35a,191762_0,1183260,noaa_narrative,NOAA StormEvents EVENT_ID 1183260,,2024-05-21,2024-05-21,day,"Guthrie County, IA",,41.72,-94.37,event_point,19077,7100007,road_closed,,,2,A,flash,1,Washed out gravel roads and road closures due to water over the road in the area.,
f7ed06d4-204d-5853-8a8c-d03e61586e66,191762_0,1183260,noaa_narrative,NOAA StormEvents EVENT_ID 1183260,,2024-05-21,2024-05-21,day,"Guthrie County, IA",,41.72,-94.37,event_point,19077,7100007,road_flooded,,,1,A,flash,1,Washed out gravel roads and road closures due to water over the road in the area.,
19fbeb75-b734-58e2-bd34-8c437c50f80b,191762_0,1183263,noaa_narrative,NOAA StormEvents EVENT_ID 1183263,,2024-05-21,2024-05-21,day,"Guthrie County, IA",160th St,41.78,-94.48,event_point,19077,7100007,road_closed,,,2,A,flash,1,Emergency manager reports 160th St in the Springbrook State Park area is closed due to water over the road.,
14ea8ef4-6d28-52b9-a08d-a02cbedfd3b1,191762_0,1183263,noaa_narrative,NOAA StormEvents EVENT_ID 1183263,,2024-05-21,2024-05-21,day,"Guthrie County, IA",160th St,41.78,-94.48,event_point,19077,7100007,road_flooded,,,1,A,flash,1,Emergency manager reports 160th St in the Springbrook State Park area is closed due to water over the road.,
cc74818e-8edf-5444-b544-be6fabdd9e14,191762_0,1183300,noaa_narrative,NOAA StormEvents EVENT_ID 1183300,,2024-05-21,2024-05-21,day,"Jasper County, IA",,41.72,-92.9,event_point,19099,7080106,road_flooded,,,1,A,flash,1,Water over the road on IA 224 just north of Kellogg.,
dd2e1727-7a81-5348-b661-d372ab1e0bc3,191762_0,1183305,noaa_narrative,NOAA StormEvents EVENT_ID 1183305,,2024-05-21,2024-05-22,day,"Kossuth County, IA",,43.0926,-94.0025,event_point,19109,7100005,home_flooded,,,2,A,river,1,Several blocks of flooded roads and homes in Wesley.,
596ecbac-e042-5965-a7d3-602b52164cbe,191762_0,1183308,noaa_narrative,NOAA StormEvents EVENT_ID 1183308,,2024-05-21,2024-05-21,day,"Tama County, IA",,41.92,-92.58,event_point,19171,7080208,road_flooded,,,1,A,flash,1,Multiple reports of water over road in southern part of the county.,
a894f831-04d2-59ef-88e2-60dd2a7ede25,191762_0,1183310,noaa_narrative,NOAA StormEvents EVENT_ID 1183310,,2024-05-21,2024-05-21,day,"Tama County, IA",Battleground Rd; Meskwaki Rd,41.97,-92.63,event_point,19171,7080208,road_flooded,,,1,A,flash,1,"Water running over roads and vehicles stranded in flood waters across portions of the Meskwaki Nation Settlement including Battleground Rd near the PowWow Grounds, Meskwaki Rd at Battleground Rd and G Ave South.",
8af3b14a-6a62-5079-bcac-361210af3807,191762_0,1183328,noaa_narrative,NOAA StormEvents EVENT_ID 1183328,,2024-05-21,2024-05-21,day,"Tama County, IA",,42.01,-92.72,event_point,19171,7080208,road_closed,,,2,A,flash,1,C Ave north of US 30 closed due to flooding.,
914171ea-89b2-5849-8598-05161d32d885,191762_0,1183332,noaa_narrative,NOAA StormEvents EVENT_ID 1183332,,2024-05-21,2024-05-21,day,"Tama County, IA",T47,41.95,-92.71,event_point,19171,7080208,road_closed,,,2,A,flash,1,Hwy T47 closed south of Montour due to water flowing over the road.,
975fdcfe-6734-57e2-bb32-e6d092679d18,191762_0,1183332,noaa_narrative,NOAA StormEvents EVENT_ID 1183332,,2024-05-21,2024-05-21,day,"Tama County, IA",T47,41.95,-92.71,event_point,19171,7080208,road_flooded,,,1,A,flash,1,Hwy T47 closed south of Montour due to water flowing over the road.,
fee54158-b166-5ef3-b8ea-a1afb8062270,191762_0,1183335,noaa_narrative,NOAA StormEvents EVENT_ID 1183335,,2024-05-21,2024-05-21,day,"Hardin County, IA",,42.52,-93.38,event_point,19083,7080207,road_closed,,,2,A,flash,1,Road closed due to water flowing over the road.,
d702b4c6-c363-5085-862c-4ccc8b1b45eb,191762_0,1183335,noaa_narrative,NOAA StormEvents EVENT_ID 1183335,,2024-05-21,2024-05-21,day,"Hardin County, IA",,42.52,-93.38,event_point,19083,7080207,road_flooded,,,1,A,flash,1,Road closed due to water flowing over the road.,
efece210-eda3-5cda-b6dc-f752cca3098b,191762_0,1183337,noaa_narrative,NOAA StormEvents EVENT_ID 1183337,,2024-05-21,2024-05-21,day,"Jasper County, IA",100th St; 51st Ave,41.75,-93.23,event_point,19099,7080105,road_flooded,,,1,A,flash,1,Water over gravel road intersection of N 51st Ave and W 100th St.,
d477d5a3-0ec4-589e-b3dd-7158fa9b4dfb,191762_0,1183339,noaa_narrative,NOAA StormEvents EVENT_ID 1183339,,2024-05-21,2024-05-21,day,"Hardin County, IA",130th Street,42.5139,-93.2426,event_point,19083,7080207,road_flooded,,,1,A,flash,1,Water is covering 130th Street east of town.,
739ad27a-6500-5482-a40b-65ce80f8ffbe,191762_0,1183342,noaa_narrative,NOAA StormEvents EVENT_ID 1183342,,2024-05-21,2024-05-21,day,"Grundy County, IA",,42.4864,-92.9828,event_point,19075,7080205,road_closed,,,2,A,flash,1,An increasing number of county roads across the county are becoming impassable due to flash flooding.,
5ff7caab-381b-583e-b597-da27a27327ba,191762_0,1183342,noaa_narrative,NOAA StormEvents EVENT_ID 1183342,,2024-05-21,2024-05-21,day,"Grundy County, IA",,42.4864,-92.9828,event_point,19075,7080205,road_flooded,,,1,A,flash,1,An increasing number of county roads across the county are becoming impassable due to flash flooding.,
a704adda-53b5-5905-b276-5b55f45d600d,191762_0,1183343,noaa_narrative,NOAA StormEvents EVENT_ID 1183343,,2024-05-21,2024-05-21,day,"Butler County, IA",T19; T25,42.5754,-92.8468,event_point,19023,7080205,road_closed,,,2,A,flash,1,IA 57 closed between Co Hwy T19 and T25 due to water over the road.,
af468b0a-e3fb-5e26-b4c7-a7e8d2a29fe1,191762_0,1183343,noaa_narrative,NOAA StormEvents EVENT_ID 1183343,,2024-05-21,2024-05-21,day,"Butler County, IA",T19; T25,42.5754,-92.8468,event_point,19023,7080205,road_flooded,,,1,A,flash,1,IA 57 closed between Co Hwy T19 and T25 due to water over the road.,
cd50834a-eb4e-51e5-a469-9e51af67e519,191762_0,1183345,noaa_narrative,NOAA StormEvents EVENT_ID 1183345,,2024-05-21,2024-05-21,day,"Butler County, IA",Main Street,42.5682,-92.6241,event_point,19023,7080205,road_flooded,,,1,A,flash,1,Main Street is covered with water.,
9f5b86ec-548c-5572-afa0-ab15d1034b32,191762_0,1183380,noaa_narrative,NOAA StormEvents EVENT_ID 1183380,,2024-05-21,2024-05-22,day,"Bremer County, IA",,42.64,-92.26,event_point,19017,7080102,road_flooded,,,1,A,river,1,Water is flowing over the road.,
d4be3ecd-3afb-55bb-897b-4ed168e6d551,191762_0,1183383,noaa_narrative,NOAA StormEvents EVENT_ID 1183383,,2024-05-21,2024-05-22,day,"Butler County, IA",,42.6771,-92.9968,event_point,19023,7080204,road_closed,17,road,2,A,river,1,County emergency management reports 17 road closures across southern Butler county due to water over roadways.,
531da68f-8337-5daf-8574-4bc6628826b4,191762_0,1183383,noaa_narrative,NOAA StormEvents EVENT_ID 1183383,,2024-05-21,2024-05-22,day,"Butler County, IA",,42.6771,-92.9968,event_point,19023,7080204,road_flooded,17,road,1,A,river,1,County emergency management reports 17 road closures across southern Butler county due to water over roadways.,
2c2a5237-4bd3-5ec7-bffb-d76b7c836524,191762_0,1183385,noaa_narrative,NOAA StormEvents EVENT_ID 1183385,,2024-05-21,2024-05-22,day,"Jasper County, IA",,41.7,-93.17,event_point,19099,7080105,home_flooded,,,2,A,river,1,Flood waters also entering homes and businesses.,
021b8173-4908-505e-be23-ba932185af2a,191762_0,1183385,noaa_narrative,NOAA StormEvents EVENT_ID 1183385,,2024-05-21,2024-05-22,day,"Jasper County, IA",,41.7,-93.17,event_point,19099,7080105,road_closed,,,2,A,river,1,Road closed due to two feet of water flowing over the road.,
f448bc66-56b8-58ef-ba47-8609abb70db3,191762_0,1183385,noaa_narrative,NOAA StormEvents EVENT_ID 1183385,,2024-05-21,2024-05-22,day,"Jasper County, IA",,41.7,-93.17,event_point,19099,7080105,road_flooded,,,1,A,river,1,Road closed due to two feet of water flowing over the road.,
a98f59f8-78f3-5ad7-9fb4-cf7b7b44dd71,191762_0,1183388,noaa_narrative,NOAA StormEvents EVENT_ID 1183388,,2024-05-21,2024-05-22,day,"Marshall County, IA",E41,42.0309,-93.0034,event_point,19127,7080208,road_closed,,,2,A,river,1,Iowa 300 closed at County Highway E41 dues to water over the road.,
5f080279-0a0a-5571-99dd-d69ef0358ddb,191762_0,1183388,noaa_narrative,NOAA StormEvents EVENT_ID 1183388,,2024-05-21,2024-05-22,day,"Marshall County, IA",E41,42.0309,-93.0034,event_point,19127,7080208,road_flooded,,,1,A,river,1,Iowa 300 closed at County Highway E41 dues to water over the road.,
70104cc4-3e80-59c4-90b0-3130c50d4ca8,191762_0,1183396,noaa_narrative,NOAA StormEvents EVENT_ID 1183396,,2024-05-21,2024-05-22,day,"Butler County, IA",,42.5699,-92.8492,event_point,19023,7080205,road_flooded,,,1,A,river,1,Water covering the roadway.,
d4b8650f-c1b2-5144-9035-e95338e746d1,191762_0,1183397,noaa_narrative,NOAA StormEvents EVENT_ID 1183397,,2024-05-21,2024-05-22,day,"Story County, IA",,41.9105,-93.3409,event_point,19169,7080105,road_flooded,,,1,A,river,2,Water over streets in town with fields draining of water.,
127277ca-4580-5493-b5bd-e3e0d0e36262,191762_0,1183400,noaa_narrative,NOAA StormEvents EVENT_ID 1183400,,2024-05-21,2024-05-22,day,"Hancock County, IA",,43.22,-93.93,event_point,19081,7100003,road_closed,,,2,A,river,1,Road closed due to water over the roads along with washouts on gravel roads.,
e5af3c69-9907-5033-881e-8f35e1df2c39,191762_0,1183400,noaa_narrative,NOAA StormEvents EVENT_ID 1183400,,2024-05-21,2024-05-22,day,"Hancock County, IA",,43.22,-93.93,event_point,19081,7100003,road_flooded,,,1,A,river,1,Road closed due to water over the roads along with washouts on gravel roads.,
2b358881-bbd0-5e60-a035-a04965fce2dd,191762_0,1183401,noaa_narrative,NOAA StormEvents EVENT_ID 1183401,,2024-05-21,2024-05-22,day,"Kossuth County, IA",,43.1035,-94.0164,event_point,19109,7100005,home_flooded,,,2,A,river,1,"Several roads, homes, and buildings flooded.",
0b5f7e4b-7c69-5f17-913e-1ac1acc1c81d,191762_0,1183401,noaa_narrative,NOAA StormEvents EVENT_ID 1183401,,2024-05-21,2024-05-22,day,"Kossuth County, IA",,43.1035,-94.0164,event_point,19109,7100005,road_closed,,,2,A,river,1,Many roads closed.,
d11242ca-1cc0-50ca-acb5-11bfe06ba4e9,191762_0,1183401,noaa_narrative,NOAA StormEvents EVENT_ID 1183401,,2024-05-21,2024-05-22,day,"Kossuth County, IA",,43.1035,-94.0164,event_point,19109,7100005,road_flooded,,,1,A,river,1,"Several roads, homes, and buildings flooded.",
adf522d1-b57e-5da9-a781-7026db8e04b8,191762_0,1183403,noaa_narrative,NOAA StormEvents EVENT_ID 1183403,,2024-05-21,2024-05-22,day,"Kossuth County, IA",,43.1131,-94.4071,event_point,19109,7100003,road_closed,,,2,A,river,1,Approximately 20 secondary roads closed in the county due to water over the road.,
7c497760-89de-5bdf-be54-af0362967f3e,191762_0,1183403,noaa_narrative,NOAA StormEvents EVENT_ID 1183403,,2024-05-21,2024-05-22,day,"Kossuth County, IA",,43.1131,-94.4071,event_point,19109,7100003,road_flooded,,,1,A,river,1,Approximately 20 secondary roads closed in the county due to water over the road.,
f78f1bde-0060-5e06-aaba-ad09458057fc,191762_0,1183406,noaa_narrative,NOAA StormEvents EVENT_ID 1183406,,2024-05-21,2024-05-22,day,"Jasper County, IA",,41.6875,-93.1919,event_point,19099,7080105,agriculture,,,1,A,river,1,Report via mping of river overflowing and cropland flooding.,
2e817889-4b7d-573d-be1c-330c72c568b1,191762_0,1183406,noaa_narrative,NOAA StormEvents EVENT_ID 1183406,,2024-05-21,2024-05-22,day,"Jasper County, IA",,41.6875,-93.1919,event_point,19099,7080105,river_overbank,,,0,A,river,1,Report via mping of river overflowing and cropland flooding.,
c5e66cf7-d055-58b6-af53-c8572f002d77,191762_0,1183415,noaa_narrative,NOAA StormEvents EVENT_ID 1183415,,2024-05-21,2024-05-22,day,"Poweshiek County, IA",,41.7313,-92.3175,event_point,19157,7080208,road_closed,,,2,A,river,1,Approximately 10 secondary road closures due to water over the road in northern parts of the county.,
977f4858-edad-5d1e-b828-704aaa486995,191762_0,1183415,noaa_narrative,NOAA StormEvents EVENT_ID 1183415,,2024-05-21,2024-05-22,day,"Poweshiek County, IA",,41.7313,-92.3175,event_point,19157,7080208,road_flooded,,,1,A,river,1,Approximately 10 secondary road closures due to water over the road in northern parts of the county.,
57d3bb82-5815-585e-b3b9-d61e1e52337f,191762_0,1183416,noaa_narrative,NOAA StormEvents EVENT_ID 1183416,,2024-05-21,2024-05-22,day,"Black Hawk County, IA",,42.6036,-92.2143,event_point,19013,7080102,agriculture,,,1,A,river,1,Report of river overflowing and cropland flooding from mping.,
9062d4d5-cbf4-50a5-a435-e8730b0f067d,191762_0,1183416,noaa_narrative,NOAA StormEvents EVENT_ID 1183416,,2024-05-21,2024-05-22,day,"Black Hawk County, IA",,42.6036,-92.2143,event_point,19013,7080102,river_overbank,,,0,A,river,1,Report of river overflowing and cropland flooding from mping.,
23ee5c88-5845-5915-aee0-b9c410409e53,191762_0,1183418,noaa_narrative,NOAA StormEvents EVENT_ID 1183418,,2024-05-21,2024-05-22,day,"Marshall County, IA",,41.946,-92.8705,event_point,19127,7080208,bridge_damaged,,,2,A,river,1,Several bridges impassable and a couple landslides due to the flooding.,
4e9127d2-8c3d-5e94-a2a9-15ad164d41c0,191762_0,1183418,noaa_narrative,NOAA StormEvents EVENT_ID 1183418,,2024-05-21,2024-05-22,day,"Marshall County, IA",,41.946,-92.8705,event_point,19127,7080208,road_closed,,,2,A,river,1,Several roads closed due to water over the roads.,
4ea82c1d-440f-5da5-93ca-f11d7f1b9682,191762_0,1183418,noaa_narrative,NOAA StormEvents EVENT_ID 1183418,,2024-05-21,2024-05-22,day,"Marshall County, IA",,41.946,-92.8705,event_point,19127,7080208,road_flooded,,,1,A,river,1,Several roads closed due to water over the roads.,
02a5a6de-3076-5d93-8179-d1ca7fc13795,191762_0,1183833,noaa_narrative,NOAA StormEvents EVENT_ID 1183833,,2024-05-21,2024-05-22,day,"Marshall County, IA",,42.024,-92.9971,event_point,19127,7080208,road_flooded,,,1,A,river,1,The road is blocked due to flooding.,
47314aed-58e4-51ee-a9e8-0e50ef5e71ff,191762_0,1183838,noaa_narrative,NOAA StormEvents EVENT_ID 1183838,,2024-05-21,2024-05-22,day,"Black Hawk County, IA",,42.4499,-92.4178,event_point,19013,7080205,rescue,,,2,A,river,1,Report of street flooding and road closed with stranded vehicles.,
159b0791-2244-568a-bb57-ceee700ef6da,191762_0,1183838,noaa_narrative,NOAA StormEvents EVENT_ID 1183838,,2024-05-21,2024-05-22,day,"Black Hawk County, IA",,42.4499,-92.4178,event_point,19013,7080205,road_closed,,,2,A,river,1,Report of street flooding and road closed with stranded vehicles.,
58a6f044-c0b9-5245-9113-b04020e9e0b6,191762_0,1183838,noaa_narrative,NOAA StormEvents EVENT_ID 1183838,,2024-05-21,2024-05-22,day,"Black Hawk County, IA",,42.4499,-92.4178,event_point,19013,7080205,road_flooded,,,1,A,river,1,Report of street flooding and road closed with stranded vehicles.,
8d28defb-d07d-5831-ae49-400f1a653fde,192209_0,1185180,noaa_narrative,NOAA StormEvents EVENT_ID 1185180,,2024-05-21,2024-05-29,day,"Tama County, IA",E49,42.0,-92.77,event_point,19171,7080208,river_overbank,,,0,A,river,1,The Iowa River at Tama Highway E49 crested at 13.69 ft on May 24 at 5:30 am CDT.,
764ef25e-fc6e-5a6c-93c6-0f63708df614,192209_0,1185182,noaa_narrative,NOAA StormEvents EVENT_ID 1185182,,2024-05-21,2024-05-23,day,"Kossuth County, IA",,42.88,-94.15,event_point,19109,7100003,river_overbank,,,0,A,river,1,The East Fork Des Moines River at Algona crested at 17.64 ft on May 22 at 9:15 am CDT.,
c7ecdeae-6e55-5004-b556-fb41ca66ac68,191762_0,1183420,noaa_narrative,NOAA StormEvents EVENT_ID 1183420,,2024-05-22,2024-05-22,day,"Butler County, IA",,42.58,-92.8,event_point,19023,7080205,road_closed,,,2,A,river,1,Iowa DOT reports IA 57 east bound at IA 14 closed due to water over the road.,
e5fb6c39-4280-54a9-b16b-cca528ddb774,191762_0,1183420,noaa_narrative,NOAA StormEvents EVENT_ID 1183420,,2024-05-22,2024-05-22,day,"Butler County, IA",,42.58,-92.8,event_point,19023,7080205,road_flooded,,,1,A,river,1,Iowa DOT reports IA 57 east bound at IA 14 closed due to water over the road.,
97e406ac-561f-50ad-ba30-cd864cc57af6,192209_0,1185167,noaa_narrative,NOAA StormEvents EVENT_ID 1185167,,2024-05-22,2024-05-23,day,"Butler County, IA",,42.56,-92.49,event_point,19023,7080205,river_overbank,,,0,A,river,1,Beaver Creek at New Hartford crested at 12.86 ft on May 22 at 8:45 pm CDT.,
2ceb4363-81ec-5fda-b886-8f1d60cd9648,192209_0,1185170,noaa_narrative,NOAA StormEvents EVENT_ID 1185170,,2024-05-22,2024-05-24,day,"Black Hawk County, IA",,42.48,-92.28,event_point,19013,7080205,river_overbank,,,0,A,river,1,Black Hawk Creek at Hudson crested at 15.54 ft on May 22 at 6:15 pm CDT.,
964cc636-89f8-5067-af13-ad8e7a125efa,192209_0,1185176,noaa_narrative,NOAA StormEvents EVENT_ID 1185176,,2024-05-22,2024-05-24,day,"Marshall County, IA",,42.04,-92.97,event_point,19127,7080208,river_overbank,,,0,A,river,1,The Iowa River at Marshalltown crested at 20.0 ft on May 23 at 5:45 am CDT.,
79fe65dd-e113-56e1-80f5-3de939f6efdc,192209_0,1185178,noaa_narrative,NOAA StormEvents EVENT_ID 1185178,,2024-05-22,2024-05-25,day,"Black Hawk County, IA",,42.56,-92.38,event_point,19013,7080205,river_overbank,,,0,A,river,1,The Cedar River at Cedar Falls crested at 91.16 feet on May 23 at 10:45 am CDT.,
231479bf-b7d6-57cd-b08c-672c3212b1f7,192209_0,1185183,noaa_narrative,NOAA StormEvents EVENT_ID 1185183,,2024-05-22,2024-05-23,day,"Polk County, IA",Fleur Drive,41.57,-93.61,event_point,19153,7100004,river_overbank,,,0,A,river,1,The Raccoon River at Fleur Drive crested at 14.05 ft on May 22 at 2:00 pm CDT.,
51ce7e84-2b59-527e-a6ae-855b2b35c7b2,192209_0,1185610,noaa_narrative,NOAA StormEvents EVENT_ID 1185610,,2024-05-22,2024-05-24,day,"Polk County, IA",Southeast 6th St,41.59,-93.56,event_point,19153,7100004,river_overbank,,,0,A,river,1,The Des Moines River at Southeast 6th St crested at 25.22 ft on May 22 at 5:45 pm CDT.,
8f673e72-161d-5ed8-a885-022592c34458,192209_0,1185171,noaa_narrative,NOAA StormEvents EVENT_ID 1185171,,2024-05-23,2024-05-24,day,"Black Hawk County, IA",,42.56,-92.38,event_point,19013,7080205,river_overbank,,,0,A,river,1,The Cedar River at Waterloo crested at 13.34 ft on May 23 at 3:00 pm CDT.,
10ccd1ab-3542-550f-877e-c98abca931c7,192209_0,1185181,noaa_narrative,NOAA StormEvents EVENT_ID 1185181,,2024-05-23,2024-05-24,day,"Webster County, IA",,42.42,-94.21,event_point,19187,7100004,river_overbank,,,0,A,river,1,The Des Moines River at Fort Dodge crested at 11.02 ft on May 23 at 5:45 pm CDT.,
e967d1b9-7062-5f83-8f24-2e73e7920720,192209_0,1185184,noaa_narrative,NOAA StormEvents EVENT_ID 1185184,,2024-05-24,2024-05-24,day,"Polk County, IA",Fleur Drive,41.57,-93.61,event_point,19153,7100004,river_overbank,,,0,A,river,1,The Raccoon River at Fleur Drive crested at 12.14 ft on May 24 at 10:00 am CDT.,
e242ab54-35ed-5c18-b313-4ab97127995b,192209_1,1185186,noaa_narrative,NOAA StormEvents EVENT_ID 1185186,,2024-05-24,2024-05-25,day,"Emmet County, IA",,43.26,-94.83,event_point,19063,7100002,river_overbank,,,0,A,river,1,The West Fork Des Moines River at Estherville crested at 10.96 ft on May 25 at 5:45 am CDT.,
55ece10e-0185-596d-8909-c9bba4d7060e,190511_0,1171084,noaa_narrative,NOAA StormEvents EVENT_ID 1171084,,2024-05-31,2024-05-31,day,"O'Brien County, IA",310th St; Nest Ave,43.3121,-95.8803,event_point,19141,10230002,road_flooded,,,1,A,river,1,This included water over the road near the intersection of Nest Ave and 310th St.,
e12c73af-38d2-57aa-86b2-ae2927fca8ca,192828_0,1190575,noaa_narrative,NOAA StormEvents EVENT_ID 1190575,,2024-06-03,2024-06-03,day,"Allamakee County, IA",,43.3605,-91.2384,event_point,19005,7060001,river_overbank,,,0,A,flash,1,Clear Creek was also reported to be out of its banks.,
1ba77606-6fef-5660-8f6d-18c61a36cd19,192942_0,1191064,noaa_narrative,NOAA StormEvents EVENT_ID 1191064,,2024-06-03,2024-06-03,day,"Dubuque County, IA",,42.5097,-90.7642,event_point,19061,7060003,river_overbank,,,0,A,flash,1,"Area estimated from report received, where the creeks and streams between Asbury and Durango were out of their banks.",
587e4964-2712-554e-9d78-47cc239b215a,192942_0,1191065,noaa_narrative,NOAA StormEvents EVENT_ID 1191065,,2024-06-03,2024-06-03,day,"Dubuque County, IA",,42.5222,-90.7006,event_point,19061,7060005,home_flooded,,,2,A,flash,1,Reports of basement flooding in the neighborhood.,
adfd05e2-a61a-549d-88cd-679dc54b0a60,192942_0,1191067,noaa_narrative,NOAA StormEvents EVENT_ID 1191067,,2024-06-03,2024-06-03,day,"Dubuque County, IA",,42.5043,-90.6621,event_point,19061,7060005,road_closed,,,2,A,flash,1,"Report gathered from mping indicating street flooding, with road closures and vehicles stranded in the water.",
9f16f346-cd8e-513d-9bea-fadc11f74221,192942_0,1191067,noaa_narrative,NOAA StormEvents EVENT_ID 1191067,,2024-06-03,2024-06-03,day,"Dubuque County, IA",,42.5043,-90.6621,event_point,19061,7060005,road_flooded,,,1,A,flash,1,"Report gathered from mping indicating street flooding, with road closures and vehicles stranded in the water.",
231ed263-4f41-5257-99dc-c3b2e1789697,192942_0,1191068,noaa_narrative,NOAA StormEvents EVENT_ID 1191068,,2024-06-03,2024-06-03,day,"Dubuque County, IA",,42.4625,-90.6836,event_point,19061,7060005,rescue,,,2,A,flash,1,"Report gathered from mping indicating flash flooding over the roads, resulting in road closures and stranded vehicles.",
b55638e9-6e74-51d4-8aea-f6b8effd9eb0,192942_0,1191068,noaa_narrative,NOAA StormEvents EVENT_ID 1191068,,2024-06-03,2024-06-03,day,"Dubuque County, IA",,42.4625,-90.6836,event_point,19061,7060005,road_closed,,,2,A,flash,1,"Report gathered from mping indicating flash flooding over the roads, resulting in road closures and stranded vehicles.",
3a4fceea-0a34-514b-b1ba-e76f01c46d16,192874_0,1193469,noaa_narrative,NOAA StormEvents EVENT_ID 1193469,,2024-06-04,2024-06-04,day,"Kossuth County, IA",,43.0902,-94.2514,event_point,19109,7100003,road_closed,,,2,A,flash,1,Reports of road closures in town due to flooding and standing water.,
a84b6f61-4c95-5190-8051-d393bc6bf8bd,192874_0,1193469,noaa_narrative,NOAA StormEvents EVENT_ID 1193469,,2024-06-04,2024-06-04,day,"Kossuth County, IA",,43.0902,-94.2514,event_point,19109,7100003,road_flooded,,,1,A,flash,2,Reports of road closures in town due to flooding and standing water.,
ea499c6a-8c52-5db9-ad11-8267d8e85ba6,193917_0,1198302,noaa_narrative,NOAA StormEvents EVENT_ID 1198302,,2024-06-12,2024-06-12,day,"Harrison County, IA",,41.8525,-95.9742,event_point,19085,10230001,agriculture,,,1,A,flash,1,Emergency Management relayed a delayed report of severe crop damage and crop fields washed out.,
7438574a-2eb6-51db-86f0-fd0f72ac005d,193917_0,1198302,noaa_narrative,NOAA StormEvents EVENT_ID 1198302,,2024-06-12,2024-06-12,day,"Harrison County, IA",,41.8525,-95.9742,event_point,19085,10230001,road_flooded,,,1,A,flash,1,Department of Secondary Roads had crews out the following day fixing damage to county roads from the flood.,
4950978d-dfe1-5e86-9f24-7e546c4cd895,192935_0,1190940,noaa_narrative,NOAA StormEvents EVENT_ID 1190940,,2024-06-15,2024-06-15,day,"Dickinson County, IA",,43.4207,-95.1129,event_point,19059,10230003,road_flooded,,,1,A,flash,1,Significant street flooding was reported in Spirit Lake.,
8e2a74ef-19f9-51f4-a851-ca957c3f5a00,191899_0,1195603,noaa_narrative,NOAA StormEvents EVENT_ID 1195603,,2024-06-20,2024-06-25,day,"Lyon County, IA",,43.2669,-96.5661,event_point,19119,10170203,evacuation,50,people,3,A,river,1,"||At the peak of flooding, approximately 50 people were evacuated from Rock Rapids, Doon, and Alvord.",
56220c32-4c61-59c2-85e7-6760e13c34b4,191899_0,1195603,noaa_narrative,NOAA StormEvents EVENT_ID 1195603,,2024-06-20,2024-06-25,day,"Lyon County, IA",,43.2669,-96.5661,event_point,19119,10170203,home_flooded,605,homes,2,A,river,1,"County-wide 605 homes were impacted by flood waters, 15 of which were declared a total loss.",
df68468a-be49-5afc-9706-643089710cfd,191899_0,1195603,noaa_narrative,NOAA StormEvents EVENT_ID 1195603,,2024-06-20,2024-06-25,day,"Lyon County, IA",,43.2669,-96.5661,event_point,19119,10170203,rescue,,,2,A,river,1,"In Rock Rapids, there were 12 swift water rescues when flood waters overwhelmed the city.",
e8f2a16c-f5ad-573c-a2cd-4521ad6c67ab,191899_0,1195623,noaa_narrative,NOAA StormEvents EVENT_ID 1195623,,2024-06-20,2024-06-25,day,"Osceola County, IA",,43.2589,-95.8603,event_point,19143,10230002,evacuation,25,homes,3,A,river,1,||A shelter in Sibley was opened after approximately 25 homes were evacuated due to flood waters.,
e8c88d41-a695-53c7-bee6-749b7252cf8d,191899_0,1195623,noaa_narrative,NOAA StormEvents EVENT_ID 1195623,,2024-06-20,2024-06-25,day,"Osceola County, IA",,43.2589,-95.8603,event_point,19143,10230002,home_flooded,25,homes,2,A,river,2,||A shelter in Sibley was opened after approximately 25 homes were evacuated due to flood waters.,
985f023d-3632-51fd-b164-55226c053880,191899_0,1195623,noaa_narrative,NOAA StormEvents EVENT_ID 1195623,,2024-06-20,2024-06-25,day,"Osceola County, IA",,43.2589,-95.8603,event_point,19143,10230002,rescue,,,2,A,river,1,There was at least one swift water rescue.,
243183e7-1b3b-5eed-b743-c2f1453c70e1,191899_0,1195645,noaa_narrative,NOAA StormEvents EVENT_ID 1195645,,2024-06-20,2024-06-25,day,"Sioux County, IA",,42.9171,-96.5259,event_point,19167,10170203,bridge_damaged,,,2,A,river,1,||Countless county roads and bridges were covered in water and damaged.,
83dbe959-8857-56c7-a326-d2f38de7b599,191899_0,1195645,noaa_narrative,NOAA StormEvents EVENT_ID 1195645,,2024-06-20,2024-06-25,day,"Sioux County, IA",,42.9171,-96.5259,event_point,19167,10170203,business_flooded,60,businesses,2,A,river,2,An estimated 60 businesses were impacted by flood water in Rock Valley and Hawarden.,
8b37944b-138b-58e3-a54a-afe2cc96647e,191899_0,1195645,noaa_narrative,NOAA StormEvents EVENT_ID 1195645,,2024-06-20,2024-06-25,day,"Sioux County, IA",,42.9171,-96.5259,event_point,19167,10170203,evacuation,,,3,A,river,1,||Large sections of Rock Valley and Hawarden were evacuated as flood waters inundated both cities.,
e52794a2-2d83-5adb-af1d-b1ae363c3223,191899_0,1195645,noaa_narrative,NOAA StormEvents EVENT_ID 1195645,,2024-06-20,2024-06-25,day,"Sioux County, IA",,42.9171,-96.5259,event_point,19167,10170203,fatality,,,3,A,river,1,||One direct fatality occurred in Rock Valley when a man was pinned by debris from a collapsed foundation and subsequently drowned when water filled the basement.,
2a31472c-3cf9-5067-adfd-a85a4def5fd0,191899_0,1195645,noaa_narrative,NOAA StormEvents EVENT_ID 1195645,,2024-06-20,2024-06-25,day,"Sioux County, IA",,42.9171,-96.5259,event_point,19167,10170203,home_flooded,,,2,A,river,1,||One direct fatality occurred in Rock Valley when a man was pinned by debris from a collapsed foundation and subsequently drowned when water filled the basement.,
1ae370a5-78d8-5087-b737-0ae2bf22e8b4,191899_0,1195645,noaa_narrative,NOAA StormEvents EVENT_ID 1195645,,2024-06-20,2024-06-25,day,"Sioux County, IA",,42.9171,-96.5259,event_point,19167,10170203,rescue,200,people,2,A,river,1,An estimated 200 people were rescued during the peak of the flooding.,
9ae850e2-e4d8-588b-9c4a-44ea56e35e9a,191899_0,1195645,noaa_narrative,NOAA StormEvents EVENT_ID 1195645,,2024-06-20,2024-06-25,day,"Sioux County, IA",,42.9171,-96.5259,event_point,19167,10170203,road_flooded,,,1,A,river,1,||Countless county roads and bridges were covered in water and damaged.,
112387aa-845b-570b-a9c5-36756c70864e,193882_0,1197879,noaa_narrative,NOAA StormEvents EVENT_ID 1197879,,2024-06-20,2024-06-20,day,"Lyon County, IA",,43.3784,-95.9917,event_point,19119,10170204,road_flooded,,,1,A,flash,1,Rainfall reached just shy of 4 inches during the late afternoon and early evening and resulted in numerous streets under water in George and flooding of areas small creeks.,
eba07dcb-08db-52e7-9552-4010792f68c4,191899_0,1195634,noaa_narrative,NOAA StormEvents EVENT_ID 1195634,,2024-06-21,2024-06-25,day,"Dickinson County, IA",,43.2566,-95.3864,event_point,19059,10230003,bridge_damaged,,,2,A,river,1,Three bridges were also damaged and closed.,
8b8f5d0f-8f72-5a83-b990-fc4febb309c6,191899_0,1195634,noaa_narrative,NOAA StormEvents EVENT_ID 1195634,,2024-06-21,2024-06-25,day,"Dickinson County, IA",,43.2566,-95.3864,event_point,19059,10230003,home_flooded,,,2,A,river,1,"||County-wide, hundreds of homes reported flood damage with water or sewage in their basements.",
3020b756-ba62-535c-a171-5c2b473d125a,191899_0,1195677,noaa_narrative,NOAA StormEvents EVENT_ID 1195677,,2024-06-21,2024-06-25,day,"O'Brien County, IA",,42.9117,-95.8571,event_point,19141,10230002,bridge_damaged,,,2,A,river,1,"In addition, 12 bridges and 6 culverts were damaged.",
04607cdb-6c2f-5770-9370-89b2d4cbb48d,191899_0,1195677,noaa_narrative,NOAA StormEvents EVENT_ID 1195677,,2024-06-21,2024-06-25,day,"O'Brien County, IA",,42.9117,-95.8571,event_point,19141,10230002,evacuation,,,3,A,river,1,"Some homes became islands and required residents to shelter in place until the water receded, while at least two homes needed to be evacuated.",
f1800ed3-7f0b-5320-90f7-a32484915b92,191899_0,1195677,noaa_narrative,NOAA StormEvents EVENT_ID 1195677,,2024-06-21,2024-06-25,day,"O'Brien County, IA",,42.9117,-95.8571,event_point,19141,10230002,home_flooded,000,homes,2,A,river,3,"An estimated 700 to 1,000 homes were impacted by flood waters with a majority of the residential property damage reported in Hartley and Sheldon.",
b1463391-1352-5a91-9414-9adf72dfd9e4,191899_0,1195677,noaa_narrative,NOAA StormEvents EVENT_ID 1195677,,2024-06-21,2024-06-25,day,"O'Brien County, IA",,42.9117,-95.8571,event_point,19141,10230002,infrastructure,,,2,A,river,1,"In addition, 12 bridges and 6 culverts were damaged.",
963da994-fe56-5e4c-9eb0-0ebfd1e7e744,191899_0,1195677,noaa_narrative,NOAA StormEvents EVENT_ID 1195677,,2024-06-21,2024-06-25,day,"O'Brien County, IA",,42.9117,-95.8571,event_point,19141,10230002,rescue,,,2,A,river,1,"||County-wide, there were five water rescues during peak flooding, involving 18 individuals.",
b60d969f-faa5-5de9-8941-28adec4cb4b8,191899_0,1195677,noaa_narrative,NOAA StormEvents EVENT_ID 1195677,,2024-06-21,2024-06-25,day,"O'Brien County, IA",,42.9117,-95.8571,event_point,19141,10230002,road_flooded,,,1,A,river,1,An apartment complex in Hartley was also impacted by flood waters.||Numerous county roads were damaged by flood waters with extensive washouts in four different locations.,
c8fd5e9c-4f42-5fca-a9fb-f6ec9a44b838,191899_0,1195684,noaa_narrative,NOAA StormEvents EVENT_ID 1195684,,2024-06-21,2024-06-30,day,"Plymouth County, IA",,42.5677,-96.4667,event_point,19149,10170203,agriculture,,,1,A,river,1,The communities of Westfield and Le Mars experienced the greatest impacts with damages to their wastewater treatment plants.,
8422e7bd-83dd-5573-8915-c2616f7983fc,191899_0,1195684,noaa_narrative,NOAA StormEvents EVENT_ID 1195684,,2024-06-21,2024-06-30,day,"Plymouth County, IA",Highway 12,42.5677,-96.4667,event_point,19149,10170203,evacuation,,,3,A,river,2,"||During peak flooding, areas between the Big Sioux River and Iowa Highway 12 were evacuated.",
e425be80-cba6-5fe2-b39d-9b642112afb2,191899_0,1195684,noaa_narrative,NOAA StormEvents EVENT_ID 1195684,,2024-06-21,2024-06-30,day,"Plymouth County, IA",,42.5677,-96.4667,event_point,19149,10170203,home_flooded,,,2,A,river,1,"County-wide, 47 individual households reported flood damage at an estimated cost of 275 thousand dollars.",
14f54a80-0dc8-5388-b140-6364092b487c,191899_0,1195684,noaa_narrative,NOAA StormEvents EVENT_ID 1195684,,2024-06-21,2024-06-30,day,"Plymouth County, IA",,42.5677,-96.4667,event_point,19149,10170203,rescue,,,2,A,river,1,"There were at least two water rescues, including 14 individuals.",
27d80398-10fc-5e9e-a0e9-0b6af94c0287,191899_0,1195684,noaa_narrative,NOAA StormEvents EVENT_ID 1195684,,2024-06-21,2024-06-30,day,"Plymouth County, IA",Highway 12,42.5677,-96.4667,event_point,19149,10170203,road_closed,,,2,A,river,1,||Numerous county roads were impacted by flood waters and closed; the most significant being Iowa Highway 12 and the bridge outside of Akron that crosses the Big Sioux River into South Dakota.,
73635c66-c5a7-55e8-ab91-3d1ca7e66046,191899_0,1195684,noaa_narrative,NOAA StormEvents EVENT_ID 1195684,,2024-06-21,2024-06-30,day,"Plymouth County, IA",Highway 12,42.5677,-96.4667,event_point,19149,10170203,road_flooded,,,1,A,river,1,||Numerous county roads were impacted by flood waters and closed; the most significant being Iowa Highway 12 and the bridge outside of Akron that crosses the Big Sioux River into South Dakota.,
ed0852d4-9e97-505f-98a1-af741b17a206,191899_0,1195690,noaa_narrative,NOAA StormEvents EVENT_ID 1195690,,2024-06-21,2024-06-30,day,"Cherokee County, IA",,42.5615,-95.8594,event_point,19035,10230005,bridge_damaged,,,2,A,river,1,"At one point, 8 bridges around Cherokee were closed and other county roads and bridges were temporarily closed.",
241baca6-4ca1-5f98-ba55-31657904b638,191899_0,1195690,noaa_narrative,NOAA StormEvents EVENT_ID 1195690,,2024-06-21,2024-06-30,day,"Cherokee County, IA",,42.5615,-95.8594,event_point,19035,10230005,home_flooded,140,residences,2,A,river,1,A total of 140 residences were impacted by flood water.,
59c2dc82-c777-51ef-bee3-9ffba67d445c,191899_0,1195690,noaa_narrative,NOAA StormEvents EVENT_ID 1195690,,2024-06-21,2024-06-30,day,"Cherokee County, IA",,42.5615,-95.8594,event_point,19035,10230005,road_closed,,,2,A,river,2,"Spring Lake Park was severely damaged, including a washed out road, washed out campgrounds, and a flooded yacht club.",
827a9ca5-bcdb-521c-b04b-2f2d3fd507dc,191899_0,1195690,noaa_narrative,NOAA StormEvents EVENT_ID 1195690,,2024-06-21,2024-06-30,day,"Cherokee County, IA",,42.5615,-95.8594,event_point,19035,10230005,road_flooded,,,1,A,river,1,"Spring Lake Park was severely damaged, including a washed out road, washed out campgrounds, and a flooded yacht club.",
7ef72797-7a54-5536-b2f4-671ec705c638,191899_0,1195707,noaa_narrative,NOAA StormEvents EVENT_ID 1195707,,2024-06-21,2024-06-30,day,"Buena Vista County, IA",Highway 71,42.5654,-95.3846,event_point,19021,7100006,bridge_damaged,,,2,A,river,1,Highway 71 bridge north of Sioux Rapids was under water and closed.,
22f7404d-1668-5012-bea0-aa8bb981a9c6,191899_0,1195707,noaa_narrative,NOAA StormEvents EVENT_ID 1195707,,2024-06-21,2024-06-30,day,"Buena Vista County, IA",,42.5654,-95.3846,event_point,19021,7100006,business_flooded,80,homes,2,A,river,2,Most of the business district in Sioux Rapids flooded with some buildings collapsing.,
1d5fa46d-3cae-506d-996c-3349b39b1a34,191899_0,1195707,noaa_narrative,NOAA StormEvents EVENT_ID 1195707,,2024-06-21,2024-06-30,day,"Buena Vista County, IA",,42.5654,-95.3846,event_point,19021,7100006,evacuation,,,3,A,river,1,Several area homes were proactively evacuated.,
dc244a31-7680-5e55-8ba3-1efc7c153b11,191899_0,1195707,noaa_narrative,NOAA StormEvents EVENT_ID 1195707,,2024-06-21,2024-06-30,day,"Buena Vista County, IA",,42.5654,-95.3846,event_point,19021,7100006,home_flooded,80,homes,2,A,river,1,Approximately 80 homes and 30 businesses were damaged by flood waters.||Infrastructure was also severely impacted.,
8f6b4a05-fccc-5f6f-8f2d-f42169252ad4,191899_0,1195707,noaa_narrative,NOAA StormEvents EVENT_ID 1195707,,2024-06-21,2024-06-30,day,"Buena Vista County, IA",,42.5654,-95.3846,event_point,19021,7100006,infrastructure,,,2,A,river,1,The Sioux Rapids water wells and wastewater treatment plant were inundated with water and the Linn Grove water system was also inundated.,
9185be01-aeb4-5de6-bff5-45a51ad912ca,191899_0,1195707,noaa_narrative,NOAA StormEvents EVENT_ID 1195707,,2024-06-21,2024-06-30,day,"Buena Vista County, IA",Highway 71,42.5654,-95.3846,event_point,19021,7100006,road_closed,,,2,A,river,1,Highway 71 bridge north of Sioux Rapids was under water and closed.,
17673bb8-5228-5129-a645-f8eb6380dae4,191899_0,1195707,noaa_narrative,NOAA StormEvents EVENT_ID 1195707,,2024-06-21,2024-06-30,day,"Buena Vista County, IA",Highway 71,42.5654,-95.3846,event_point,19021,7100006,road_flooded,,,1,A,river,1,Highway 71 bridge north of Sioux Rapids was under water and closed.,
10972500-4739-52d5-8cad-a44eb4089256,191899_0,1197156,noaa_narrative,NOAA StormEvents EVENT_ID 1197156,,2024-06-21,2024-06-25,day,"Clay County, IA",,42.912,-95.3867,event_point,19041,7100004,fatality,,,3,A,river,1,Preliminary damage assessments estimate loss to public infrastructure to be 3.59 million dollars.||One direct fatality occurred on June 22 when a man drowned after attempting to drive across a flooded road with rapidly flowing water.,
c091e872-e74e-5fc3-a3f6-3e11d26c6b01,191899_0,1197156,noaa_narrative,NOAA StormEvents EVENT_ID 1197156,,2024-06-21,2024-06-25,day,"Clay County, IA",,42.912,-95.3867,event_point,19041,7100004,home_flooded,,,2,A,river,1,||Many other residences outside of Spencer were also impacted by flood water.,
59bebe9b-a811-5cd2-84fe-ff130c69d048,191899_0,1197156,noaa_narrative,NOAA StormEvents EVENT_ID 1197156,,2024-06-21,2024-06-25,day,"Clay County, IA",,42.912,-95.3867,event_point,19041,7100004,rescue,383,people,2,A,river,2,"At peak flooding, approximately 383 people were rescued, leaving hundreds of residents displaced.",
7165ddf6-ca57-5019-bd8b-23f1aba6f387,191899_0,1197156,noaa_narrative,NOAA StormEvents EVENT_ID 1197156,,2024-06-21,2024-06-25,day,"Clay County, IA",,42.912,-95.3867,event_point,19041,7100004,road_closed,,,2,A,river,1,"Widespread overland flooding also resulted in numerous township, county, and state roads inundated with water and closed.",
c7ba5687-6e6f-58bc-af4f-2034aa8cf5a9,191899_0,1197156,noaa_narrative,NOAA StormEvents EVENT_ID 1197156,,2024-06-21,2024-06-25,day,"Clay County, IA",,42.912,-95.3867,event_point,19041,7100004,road_flooded,,,1,A,river,1,"Widespread overland flooding also resulted in numerous township, county, and state roads inundated with water and closed.",
03aa08c3-e1fa-5ede-9d9a-5556313bd775,193311_0,1194208,noaa_narrative,NOAA StormEvents EVENT_ID 1194208,,2024-06-21,2024-06-30,day,"Emmet County, IA",,43.26,-94.83,event_point,19063,7100002,river_overbank,,,0,A,river,1,The West Fork of the Des Moines at Estherville crested at 18.1 ft on June 24 at 09:00 am CDT.,
2af6d5fd-d401-5e1f-bddc-a60b4e1c3a19,193311_0,1194818,noaa_narrative,NOAA StormEvents EVENT_ID 1194818,,2024-06-21,2024-06-30,day,"Palo Alto County, IA",,43.09,-94.75,event_point,19147,7100002,river_overbank,,,0,A,river,1,The West Fork of the Des Moines at Emmetsburg crested at 15.47 ft on June 24 at 01:15 pm CDT.,
843a2b7e-b4b6-5d3d-a970-c0f7a4919818,193882_0,1197876,noaa_narrative,NOAA StormEvents EVENT_ID 1197876,,2024-06-21,2024-06-21,day,"Lyon County, IA",,43.4376,-96.1687,event_point,19119,10170204,evacuation,,,3,A,flash,1,Flooding of Moon Creek on the west edge of Rock Rapids resulted in evacuations.,
2c95ef35-5a1b-5696-9895-a9e4a08ecd57,193924_0,1198335,noaa_narrative,NOAA StormEvents EVENT_ID 1198335,,2024-06-21,2024-06-22,day,"Sioux County, IA",,43.0929,-96.1783,event_point,19167,10170203,road_flooded,,,1,A,flash,1,Significant street flooding was reported in several locations in Sioux Center.,
badcab62-eff9-5aa5-9318-a022b70eede0,193924_0,1198337,noaa_narrative,NOAA StormEvents EVENT_ID 1198337,,2024-06-21,2024-06-22,day,"Dickinson County, IA",,43.3603,-95.1461,event_point,19059,10230003,road_flooded,,,1,A,flash,1,Heavy rainfall during the mid-evening from 2 to 4 inches in a brief time resulted in street flooding in numerous locations from near Spirit Lake to Milford.,
d5f463a1-8f7c-58ea-9add-a019c7804e82,193924_0,1198338,noaa_narrative,NOAA StormEvents EVENT_ID 1198338,,2024-06-21,2024-06-21,day,"Osceola County, IA",,43.4006,-95.7274,event_point,19143,10170204,evacuation,,,3,A,flash,1,Torrential rainfall of up to 3 to 5 inches in 3 hours early evening resulted in rising water around Sibley that required some homes to be evacuated and residents to be sheltered.,
113459ce-bd89-5798-a3b6-ed35ee6e08f6,193924_0,1198338,noaa_narrative,NOAA StormEvents EVENT_ID 1198338,,2024-06-21,2024-06-21,day,"Osceola County, IA",,43.4006,-95.7274,event_point,19143,10170204,home_flooded,,,2,A,flash,1,Torrential rainfall of up to 3 to 5 inches in 3 hours early evening resulted in rising water around Sibley that required some homes to be evacuated and residents to be sheltered.,
a5ae17fc-c88c-5131-8fb4-6f3db1f7b4ae,193924_0,1198341,noaa_narrative,NOAA StormEvents EVENT_ID 1198341,,2024-06-21,2024-06-21,day,"Sioux County, IA",,43.1575,-96.1601,event_point,19167,10170203,road_flooded,,,1,A,flash,1,Water was reported over roads with vehicles stranded.,
a4c85bbb-751e-5237-9433-f303f5a06bc7,193924_0,1198356,noaa_narrative,NOAA StormEvents EVENT_ID 1198356,,2024-06-21,2024-06-22,day,"O'Brien County, IA",,43.1918,-95.6651,event_point,19141,10230002,road_flooded,,,1,A,flash,1,Heavy rainfall from 3 to 5 inches resulted in significant street flooding with several stalled vehicles.,
8c342439-b650-579b-9ddd-d8c1bea40a1f,193924_0,1198367,noaa_narrative,NOAA StormEvents EVENT_ID 1198367,,2024-06-21,2024-06-22,day,"O'Brien County, IA",,43.1951,-95.4549,event_point,19141,10230002,rescue,,,2,A,flash,1,Multiple vehicles were submerged with at least one water rescue performed.,
81371063-8378-5ea6-bf13-846229a16c6a,193924_0,1198367,noaa_narrative,NOAA StormEvents EVENT_ID 1198367,,2024-06-21,2024-06-22,day,"O'Brien County, IA",Highway 18,43.1951,-95.4549,event_point,19141,10230002,road_flooded,,,1,A,flash,1,Highway 18 was inundated and impassible in multiple locations between Sheldon and Hartley.,
2b3ebccf-3272-58dd-b8b5-bd74a8baa74b,191899_0,1197197,noaa_narrative,NOAA StormEvents EVENT_ID 1197197,,2024-06-22,2024-06-30,day,"Woodbury County, IA",,42.22,-96.2975,event_point,19193,10230005,bridge_damaged,50,roads,2,A,river,1,Approximately 50 roads and bridges were closed due to flood waters.,
896b417d-7f2e-533d-8d14-e6c54df62a4e,191899_0,1197197,noaa_narrative,NOAA StormEvents EVENT_ID 1197197,,2024-06-22,2024-06-30,day,"Woodbury County, IA",,42.22,-96.2975,event_point,19193,10230005,evacuation,000,people,3,A,river,1,"Approximately 1,000 people were evacuated from the Riverside Neighborhood of Sioux City, 500 people were evacuated from Correctionville, and 10 people were evacuated from Smithland.",
073dbe65-4d87-517e-819d-fcd7846985a3,191899_0,1197197,noaa_narrative,NOAA StormEvents EVENT_ID 1197197,,2024-06-22,2024-06-30,day,"Woodbury County, IA",,42.22,-96.2975,event_point,19193,10230005,infrastructure,,,2,A,river,1,The Smithland sewage lift station failed and the Sioux City Wastewater Treatment Plant was damaged.,
1bb6f9d1-5858-57dc-92d1-89218af081d4,191899_0,1197197,noaa_narrative,NOAA StormEvents EVENT_ID 1197197,,2024-06-22,2024-06-30,day,"Woodbury County, IA",,42.22,-96.2975,event_point,19193,10230005,rescue,,,2,A,river,1,"At peak flooding, numerous swift water rescues were conducted.",
e6ed5457-ba1a-5055-9dbe-54d74aa0f9ef,191899_0,1197197,noaa_narrative,NOAA StormEvents EVENT_ID 1197197,,2024-06-22,2024-06-30,day,"Woodbury County, IA",,42.22,-96.2975,event_point,19193,10230005,road_closed,50,roads,2,A,river,1,Approximately 50 roads and bridges were closed due to flood waters.,
3925b074-6a08-5456-a939-3ea8a4dfd6c8,191899_0,1197197,noaa_narrative,NOAA StormEvents EVENT_ID 1197197,,2024-06-22,2024-06-30,day,"Woodbury County, IA",,42.22,-96.2975,event_point,19193,10230005,road_flooded,50,roads,1,A,river,1,Approximately 50 roads and bridges were closed due to flood waters.,
c39f2dcf-0848-5b3f-8069-d17443b89246,193225_0,1194824,noaa_narrative,NOAA StormEvents EVENT_ID 1194824,,2024-06-22,2024-06-22,day,"Palo Alto County, IA",,43.0825,-94.5361,event_point,19147,7100002,road_flooded,,,1,A,river,1,The road is blocked because of flooding.,
560b1fa0-b9cf-5564-8b1f-4f1c54d0e585,193225_0,1194825,noaa_narrative,NOAA StormEvents EVENT_ID 1194825,,2024-06-22,2024-06-22,day,"Palo Alto County, IA",,43.1067,-94.6284,event_point,19147,7100002,road_flooded,,,1,A,river,1,The road is blocked because of flooding.,
1e083395-8883-532e-b1d4-e83de987bcb3,193225_0,1194826,noaa_narrative,NOAA StormEvents EVENT_ID 1194826,,2024-06-22,2024-06-22,day,"Emmet County, IA",,43.3593,-94.8197,event_point,19063,7100002,road_flooded,,,1,A,river,1,The road is blocked because of flooding.,
fd360cca-2b07-598d-99dc-db81f503aba2,193225_0,1194827,noaa_narrative,NOAA StormEvents EVENT_ID 1194827,,2024-06-22,2024-06-22,day,"Kossuth County, IA",A38; Between County Road; County Road; P40,43.3182,-94.2377,event_point,19109,7100003,road_flooded,,,1,A,river,1,"US-169 northbound, Between County Road A38 and County Road P40 (2 to 3 miles north of the Bancroft area), areas of water over the road.",
3cad25a3-a86c-5118-9906-e59463b2d034,193311_0,1194194,noaa_narrative,NOAA StormEvents EVENT_ID 1194194,,2024-06-22,2024-06-25,day,"Cerro Gordo County, IA",,43.31,-93.3,event_point,19033,7080203,river_overbank,,,0,A,river,1,The Winnebago River at Mason City crested at 10.96 ft on June 22 at 09:45 pm CDT.,
1b226bfb-b5de-52a9-b4d1-dc30d8ebb0af,193311_0,1194195,noaa_narrative,NOAA StormEvents EVENT_ID 1194195,,2024-06-22,2024-06-30,day,"Webster County, IA",,42.42,-94.21,event_point,19187,7100004,river_overbank,,,0,A,river,1,The Des Moines at Fort Dodge crested at 17.12 ft on June 27 at 04:30 am CDT.,
ff6d4f5b-e45e-5e2f-8fba-80719da8ba9e,193311_0,1194200,noaa_narrative,NOAA StormEvents EVENT_ID 1194200,,2024-06-22,2024-06-30,day,"Kossuth County, IA",,42.88,-94.13,event_point,19109,7100003,river_overbank,,,0,A,river,1,The East Fork of the Des Moines at Algona crested at 20.73 ft on June 23 at 05:15 am CDT.,
e17e64fa-8d5a-5691-b233-75fe82876ce4,193311_0,1194201,noaa_narrative,NOAA StormEvents EVENT_ID 1194201,,2024-06-22,2024-06-27,day,"Humboldt County, IA",,42.88,-94.25,event_point,19091,7100002,river_overbank,,,0,A,river,1,The East Fork of the Des Moines at Dakota City crested at 21.65 ft on June 24 at 01:30 pm CDT.,
bd2d3296-3a24-58f6-b1fc-3b531cb864a5,193311_0,1194209,noaa_narrative,NOAA StormEvents EVENT_ID 1194209,,2024-06-22,2024-06-30,day,"Humboldt County, IA",,42.65,-94.16,event_point,19091,7100002,river_overbank,,,0,A,river,1,The West Fork of the Des Moines at Humboldt crested at 16.99 ft on June 27 at 02:15 am CDT.,
02ecc1ef-448d-5616-ac5b-3edfdc0b43d4,193340_0,1194400,noaa_narrative,NOAA StormEvents EVENT_ID 1194400,,2024-06-22,2024-06-22,day,"Fayette County, IA",,42.9441,-91.9547,event_point,19065,7060004,road_flooded,,,1,A,flash,1,Trained spotters reported flash flooding from near Hawkeye to West Union with numerous roads under water.,
207eefe8-7669-5918-8e61-580f0e77b218,193360_0,1195815,noaa_narrative,NOAA StormEvents EVENT_ID 1195815,,2024-06-22,2024-06-25,day,"Floyd County, IA",,43.0691,-92.6844,event_point,19067,7080201,river_overbank,,,0,A,river,1,The river stage crested during the morning on June 24th in major flood stage at 21.57 ft.,
559541f5-a962-5a8c-82e8-4d69be8f3ee6,193360_0,1195825,noaa_narrative,NOAA StormEvents EVENT_ID 1195825,,2024-06-22,2024-06-24,day,"Howard County, IA",,43.4644,-92.3006,event_point,19089,7060002,river_overbank,,,0,A,river,1,The river stage crested during the early morning on June 23rd in major flood stage at 16.40 ft.,
192d2ed5-620a-589a-817c-b23dec4a3c81,193311_0,1194180,noaa_narrative,NOAA StormEvents EVENT_ID 1194180,,2024-06-23,2024-06-27,day,"Butler County, IA",,42.61,-92.49,event_point,19023,7080204,river_overbank,,,0,A,river,1,The Shell Rock River at Shell Rock crested at 12.94 ft on June 24 at 12:30 pm CDT.,
2ac86e8d-dca1-5604-b936-3b42e065baac,193360_0,1195824,noaa_narrative,NOAA StormEvents EVENT_ID 1195824,,2024-06-23,2024-06-26,day,"Chickasaw County, IA",,42.9508,-92.527,event_point,19037,7080201,river_overbank,,,0,A,river,1,The river stage crested during the early morning on June 25th in major flood stage at 959.94 ft.,
bd5e0a95-9bfa-5370-853d-1c2368fda5c1,193360_0,1195827,noaa_narrative,NOAA StormEvents EVENT_ID 1195827,,2024-06-23,2024-06-24,day,"Winneshiek County, IA",,43.4427,-92.0418,event_point,19191,7060002,river_overbank,,,0,A,river,1,The river stage crested during the evening on the same day in major flood stage at 15.51 ft.,
6be51639-1ace-5309-b23f-79eaf542e97f,193311_0,1194178,noaa_narrative,NOAA StormEvents EVENT_ID 1194178,,2024-06-24,2024-06-28,day,"Black Hawk County, IA",,42.56,-92.38,event_point,19013,7080205,river_overbank,,,0,A,river,1,The Cedar River at Cedar Falls crested at 93.73 ft on June 26 at 03:30 am CDT.,
4cd3f790-25ef-5809-9d57-dcb9b7fcc73f,193311_0,1194197,noaa_narrative,NOAA StormEvents EVENT_ID 1194197,,2024-06-24,2024-06-30,day,"Webster County, IA",,42.07,-94.03,event_point,19187,7100004,river_overbank,,,0,A,river,1,The Des Moines at Stratford crested at 21.56 ft on June 27 at 08:15 pm CDT.,
5f42b3dd-6776-5ee3-9625-a92a4fb1e2c6,193311_1,1194179,noaa_narrative,NOAA StormEvents EVENT_ID 1194179,,2024-06-24,2024-06-27,day,"Black Hawk County, IA",,42.71,-92.4,event_point,19013,7080201,river_overbank,,,0,A,river,1,The Cedar River at Janesville crested at 14.36 ft on June 25 at 05:45 pm CDT.,
c215ddf3-daff-569f-a6ca-d7a3ccf194f3,193360_0,1195807,noaa_narrative,NOAA StormEvents EVENT_ID 1195807,,2024-06-24,2024-06-30,day,"Clayton County, IA",,43.0296,-91.1737,event_point,19043,7060001,river_overbank,,,0,A,river,1,The river stage continued to rise through the end of the month increasing from minor to moderate flood stage on June 28th.,
989e868a-9f17-52af-af9b-a93f290ed651,193922_0,1198870,noaa_narrative,NOAA StormEvents EVENT_ID 1198870,,2024-06-24,2024-06-28,day,"Monona County, IA",,42.2118,-96.3736,event_point,19133,10230001,evacuation,,,3,A,river,1,"By this point, water had breached the levee system on both sides of the river, resulting in several road closures and evacuations of nearby homesteads.",
59f19520-1067-5242-9c84-7ffa1853993b,193922_0,1198870,noaa_narrative,NOAA StormEvents EVENT_ID 1198870,,2024-06-24,2024-06-28,day,"Monona County, IA",Highway 141,42.2118,-96.3736,event_point,19133,10230001,infrastructure,,,2,A,river,2,"At 04:56 am CDT on the 25th, law enforcement reported that a levee on the Little Sioux River failed 600 yards south of Highway 141 resulting in flash flooding in the surrounding areas.",
fac53084-38e4-5e42-a6cd-554ec214f246,193922_0,1198870,noaa_narrative,NOAA StormEvents EVENT_ID 1198870,,2024-06-24,2024-06-28,day,"Monona County, IA",,42.2118,-96.3736,event_point,19133,10230001,river_overbank,,,0,A,river,3,"River flooding from upstream excessive rain impacted the region, bringing the Missouri River to moderate flood stage.",
61780fb7-5f4d-58d9-978f-47c9c54efab0,193922_0,1198870,noaa_narrative,NOAA StormEvents EVENT_ID 1198870,,2024-06-24,2024-06-28,day,"Monona County, IA",,42.2118,-96.3736,event_point,19133,10230001,road_closed,,,2,A,river,1,"By this point, water had breached the levee system on both sides of the river, resulting in several road closures and evacuations of nearby homesteads.",
6cc7be19-cf83-590c-89d6-ef3e1226de0c,193922_0,1198870,noaa_narrative,NOAA StormEvents EVENT_ID 1198870,,2024-06-24,2024-06-28,day,"Monona County, IA",Highway 141,42.2118,-96.3736,event_point,19133,10230001,road_flooded,,,1,A,river,2,"At 04:56 am CDT on the 25th, law enforcement reported that a levee on the Little Sioux River failed 600 yards south of Highway 141 resulting in flash flooding in the surrounding areas.",
60c868a8-d8b0-5c07-980b-8ea8b5ab0302,193922_0,1198872,noaa_narrative,NOAA StormEvents EVENT_ID 1198872,,2024-06-24,2024-06-30,day,"Harrison County, IA",,41.8713,-95.9789,event_point,19085,10230003,river_overbank,,,0,A,river,1,"Moderate flood stage was observed along the Missouri, with the Blair river gauge cresting at 32.3 feet at 14:30 CDT on 6/27.",
de75709d-5708-5150-9575-c612a47aad73,193922_0,1198873,noaa_narrative,NOAA StormEvents EVENT_ID 1198873,,2024-06-24,2024-06-30,day,"Pottawattamie County, IA",Interstate 29; Interstate 680,41.51,-95.89,event_point,19155,10230007,infrastructure,,,2,A,river,1,"Later into the evening of the 26th, Iowa Department of Transportation reported numerous agricultural and local levee breaches west of Interstate 29 and north of Interstate 680 resulting in the rapid submerging of roads in this area.",
1c7a56d9-b55c-500f-bb01-f5bcaeabc3d3,193922_0,1198873,noaa_narrative,NOAA StormEvents EVENT_ID 1198873,,2024-06-24,2024-06-30,day,"Pottawattamie County, IA",,41.51,-95.89,event_point,19155,10230007,river_overbank,,,0,A,river,1,"Moderate flood stage was observed along the Missouri, with two Omaha river gauges cresting between 32.5 and 33.0 feet.",
690c8580-5f9e-5b12-86ed-32ddbb2b9665,193922_0,1198873,noaa_narrative,NOAA StormEvents EVENT_ID 1198873,,2024-06-24,2024-06-30,day,"Pottawattamie County, IA",Gifford Road,41.51,-95.89,event_point,19155,10230007,road_closed,,,2,A,river,1,"At 3 pm, emergency management closed down Gifford Road in Council Bluffs as flood waters had reached the edge of the travel portion of the roadway.",
21ef580c-edd1-5060-bbca-db2d89a7685f,193922_0,1198873,noaa_narrative,NOAA StormEvents EVENT_ID 1198873,,2024-06-24,2024-06-30,day,"Pottawattamie County, IA",Gifford Road,41.51,-95.89,event_point,19155,10230007,road_flooded,,,1,A,river,1,"At 3 pm, emergency management closed down Gifford Road in Council Bluffs as flood waters had reached the edge of the travel portion of the roadway.",
f51de8df-31e2-56c3-8ca7-0b44c04a579a,193922_0,1198874,noaa_narrative,NOAA StormEvents EVENT_ID 1198874,,2024-06-24,2024-06-30,day,"Mills County, IA",,41.1603,-95.9008,event_point,19129,10230006,river_overbank,,,0,A,river,1,"Moderate flood stage was observed along the Missouri, with the river gauge in Bellevue cresting at 33.84 feet on 6/29.",
b38e7b11-bd3a-5bac-aead-947f50ca6a47,193922_0,1198875,noaa_narrative,NOAA StormEvents EVENT_ID 1198875,,2024-06-24,2024-06-30,day,"Fremont County, IA",,40.586,-95.8156,event_point,19071,10240004,river_overbank,,,0,A,river,1,"Moderate flood stage was observed along the Missouri, with the river gauge in Nebraska City cresting at 24.35 feet on 6/30.",
4f5f8a53-2c13-54c1-9aff-ee3b0e34b8af,193311_1,1194177,noaa_narrative,NOAA StormEvents EVENT_ID 1194177,,2024-06-25,2024-06-27,day,"Black Hawk County, IA",,42.56,-92.38,event_point,19013,7080205,river_overbank,,,0,A,river,1,The Cedar River at Waterloo crested at 15.69 ft on June 26 at 11:15 am CDT.,
2ee608cb-b338-5ca3-8348-a134ec519f8a,193922_0,1198871,noaa_narrative,NOAA StormEvents EVENT_ID 1198871,,2024-06-25,2024-06-25,day,"Monona County, IA",Highway 141,42.2114,-95.9282,event_point,19133,10230003,infrastructure,,,2,A,flash,1,"At 04:56 am CDT on the 25th, law enforcement reported that a levee on the Little Sioux River failed 600 yards south of Highway 141 resulting in flash flooding in the surrounding areas.",
8d09fc69-1c49-57f8-b4a1-f774b8f6df1d,193922_0,1198871,noaa_narrative,NOAA StormEvents EVENT_ID 1198871,,2024-06-25,2024-06-25,day,"Monona County, IA",Highway 141,42.2114,-95.9282,event_point,19133,10230003,road_flooded,,,1,A,flash,1,"At 04:56 am CDT on the 25th, law enforcement reported that a levee on the Little Sioux River failed 600 yards south of Highway 141 resulting in flash flooding in the surrounding areas.",
f16a5f0f-a64a-50c2-90e2-2f4e76320715,193888_0,1204189,noaa_narrative,NOAA StormEvents EVENT_ID 1204189,,2024-07-01,2024-07-17,day,"Clayton County, IA",,43.0296,-91.1737,event_point,19043,7060001,river_overbank,,,0,A,river,1,The river stage crested during the evening on July 5th in moderate flood stage at 649.72 ft.,
464d89b4-aa5f-58b2-a4d5-d4d87a29ed6b,193888_0,1204190,noaa_narrative,NOAA StormEvents EVENT_ID 1204190,,2024-07-01,2024-07-16,day,"Clayton County, IA",,42.8205,-91.104,event_point,19043,7060003,river_overbank,,,0,A,river,1,The river stage crested during the late evening on July 5th in moderate flood stage at 18.98 ft.,
9d4b7e9e-cd4f-58a1-955a-29bba0560c61,194931_0,1205147,noaa_narrative,NOAA StormEvents EVENT_ID 1205147,,2024-07-01,2024-07-22,day,"Des Moines County, IA",,40.7926,-91.0924,event_point,19057,7080104,river_overbank,,,0,A,river,2,The Mississippi River at Burlington rose above its major flood stage of 18.0 feet around 11 PM on July 1st and crested at 20.48 feet on July 12th.,
5c09d853-be2c-5ef3-9432-6630f9baadfe,194055_0,1199293,noaa_narrative,NOAA StormEvents EVENT_ID 1199293,,2024-07-02,2024-07-02,day,"Marion County, IA",,41.4269,-92.8762,event_point,19125,7080105,road_flooded,,,1,A,flash,1,"Car stranded in water on the road, with water over halfway up vehicles wheels.",
c6acc12b-3882-5da4-9fa0-0b52b00b26e4,194055_0,1199295,noaa_narrative,NOAA StormEvents EVENT_ID 1199295,,2024-07-02,2024-07-02,day,"Marion County, IA",,41.4298,-92.8735,event_point,19125,7080105,road_flooded,,,1,A,flash,1,"Multiple intersections flooded throughout town, some of which that do not typically flood.",
b91eb64b-307c-573f-a8c5-98ea7ee88795,194055_0,1199299,noaa_narrative,NOAA StormEvents EVENT_ID 1199299,,2024-07-02,2024-07-02,day,"Mahaska County, IA",,41.46,-92.6521,event_point,19123,7080106,road_flooded,,,1,A,flash,1,"Video posted to social media of roughly 3 to 6 inches of water rushing over the intersection of highway 63 and 135th street, with ditches full of water.",
13c56fa9-3b4b-57e0-a6e7-75740d289e38,194228_0,1200183,noaa_narrative,NOAA StormEvents EVENT_ID 1200183,,2024-07-02,2024-07-02,day,"Keokuk County, IA",,41.45,-92.37,event_point,19107,7080106,road_flooded,,,1,A,flash,1,Law Enforcement reported water flowing over a gravel road between What Cheer and Gibson.,
7cd07525-2833-580b-a5db-d95043f72ba9,194228_0,1200193,noaa_narrative,NOAA StormEvents EVENT_ID 1200193,,2024-07-02,2024-07-02,day,"Johnson County, IA",,41.68,-91.58,event_point,19103,7080209,road_flooded,,,1,A,flash,1,A public report of street flooding.,
6bd291c8-32ba-54e3-aa6b-4ca2c43aa7fb,194228_0,1200194,noaa_narrative,NOAA StormEvents EVENT_ID 1200194,,2024-07-02,2024-07-02,day,"Johnson County, IA",Rocky Shore Drive; West Park Road,41.67,-91.55,event_point,19103,7080209,road_flooded,,,1,A,flash,1,A trained spotter reported around 8 to 10 inches of water completely covering the roadway between West Park Road and Rocky Shore Drive.,
5666634d-99f8-58da-bbe1-24718c15231c,194228_0,1200196,noaa_narrative,NOAA StormEvents EVENT_ID 1200196,,2024-07-02,2024-07-02,day,"Johnson County, IA",,41.66,-91.53,event_point,19103,7080209,home_flooded,,,2,A,flash,1,A public report via social media of roadway inundated with water as well as flood waters up against a few homes.,
d74990b0-3588-5a81-8e18-b7960aba92e5,194228_0,1200196,noaa_narrative,NOAA StormEvents EVENT_ID 1200196,,2024-07-02,2024-07-02,day,"Johnson County, IA",,41.66,-91.53,event_point,19103,7080209,road_flooded,,,1,A,flash,1,A public report via social media of roadway inundated with water as well as flood waters up against a few homes.,
a80c85ef-d529-579f-bad6-cb63873c2576,194931_0,1205140,noaa_narrative,NOAA StormEvents EVENT_ID 1205140,,2024-07-02,2024-07-20,day,"Louisa County, IA",,41.1518,-90.987,event_point,19115,7080209,river_overbank,,,0,A,river,1,The Mississippi River at New Boston rose above its major flood stage of 18.5 feet around 5 PM on July 2 and crested at 20.82 feet on July 11th.,
9ff738f4-2f50-5b1c-a35b-a90c51e9f1a9,194931_0,1205106,noaa_narrative,NOAA StormEvents EVENT_ID 1205106,,2024-07-03,2024-07-10,day,"Dubuque County, IA",,42.4845,-90.6624,event_point,19061,7060005,infrastructure,,,2,A,river,1,The Mississippi River at the Dubuque Railroad Bridge rose above its major flood stage of 21.5 feet around 1 AM on July 3 and crested at 22.30 feet on the 6th.,
09c70d1d-ada2-58f5-82e4-95dff475a1e7,194931_0,1205106,noaa_narrative,NOAA StormEvents EVENT_ID 1205106,,2024-07-03,2024-07-10,day,"Dubuque County, IA",,42.4845,-90.6624,event_point,19061,7060005,river_overbank,,,0,A,river,1,The Mississippi River at the Dubuque Railroad Bridge rose above its major flood stage of 21.5 feet around 1 AM on July 3 and crested at 22.30 feet on the 6th.,
fddf64bd-c78f-5cb8-b426-a35ad590f9fd,194931_0,1205106,noaa_narrative,NOAA StormEvents EVENT_ID 1205106,,2024-07-03,2024-07-10,day,"Dubuque County, IA",,42.4845,-90.6624,event_point,19061,7060005,road_flooded,,,1,A,river,1,The Mississippi River at the Dubuque Railroad Bridge rose above its major flood stage of 21.5 feet around 1 AM on July 3 and crested at 22.30 feet on the 6th.,
6478b48a-870e-5998-8d36-4c9550eb99e4,194931_0,1205099,noaa_narrative,NOAA StormEvents EVENT_ID 1205099,,2024-07-04,2024-07-09,day,"Dubuque County, IA",,42.5494,-90.6742,event_point,19061,7060003,infrastructure,,,2,A,river,1,The Mississippi River gage at Dubuque Lock and Dam rose above its major flood stage of 20.5 feet around 6 PM CST on July 4 and crested at 20.85 feet on July 6.,
dc778cfd-5dc7-5771-9826-71dfa4338043,194931_0,1205099,noaa_narrative,NOAA StormEvents EVENT_ID 1205099,,2024-07-04,2024-07-09,day,"Dubuque County, IA",,42.5494,-90.6742,event_point,19061,7060003,river_overbank,,,0,A,river,2,The Mississippi River gage at Dubuque Lock and Dam rose above its major flood stage of 20.5 feet around 6 PM CST on July 4 and crested at 20.85 feet on July 6.,
f887acd0-167f-5482-88a5-d42b13cfe586,194931_0,1205137,noaa_narrative,NOAA StormEvents EVENT_ID 1205137,,2024-07-04,2024-07-17,day,"Muscatine County, IA",,41.3724,-91.0624,event_point,19139,7080101,river_overbank,,,0,A,river,1,The Mississippi River at Muscatine rose above its major flood stage of 20 feet around 6 PM on July 4th and crested at 21.48 feet on July 11th.,
618a8d3d-5647-5423-ad21-5e091ccec3bb,194931_1,1205118,noaa_narrative,NOAA StormEvents EVENT_ID 1205118,,2024-07-05,2024-07-09,day,"Jackson County, IA",,42.2664,-90.426,event_point,19097,7060005,infrastructure,,,2,A,river,1,The Mississippi River Lock and Dam 12 in Bellevue rose above its major flood stage of 20.0 feet around noon on July 5th and at 20.17 feet on July 7.,
90b2eb49-5431-5359-b905-f5c117ac46e7,194931_1,1205118,noaa_narrative,NOAA StormEvents EVENT_ID 1205118,,2024-07-05,2024-07-09,day,"Jackson County, IA",,42.2664,-90.426,event_point,19097,7060005,river_overbank,,,0,A,river,1,The Mississippi River Lock and Dam 12 in Bellevue rose above its major flood stage of 20.0 feet around noon on July 5th and at 20.17 feet on July 7.,
505ea7e7-0de1-540e-9516-1614ea650f01,194931_1,1205123,noaa_narrative,NOAA StormEvents EVENT_ID 1205123,,2024-07-05,2024-07-13,day,"Clinton County, IA",,41.7776,-90.2536,event_point,19045,7080101,river_overbank,,,0,A,river,2,The Mississippi River at Camanche rose above its major flood stage of 20.5 feet around midnight on July 5 and crested at 21.42 feet on July 9.,
9c39af57-0ad3-581f-9a04-187441f1cbe4,194931_1,1205128,noaa_narrative,NOAA StormEvents EVENT_ID 1205128,,2024-07-05,2024-07-14,day,"Scott County, IA",,41.5664,-90.4108,event_point,19163,7080101,infrastructure,,,2,A,river,1,The Mississippi River at Leclaire Lock and Dam 14 rose above its major flood stage of 13.5 feet around 2 AM on July 5th and crested at 14.42 feet on July 9.,
594d5e92-4b3e-56d8-87d8-bfab09ff01ec,194931_1,1205128,noaa_narrative,NOAA StormEvents EVENT_ID 1205128,,2024-07-05,2024-07-14,day,"Scott County, IA",,41.5664,-90.4108,event_point,19163,7080101,river_overbank,,,0,A,river,2,The Mississippi River at Leclaire Lock and Dam 14 rose above its major flood stage of 13.5 feet around 2 AM on July 5th and crested at 14.42 feet on July 9.,
75589fc2-a8d2-5597-b28b-c2f1983de739,194088_0,1199467,noaa_narrative,NOAA StormEvents EVENT_ID 1199467,,2024-07-07,2024-07-08,day,"Wright County, IA",Highway 17,42.6196,-93.8905,event_point,19197,7100005,road_flooded,,,1,A,flash,2,Report of water over the road on Highway 17 near Eagle Grove.,
91bc8995-2252-533b-b055-8c0440d7f4fd,194088_0,1199476,noaa_narrative,NOAA StormEvents EVENT_ID 1199476,,2024-07-07,2024-07-08,day,"Wright County, IA",Highway 3; Nelson Avenue,42.74,-93.71,event_point,19197,7100005,road_flooded,,,1,A,flash,1,Estimated three to four inches of water and rising over Nelson Avenue north of Highway 3 and east of Clarion.,
4abdb873-de72-54bd-93e6-dfb1ed7ae3bc,194242_0,1200298,noaa_narrative,NOAA StormEvents EVENT_ID 1200298,,2024-07-10,2024-07-10,day,"Johnson County, IA",20th Avenue,41.69,-91.59,event_point,19103,7080209,road_flooded,,,1,A,flash,1,Dispatch Center reported knee depth water on 20th Avenue.,
b5420b11-4a00-56d8-aa8b-72a48dc8168c,194242_0,1200299,noaa_narrative,NOAA StormEvents EVENT_ID 1200299,,2024-07-10,2024-07-10,day,"Johnson County, IA",Johnson Street,41.66,-91.53,event_point,19103,7080209,road_flooded,,,1,A,flash,1,Dispatch Center reported knee deep water on Johnson Street in downtown Iowa City.,
dd0fa1a2-a0e5-569a-b58b-ee720879b81e,194324_0,1204620,noaa_narrative,NOAA StormEvents EVENT_ID 1204620,,2024-07-15,2024-07-15,day,"Linn County, IA",1st Avenue,41.99,-91.65,event_point,19113,7080205,road_flooded,,,1,A,flash,1,A trained spotter reported water over 1st Avenue.,
8efe067e-e962-59bf-8950-35763a0f3b0f,194840_0,1204669,noaa_narrative,NOAA StormEvents EVENT_ID 1204669,,2024-07-22,2024-07-22,day,"Scott County, IA",Territorial Road,41.61,-90.36,event_point,19163,7080101,river_overbank,,,0,A,flash,1,A public report of McCarty Creek  overflowed its banks and caused huge ruts along Territorial Road.,
6d3ad124-b4f9-59e6-9361-bff0ddbf8bc8,195054_0,1205756,noaa_narrative,NOAA StormEvents EVENT_ID 1205756,,2024-07-28,2024-07-28,day,"Woodbury County, IA",,42.5278,-96.4148,event_point,19193,10230002,road_flooded,,,1,A,flash,1,Several streets were flooded around the city with water ranging from curb depth to as high as the tops of tires at numerous locations.,
32de1e17-8b69-5cfb-aaff-6f52de2336b6,194668_0,1203908,noaa_narrative,NOAA StormEvents EVENT_ID 1203908,,2024-07-31,2024-07-31,day,"Monroe County, IA",,41.1245,-92.8544,event_point,19135,7100009,road_closed,,,2,A,flash,1,Local law enforcement reported several road closures in eastern Monroe County and into Wapello County.,
f13c09f4-585a-5c7e-bc44-ce388f3a5439,194668_0,1203916,noaa_narrative,NOAA StormEvents EVENT_ID 1203916,,2024-07-31,2024-07-31,day,"Marion County, IA",,41.2467,-92.6839,event_point,19125,7080107,road_closed,,,2,A,river,1,Flooding continued across the area through the afternoon and evening with lingering road closures.,
b36fa10b-3cb1-57b5-8190-a79eb79fccb6,195125_0,1206192,noaa_narrative,NOAA StormEvents EVENT_ID 1206192,,2024-08-29,2024-08-29,day,"Woodbury County, IA",,42.5191,-96.4225,event_point,19193,10230001,road_flooded,,,1,A,flash,1,"Water was flowing 7 to 8 inches deep across roadways, disrupting travel.",
c470a726-6e3f-54b3-a4d3-ea1ee3ce7701,202052_0,1255439,noaa_narrative,NOAA StormEvents EVENT_ID 1255439,,2025-04-20,2025-04-20,day,"Linn County, IA",,41.97,-91.73,event_point,19113,7080205,road_flooded,,,1,A,flash,1,A public report of street flooding.,
7d8e2a77-bb1d-5e52-9fce-981374dfb957,202052_0,1255440,noaa_narrative,NOAA StormEvents EVENT_ID 1255440,,2025-04-20,2025-04-20,day,"Linn County, IA",Interstate 380,42.0204,-91.6644,event_point,19113,7080205,river_overbank,,,0,A,flash,1,A trained spotter reported that a creek was flowing out of its banks along Center Point road near Interstate 380.,
60c2ab49-792b-56ff-ae48-4007e6879ade,204312_0,1273331,noaa_narrative,NOAA StormEvents EVENT_ID 1273331,,2025-06-25,2025-06-25,day,"Wright County, IA",,42.86,-93.79,event_point,19197,7100005,road_closed,,,2,A,flash,1,Paved county road closed due to flooding.,
23fea12f-c468-5b8f-b9a5-775071459cd1,204312_0,1273331,noaa_narrative,NOAA StormEvents EVENT_ID 1273331,,2025-06-25,2025-06-25,day,"Wright County, IA",,42.86,-93.79,event_point,19197,7100005,road_flooded,,,1,A,flash,1,Paved county road closed due to flooding.,
b2cecff0-001e-5369-aeb0-4b97a9771fe8,204708_0,1276259,noaa_narrative,NOAA StormEvents EVENT_ID 1276259,,2025-06-29,2025-06-29,day,"Decatur County, IA",Highway 69,40.7556,-93.7375,event_point,19053,10280102,road_closed,,,2,A,flash,1,"Highway 69, coming into town from the north, had water over it for a time but this remained minor enough that a road closure was not needed.",
a27a2dd7-4b91-5001-a61a-0c174a7f8952,205243_0,1280577,noaa_narrative,NOAA StormEvents EVENT_ID 1280577,,2025-07-03,2025-07-03,day,"Dubuque County, IA",,42.39,-90.88,event_point,19061,7060006,bridge_damaged,,,2,A,flash,1,Emergency Manager reported damage to a bridge and another bridge washed out at the Timberline Golf Course.,
8820439a-fe99-5aff-b650-a6a403b36161,205251_0,1280589,noaa_narrative,NOAA StormEvents EVENT_ID 1280589,,2025-07-08,2025-07-08,day,"Scott County, IA",,41.73,-90.5,event_point,19163,7080103,road_flooded,,,1,A,flash,1,Law Enforcement reported that deep water and mud were over the road and caused a vehicle to be stranded and stuck in the mud.,
13ad1f4e-2aca-5e37-838b-ed81f84e28fe,205251_0,1280590,noaa_narrative,NOAA StormEvents EVENT_ID 1280590,,2025-07-08,2025-07-08,day,"Scott County, IA",,41.75,-90.55,event_point,19163,7080103,road_flooded,,,1,A,flash,1,A retired NWS Employee reported water a foot deep or more over the road with current.,
c91ccaf6-a320-55f3-a68e-d9f0a2a0d7ec,205257_0,1281714,noaa_narrative,NOAA StormEvents EVENT_ID 1281714,,2025-07-10,2025-07-10,day,"Dubuque County, IA",Locust Street,42.51,-90.67,event_point,19061,7060005,road_flooded,,,1,A,flash,1,"The Emergency Manager reports street flooding through parts of  the downtown area, with a car stranded in  water near the 17th and Locust Street  interchange.",
3577cbdd-186e-5e31-bf4d-f3869cc7ebc6,205257_0,1281717,noaa_narrative,NOAA StormEvents EVENT_ID 1281717,,2025-07-10,2025-07-10,day,"Clinton County, IA",,41.87,-90.18,event_point,19045,7080101,road_flooded,,,1,A,flash,1,A trained spotter reported xix inches of flowing water on multiple  roads.,
07e2740e-8839-545a-89a1-007fd0c26dd8,205257_0,1281724,noaa_narrative,NOAA StormEvents EVENT_ID 1281724,,2025-07-10,2025-07-10,day,"Scott County, IA",,41.52,-90.59,event_point,19163,7080101,rescue,,,2,A,flash,1,"Within that area, there are cars that are  stranded in the water, with reports of water rescues ongoing.",
e0370e69-b372-5ceb-a3bc-2389a0432358,205257_0,1281725,noaa_narrative,NOAA StormEvents EVENT_ID 1281725,,2025-07-10,2025-07-10,day,"Jackson County, IA",,42.07,-90.17,event_point,19097,7060005,home_flooded,,,2,A,flash,1,Sabula fire department was reportedly pumping water out of houses.,
042899b6-db63-5ff4-ab8a-5dbb33376c94,205435_0,1282017,noaa_narrative,NOAA StormEvents EVENT_ID 1282017,,2025-07-11,2025-07-11,day,"Benton County, IA",,42.1723,-92.045,event_point,19011,7080205,road_flooded,,,1,A,flash,1,A trained spotter reported street flooding in Vinton.,
852ae7f0-8415-58c4-928f-49220d431cbe,205435_0,1282020,noaa_narrative,NOAA StormEvents EVENT_ID 1282020,,2025-07-11,2025-07-12,day,"Dubuque County, IA",,42.51,-90.76,event_point,19061,7060003,road_flooded,,,1,A,flash,1,A trained spotter reported that water was curb deep across the entire road with storm sewers not keeping up with the heavy rain.,
2b059329-1f1d-5e33-9534-48061678c76d,205435_0,1282022,noaa_narrative,NOAA StormEvents EVENT_ID 1282022,,2025-07-11,2025-07-12,day,"Dubuque County, IA",,42.51,-90.67,event_point,19061,7060005,road_flooded,,,1,A,flash,1,Water up to the bumpers on cars at the intersection of 17th and Locus streets.,
6b8d34b7-a0d7-56ca-80f8-d15941774824,205435_0,1282025,noaa_narrative,NOAA StormEvents EVENT_ID 1282025,,2025-07-11,2025-07-12,day,"Dubuque County, IA",Highway 3,42.54,-90.69,event_point,19061,7060003,road_flooded,,,1,A,flash,2,Law Enforcement Officer reported water of over a foot on Iowa Highway 3 near  Northwest Arterial that caused the closing  of Highway 3.,
32120ce7-afc3-5dde-9877-a3031625a225,205435_0,1282026,noaa_narrative,NOAA StormEvents EVENT_ID 1282026,,2025-07-11,2025-07-12,day,"Dubuque County, IA",,42.52,-90.67,event_point,19061,7060005,road_closed,,,2,A,flash,1,Law Enforcement Officers reported that flash flooding made roads impassable near Linwood Cemetery.,
a6df1dc5-adc4-5ee4-80dc-b89c124e4347,205435_0,1282028,noaa_narrative,NOAA StormEvents EVENT_ID 1282028,,2025-07-11,2025-07-11,day,"Clinton County, IA",,41.85,-90.19,event_point,19045,7080101,road_flooded,,,1,A,flash,1,"A trained spotter reported 1 to 2 feet of water over the roadways in this area, some of which was flowing at the time.",
077f0c6e-13f6-5e36-8849-b77721d27f9c,205435_0,1282032,noaa_narrative,NOAA StormEvents EVENT_ID 1282032,,2025-07-11,2025-07-12,day,"Scott County, IA",,41.58,-90.58,event_point,19163,7080101,home_flooded,,,2,A,flash,1,Report of  basements flooding in the area.,
77ee121e-d23e-5239-b032-12f9b96180e9,205435_0,1282039,noaa_narrative,NOAA StormEvents EVENT_ID 1282039,,2025-07-11,2025-07-12,day,"Scott County, IA",35th Street,41.5534,-90.5877,event_point,19163,7080101,road_flooded,,,1,A,flash,2,"The Emergency Manager reported that multiple apartments along 35th Street near Duck Creek had their lowest level completely flooded, some near to the ceiling.",
ca9bbe78-8ffd-59d9-8927-ff4328dec0cc,205435_0,1282080,noaa_narrative,NOAA StormEvents EVENT_ID 1282080,,2025-07-11,2025-07-12,day,"Scott County, IA",,41.5521,-90.599,event_point,19163,7080101,agriculture,,,1,A,flash,1,"The field is flooded behind Williams Middle School, on N Division.",
345897b9-0f25-5016-be54-45251d4e4161,205435_0,1282080,noaa_narrative,NOAA StormEvents EVENT_ID 1282080,,2025-07-11,2025-07-12,day,"Scott County, IA",,41.5521,-90.599,event_point,19163,7080101,river_overbank,,,0,A,flash,1,was completely out of its banks.,
65c4fcd1-69a7-5964-be6e-1d7e28951419,205435_0,1282106,noaa_narrative,NOAA StormEvents EVENT_ID 1282106,,2025-07-11,2025-07-11,day,"Lee County, IA",River Road,40.4177,-91.3887,event_point,19111,7080104,road_flooded,,,1,A,flash,1,Water over River Road by the Keokuk Yacht Club.,
7a1acf25-2923-5493-9adb-9a8905a63728,205435_0,1282107,noaa_narrative,NOAA StormEvents EVENT_ID 1282107,,2025-07-11,2025-07-11,day,"Louisa County, IA",,41.28,-91.36,event_point,19115,7080209,road_closed,,,2,A,flash,1,Numerous rural roads closed within the county due to flash flooding and high water  this evening.,
b1f47dc0-cc45-56bd-ab9d-b949599a9857,205435_0,1282107,noaa_narrative,NOAA StormEvents EVENT_ID 1282107,,2025-07-11,2025-07-11,day,"Louisa County, IA",,41.28,-91.36,event_point,19115,7080209,road_flooded,,,1,A,flash,1,Numerous rural roads closed within the county due to flash flooding and high water  this evening.,
415dcbb8-c3bc-5774-a551-d1c969c32f6b,206360_0,1289161,noaa_narrative,NOAA StormEvents EVENT_ID 1289161,,2025-07-11,2025-07-11,day,"Black Hawk County, IA",,42.4061,-92.1617,event_point,19013,7080205,rescue,,,2,A,flash,1,"Black Hawk EM, broadcast media, and local spotters reported roadways closed due to flooding, stranded vehicles, and water up to the curb on roadways in and around Waterloo.",
1561fd3e-5da7-52f5-b84b-f87b33bb614f,206360_0,1289161,noaa_narrative,NOAA StormEvents EVENT_ID 1289161,,2025-07-11,2025-07-11,day,"Black Hawk County, IA",,42.4061,-92.1617,event_point,19013,7080205,road_closed,,,2,A,flash,1,"Black Hawk EM, broadcast media, and local spotters reported roadways closed due to flooding, stranded vehicles, and water up to the curb on roadways in and around Waterloo.",
eefce2c7-1a1d-5e5f-aebc-08a82d05f788,206360_0,1289161,noaa_narrative,NOAA StormEvents EVENT_ID 1289161,,2025-07-11,2025-07-11,day,"Black Hawk County, IA",,42.4061,-92.1617,event_point,19013,7080205,road_flooded,,,1,A,flash,1,"Black Hawk EM, broadcast media, and local spotters reported roadways closed due to flooding, stranded vehicles, and water up to the curb on roadways in and around Waterloo.",
bd314362-ed07-509d-92cb-737f3d0e10ad,205451_0,1282222,noaa_narrative,NOAA StormEvents EVENT_ID 1282222,,2025-07-19,2025-07-19,day,"Benton County, IA",,42.22,-92.03,event_point,19011,7080205,river_overbank,,,0,A,flash,1,The Emergency Manager reports that water had been over area  roads as creeks rose out of their banks.,
8e37947c-a6cc-59d9-b378-9434364dcb9b,205451_0,1282222,noaa_narrative,NOAA StormEvents EVENT_ID 1282222,,2025-07-19,2025-07-19,day,"Benton County, IA",,42.22,-92.03,event_point,19011,7080205,road_flooded,,,1,A,flash,1,The Emergency Manager reports that water had been over area  roads as creeks rose out of their banks.,
f9598a00-3136-50bd-a6fd-44afe357a266,205453_0,1282237,noaa_narrative,NOAA StormEvents EVENT_ID 1282237,,2025-07-20,2025-07-20,day,"Washington County, IA",,41.3,-91.69,event_point,19183,7080107,road_flooded,,,1,A,flash,2,Law Enforcement Officers reported several street in Washington were flooded.,
2c8937ab-b074-5ab9-b99a-970d08e09bc6,205453_0,1282239,noaa_narrative,NOAA StormEvents EVENT_ID 1282239,,2025-07-20,2025-07-20,day,"Washington County, IA",2nd Ave,41.3,-91.69,event_point,19183,7080107,road_flooded,,,1,A,flash,1,A trained spotter and law enforcement reported that an underpass on 2nd Ave is flooded and impassable.,
f38aeab2-126e-5a88-9c77-477a411d2f8c,205453_0,1282240,noaa_narrative,NOAA StormEvents EVENT_ID 1282240,,2025-07-20,2025-07-20,day,"Louisa County, IA",G36; X17,41.31,-91.4,event_point,19115,7080209,road_closed,,,2,A,flash,1,Law Enforcement reported that 175th street is closed between G36 and X17 due to water over the road from Short Creek.,
f4537f38-c671-5b33-8597-d25300447fc1,205453_0,1282240,noaa_narrative,NOAA StormEvents EVENT_ID 1282240,,2025-07-20,2025-07-20,day,"Louisa County, IA",G36; X17,41.31,-91.4,event_point,19115,7080209,road_flooded,,,1,A,flash,1,Law Enforcement reported that 175th street is closed between G36 and X17 due to water over the road from Short Creek.,
df2d297a-05d1-5084-bd20-f9f47c2ea0da,205453_0,1282242,noaa_narrative,NOAA StormEvents EVENT_ID 1282242,,2025-07-20,2025-07-20,day,"Iowa County, IA",,41.68,-92.09,event_point,19095,7080209,road_flooded,,,1,A,flash,1,The Emergency Manager reported that several roads across the county were flooded from area creeks.,
6498fab1-073e-581b-89ed-30f935c81abb,206546_0,1289182,noaa_narrative,NOAA StormEvents EVENT_ID 1289182,,2025-07-20,2025-07-20,day,"Madison County, IA",,41.3223,-93.9957,event_point,19121,7100008,home_flooded,,,2,A,flash,1,Multiple reports of flood water entering homes and vehicles throughout town.,
adaccbc0-a99b-52a8-9c2b-56c9db2ac963,206546_0,1289182,noaa_narrative,NOAA StormEvents EVENT_ID 1289182,,2025-07-20,2025-07-20,day,"Madison County, IA",,41.3223,-93.9957,event_point,19121,7100008,road_closed,,,2,A,flash,1,"Low lying areas full of water, some streets in town impassable due to flooded intersections.",
1fc004ff-da69-500e-88d6-a49c23effe7d,206546_0,1289182,noaa_narrative,NOAA StormEvents EVENT_ID 1289182,,2025-07-20,2025-07-20,day,"Madison County, IA",,41.3223,-93.9957,event_point,19121,7100008,road_flooded,,,1,A,flash,2,"Low lying areas full of water, some streets in town impassable due to flooded intersections.",
ceb2aea4-9de4-5d8d-91c1-18c6993c043d,206920_0,1290943,noaa_narrative,NOAA StormEvents EVENT_ID 1290943,,2025-07-20,2025-07-20,day,"Polk County, IA",63rd Ave,41.5854,-93.7706,event_point,19153,7100006,rescue,,,2,A,flash,1,"Several intersections closed along 63rd Ave, with several stranded vehicles.",
e99e1986-72d7-5d73-baf8-e9fb350e1e2c,206920_0,1290943,noaa_narrative,NOAA StormEvents EVENT_ID 1290943,,2025-07-20,2025-07-20,day,"Polk County, IA",63rd Ave,41.5854,-93.7706,event_point,19153,7100006,road_closed,,,2,A,flash,1,"Several intersections closed along 63rd Ave, with several stranded vehicles.",
5cbc07d7-b89f-531e-b49f-e28b816f148a,205482_0,1282376,noaa_narrative,NOAA StormEvents EVENT_ID 1282376,,2025-07-23,2025-07-23,day,"Buchanan County, IA",,42.53,-91.73,event_point,19019,7080102,road_flooded,,,1,A,flash,1,Law Enforcement Officers report water flowing over the roadway.,
6e3f9762-487e-536d-9f2a-da5ce20b542d,205480_0,1282373,noaa_narrative,NOAA StormEvents EVENT_ID 1282373,,2025-07-25,2025-07-25,day,"Muscatine County, IA",,41.43,-91.05,event_point,19139,7080101,road_flooded,,,1,A,flash,1,A few reported as  temporarily impassable with a foot of water over the road.,
b358be14-e37e-53bc-8d2e-6f9b11b300e1,205480_0,1282374,noaa_narrative,NOAA StormEvents EVENT_ID 1282374,,2025-07-25,2025-07-26,day,"Louisa County, IA",,41.28,-91.36,event_point,19115,7080209,river_overbank,,,0,A,flash,1,Report of high water in the town of Columbus Junction with local creeks overflowing their  banks.,
aa8315da-e2bb-5b51-a5a8-c9c9eaeee714,205480_0,1282375,noaa_narrative,NOAA StormEvents EVENT_ID 1282375,,2025-07-25,2025-07-25,day,"Muscatine County, IA",,41.45,-91.02,event_point,19139,7080101,road_flooded,,,1,A,flash,1,A public report of street flooding in Muscatine.,
c86717ee-0c14-5c97-ad6b-7254a1592999,205478_0,1282367,noaa_narrative,NOAA StormEvents EVENT_ID 1282367,,2025-07-26,2025-07-26,day,"Lee County, IA",263rd Ave,40.6,-91.42,event_point,19111,7080104,road_closed,,,2,A,flash,1,Department of Highways reports that 263rd Ave in Lee County was closed due to high water.,
0ad5bc58-57cf-5076-ad87-1a201a55e2ab,205478_0,1282369,noaa_narrative,NOAA StormEvents EVENT_ID 1282369,,2025-07-26,2025-07-26,day,"Lee County, IA",235th St; 240th Avenue; Hwy 2,40.63,-91.52,event_point,19111,7080104,road_closed,,,2,A,flash,1,Department of Highways reports that 240th Avenue is closed from Hwy 2 to 235th St until further notice due to high water and flash flooding.,
41b4c333-873b-5628-b3db-46f4f5637c98,205478_0,1282370,noaa_narrative,NOAA StormEvents EVENT_ID 1282370,,2025-07-26,2025-07-26,day,"Lee County, IA",Golden Road,40.64,-91.46,event_point,19111,7080104,road_closed,,,2,A,flash,1,to be closed until further notice from Golden Road to Wilson Lake Park.,
890af738-95b7-5849-957a-e1d6f1b47377,205478_0,1282371,noaa_narrative,NOAA StormEvents EVENT_ID 1282371,,2025-07-26,2025-07-26,day,"Lee County, IA",140th Ave; 170th Street,40.71,-91.64,event_point,19111,7100009,road_closed,,,2,A,flash,1,The Department of Highways reported that 170th Street closed from 140th Ave.,
36a92e15-b51a-5851-8354-dc9f1d7cdefc,205478_0,1282372,noaa_narrative,NOAA StormEvents EVENT_ID 1282372,,2025-07-26,2025-07-26,day,"Lee County, IA",240th St; 265th Ave,40.61,-91.39,event_point,19111,7080104,road_closed,,,2,A,flash,1,Department of Highways reported that 240th St to 265th Ave closed due to water over the road.,
c0ec1b7b-4b1d-53e2-b714-2229fa289619,205478_0,1282372,noaa_narrative,NOAA StormEvents EVENT_ID 1282372,,2025-07-26,2025-07-26,day,"Lee County, IA",240th St; 265th Ave,40.61,-91.39,event_point,19111,7080104,road_flooded,,,1,A,flash,1,Department of Highways reported that 240th St to 265th Ave closed due to water over the road.,
52bf260f-faa9-54d7-956a-f0baf603cf53,206403_0,1288297,noaa_narrative,NOAA StormEvents EVENT_ID 1288297,,2025-07-29,2025-07-30,day,"Sioux County, IA",480th Street; Highway 60,42.955,-96.0354,event_point,19167,10230002,road_closed,,,2,A,flash,1,Iowa Highway 60 near 480th Street was closed due the roadway being flooded by a couple feet of flowing water.,
3910db1c-6fa9-5b97-9fa7-72754fab7096,206403_0,1288297,noaa_narrative,NOAA StormEvents EVENT_ID 1288297,,2025-07-29,2025-07-30,day,"Sioux County, IA",480th Street; Highway 60,42.955,-96.0354,event_point,19167,10230002,road_flooded,,,1,A,flash,1,Iowa Highway 60 near 480th Street was closed due the roadway being flooded by a couple feet of flowing water.,
b837084f-b169-5401-9f75-1b90454f10c3,206403_0,1288625,noaa_narrative,NOAA StormEvents EVENT_ID 1288625,,2025-07-30,2025-07-30,day,"O'Brien County, IA",Monroe Avenue,43.0857,-95.8572,event_point,19141,10230002,road_flooded,,,1,A,flash,1,Sections of 390th and 400th Streets and Monroe Avenue with inundated with rapidly running water.,
14b31491-fec9-5aee-8916-09c3b2fa477e,207543_0,1294469,noaa_narrative,NOAA StormEvents EVENT_ID 1294469,,2025-08-07,2025-08-07,day,"Clarke County, IA",,40.97,-93.71,event_point,19039,7100008,infrastructure,,,2,A,flash,1,Water over roadways and culverts being washed out SE of Osceola.,
e162b7eb-4f2f-5e44-9139-191414cc31d9,207543_0,1294469,noaa_narrative,NOAA StormEvents EVENT_ID 1294469,,2025-08-07,2025-08-07,day,"Clarke County, IA",,40.97,-93.71,event_point,19039,7100008,road_closed,,,2,A,flash,1,Water over roadways and culverts being washed out SE of Osceola.,
05cd2785-5f50-5ce0-9adc-655a810234c0,207543_0,1294469,noaa_narrative,NOAA StormEvents EVENT_ID 1294469,,2025-08-07,2025-08-07,day,"Clarke County, IA",,40.97,-93.71,event_point,19039,7100008,road_flooded,,,1,A,flash,1,Water over roadways and culverts being washed out SE of Osceola.,
514f846a-f655-5eca-8e66-f00220a167e7,206824_0,1290491,noaa_narrative,NOAA StormEvents EVENT_ID 1290491,,2025-08-09,2025-08-09,day,"Cherokee County, IA",,42.7426,-95.5431,event_point,19035,10230003,road_flooded,,,1,A,flash,1,Pictures showed significant street flooding in lower areas on the southeast side of Cherokee.,
ebdfbab4-4ec7-5db1-aa29-dfa44e4832b9,204326_0,1273412,noaa_narrative,NOAA StormEvents EVENT_ID 1273412,,2025-08-10,2025-08-10,day,"Muscatine County, IA",,41.4588,-91.0402,event_point,19139,7080101,road_flooded,,,1,A,flash,1,Several other streets flooded.,
6c6e3745-a060-53ec-9084-8b4fa566c18b,204326_0,1273413,noaa_narrative,NOAA StormEvents EVENT_ID 1273413,,2025-08-10,2025-08-10,day,"Muscatine County, IA",,41.58,-90.9,event_point,19139,7080206,home_flooded,,,2,A,flash,1,Water in basements in  Durant.,
9b5d7a2e-567c-50f6-a439-9558ca0d29fe,204326_0,1273413,noaa_narrative,NOAA StormEvents EVENT_ID 1273413,,2025-08-10,2025-08-10,day,"Muscatine County, IA",,41.58,-90.9,event_point,19139,7080206,river_overbank,,,0,A,flash,1,Creeks out of their banks and trees washing out across road.,
36c17bbb-7ef3-50af-897e-1597e3d8ba45,204326_0,1273415,noaa_narrative,NOAA StormEvents EVENT_ID 1273415,,2025-08-10,2025-08-10,day,"Scott County, IA",Liberty Road,41.68,-90.8,event_point,19163,7080103,road_flooded,,,1,A,flash,1,Significant water was over the highway at New  Liberty Road and 50th.,
7d6562f1-9160-5fbb-a9bc-ef4536f14b64,204326_0,1273417,noaa_narrative,NOAA StormEvents EVENT_ID 1273417,,2025-08-10,2025-08-10,day,"Dubuque County, IA",,42.39,-90.88,event_point,19061,7060006,evacuation,,,3,A,flash,1,"Swiss Valley Nature Reserve campground flooded and evacuated, due to flooding on Catfish Creek.",
5ee934b0-c3c3-55c0-8814-2c8354137cbe,204326_0,1273417,noaa_narrative,NOAA StormEvents EVENT_ID 1273417,,2025-08-10,2025-08-10,day,"Dubuque County, IA",,42.39,-90.88,event_point,19061,7060006,river_overbank,,,0,A,flash,2,Whitewater creek completely out of its banks  at Timberline golf course.,
0ed56fc8-2c90-551a-a6e0-db262859f6eb,206490_0,1288856,noaa_narrative,NOAA StormEvents EVENT_ID 1288856,,2025-08-10,2025-08-10,day,"Clayton County, IA",,42.83,-91.11,event_point,19043,7060003,road_closed,,,2,A,flash,1,The public reported a local county road was washed out from flash flooding of Buck Creek roughly 1 mile north of Guttenberg.,
a37d34d7-1bc8-53e0-8313-848ccc4929f1,206490_0,1288856,noaa_narrative,NOAA StormEvents EVENT_ID 1288856,,2025-08-10,2025-08-10,day,"Clayton County, IA",,42.83,-91.11,event_point,19043,7060003,road_flooded,,,1,A,flash,1,The public reported a local county road was washed out from flash flooding of Buck Creek roughly 1 mile north of Guttenberg.,
dcfba611-ee9c-5967-bbae-db37016fece2,204583_0,1275211,noaa_narrative,NOAA StormEvents EVENT_ID 1275211,,2025-08-15,2025-08-15,day,"Benton County, IA",,42.17,-92.02,event_point,19011,7080205,home_flooded,,,2,A,flash,1,Video from news reports shows significant standing water near homes.,
f87354c4-cfc9-5280-8181-625b5a5efbcf,206579_0,1289336,noaa_narrative,NOAA StormEvents EVENT_ID 1289336,,2025-08-18,2025-08-18,day,"Winneshiek County, IA",,43.28,-91.77,event_point,19191,7060002,road_flooded,,,1,A,flash,1,Law enforcement reported water over Trout Run road roughly 1 mile west of Decorah.,
a94351b8-559a-5a01-8bf2-ae094f8f2a2e,206579_0,1289337,noaa_narrative,NOAA StormEvents EVENT_ID 1289337,,2025-08-18,2025-08-18,day,"Chickasaw County, IA",165th St; Kenwood Ave,43.12,-92.34,event_point,19037,7080102,road_flooded,,,1,A,flash,1,A trained spotter reported water flowing over the road at the intersection of 165th St and Kenwood Ave near Devon Woods.,
bbc9ee54-1421-58b8-841c-90a78bd2b063,206579_0,1289338,noaa_narrative,NOAA StormEvents EVENT_ID 1289338,,2025-08-18,2025-08-18,day,"Chickasaw County, IA",,43.12,-92.36,event_point,19037,7080102,road_flooded,,,1,A,flash,1,The public reported water over gravel road 165th street.,
e6f26d61-3641-5fb1-b87a-a92ae80b7a7b,206579_0,1289339,noaa_narrative,NOAA StormEvents EVENT_ID 1289339,,2025-08-18,2025-08-18,day,"Winneshiek County, IA",,43.18,-91.86,event_point,19191,7060002,home_flooded,,,2,A,flash,1,Emergency management reported basements flooded in Calmar.,
5dccd1a2-1c5c-5b40-945b-6db9822d8102,206584_0,1289452,noaa_narrative,NOAA StormEvents EVENT_ID 1289452,,2025-08-18,2025-08-19,day,"Chickasaw County, IA",,43.0335,-92.5045,event_point,19037,7080201,river_overbank,,,0,A,river,1,The site crested at 12.06 ft in minor flood stage during the evening on August 18th before falling below flood stage during the early morning hours on August 19th.,
c437fd8d-dde1-5a16-af82-6aade70c5bae,206584_0,1289453,noaa_narrative,NOAA StormEvents EVENT_ID 1289453,,2025-08-18,2025-08-19,day,"Chickasaw County, IA",,42.9511,-92.5268,event_point,19037,7080201,river_overbank,,,0,A,river,1,The site crested at 956.33 ft in minor flood stage during the early morning hours on August 19th before falling below flood stage during the afternoon that same day.,
16d9dc03-58c7-5e47-ba3d-2e9fbd70344b,206584_0,1289454,noaa_narrative,NOAA StormEvents EVENT_ID 1289454,,2025-08-18,2025-08-20,day,"Fayette County, IA",,43.0422,-91.8211,event_point,19065,7060004,river_overbank,,,0,A,river,1,The site crested at 15.67 ft in moderate flood stage during the evening hours on August 19th before falling below flood stage during the early evening hours on August 20th.,
e4e98395-ad5c-5e2a-b1d6-7be65d00600b,206584_0,1289456,noaa_narrative,NOAA StormEvents EVENT_ID 1289456,,2025-08-18,2025-08-20,day,"Winneshiek County, IA",,43.2095,-91.957,event_point,19191,7060004,river_overbank,,,0,A,river,1,The site crested at 11.23 ft in moderate flood stage during the early afternoon on August 18th before falling below flood stage during the early morning hours on August 20th.,
7c574f30-8d2e-5293-8b83-f01b2ffc6baf,206584_0,1289459,noaa_narrative,NOAA StormEvents EVENT_ID 1289459,,2025-08-19,2025-08-21,day,"Clayton County, IA",,42.845,-91.4043,event_point,19043,7060004,river_overbank,,,0,A,river,1,The site crested at 13.33 ft in minor flood stage during the late morning on August 20th before falling below flood stage just after midnight on August 21st.,
f854c19d-c777-59f0-80bc-100dd9105e19,206584_0,1289461,noaa_narrative,NOAA StormEvents EVENT_ID 1289461,,2025-08-19,2025-08-21,day,"Allamakee County, IA",,43.422,-91.5073,event_point,19005,7060002,river_overbank,,,0,A,river,1,The site crested at 16.89 ft in minor flood stage during the evening on August 18th before falling below flood stage during the evening on August 19th.,
79379893-d1d1-5efc-9814-297ad21b9424,206584_0,1289474,noaa_narrative,NOAA StormEvents EVENT_ID 1289474,,2025-08-19,2025-08-20,day,"Floyd County, IA",,43.0691,-92.6844,event_point,19067,7080201,river_overbank,,,0,A,river,1,The site crested at 13.48 ft in minor flood stage just after midnight on August 20th before falling below flood stage during the late afternoon on August 20th.,
ac54dda1-285d-5459-a63b-b1e00f33a773,208321_0,1297982,noaa_narrative,NOAA StormEvents EVENT_ID 1297982,,2025-09-16,2025-09-16,day,"Webster County, IA",,42.51,-94.18,event_point,19187,7100004,road_flooded,,,1,A,flash,1,EM reports several intersections flooded in Ft Dodge with with stalled vehicles and water up to the bottom of doors.,
