impact_id,episode_id,event_id,source_dataset,source_type,source_ref,pub_date,start_date,end_date,date_precision,location_name,location_raw,lat,lon,geom_type,admin_fips,huc8,impact_type,quantity,quantity_unit,severity,confidence,flood_type,mention_count,text_span,notes,episode_begin,episode_end,episode_counties
0a0d23e9-1826-5099-83d8-867dc6f48497,157601_0,953640.0,noaa,noaa_narrative,NOAA StormEvents EVENT_ID 953640,,2021-05-27,2021-05-28,day,"Van Buren County, IA",,40.7692,-91.7266,event_point,19177,7100009.0,road_closed,,,2,A,river,1,Heavy rain resulted in several secondary county roads closed overnight.,,2021-05-27,2021-05-28,Van Buren
4e415467-c03b-509b-b242-08a6fbf07e5b,158463_0,964113.0,noaa,noaa_narrative,NOAA StormEvents EVENT_ID 964113,,2021-06-24,2021-06-25,day,"Van Buren County, IA",,40.73,-91.97,event_point,19177,7100009.0,infrastructure,,,2,A,flash,1,Reports of roads and culverts washed out throughout the county.,,2021-06-24,2021-06-25,Jefferson; Van Buren
362220bb-4229-53db-94f3-6cbb63029762,158463_0,964113.0,noaa,noaa_narrative,NOAA StormEvents EVENT_ID 964113,,2021-06-24,2021-06-25,day,"Van Buren County, IA",,40.73,-91.97,event_point,19177,7100009.0,road_closed,,,2,A,flash,1,Reports of roads and culverts washed out throughout the county.,,2021-06-24,2021-06-25,Jefferson; Van Buren
82553adb-63bb-599c-a7fc-0b6d44d6dfa4,158463_0,964108.0,noaa,noaa_narrative,NOAA StormEvents EVENT_ID 964108,,2021-06-24,2021-06-24,day,"Jefferson County, IA",Clearwood Avenue; Dewberry Avenue,40.9209,-92.1296,event_point,19101,7100009.0,road_flooded,,,1,A,flash,1,Sheriff office received a report of water over 265th street between Clearwood Avenue and Dewberry Avenue at 855 pm.,,2021-06-24,2021-06-25,Jefferson; Van Buren
21d2ab8e-8c9b-599d-b902-218d6a16681e,158463_0,964110.0,noaa,noaa_narrative,NOAA StormEvents EVENT_ID 964110,,2021-06-24,2021-06-24,day,"Jefferson County, IA",Douds Road,40.918,-92.0724,event_point,19101,7100009.0,road_flooded,,,1,A,flash,1,Sheriff office received report of Douds Road flooded near Lick Creek at 902 pm.,,2021-06-24,2021-06-25,Jefferson; Van Buren
538e371c-4592-585e-afb5-63b0de6562d9,158463_0,964112.0,noaa,noaa_narrative,NOAA StormEvents EVENT_ID 964112,,2021-06-24,2021-06-24,day,"Jefferson County, IA",265th Street; Grasstree Avenue,40.9271,-92.0498,event_point,19101,7100009.0,road_flooded,,,1,A,flash,1,A deputy reported water on Grasstree Avenue north of 265th Street near the bridge.,,2021-06-24,2021-06-25,Jefferson; Van Buren
14b81780-64ca-552f-a176-00d3cae77a91,159463_0,965464.0,noaa,noaa_narrative,NOAA StormEvents EVENT_ID 965464,,2021-06-24,2021-06-25,day,"Wapello County, IA",,40.932,-92.2234,event_point,19179,7100009.0,home_flooded,,,2,A,flash,1,Emergency management reported flash flooding including the flooding of the basement of Eldon City Hall and street and highway flooding in and around the town of Eldon.,,2021-06-24,2021-06-25,Lucas; Wapello
ff18e867-3b77-5411-9ebb-dcbcb16a5647,159463_0,965475.0,noaa,noaa_narrative,NOAA StormEvents EVENT_ID 965475,,2021-06-24,2021-06-25,day,"Wapello County, IA",,40.96,-92.24,event_point,19179,7080107.0,river_overbank,,,0,A,flash,1,A trained spotter relayed that multiple creeks were out of banks with and estimated 6 inch depth of water flowing across highway 16.,,2021-06-24,2021-06-25,Lucas; Wapello
764cb8b8-7c17-5288-b0c8-f71b42d49690,159463_0,965461.0,noaa,noaa_narrative,NOAA StormEvents EVENT_ID 965461,,2021-06-24,2021-06-25,day,"Lucas County, IA",482nd Street,41.01,-93.27,event_point,19117,7100008.0,road_closed,,,2,A,flash,1,Law enforcement reported that 482nd Street had water running over it and it was in the process of being closed and barricaded.,,2021-06-24,2021-06-25,Lucas; Wapello
3bc1d4ac-85a0-5675-bbd0-34b1c464c45f,159463_0,965464.0,noaa,noaa_narrative,NOAA StormEvents EVENT_ID 965464,,2021-06-24,2021-06-25,day,"Wapello County, IA",,40.932,-92.2234,event_point,19179,7100009.0,road_flooded,,,1,A,flash,1,Emergency management reported flash flooding including the flooding of the basement of Eldon City Hall and street and highway flooding in and around the town of Eldon.,,2021-06-24,2021-06-25,Lucas; Wapello
4bcc2988-3eff-571f-92a8-7339f79bdfa0,159463_0,965475.0,noaa,noaa_narrative,NOAA StormEvents EVENT_ID 965475,,2021-06-24,2021-06-25,day,"Wapello County, IA",,40.96,-92.24,event_point,19179,7080107.0,road_flooded,,,1,A,flash,1,A trained spotter relayed that multiple creeks were out of banks with and estimated 6 inch depth of water flowing across highway 16.,,2021-06-24,2021-06-25,Lucas; Wapello
a32c8e09-5db4-5918-9178-38d04df2189c,159795_0,965919.0,noaa,noaa_narrative,NOAA StormEvents EVENT_ID 965919,,2021-06-29,2021-06-29,day,"Allamakee County, IA",,43.16,-91.19,event_point,19005,7060001.0,evacuation,,,3,A,flash,1,Damage to these roads prompted officials to evacuate the campgrounds until safety inspections could be made.,,2021-06-29,2021-06-29,Allamakee
66551b41-e597-5817-bc39-f1c21590356e,159795_0,965919.0,noaa,noaa_narrative,NOAA StormEvents EVENT_ID 965919,,2021-06-29,2021-06-29,day,"Allamakee County, IA",,43.16,-91.19,event_point,19005,7060001.0,river_overbank,,,0,A,flash,1,The Yellow River was pushed out of its banks with water going over several roads in the Yellow River State Forest.,,2021-06-29,2021-06-29,Allamakee
2c2beb01-4830-5425-8e3e-cae29c61b324,159795_0,965919.0,noaa,noaa_narrative,NOAA StormEvents EVENT_ID 965919,,2021-06-29,2021-06-29,day,"Allamakee County, IA",,43.16,-91.19,event_point,19005,7060001.0,road_flooded,,,1,A,flash,1,The Yellow River was pushed out of its banks with water going over several roads in the Yellow River State Forest.,,2021-06-29,2021-06-29,Allamakee
c998a395-1c99-52ae-849d-26cfa40dc1ec,161012_0,972505.0,noaa,noaa_narrative,NOAA StormEvents EVENT_ID 972505,,2021-07-11,2021-07-11,day,"Van Buren County, IA",,40.69,-91.8,event_point,19177,7100009.0,road_flooded,,,1,A,flash,2,The Emergency Manager reports water flowing over a gravel road from nearby fields.,,2021-07-11,2021-07-11,Van Buren
45de3f8a-5d9b-5f01-bc7f-360cc0e91c92,160825_0,971423.0,noaa,noaa_narrative,NOAA StormEvents EVENT_ID 971423,,2021-07-14,2021-07-15,day,"Story County, IA",,41.91,-93.44,event_point,19169,7080105.0,road_flooded,,,1,A,flash,1,Report of water over the road at 305th and 630th with 3 to 4 inches of rainfall in the area.,,2021-07-14,2021-07-15,Story
3c042d5a-10f6-5380-9b2a-7646a82965e1,160825_0,971425.0,noaa,noaa_narrative,NOAA StormEvents EVENT_ID 971425,,2021-07-14,2021-07-15,day,"Story County, IA",2nd Street,41.8891,-93.3947,event_point,19169,7080105.0,road_flooded,,,1,A,flash,1,Trained spotter reports water over the intersection of Woodlawn and 2nd Street at least 6 inches deep.,,2021-07-14,2021-07-15,Story
f33e5788-db16-52f4-859c-5a15ad63992e,162792_0,983077.0,noaa,noaa_narrative,NOAA StormEvents EVENT_ID 983077,,2021-08-07,2021-08-07,day,"Pottawattamie County, IA",,41.26,-95.9,event_point,19155,10230006.0,home_flooded,,,2,A,flash,1,Public reported flooded basements.,,2021-08-07,2021-08-07,Pottawattamie
7cf1ae2a-7cc7-5f3b-a351-ce6ade029540,162792_0,983070.0,noaa,noaa_narrative,NOAA StormEvents EVENT_ID 983070,,2021-08-07,2021-08-07,day,"Pottawattamie County, IA",,41.2386,-95.8497,event_point,19155,10230006.0,road_closed,,,2,A,flash,1,Public report from mping of street/road flooding; street/road closed; vehicles stranded.,,2021-08-07,2021-08-07,Pottawattamie
ae7f5ca1-5b0a-5b3a-838a-46a03746804d,162792_0,983070.0,noaa,noaa_narrative,NOAA StormEvents EVENT_ID 983070,,2021-08-07,2021-08-07,day,"Pottawattamie County, IA",,41.2386,-95.8497,event_point,19155,10230006.0,road_flooded,,,1,A,flash,1,Public report from mping of street/road flooding; street/road closed; vehicles stranded.,,2021-08-07,2021-08-07,Pottawattamie
02dd4838-d90a-5ecd-b425-cd2fa322845f,162792_0,983074.0,noaa,noaa_narrative,NOAA StormEvents EVENT_ID 983074,,2021-08-07,2021-08-07,day,"Pottawattamie County, IA",,41.27,-95.88,event_point,19155,10230006.0,road_flooded,,,1,A,flash,1,Trained spotter reported 2-4 feet of water over roads.,,2021-08-07,2021-08-07,Pottawattamie
2b80e36e-c61d-5ab0-b30d-d636ac3a6cef,162792_0,,news,agency_web,https://www.weather.gov/oax/OldMarketFlood2021,,2021-08-07,2021-08-07,day,"Council Bluffs, Pottawattamie County, IA",1 NW Council Bluffs / 2 NNW Council Bluffs,41.23599,-95.85316,place_centroid,19155,,road_flooded,,,2,A,flash,1,Several flooded roads in the city. A couple of cars have been stranded.,"NWS local storm reports at 10:14 pm Aug 7, 2021; companion report same time/place: 2-4 feet of water over roads. Metro received 3-5 inches of rain. Cars stranded in floodwater.",2021-08-07,2021-08-07,Pottawattamie
f5a06073-aee4-5ace-aab2-3b988eb2c035,162145_0,978973.0,noaa,noaa_narrative,NOAA StormEvents EVENT_ID 978973,,2021-08-08,2021-08-09,day,"Floyd County, IA",,43.0742,-92.6827,event_point,19067,7080201.0,road_closed,,,2,A,flash,1,Some of the streets were impassable.,,2021-08-08,2021-08-09,Chickasaw; Floyd
d809b7aa-659e-5eb1-8865-5bf0d32bb064,162145_0,978973.0,noaa,noaa_narrative,NOAA StormEvents EVENT_ID 978973,,2021-08-08,2021-08-09,day,"Floyd County, IA",,43.0742,-92.6827,event_point,19067,7080201.0,road_flooded,,,1,A,flash,1,Runoff from heavy rains causes several streets in Charles City to become flooded.,,2021-08-08,2021-08-09,Chickasaw; Floyd
62b23932-545e-5a3d-8546-69ddd567eefd,162145_0,978975.0,noaa,noaa_narrative,NOAA StormEvents EVENT_ID 978975,,2021-08-08,2021-08-09,day,"Chickasaw County, IA",,43.0667,-92.3074,event_point,19037,7080102.0,road_flooded,,,1,A,flash,1,Runoff from heavy rain caused street flooding to occur in New Hampton.,,2021-08-08,2021-08-09,Chickasaw; Floyd
b67bad1c-9ac0-5731-9fb2-d6f97a297522,161208_0,973376.0,noaa,noaa_narrative,NOAA StormEvents EVENT_ID 973376,,2021-08-11,2021-08-11,day,"Des Moines County, IA",Highway 61,40.83,-91.14,event_point,19057,7080104.0,road_closed,3.0,vehicles,2,A,flash,1,Emergency management reported that Highway 61 in Burlington was impassable and 3 vehicles were stranded.,,2021-08-11,2021-08-11,Des Moines
bcd98a4c-2723-5817-ab2a-7ce14ff631f6,161208_0,973375.0,noaa,noaa_narrative,NOAA StormEvents EVENT_ID 973375,,2021-08-11,2021-08-11,day,"Des Moines County, IA",West Burlington Avenue,40.83,-91.17,event_point,19057,7080104.0,road_flooded,,,1,A,flash,1,The fire department reported water deep enough that vehicles could not pass through on Mt Pleasant street and West Burlington Avenue.,,2021-08-11,2021-08-11,Des Moines
0040ab8a-ff41-53d8-bffa-cd2da120df49,162075_0,978575.0,noaa,noaa_narrative,NOAA StormEvents EVENT_ID 978575,,2021-08-12,2021-08-12,day,"Appanoose County, IA",,40.62,-92.92,event_point,19007,10280201.0,road_closed,,,2,A,flash,1,Several other roads impassable.,,2021-08-12,2021-08-12,Appanoose
346d7188-bfc2-520f-b42a-fe25f43263d0,162075_0,978575.0,noaa,noaa_narrative,NOAA StormEvents EVENT_ID 978575,,2021-08-12,2021-08-12,day,"Appanoose County, IA",,40.62,-92.92,event_point,19007,10280201.0,road_flooded,,,1,A,flash,1,"Delayed report of flooding in multiple areas, including highway 5 where 6 to 7 inches of water was over the road.",,2021-08-12,2021-08-12,Appanoose
bb15c4a0-f77a-5a21-9afa-cb71e3a2903d,161640_0,975963.0,noaa,noaa_narrative,NOAA StormEvents EVENT_ID 975963,,2021-08-25,2021-08-25,day,"Iowa County, IA",,41.5804,-92.0716,event_point,19095,7080209.0,road_flooded,,,1,A,flash,1,"Street flooded in town, with lots of standing water.",,2021-08-25,2021-08-25,Iowa
15f87c4b-17b3-5345-bdbc-ed7015fc276a,161088_0,978892.0,noaa,noaa_narrative,NOAA StormEvents EVENT_ID 978892,,2021-08-27,2021-08-28,day,"Worth County, IA",13th Street,43.4401,-93.2156,event_point,19195,7080202.0,road_flooded,,,1,A,flash,1,Water was several inches deep and completely covering 13th Street South in Northwood.,,2021-08-27,2021-08-28,Worth
a1aee78b-2cf3-5525-877f-baf286c16fcb,161088_0,978894.0,noaa,noaa_narrative,NOAA StormEvents EVENT_ID 978894,,2021-08-27,2021-08-28,day,"Worth County, IA",410th Street; Yarrow Avenue,43.36,-93.04,event_point,19195,7080201.0,road_flooded,,,1,A,flash,1,Water was several inches deep flowing over Yarrow Avenue near the intersection of 410th Street.,,2021-08-27,2021-08-28,Worth
c70b8dd2-b669-589e-949c-172d4ec553a2,161088_0,978897.0,noaa,noaa_narrative,NOAA StormEvents EVENT_ID 978897,,2021-08-27,2021-08-28,day,"Worth County, IA",,43.33,-93.07,event_point,19195,7080201.0,road_flooded,,,1,A,flash,1,Three to six inches of water flowing over road.,,2021-08-27,2021-08-28,Worth
12de31a4-687c-543e-b03d-1d39bc40192a,161088_0,978898.0,noaa,noaa_narrative,NOAA StormEvents EVENT_ID 978898,,2021-08-27,2021-08-28,day,"Worth County, IA",410th Street; Ulmus Avenue,43.35,-93.1,event_point,19195,7080202.0,road_flooded,,,1,A,flash,1,Water several inches deep flowing over the road near the intersection of Ulmus Avenue and 410th Street east of Kensett.,,2021-08-27,2021-08-28,Worth
5b0be463-e118-51ee-a5b0-13282e2b22b2,162520_0,,news,agency_web,https://www.weather.gov/arx/aug2721,,2021-08-27,2021-08-29,range,"New Hampton, Chickasaw County, IA",Fredericksburg and New Hampton area,43.05622,-92.31472,place_centroid,19037,,home_flooded,,,2,B,flash,1,Several homes were flooded.,,2021-08-27,2021-08-31,Chickasaw; Clayton; Fayette; Floyd; Mitchell; Winneshiek
ece91b5b-aac8-5e45-ac13-38b98be396f4,162520_0,981156.0,noaa,noaa_narrative,NOAA StormEvents EVENT_ID 981156,,2021-08-27,2021-08-28,day,"Mitchell County, IA",,43.45,-93.03,event_point,19131,7080201.0,infrastructure,,,2,A,flash,1,A dam on the Cedar River near Mitchell sustained damage from the flood waters.,,2021-08-27,2021-08-31,Chickasaw; Clayton; Fayette; Floyd; Mitchell; Winneshiek
8010731f-d4d7-5405-8ad4-4e9d51e947dd,162520_0,981156.0,noaa,noaa_narrative,NOAA StormEvents EVENT_ID 981156,,2021-08-27,2021-08-28,day,"Mitchell County, IA",,43.45,-93.03,event_point,19131,7080201.0,river_overbank,,,0,A,flash,1,Runoff from heavy rains pushed the Little Cedar River out of its banks.,,2021-08-27,2021-08-31,Chickasaw; Clayton; Fayette; Floyd; Mitchell; Winneshiek
fad524e2-4e12-573d-8a8d-9b55d55ccff5,162520_0,981384.0,noaa,noaa_narrative,NOAA StormEvents EVENT_ID 981384,,2021-08-27,2021-08-29,day,"Winneshiek County, IA",,43.2095,-91.957,event_point,19191,7060004.0,river_overbank,,,0,A,river,1,Runoff from heavy rains pushed the Turkey River out of its banks in Spillville.,,2021-08-27,2021-08-31,Chickasaw; Clayton; Fayette; Floyd; Mitchell; Winneshiek
c4903cae-90fd-5414-ab39-c5fe85fe7660,162520_0,981156.0,noaa,noaa_narrative,NOAA StormEvents EVENT_ID 981156,,2021-08-27,2021-08-28,day,"Mitchell County, IA",A46; T64,43.45,-93.03,event_point,19131,7080201.0,road_closed,,,2,A,flash,2,County roads A46 and T64 near New Haven had to be closed because of the flood waters.,,2021-08-27,2021-08-31,Chickasaw; Clayton; Fayette; Floyd; Mitchell; Winneshiek
37531777-3bfe-50d7-9bf6-74c84041fc65,162520_0,981571.0,noaa,noaa_narrative,NOAA StormEvents EVENT_ID 981571,,2021-08-27,2021-08-28,day,"Floyd County, IA",,43.21,-92.65,event_point,19067,7080201.0,road_closed,,,2,A,flash,1,Some gravel roads were washed out and some chickens were washed away from a farm.,,2021-08-27,2021-08-31,Chickasaw; Clayton; Fayette; Floyd; Mitchell; Winneshiek
b52e1fb7-6435-565d-b4c5-327f9c85145e,162520_0,,news,agency_web,https://www.weather.gov/arx/aug2721,,2021-08-27,2021-08-29,range,"New Hampton, Chickasaw County, IA",US Highway 18 near Fredericksburg and New Hampton,43.05622,-92.31472,place_centroid,19037,,road_closed,,,2,A,flash,1,"US Highway 18 near Fredericksburg and New Hampton, IA closed; secondary roads were also damaged.",,2021-08-27,2021-08-31,Chickasaw; Clayton; Fayette; Floyd; Mitchell; Winneshiek
b489fb68-6e92-54ac-9319-e39000ba7fde,162520_0,981156.0,noaa,noaa_narrative,NOAA StormEvents EVENT_ID 981156,,2021-08-27,2021-08-28,day,"Mitchell County, IA",A46; T64,43.45,-93.03,event_point,19131,7080201.0,road_flooded,,,1,A,flash,1,County roads A46 and T64 near New Haven had to be closed because of the flood waters.,,2021-08-27,2021-08-31,Chickasaw; Clayton; Fayette; Floyd; Mitchell; Winneshiek
e8dae206-fd9f-5f41-a84d-3a405482dbcc,162520_0,,news,agency_web,https://www.weather.gov/arx/aug2721,,2021-08-27,2021-08-29,range,"Spillville, Winneshiek County, IA",Spillville,43.20284,-91.95221,place_centroid,19191,,road_flooded,,,1,B,flash,1,"Towns with documented flooding: Fredericksburg, New Hampton, Spillville, Calmar, Postville, Greene, Marble Rock.",,2021-08-27,2021-08-31,Chickasaw; Clayton; Fayette; Floyd; Mitchell; Winneshiek
92b09afc-a8d6-5439-a456-c2811eacce31,162520_0,,news,agency_web,https://www.weather.gov/arx/aug2721,,2021-08-27,2021-08-29,range,"Marble Rock, Floyd County, IA",Marble Rock,42.96461,-92.86777,place_centroid,19067,,road_flooded,,,1,B,flash,1,"Towns with documented flooding: Fredericksburg, New Hampton, Spillville, Calmar, Postville, Greene, Marble Rock.",,2021-08-27,2021-08-31,Chickasaw; Clayton; Fayette; Floyd; Mitchell; Winneshiek
efb12e3e-fe55-5e27-b371-63b9c0cdaef9,,,news,agency_web,https://www.weather.gov/arx/aug2721,,2021-08-27,2021-08-29,range,"Postville, Allamakee County, IA",Postville,43.08416,-91.56769,place_centroid,19005,,road_flooded,,,1,B,flash,1,"Towns with documented flooding: Fredericksburg, New Hampton, Spillville, Calmar, Postville, Greene, Marble Rock.",,,,
ab14e588-62b6-5d4f-8aad-e6cfdfaaee36,161657_0,976055.0,noaa,noaa_narrative,NOAA StormEvents EVENT_ID 976055,,2021-08-28,2021-08-28,day,"Buchanan County, IA",Highway 150,42.4772,-91.9157,event_point,19019,7080102.0,road_flooded,,,1,A,flash,1,"Debris from water flood over many roads, including Highway 150.",,2021-08-28,2021-08-28,Buchanan
2443240e-63a8-590c-9602-855234f72a3c,162520_0,981308.0,noaa,noaa_narrative,NOAA StormEvents EVENT_ID 981308,,2021-08-28,2021-08-28,day,"Fayette County, IA",,43.01,-92.08,event_point,19065,7060004.0,evacuation,,,3,A,flash,1,Flood waters from the Little Turkey River caused officials to evacuate campers from Gouldsburg County Park and close roads around Waucoma.,,2021-08-27,2021-08-31,Chickasaw; Clayton; Fayette; Floyd; Mitchell; Winneshiek
35612196-d81c-567c-95ea-292608c8a7df,162520_0,981315.0,noaa,noaa_narrative,NOAA StormEvents EVENT_ID 981315,,2021-08-28,2021-08-28,day,"Chickasaw County, IA",,43.21,-92.54,event_point,19037,7080102.0,evacuation,,,3,A,river,1,A train attempting to cross the Wapsipinicon River southwest of New Hampton derailed causing officials to evacuate nearby residents when one of the tank cars leaked some anhydrous ammonia.,,2021-08-27,2021-08-31,Chickasaw; Clayton; Fayette; Floyd; Mitchell; Winneshiek
02bfa64a-ab6b-584c-a839-abdfaa76ed4b,162520_0,981316.0,noaa,noaa_narrative,NOAA StormEvents EVENT_ID 981316,,2021-08-28,2021-08-28,day,"Fayette County, IA",,43.06,-92.03,event_point,19065,7060004.0,evacuation,,,3,A,river,1,Flood waters from the Little Turkey River prompted officials to evacuate half of Waucoma.,,2021-08-27,2021-08-31,Chickasaw; Clayton; Fayette; Floyd; Mitchell; Winneshiek
9ef777a0-2edc-54a6-a475-4213675265df,162520_0,981308.0,noaa,noaa_narrative,NOAA StormEvents EVENT_ID 981308,,2021-08-28,2021-08-28,day,"Fayette County, IA",,43.01,-92.08,event_point,19065,7060004.0,river_overbank,,,0,A,flash,1,Runoff from heavy rain caused several streams to out of their banks across Fayette County.,,2021-08-27,2021-08-31,Chickasaw; Clayton; Fayette; Floyd; Mitchell; Winneshiek
94d6daa1-a4fb-54f1-ac1a-0544f30691fe,162520_0,981311.0,noaa,noaa_narrative,NOAA StormEvents EVENT_ID 981311,,2021-08-28,2021-08-28,day,"Chickasaw County, IA",,43.21,-92.54,event_point,19037,7080102.0,river_overbank,,,0,A,flash,1,Runoff from heavy rains caused numerous streams to go out of their banks across Chickasaw County.,,2021-08-27,2021-08-31,Chickasaw; Clayton; Fayette; Floyd; Mitchell; Winneshiek
a12090f1-dd03-50ee-a900-fa3cfb47b268,162520_0,981315.0,noaa,noaa_narrative,NOAA StormEvents EVENT_ID 981315,,2021-08-28,2021-08-28,day,"Chickasaw County, IA",,43.21,-92.54,event_point,19037,7080102.0,river_overbank,,,0,A,river,1,The East Fork of the Wapsipinicon River went out of its banks forcing officials to close U.S.,,2021-08-27,2021-08-31,Chickasaw; Clayton; Fayette; Floyd; Mitchell; Winneshiek
b8b6649d-f23e-5e42-9571-ff6369caf5b4,162520_0,981345.0,noaa,noaa_narrative,NOAA StormEvents EVENT_ID 981345,,2021-08-28,2021-08-30,day,"Floyd County, IA",,43.0691,-92.6844,event_point,19067,7080201.0,river_overbank,,,0,A,river,1,Runoff from heavy rains pushed the Cedar River out of its banks in Charles City.,,2021-08-27,2021-08-31,Chickasaw; Clayton; Fayette; Floyd; Mitchell; Winneshiek
6abdbf98-f16e-5bce-8327-beb5ab6300be,162520_0,981386.0,noaa,noaa_narrative,NOAA StormEvents EVENT_ID 981386,,2021-08-28,2021-08-31,day,"Clayton County, IA",,42.845,-91.4043,event_point,19043,7060004.0,river_overbank,,,0,A,river,1,Runoff from heavy rains pushed the Turkey River out of its banks in Elkader.,,2021-08-27,2021-08-31,Chickasaw; Clayton; Fayette; Floyd; Mitchell; Winneshiek
637c0364-25a7-57cb-9703-0fdbfabd00af,162520_0,981387.0,noaa,noaa_narrative,NOAA StormEvents EVENT_ID 981387,,2021-08-28,2021-08-31,day,"Clayton County, IA",,42.7386,-91.2686,event_point,19043,7060004.0,river_overbank,,,0,A,river,1,Runoff from heavy rains pushed the Turkey River out of its banks in Garber.,,2021-08-27,2021-08-31,Chickasaw; Clayton; Fayette; Floyd; Mitchell; Winneshiek
a9b9d216-74cd-54ee-93e1-3d298aefef14,162520_0,,news,agency_web,https://www.weather.gov/arx/aug2721,,2021-08-28,2021-08-31,range,"Elkader, Clayton County, IA",Turkey River,42.85739,-91.40283,place_centroid,19043,,river_overbank,,,2,B,river,1,"Area rivers flooded which led to the closure of many area highways; record flooding on Turkey River, Little Cedar River, Upper Iowa River.",,2021-08-27,2021-08-31,Chickasaw; Clayton; Fayette; Floyd; Mitchell; Winneshiek
251fd7cf-3b61-5fb9-8450-7a20440c0271,162520_0,981308.0,noaa,noaa_narrative,NOAA StormEvents EVENT_ID 981308,,2021-08-28,2021-08-28,day,"Fayette County, IA",,43.01,-92.08,event_point,19065,7060004.0,road_closed,,,2,A,flash,1,Flood waters from the Little Turkey River caused officials to evacuate campers from Gouldsburg County Park and close roads around Waucoma.,,2021-08-27,2021-08-31,Chickasaw; Clayton; Fayette; Floyd; Mitchell; Winneshiek
ec9d47a2-28b4-5d15-a3ca-3196f8789c35,162520_0,981311.0,noaa,noaa_narrative,NOAA StormEvents EVENT_ID 981311,,2021-08-28,2021-08-28,day,"Chickasaw County, IA",,43.21,-92.54,event_point,19037,7080102.0,road_closed,,,2,A,flash,1,Roads throughout the township of New Hampton were had to be closed because of flood waters.,,2021-08-27,2021-08-31,Chickasaw; Clayton; Fayette; Floyd; Mitchell; Winneshiek
47a885f8-b77e-5e0f-a8ea-60d2d5051ef8,162520_0,981315.0,noaa,noaa_narrative,NOAA StormEvents EVENT_ID 981315,,2021-08-28,2021-08-28,day,"Chickasaw County, IA",,43.21,-92.54,event_point,19037,7080102.0,road_closed,,,2,A,river,1,Numerous roads were closed across Chickasaw County because of flood waters in the Ionia area.,,2021-08-27,2021-08-31,Chickasaw; Clayton; Fayette; Floyd; Mitchell; Winneshiek
72fd4317-ce90-52e5-9deb-368e23939d7f,162520_0,981318.0,noaa,noaa_narrative,NOAA StormEvents EVENT_ID 981318,,2021-08-28,2021-08-28,day,"Mitchell County, IA",,43.2995,-92.551,event_point,19131,7080102.0,road_closed,,,2,A,river,1,A road east of New Haven had to be closed due to flood waters from Watsons Creek.,,2021-08-27,2021-08-31,Chickasaw; Clayton; Fayette; Floyd; Mitchell; Winneshiek
221bb83c-4783-5425-a122-d22c7dfe5247,162520_0,981319.0,noaa,noaa_narrative,NOAA StormEvents EVENT_ID 981319,,2021-08-28,2021-08-28,day,"Floyd County, IA",,43.13,-92.61,event_point,19067,7080201.0,road_closed,,,2,A,river,1,A road was closed south of Colwell due to flood waters from the Cedar River.,,2021-08-27,2021-08-31,Chickasaw; Clayton; Fayette; Floyd; Mitchell; Winneshiek
caabe251-4bb0-548c-92cb-5ab45c828f74,162520_0,981320.0,noaa,noaa_narrative,NOAA StormEvents EVENT_ID 981320,,2021-08-28,2021-08-28,day,"Winneshiek County, IA",,43.24,-91.99,event_point,19191,7060002.0,road_closed,,,2,A,river,1,Roads were closed in the vicinity of Spillville and Ridgeway due to flood waters from the Turkey River and Walnut Creek.,,2021-08-27,2021-08-31,Chickasaw; Clayton; Fayette; Floyd; Mitchell; Winneshiek
b9939348-0bc1-5b7b-a027-7cbe3b0fc7a6,162520_0,981315.0,noaa,noaa_narrative,NOAA StormEvents EVENT_ID 981315,,2021-08-28,2021-08-28,day,"Chickasaw County, IA",,43.21,-92.54,event_point,19037,7080102.0,road_flooded,,,1,A,river,1,Numerous roads were closed across Chickasaw County because of flood waters in the Ionia area.,,2021-08-27,2021-08-31,Chickasaw; Clayton; Fayette; Floyd; Mitchell; Winneshiek
23316ddb-fd43-5ec6-8ea3-7934ed3969cf,162520_0,981318.0,noaa,noaa_narrative,NOAA StormEvents EVENT_ID 981318,,2021-08-28,2021-08-28,day,"Mitchell County, IA",,43.2995,-92.551,event_point,19131,7080102.0,road_flooded,,,1,A,river,1,A road east of New Haven had to be closed due to flood waters from Watsons Creek.,,2021-08-27,2021-08-31,Chickasaw; Clayton; Fayette; Floyd; Mitchell; Winneshiek
5d79a29d-8dd6-583c-afae-2e3a647b21a7,162520_0,981319.0,noaa,noaa_narrative,NOAA StormEvents EVENT_ID 981319,,2021-08-28,2021-08-28,day,"Floyd County, IA",,43.13,-92.61,event_point,19067,7080201.0,road_flooded,,,1,A,river,1,A road was closed south of Colwell due to flood waters from the Cedar River.,,2021-08-27,2021-08-31,Chickasaw; Clayton; Fayette; Floyd; Mitchell; Winneshiek
884e9037-a435-57d9-86fe-879fa9611bf9,162234_0,982176.0,noaa,noaa_narrative,NOAA StormEvents EVENT_ID 982176,,2021-08-30,2021-08-31,day,"Black Hawk County, IA",,42.56,-92.38,event_point,19013,7080205.0,river_overbank,,,0,A,river,1,"River entered flood state at 1230pm LST on the 30th of August, crested at 91.43 ft on 215am LST on August 31st, and fell below flood stage on 815am LST on September 1st.",,2021-08-30,2021-08-31,Black Hawk
826706d2-3291-5cbd-92f3-f5fc9d738fc2,162234_0,982184.0,noaa,noaa_narrative,NOAA StormEvents EVENT_ID 982184,,2021-08-30,2021-08-31,day,"Black Hawk County, IA",,42.69,-92.3,event_point,19013,7080201.0,river_overbank,,,0,A,river,1,"Site entered flood state at 1230am LST on August 30th, crested at 15.11 ft at 845am LST on August 31st, and fell below flood stage at 1115am on August 31st.",,2021-08-30,2021-08-31,Black Hawk
f4482134-e265-56d5-aa5c-4e187a632d39,167941_0,1023649.0,noaa,noaa_narrative,NOAA StormEvents EVENT_ID 1023649,,2022-04-13,2022-04-13,day,"Cerro Gordo County, IA",,43.29,-93.28,event_point,19033,7080203.0,river_overbank,,,0,A,river,1,"River entered flood state at 515am LST on the 13th of April, crested at 10.91 ft at 745am LST on April 13th, and fell below flood stage at 645pm LST on April 13th.",,2022-04-13,2022-04-13,Cerro Gordo
9a814436-85c3-502b-b3c4-4414ea2220d1,169081_0,1024184.0,noaa,noaa_narrative,NOAA StormEvents EVENT_ID 1024184,,2022-04-22,2022-04-22,day,"Guthrie County, IA",,41.85,-94.31,event_point,19077,7100006.0,road_closed,,,2,A,flash,1,Several streets closed in Jamaica and Bagley due to surface flooding.,,2022-04-22,2022-04-22,Dallas; Guthrie; Marshall; Polk; Story
ef08060a-464b-58c3-870b-48dc273eca05,169081_0,1024184.0,noaa,noaa_narrative,NOAA StormEvents EVENT_ID 1024184,,2022-04-22,2022-04-22,day,"Guthrie County, IA",,41.85,-94.31,event_point,19077,7100006.0,road_flooded,,,1,A,flash,1,Several streets closed in Jamaica and Bagley due to surface flooding.,,2022-04-22,2022-04-22,Dallas; Guthrie; Marshall; Polk; Story
07d3c6f9-95e9-58d7-bb40-99dbe87fc5b8,169081_0,1024188.0,noaa,noaa_narrative,NOAA StormEvents EVENT_ID 1024188,,2022-04-22,2022-04-22,day,"Polk County, IA",,41.73,-93.62,event_point,19153,7100004.0,road_flooded,,,1,A,flash,1,Minor street flash flooding relayed through trained spotter.,,2022-04-22,2022-04-22,Dallas; Guthrie; Marshall; Polk; Story
bf6111c4-0488-5d25-a18a-6853d498f9b7,169081_0,1024192.0,noaa,noaa_narrative,NOAA StormEvents EVENT_ID 1024192,,2022-04-22,2022-04-22,day,"Dallas County, IA",,41.8456,-94.0194,event_point,19049,7100004.0,road_flooded,,,1,A,flash,1,Emergency manager relayed a report from a trained spotter of localized street flooding in Woodward and Bouton with possible power outages.,,2022-04-22,2022-04-22,Dallas; Guthrie; Marshall; Polk; Story
f3320e38-f96c-5fb5-916b-f8a6a7acc93f,169081_0,1024196.0,noaa,noaa_narrative,NOAA StormEvents EVENT_ID 1024196,,2022-04-22,2022-04-22,day,"Marshall County, IA",,42.0101,-92.9138,event_point,19127,7080208.0,road_flooded,,,1,A,flash,1,Standing water of unknown depth reported by local media on South 2nd street north of old highway 30.,,2022-04-22,2022-04-22,Dallas; Guthrie; Marshall; Polk; Story
4cc24e12-521a-56dd-a317-9c1263d47cf4,169081_0,1024197.0,noaa,noaa_narrative,NOAA StormEvents EVENT_ID 1024197,,2022-04-22,2022-04-22,day,"Story County, IA",510th Ave,41.87,-93.68,event_point,19169,7100008.0,road_flooded,,,1,A,flash,1,Water from Four Mile Creek over the road along 510th Ave south of Slater.,,2022-04-22,2022-04-22,Dallas; Guthrie; Marshall; Polk; Story
bf10610e-4204-5c6b-b4c4-c55d03211b4f,169081_0,,news,local_news,https://www.weareiowa.com/article/weather/central-iowa-rain-totals-flash-food-warnings/524-01603fcc-612f-4bca-9e03-c8106b5f7a80,,2022-04-22,2022-04-22,day,"Huxley, Story County, IA",Huxley's standing water,41.89655,-93.59199,place_centroid,19169,,road_flooded,,,1,C,flash,1,One Local 5 viewer even spotted a stalled-out truck in Huxley's standing water.,Stalled truck in standing water early Friday morning; Huxley recorded 3.50 in. of rain. Article undated; date anchored by content match (Friday + episode rain totals + targeted April 22 2022 search); confidence downgraded to C for the missing publication date.,2022-04-22,2022-04-22,Dallas; Guthrie; Marshall; Polk; Story
5a631364-3360-57e9-ae34-bf4426b6db29,169081_0,,news,local_news,https://www.weareiowa.com/article/weather/central-iowa-rain-totals-flash-food-warnings/524-01603fcc-612f-4bca-9e03-c8106b5f7a80,,2022-04-22,2022-04-22,day,"Polk County, IA","fields, streets and neighborhoods",41.55705,-93.47438,county_centroid,19153,,road_flooded,,,1,C,flash,1,"The heavy rainfall caused flooding in fields, streets and neighborhoods.","General central-Iowa statement; article dateline Des Moines with headline towns Ankeny/Des Moines/West Des Moines (Polk Co.); flash flood warnings spanned Boone, Dallas, Marshall, Polk, Story counties. County assignment inferred; article undated.",2022-04-22,2022-04-22,Dallas; Guthrie; Marshall; Polk; Story
1f281e49-dc87-57ce-b7bf-8d4becf1b771,168731_0,1021834.0,noaa,noaa_narrative,NOAA StormEvents EVENT_ID 1021834,,2022-05-26,2022-05-27,day,"Des Moines County, IA",,40.8846,-91.348,event_point,19057,7080107.0,home_flooded,,,2,A,flash,1,"Water flowing into homes, apartments, and the school.",,2022-05-26,2022-05-27,Des Moines; Jones
12dfb5bb-d08f-5d5b-8c9e-370edb31c289,168731_0,1021833.0,noaa,noaa_narrative,NOAA StormEvents EVENT_ID 1021833,,2022-05-26,2022-05-26,day,"Jones County, IA",,42.1743,-91.1212,event_point,19105,7060006.0,road_closed,,,2,A,flash,2,Emergency Manager reported several gravel roads washed out in the Scotch Grove and Central Park areas.,,2022-05-26,2022-05-27,Des Moines; Jones
af375843-cbe9-5f42-b397-799e4619d262,168731_0,1021834.0,noaa,noaa_narrative,NOAA StormEvents EVENT_ID 1021834,,2022-05-26,2022-05-27,day,"Des Moines County, IA",Main Street,40.8846,-91.348,event_point,19057,7080107.0,road_closed,,,2,A,flash,1,2 feet of standing water on Main Street and several gravel roads washed out west of Danville.,,2022-05-26,2022-05-27,Des Moines; Jones
a04b419b-5e2a-5499-aa86-ef343681bc53,168731_0,1021833.0,noaa,noaa_narrative,NOAA StormEvents EVENT_ID 1021833,,2022-05-26,2022-05-26,day,"Jones County, IA",,42.1743,-91.1212,event_point,19105,7060006.0,road_flooded,,,1,A,flash,1,"Additionally, water from Mineral Creek was over the roads.",,2022-05-26,2022-05-27,Des Moines; Jones
9ec6ab0a-0daf-54c7-875d-5a2e28a08c93,168731_0,1021834.0,noaa,noaa_narrative,NOAA StormEvents EVENT_ID 1021834,,2022-05-26,2022-05-27,day,"Des Moines County, IA",Main Street,40.8846,-91.348,event_point,19057,7080107.0,road_flooded,,,1,A,flash,2,Water flowing over highway in Danville.,,2022-05-26,2022-05-27,Des Moines; Jones
9d7c4ea7-4ec8-56d0-8b85-32fb90c0dfd7,171800_0,1042879.0,noaa,noaa_narrative,NOAA StormEvents EVENT_ID 1042879,,2022-06-15,2022-06-15,day,"Story County, IA",,42.01,-93.62,event_point,19169,7080105.0,river_overbank,,,0,A,river,1,"The South Skunk River in Ames at US 30 went into flood stage, 21.5 feet, at 10am CST on June 15th, crested at 22.1 feet at 2:15 pm CST, and receded below flood stage at 9pm CST June 15th.",,2022-06-15,2022-06-15,Story
2da05d92-0311-5ada-bf1c-5255a859a157,169884_0,1029398.0,noaa,noaa_narrative,NOAA StormEvents EVENT_ID 1029398,,2022-06-25,2022-06-25,day,"Buchanan County, IA",Highway 150,42.36,-91.89,event_point,19019,7080205.0,road_closed,,,2,A,flash,1,"Torrential rainfall resulted in run off water over Highway 150, which was impassable in several spots.",,2022-06-25,2022-06-25,Buchanan; Johnson
8c8d83f2-c790-5795-a8f3-c01ce43020bc,169884_0,1029398.0,noaa,noaa_narrative,NOAA StormEvents EVENT_ID 1029398,,2022-06-25,2022-06-25,day,"Buchanan County, IA",Highway 150,42.36,-91.89,event_point,19019,7080205.0,road_flooded,,,1,A,flash,1,"Torrential rainfall resulted in run off water over Highway 150, which was impassable in several spots.",,2022-06-25,2022-06-25,Buchanan; Johnson
467e6698-cbc8-5a4d-937e-5e5980c05fae,170975_0,1037758.0,noaa,noaa_narrative,NOAA StormEvents EVENT_ID 1037758,,2022-06-25,2022-06-25,day,"O'Brien County, IA",440th Street,43.0123,-95.7317,event_point,19141,10230003.0,road_flooded,,,1,A,flash,1,Rainfall of 2.1 inches in a little over an hour resulted in water flowing over 440th Street.,,2022-06-25,2022-06-25,O'Brien
787d5232-085a-56d4-b805-6be72cdf7940,172671_0,1048246.0,noaa,noaa_narrative,NOAA StormEvents EVENT_ID 1048246,,2022-07-07,2022-07-07,day,"Woodbury County, IA",,42.5105,-96.4404,event_point,19193,10230001.0,road_flooded,,,1,A,flash,1,Several other low-lying roads were covered by water.,,2022-07-07,2022-07-07,Woodbury
a7f50d4b-99fc-59d2-916f-bc31635b977f,172468_0,1046837.0,noaa,noaa_narrative,NOAA StormEvents EVENT_ID 1046837,,2022-07-08,2022-07-08,day,"Johnson County, IA",,41.72,-91.46,event_point,19103,7080209.0,river_overbank,,,0,A,flash,1,"Rapid Creek at Wilson's Orchard came out of its banks, overspreading an area the size of a football field with 2 to 3 feet of fast flowing water.",,2022-07-08,2022-07-08,Johnson; Muscatine
1e3e1fe8-717c-59e9-8cd1-8f900b62642b,172639_0,1047998.0,noaa,noaa_narrative,NOAA StormEvents EVENT_ID 1047998,,2022-07-09,2022-07-13,day,"Dickinson County, IA",170th Avenue; Highway 9,43.501,-95.2208,event_point,19059,10230003.0,road_flooded,,,1,A,river,1,"A significant amount of rural land was flooded, and water encroached on 170th Avenue north of Iowa Highway 9.",,2022-07-08,2022-07-15,Clay; Dickinson
6eb64d7f-3cb5-5eef-bae3-1b452f323f68,172782_0,1050212.0,noaa,noaa_narrative,NOAA StormEvents EVENT_ID 1050212,,2022-07-24,2022-07-24,day,"Allamakee County, IA",,43.422,-91.5073,event_point,19005,7060002.0,river_overbank,,,0,A,river,1,Runoff from heavy rains pushed the Upper Iowa River out of its banks near Dorchester twice on July 24th.,,2022-07-24,2022-07-24,Allamakee
1f842368-3a3d-5c5e-9020-cab475bf27bb,173503_0,1053225.0,noaa,noaa_narrative,NOAA StormEvents EVENT_ID 1053225,,2022-08-19,2022-08-19,day,"Polk County, IA",,41.62,-93.58,event_point,19153,7100008.0,rescue,,,2,A,flash,1,Water rescue in progress at time of report.,,2022-08-19,2022-08-19,Polk
9ce9b8ee-a33b-5947-8bda-827582f634e5,174446_0,1057567.0,noaa,noaa_narrative,NOAA StormEvents EVENT_ID 1057567,,2022-09-03,2022-09-03,day,"Des Moines County, IA",West Ave,40.8002,-91.1195,event_point,19057,7080104.0,road_flooded,,,1,A,flash,1,Emergency management reported flash flooding with deep stationary water on roads near West Ave.,,2022-09-03,2022-09-03,Des Moines
71d7b78b-7961-5754-a7e8-f246db04d7df,177752_0,1081129.0,noaa,noaa_narrative,NOAA StormEvents EVENT_ID 1081129,,2023-02-27,2023-02-28,day,"Cerro Gordo County, IA",,43.29,-93.28,event_point,19033,7080203.0,river_overbank,,,0,A,river,1,"River entered flood state at 430am LST on the 27th of February, crested at 11.24 ft at 630am LST on February 27th, and fell below flood stage at 430am LST on February 28th.",,2023-02-27,2023-02-28,Cerro Gordo
e3d151d4-225e-55f7-903c-6fc26871bc14,178186_0,1083894.0,noaa,noaa_narrative,NOAA StormEvents EVENT_ID 1083894,,2023-02-27,2023-02-28,day,"Clayton County, IA",,42.845,-91.4043,event_point,19043,7060004.0,river_overbank,,,0,A,river,1,Runoff from the combination of rainfall and melting snow pushed the Turkey River out of its banks in Elkader.,,2023-02-27,2023-02-28,Clayton; Fayette
a7002549-eabd-5a2a-b8c0-d8cab847c197,178186_0,1083896.0,noaa,noaa_narrative,NOAA StormEvents EVENT_ID 1083896,,2023-02-27,2023-02-28,day,"Clayton County, IA",,42.7386,-91.2686,event_point,19043,7060004.0,river_overbank,,,0,A,river,1,Runoff from the combination of rainfall and melting snow pushed the Turkey River out of its banks in Garber.,,2023-02-27,2023-02-28,Clayton; Fayette
a730e0cb-2f78-5894-b9fc-959f102519a1,178186_0,1083898.0,noaa,noaa_narrative,NOAA StormEvents EVENT_ID 1083898,,2023-02-27,2023-02-27,day,"Fayette County, IA",,43.0422,-91.8211,event_point,19065,7060004.0,river_overbank,,,0,A,river,1,Runoff from the combination of rainfall and snow melt pushed the Turkey River out of its banks in Eldorado.,,2023-02-27,2023-02-28,Clayton; Fayette
1fa19777-f974-5e10-acc7-cc4527f77d51,178186_0,1083901.0,noaa,noaa_narrative,NOAA StormEvents EVENT_ID 1083901,,2023-02-27,2023-02-27,day,"Clayton County, IA",,42.7517,-91.3814,event_point,19043,7060004.0,river_overbank,,,0,A,river,1,Runoff from the combination of rainfall and snow melt pushed the Volga River out of its banks in Littleport.,,2023-02-27,2023-02-28,Clayton; Fayette
bb7e4012-e831-511f-a8cf-9a08dea92fa0,178186_0,,news,agency_web,https://www.weather.gov/arx/2023_springflood,,2023-02-27,2023-02-28,range,"Clayton County, IA",parts of NE Iowa along the Turkey River,42.82474,-91.12226,county_centroid,19043,,river_overbank,,,0,C,river,1,These systems added to the anomalously large snowpack to the north and their rains brought minor flooding across parts of NE Iowa along the Turkey River.,NWS La Crosse 2023 Spring Flood Update (first noted in March 9 outlook) attributing minor Turkey River flooding to late-February rain systems; dates set to episode window. Turkey River reach also crosses Fayette Co. (Eldorado); Clayton Co. (Elkader/Garber) chosen as principal flood reach - county partly inferred.,2023-02-27,2023-02-28,Clayton; Fayette
9c389c2b-4202-5771-b9f0-6920774455e5,178934_0,1089222.0,noaa,noaa_narrative,NOAA StormEvents EVENT_ID 1089222,,2023-04-14,2023-04-14,day,"Pottawattamie County, IA",33rd Street; 3rd Avenue,41.259,-95.8974,event_point,19155,10230006.0,road_flooded,,,1,A,flash,1,Emergency manager reported water over the intersection of 33rd Street and 3rd Avenue.,,2023-04-14,2023-04-14,Pottawattamie
6382197d-7a25-5588-8e52-1fa9ebe1a593,179266_0,,news,local_news,https://stormlakeradio.com/local-news/flood-warning-issued-for-little-sioux-river-at-linn-grove/,,2023-04-15,2023-04-15,day,"Sioux Rapids, Buena Vista County, IA",The city park in Sioux Rapids,42.89167,-95.14854,place_centroid,19021,,other,,,1,C,river,1,The city park in Sioux Rapids is currently flooded.,City park flooded by rising Little Sioux River. Article undated; Saturday publication inferred as 2023-04-15 because below flood stage Tuesday morning matches episode end 2023-04-18 (a Tuesday) and 18.4-ft stage fits the April 2023 snowmelt rise. Single uncorroborated source.,2023-04-10,2023-04-18,Buena Vista; Lyon; Plymouth; Sioux
1adad9ef-43d2-548f-9780-066763e73fba,179266_0,,news,local_news,https://stormlakeradio.com/local-news/flood-warning-issued-for-little-sioux-river-at-linn-grove/,,2023-04-15,2023-04-15,day,"Linn Grove, Buena Vista County, IA",Little Sioux River at Linn Grove,42.89389,-95.24365,place_centroid,19021,,river_overbank,,,0,C,river,1,"According to the National Weather Service, minor flooding is occurring and minor flooding is forecast.",Stage 18.4 ft at 8 am Saturday vs 18-ft flood stage at Linn Grove. Same date inference as companion record; single uncorroborated source.,2023-04-10,2023-04-18,Buena Vista; Lyon; Plymouth; Sioux
53afbe68-4712-5164-82d7-a7e52ad7cf45,178844_0,1088625.0,noaa,noaa_narrative,NOAA StormEvents EVENT_ID 1088625,,2023-04-16,2023-04-30,day,"Clayton County, IA",,43.0296,-91.1737,event_point,19043,7060001.0,evacuation,,,3,A,river,1,"In both towns, people were evacuated from their homes due to rising flood waters.",,2023-04-16,2023-04-30,Clayton
4e786ec3-b59e-520b-b4aa-f75b1cbd8391,178844_0,1088625.0,noaa,noaa_narrative,NOAA StormEvents EVENT_ID 1088625,,2023-04-16,2023-04-30,day,"Clayton County, IA",,43.0296,-91.1737,event_point,19043,7060001.0,home_flooded,,,2,A,river,1,"In both towns, people were evacuated from their homes due to rising flood waters.",,2023-04-16,2023-04-30,Clayton
757688c7-23a7-5ce7-8528-ce188658d7a2,178844_0,1088625.0,noaa,noaa_narrative,NOAA StormEvents EVENT_ID 1088625,,2023-04-16,2023-04-30,day,"Clayton County, IA",Highway 18; Highway 76,43.0296,-91.1737,event_point,19043,7060001.0,road_closed,,,2,A,river,1,"North of neighboring Marquette, Iowa, Highway 76 was closed due to flooding from Highway 18 to north of Effigy Mounds.",,2023-04-16,2023-04-30,Clayton
072ec047-fff2-5f91-a0ac-724d46f3da5b,178844_0,1088625.0,noaa,noaa_narrative,NOAA StormEvents EVENT_ID 1088625,,2023-04-16,2023-04-30,day,"Clayton County, IA",Highway 18; Highway 76,43.0296,-91.1737,event_point,19043,7060001.0,road_flooded,,,1,A,river,1,"North of neighboring Marquette, Iowa, Highway 76 was closed due to flooding from Highway 18 to north of Effigy Mounds.",,2023-04-16,2023-04-30,Clayton
db7a2015-96cd-5114-8ddf-f576c9cb6ba5,178844_1,1088623.0,noaa,noaa_narrative,NOAA StormEvents EVENT_ID 1088623,,2023-04-21,2023-04-30,day,"Allamakee County, IA",Highway 35,43.3477,-91.1897,event_point,19005,7060001.0,road_closed,,,2,A,river,1,"Multiple streets in town were closed, including the Black Hawk Bridge connecting Lansing, Iowa to Wisconsin Highway 35 from April 25th to May 4th.",,2023-04-21,2023-04-30,Allamakee
c5d8763f-a3bc-5cf7-877d-51e5c69ead79,179763_0,1094837.0,noaa,noaa_narrative,NOAA StormEvents EVENT_ID 1094837,,2023-04-22,2023-04-30,day,"Dubuque County, IA",,42.4656,-90.6363,event_point,19061,7060005.0,infrastructure,,,2,A,river,1,Rapid snow melt across Minnesota and Wisconsin caused the Mississippi River at Dubuque Lock and Dam 11 to rise above its major flood stage of 20.5 feet during the evening hours of April 22nd.,,2023-04-22,2023-04-30,Clinton; Dubuque; Jackson; Scott
ec87b99d-96d4-514f-a766-b258460fad50,179763_0,1094837.0,noaa,noaa_narrative,NOAA StormEvents EVENT_ID 1094837,,2023-04-22,2023-04-30,day,"Dubuque County, IA",,42.4656,-90.6363,event_point,19061,7060005.0,river_overbank,,,0,A,river,3,Rapid snow melt across Minnesota and Wisconsin caused the Mississippi River at Dubuque Lock and Dam 11 to rise above its major flood stage of 20.5 feet during the evening hours of April 22nd.,,2023-04-22,2023-04-30,Clinton; Dubuque; Jackson; Scott
d209707b-f555-5a01-bec9-3712703f1eca,179763_0,1097165.0,noaa,noaa_narrative,NOAA StormEvents EVENT_ID 1097165,,2023-04-24,2023-04-30,day,"Scott County, IA",,41.5225,-90.4922,event_point,19163,7080101.0,infrastructure,,,2,A,river,1,The Mississippi River at Rock Island Lock and Dam 15 rose above its major flood stage of 18.0 feet around mid day on  April 24th and continued to rise to its crest of 21.41 on the evening of April 30th.,,2023-04-22,2023-04-30,Clinton; Dubuque; Jackson; Scott
6436ef72-e5ef-550e-a4be-0f6ec3516332,179763_0,1097165.0,noaa,noaa_narrative,NOAA StormEvents EVENT_ID 1097165,,2023-04-24,2023-04-30,day,"Scott County, IA",,41.5225,-90.4922,event_point,19163,7080101.0,river_overbank,,,0,A,river,1,The Mississippi River at Rock Island Lock and Dam 15 rose above its major flood stage of 18.0 feet around mid day on  April 24th and continued to rise to its crest of 21.41 on the evening of April 30th.,,2023-04-22,2023-04-30,Clinton; Dubuque; Jackson; Scott
21eb08bc-2b31-55b8-84b5-7c905d0b0aba,179763_1,,news,local_news,https://931thebuzz.com/2023/04/25/city-ready-to-close-flood-gates-streets-as-river-continues-to-rise/,2023-04-25,2023-04-24,2023-04-25,range,"Muscatine, Muscatine County, IA",the parking area of Riverside Park,41.41906,-91.06795,place_centroid,19139,,other,,,2,B,river,1,Portions of the parking area of Riverside Park have already been closed to traffic as the river rose about 18-feet.,"Riverfront park parking closed as Mississippi passed about 18 ft (flood stage 16 ft at Muscatine); exact start day not stated, in effect by pub date 2023-04-25.",2023-04-26,2023-04-30,Des Moines; Louisa; Muscatine
b485e9aa-61b9-50cb-ab93-35aa48d5cf1c,179763_1,,news,local_news,https://www.tspr.org/tspr-local/2023-04-24/burlington-prepared-for-rising-mississippi-river-levels,2023-04-24,2023-04-24,2023-04-24,day,"Burlington, Des Moines County, IA",Mississippi River at Burlington,40.8071,-91.12368,place_centroid,19057,,river_overbank,16.5,feet gauge height,0,A,river,1,"Early Monday morning, it was at 16.5 feet and is expected to reach 19.6 feet by Sunday evening.","Article also states verbatim: Flood stage is 15 feet. River 1.5 ft above flood stage Monday 2023-04-24 (two days before window start, within tolerance); minor overbank flooding underway; crest (20-21 ft) forecast for May 5-6, after episode window.",2023-04-26,2023-04-30,Des Moines; Louisa; Muscatine
84144706-ed81-504d-b524-5bb49b98ba38,179763_1,,news,local_news,https://931thebuzz.com/2023/04/25/city-ready-to-close-flood-gates-streets-as-river-continues-to-rise/,2023-04-25,2023-04-24,2023-04-24,day,"Muscatine, Muscatine County, IA",River Road from Sherman Street to Cannon Avenue,41.41906,-91.06795,place_centroid,19139,,road_closed,,,2,A,river,1,The first street closure went into effect Monday (April 24) when DPW closed River Road from Sherman Street to Cannon Avenue.,"City DPW closure ahead of rising Mississippi; start date explicit; closure continued beyond pub date (2023-04-25). Two days before episode window start, within tolerance.",2023-04-26,2023-04-30,Des Moines; Louisa; Muscatine
a5bb3568-0872-5155-a21b-3e9ef65891aa,179763_0,1094844.0,noaa,noaa_narrative,NOAA StormEvents EVENT_ID 1094844,,2023-04-25,2023-04-30,day,"Jackson County, IA",,42.2822,-90.4328,event_point,19097,7060005.0,infrastructure,,,2,A,river,1,Rapid snow melt across Minnesota and Wisconsin caused the Mississippi River at Bellevue Lock and Dam 12 to rise above its major flood stage of 20.0 feet during the early morning hours of April 25th.,,2023-04-22,2023-04-30,Clinton; Dubuque; Jackson; Scott
a5e9ded9-913c-5626-a708-89f6abea9fb5,179763_0,1096729.0,noaa,noaa_narrative,NOAA StormEvents EVENT_ID 1096729,,2023-04-25,2023-04-30,day,"Scott County, IA",,41.6153,-90.3461,event_point,19163,7080101.0,infrastructure,,,2,A,river,1,The Mississippi River at Le Claire Lock and Dam 14 rose above its major flood stage of 13.5 feet during the morning hours of April 25th and continued to rise to its crest of 16.12 on the evening of April 30th.,,2023-04-22,2023-04-30,Clinton; Dubuque; Jackson; Scott
add60325-59a9-541c-8aee-e5d8f40ad628,179763_0,1094844.0,noaa,noaa_narrative,NOAA StormEvents EVENT_ID 1094844,,2023-04-25,2023-04-30,day,"Jackson County, IA",,42.2822,-90.4328,event_point,19097,7060005.0,river_overbank,,,0,A,river,3,Rapid snow melt across Minnesota and Wisconsin caused the Mississippi River at Bellevue Lock and Dam 12 to rise above its major flood stage of 20.0 feet during the early morning hours of April 25th.,,2023-04-22,2023-04-30,Clinton; Dubuque; Jackson; Scott
1ad42689-b48c-59c4-97d6-74bca16e5f52,179763_0,1096722.0,noaa,noaa_narrative,NOAA StormEvents EVENT_ID 1096722,,2023-04-25,2023-04-30,day,"Clinton County, IA",,41.8045,-90.237,event_point,19045,7080101.0,river_overbank,,,0,A,river,1,The Mississippi River at Camanche rose above its major flood stage of 20.5 feet during the morning hours of April 25th and continued to rise to its crest of 22.82 on the evening of April 30th.,,2023-04-22,2023-04-30,Clinton; Dubuque; Jackson; Scott
f22b8ea0-dc15-5b0f-9bd4-f3800e85e852,179763_0,1096729.0,noaa,noaa_narrative,NOAA StormEvents EVENT_ID 1096729,,2023-04-25,2023-04-30,day,"Scott County, IA",,41.6153,-90.3461,event_point,19163,7080101.0,river_overbank,,,0,A,river,1,The Mississippi River at Le Claire Lock and Dam 14 rose above its major flood stage of 13.5 feet during the morning hours of April 25th and continued to rise to its crest of 16.12 on the evening of April 30th.,,2023-04-22,2023-04-30,Clinton; Dubuque; Jackson; Scott
3a2e8717-2eee-5bbb-8f59-c14ba0b7ae1d,179763_1,1097150.0,noaa,noaa_narrative,NOAA StormEvents EVENT_ID 1097150,,2023-04-26,2023-04-30,day,"Muscatine County, IA",,41.4365,-91.0118,event_point,19139,7080101.0,river_overbank,,,0,A,river,1,The Mississippi River at Muscatine rose above its major flood stage of 20.0 feet during the  afternoon on April 26th and continued to rise to 22.13 feet during the evening hours of April 30th.,,2023-04-26,2023-04-30,Des Moines; Louisa; Muscatine
364d1587-0f6e-58bf-a5b9-dcfde743ce5f,179763_1,1097156.0,noaa,noaa_narrative,NOAA StormEvents EVENT_ID 1097156,,2023-04-26,2023-04-30,day,"Louisa County, IA",,41.1648,-91.0134,event_point,19115,7080101.0,river_overbank,,,0,A,river,1,"The Mississippi River at New Boston rose above its major flood stage of 18.5 feet during the early morning hours of April 26th,  The river continued to rise to 20.6 feet late in the day on April 30th.|The Mississippi River at Keithsburg rose above its major flood stage of 17.0 feet during the early morning hours of April 26th and continued to rise to 18.88 feet by the end of the month.",,2023-04-26,2023-04-30,Des Moines; Louisa; Muscatine
244162aa-7b1e-5e6b-98ad-0312f853d5be,179763_1,1097160.0,noaa,noaa_narrative,NOAA StormEvents EVENT_ID 1097160,,2023-04-26,2023-04-30,day,"Des Moines County, IA",,40.889,-91.0336,event_point,19057,7080104.0,river_overbank,,,0,A,river,2,The Mississippi River at Burlington rose above its major flood stage of 18.0 feet during the evening hours of April 26th.,,2023-04-26,2023-04-30,Des Moines; Louisa; Muscatine
4f3df216-c815-5c39-a9fa-96a1022a8d46,179763_1,1097186.0,noaa,noaa_narrative,NOAA StormEvents EVENT_ID 1097186,,2023-04-27,2023-04-30,day,"Des Moines County, IA",,40.8984,-91.0073,event_point,19057,7080104.0,river_overbank,,,0,A,river,1,The Mississippi River at Gladstone rose above its major flood stage of 14 feet during the early morning hours of April 27th.,,2023-04-26,2023-04-30,Des Moines; Louisa; Muscatine
00cedcbd-bf24-5d39-921f-0d73da670591,179763_0,,news,local_news,https://news.wttw.com/2023/05/01/rising-mississippi-river-tests-iowa-illinois-flood-barriers,2023-05-01,2023-04-28,2023-05-01,range,"Davenport, Scott County, IA",Mississippi River at Davenport,41.55682,-90.60395,place_centroid,19163,,river_overbank,21.4,feet stage,2,A,river,1,"The river crested at 21.4 feet on Monday, slightly lower than the predicted 21.6 feet; the record is 22.7 feet, flood stage 15 feet.",Spring 2023 Mississippi River flood,2023-04-22,2023-04-30,Clinton; Dubuque; Jackson; Scott
1288ef9a-ffee-5aec-855c-0352920b2eb5,179763_0,,news,local_news,https://news.wttw.com/2023/05/01/rising-mississippi-river-tests-iowa-illinois-flood-barriers,2023-05-01,2023-04-28,2023-04-30,range,"Dubuque, Dubuque County, IA",Mississippi River at Dubuque,42.4989,-90.70726,place_centroid,19061,,river_overbank,23.03,feet stage,1,A,river,1,"The river peaked on Saturday at 23.03 feet, well below the record of 25.7 feet.",,2023-04-22,2023-04-30,Clinton; Dubuque; Jackson; Scott
e85635e9-af58-588a-9194-2a095aa52916,179763_0,,news,local_news,https://news.wttw.com/2023/05/01/rising-mississippi-river-tests-iowa-illinois-flood-barriers,2023-05-01,2023-04-28,2023-05-01,range,"Davenport, Scott County, IA",River Drive; roads and parks near the river,41.55682,-90.60395,place_centroid,19163,,road_flooded,,,2,A,river,1,River Drive was flooded under several feet of water; some roads and parks near the river were closed.,City relies on temporary sand-filled barriers,2023-04-22,2023-04-30,Clinton; Dubuque; Jackson; Scott
b2d5af43-83cd-571d-b444-7f1b32e50343,179763_0,,news,local_news,https://news.wttw.com/2023/05/01/rising-mississippi-river-tests-iowa-illinois-flood-barriers,2023-05-01,2023-04-28,2023-05-01,range,"Pleasant Valley, Scott County, IA",South Spencer Road,41.69795,-90.55132,county_centroid,19163,,road_flooded,,,2,A,river,1,Homes along South Spencer Road had boats tethered in front yards as streets became submerged.,,2023-04-22,2023-04-30,Clinton; Dubuque; Jackson; Scott
951da672-3c58-5ff8-b182-1260d28c5301,179763_0,,news,local_news,https://news.wttw.com/2023/05/01/rising-mississippi-river-tests-iowa-illinois-flood-barriers,2023-05-01,2023-04-29,2023-05-01,range,"Camanche, Clinton County, IA",levee at Camanche,41.79271,-90.27623,place_centroid,19045,,infrastructure,,,2,A,river,1,Two minor levee breaks occurred over the weekend; officials built new sandbag barriers in Camanche to control the flooding.,No homes damaged,2023-04-22,2023-04-30,Clinton; Dubuque; Jackson; Scott
2c9c2367-cea9-53c0-85ae-0db4485aff0e,179763_0,,news,local_news,https://news.wttw.com/2023/05/01/rising-mississippi-river-tests-iowa-illinois-flood-barriers,2023-05-01,2023-04-29,2023-05-01,range,"Bellevue, Jackson County, IA",levee near a wildlife refuge south of Bellevue,42.2627,-90.43146,place_centroid,19097,,infrastructure,,,1,B,river,1,A minor levee break occurred near a wildlife refuge south of Bellevue.,No homes damaged,2023-04-22,2023-04-30,Clinton; Dubuque; Jackson; Scott
264a11d7-7312-5e0d-82ba-d4bd90998697,179763_0,,news,local_news,https://news.wttw.com/2023/05/01/rising-mississippi-river-tests-iowa-illinois-flood-barriers,2023-05-01,2023-04-29,2023-05-01,range,"Camanche, Clinton County, IA",streets in Camanche,41.79271,-90.27623,place_centroid,19045,,road_flooded,,,1,A,river,1,The levee break covered a couple streets with water.,,2023-04-22,2023-04-30,Clinton; Dubuque; Jackson; Scott
1231e945-cd5a-5e46-a96b-73a5fde82e6e,180146_0,1097604.0,noaa,noaa_narrative,NOAA StormEvents EVENT_ID 1097604,,2023-05-12,2023-05-12,day,"Harrison County, IA",,41.8,-95.91,event_point,19085,10230001.0,agriculture,,,1,A,flash,1,Large trees were washed into fields and there was significant damage to farm fields in several areas in the counties.,,2023-05-12,2023-05-12,Harrison
09541ba0-6194-595d-8164-bc8b478e1cf9,180146_0,1097604.0,noaa,noaa_narrative,NOAA StormEvents EVENT_ID 1097604,,2023-05-12,2023-05-12,day,"Harrison County, IA",,41.8,-95.91,event_point,19085,10230001.0,infrastructure,,,2,A,flash,1,Forest Service reported up to two dozen culverts washed out and six county roads that were partially or fully washed out.,,2023-05-12,2023-05-12,Harrison
0464c569-951a-56be-bdc2-6b1a8b5553a2,180146_0,1097604.0,noaa,noaa_narrative,NOAA StormEvents EVENT_ID 1097604,,2023-05-12,2023-05-12,day,"Harrison County, IA",,41.8,-95.91,event_point,19085,10230001.0,road_closed,,,2,A,flash,1,Forest Service reported up to two dozen culverts washed out and six county roads that were partially or fully washed out.,,2023-05-12,2023-05-12,Harrison
d4d5206e-e5ac-5fd1-8e01-c991881c78c2,179071_0,1092806.0,noaa,noaa_narrative,NOAA StormEvents EVENT_ID 1092806,,2023-05-13,2023-05-14,day,"Pocahontas County, IA",,42.8536,-94.8562,event_point,19151,7100006.0,home_flooded,,,2,A,flash,1,Water up against some homes and businesses in town.,,2023-05-13,2023-05-14,Pocahontas
345e2dbc-109a-5359-a3ca-fcc810961f86,180948_0,1102029.0,noaa,noaa_narrative,NOAA StormEvents EVENT_ID 1102029,,2023-05-13,2023-05-13,day,"Buena Vista County, IA",,42.7753,-94.9502,event_point,19021,7100006.0,home_flooded,,,2,A,flash,1,Water encroached into several basements around Albert City.,,2023-05-13,2023-05-13,Buena Vista
b12d318b-fd53-5502-8fb6-ca2281d41571,180948_0,1102030.0,noaa,noaa_narrative,NOAA StormEvents EVENT_ID 1102030,,2023-05-13,2023-05-13,day,"Buena Vista County, IA",,42.8635,-94.9876,event_point,19021,7100006.0,home_flooded,,,2,A,flash,1,A basement wall collapsed due to heavy rainfall and resultant flooding.,,2023-05-13,2023-05-13,Buena Vista
3059b283-553e-522a-b9a3-50f8cb4549d4,180948_0,1102014.0,noaa,noaa_narrative,NOAA StormEvents EVENT_ID 1102014,,2023-05-13,2023-05-13,day,"Buena Vista County, IA",,42.7673,-94.9781,event_point,19021,7100006.0,road_flooded,,,1,A,flash,1,Multiple rural roads south of Albert City were inundated by water.,,2023-05-13,2023-05-13,Buena Vista
47204861-2542-5a2a-b998-0f1e6bb8ec9e,179459_0,1093386.0,noaa,noaa_narrative,NOAA StormEvents EVENT_ID 1093386,,2023-05-30,2023-05-30,day,"Webster County, IA",,42.51,-94.2,event_point,19187,7100004.0,road_closed,,,2,A,flash,1,Road closure on N 3rd street due to water collecting on roads.,,2023-05-30,2023-05-30,Webster
b426ec01-d2d0-5300-a74b-5daa6b04a80d,179459_0,1093386.0,noaa,noaa_narrative,NOAA StormEvents EVENT_ID 1093386,,2023-05-30,2023-05-30,day,"Webster County, IA",,42.51,-94.2,event_point,19187,7100004.0,road_flooded,,,1,A,flash,1,Road closure on N 3rd street due to water collecting on roads.,,2023-05-30,2023-05-30,Webster
c4cd3de8-df5a-556d-9130-6de956ed123e,179459_0,1093390.0,noaa,noaa_narrative,NOAA StormEvents EVENT_ID 1093390,,2023-05-30,2023-05-30,day,"Webster County, IA",13th St; 6th Ave,42.51,-94.18,event_point,19187,7100004.0,road_flooded,,,1,A,flash,1,"Street flooding at intersection of 6th Ave and 13th St, water up to bumper of car.",,2023-05-30,2023-05-30,Webster
0e7b55c7-6769-5ac8-a557-f1f2bb50e272,184498_0,1129569.0,noaa,noaa_narrative,NOAA StormEvents EVENT_ID 1129569,,2023-08-05,2023-08-30,day,"Lee County, IA",,40.41,-91.4,event_point,19111,7080104.0,rescue,,,2,A,flash,1,Law Enforcement reported several stalled vehicles and water rescues by first responders in town in the past 2 to 3 hours.,,2023-08-05,2023-08-30,Lee
f59f3fb2-62e7-5c57-829f-1054b78590dc,184498_0,1129570.0,noaa,noaa_narrative,NOAA StormEvents EVENT_ID 1129570,,2023-08-05,2023-08-05,day,"Lee County, IA",,40.71,-91.24,event_point,19111,7080104.0,river_overbank,,,0,A,flash,1,"The Emergency Manager reported that a drainage ditch was out of its banks, causing flooding.",,2023-08-05,2023-08-30,Lee
4c2ded5d-7f9c-539b-8ea3-90fafcc5f344,184498_0,1129569.0,noaa,noaa_narrative,NOAA StormEvents EVENT_ID 1129569,,2023-08-05,2023-08-30,day,"Lee County, IA",,40.41,-91.4,event_point,19111,7080104.0,road_flooded,,,1,A,flash,1,There was 4 to 5 feet of water reported on many roads and streets.,,2023-08-05,2023-08-30,Lee
660f04e0-ab53-57a6-8222-87a79ee0b2fc,184558_0,1129830.0,noaa,noaa_narrative,NOAA StormEvents EVENT_ID 1129830,,2023-08-05,2023-08-05,day,"Sioux County, IA",,43.0886,-96.1886,event_point,19167,10170203.0,evacuation,,,3,A,flash,1,Seven trailers were evacuated due to high water in Westbrook Village on the northwest edge of town.,,2023-08-05,2023-08-05,O'Brien; Sioux
72b2b331-cc87-5418-9198-0451a357c8cd,184558_0,1129830.0,noaa,noaa_narrative,NOAA StormEvents EVENT_ID 1129830,,2023-08-05,2023-08-05,day,"Sioux County, IA",,43.0886,-96.1886,event_point,19167,10170203.0,river_overbank,,,0,A,flash,1,Water ponding in the area of Central Park overflowed roadways and entered the Sioux Center Fire Department building.,,2023-08-05,2023-08-05,O'Brien; Sioux
7eef7fef-fc65-59d2-9706-e1654a0c3cdd,184558_0,1129838.0,noaa,noaa_narrative,NOAA StormEvents EVENT_ID 1129838,,2023-08-05,2023-08-05,day,"O'Brien County, IA",,43.181,-95.6655,event_point,19141,10230002.0,river_overbank,,,0,A,river,1,Several yards flooded due to a small creek overflowing.,,2023-08-05,2023-08-05,O'Brien; Sioux
082a7dbb-4ffc-5f87-ba5c-856b20820f2a,184558_0,1129835.0,noaa,noaa_narrative,NOAA StormEvents EVENT_ID 1129835,,2023-08-05,2023-08-05,day,"Sioux County, IA",County Road; Highway 18; K64; L14,43.1878,-95.9971,event_point,19167,10230002.0,road_closed,,,2,A,flash,1,Highway 18 was closed in both directions between County Road K64 and County Road L14 due to significant standing water over the highway.,,2023-08-05,2023-08-05,O'Brien; Sioux
c90f5f23-a2f0-59ba-8942-dae91bc2a2e4,184558_0,,news,agency_web,https://www.weather.gov/fsd/20230805-flooding-sesdnwia,,2023-08-05,2023-08-06,range,"Sioux Center, Sioux County, IA",US 75 between County Road B46 and B30,43.07479,-96.17041,place_centroid,19167,,road_closed,,,2,A,flash,1,"US 75 is blocked in both directions between County Road B46 and B30, due to standing water.",,2023-08-05,2023-08-05,O'Brien; Sioux
90fb3e95-65d2-5e27-a03f-e63ae1eba03b,184558_0,,news,agency_web,https://www.weather.gov/fsd/20230805-flooding-sesdnwia,,2023-08-05,2023-08-06,range,"Sioux County, IA",US 18 between County Road K64 and County Road L14,43.0863,-96.46521,county_centroid,19167,,road_closed,,,2,B,flash,1,US 18 is closed in both directions between County Road K64 and County Road L14 due to standing water over the highway.,,2023-08-05,2023-08-05,O'Brien; Sioux
7c22db51-a552-5e6e-8d94-099d3c8ce018,184558_0,1129823.0,noaa,noaa_narrative,NOAA StormEvents EVENT_ID 1129823,,2023-08-05,2023-08-05,day,"Sioux County, IA",10th Avenue; 12th Avenue; 12th Street; 14th Street; Main Street,43.2071,-96.3027,event_point,19167,10170204.0,road_flooded,,,1,A,flash,1,"Significant water was ponded or flowing on Main Street by 12th Street, and also along 14th Street from 10th Avenue to 12th Avenue.",,2023-08-05,2023-08-05,O'Brien; Sioux
ddd163e2-e880-56b7-819d-f91f962123be,184558_0,1129833.0,noaa,noaa_narrative,NOAA StormEvents EVENT_ID 1129833,,2023-08-05,2023-08-05,day,"Sioux County, IA",,43.1929,-96.0048,event_point,19167,10230002.0,road_flooded,,,1,A,flash,1,Rainfall up to seven inches in around 2 hours produced significant street flooding around town.,,2023-08-05,2023-08-05,O'Brien; Sioux
9c4c24e1-ce0a-54b1-9f83-a8a89ac42927,184558_0,1129835.0,noaa,noaa_narrative,NOAA StormEvents EVENT_ID 1129835,,2023-08-05,2023-08-05,day,"Sioux County, IA",County Road; Highway 18; K64; L14,43.1878,-95.9971,event_point,19167,10230002.0,road_flooded,,,1,A,flash,1,Highway 18 was closed in both directions between County Road K64 and County Road L14 due to significant standing water over the highway.,,2023-08-05,2023-08-05,O'Brien; Sioux
7d4e3340-1ab2-5af3-be70-74670db4741a,184558_0,,news,agency_web,https://www.weather.gov/fsd/20230805-flooding-sesdnwia,,2023-08-05,2023-08-06,range,"Sioux Center, Sioux County, IA",streets in Sioux Center; no travel advised,43.07479,-96.17041,place_centroid,19167,,road_flooded,,,2,A,flash,1,No travel advised in Sioux Center due to flooding; several vehicles stuck in flooded streets.,9.02 inches of rain 1 mile south of Sioux Center,2023-08-05,2023-08-05,O'Brien; Sioux
0509ab86-1450-5d40-9a32-aa841a30594b,184558_0,,news,agency_web,https://www.weather.gov/fsd/20230805-flooding-sesdnwia,,2023-08-05,2023-08-06,range,"Rock Valley, Sioux County, IA",Main St by 12th St; 14th St from 12th Ave to 10th Ave,43.20258,-96.28904,place_centroid,19167,,road_flooded,,,2,A,flash,1,"Some streets in Rock Valley have become impassable due to flash flooding; avoid Main St by 12th St, also 14th St from 12th Ave to 10th Ave due to flooding.",,2023-08-05,2023-08-05,O'Brien; Sioux
580dd00a-258b-5d7d-b7ed-ca122f2b1fe0,184558_0,,news,agency_web,https://www.weather.gov/fsd/20230805-flooding-sesdnwia,,2023-08-05,2023-08-06,range,"Boyden, Sioux County, IA",streets in Boyden,43.18912,-96.00315,place_centroid,19167,,road_flooded,,,1,A,flash,1,Residents reported approximately 7 inches of rain with street inundation in the town itself.,8.38 inches 1 mile west of Boyden,2023-08-05,2023-08-05,O'Brien; Sioux
a735ac42-4974-515a-87e3-a2943ec2a269,191984_0,1182820.0,noaa,noaa_narrative,NOAA StormEvents EVENT_ID 1182820,,2024-05-02,2024-05-03,day,"Monroe County, IA",,41.1135,-92.9075,event_point,19135,7100009.0,road_closed,14.0,road,2,A,river,2,"Emergency management reported road closures remaining for at least 10 roadways, some gravel and some paved.",,2024-05-02,2024-05-03,Monroe
008543f7-810d-5e6f-960c-cd9f502bbc7a,190075_0,1168813.0,noaa,noaa_narrative,NOAA StormEvents EVENT_ID 1168813,,2024-05-21,2024-05-21,day,"Buena Vista County, IA",,42.8956,-95.3455,event_point,19021,10230003.0,home_flooded,,,2,A,river,1,Water was also reported in some basements in the Linn Grove area due to a high water table.,,2024-05-21,2024-05-21,Buena Vista
7b8d238e-d619-51c5-be2c-979b2a9ed89c,190075_0,1168813.0,noaa,noaa_narrative,NOAA StormEvents EVENT_ID 1168813,,2024-05-21,2024-05-21,day,"Buena Vista County, IA",,42.8956,-95.3455,event_point,19021,10230003.0,road_flooded,,,1,A,river,1,A few county gravel roads were also briefly inundated after the heaviest rain the afternoon of May 21st requiring minor repair to the gravel surface.,,2024-05-21,2024-05-21,Buena Vista
3710b76a-effa-5a48-ab1d-4a0cbe1bd549,191512_0,1179177.0,noaa,noaa_narrative,NOAA StormEvents EVENT_ID 1179177,,2024-05-21,2024-05-22,day,"Clay County, IA",,43.0,-95.21,event_point,19041,10230003.0,agriculture,,,1,A,river,1,"Willow Creek near Cornell rose above flood stage the evening of May 21st, cresting around 1.70 feet above flood stage (91.7 feet) on May 22nd.",,2024-05-21,2024-05-31,Cherokee; Clay; Dickinson; O'Brien
33d5ed13-9289-5c66-a9ff-ce6f16ea0c52,191512_0,,news,local_news,https://www.radioiowa.com/2024/05/22/flooding-an-issue-after-torrential-rains-rising-rivers/,2024-05-22,2024-05-21,2024-05-22,range,"Clay County, IA",some rural areas in southeastern Clay County,43.04795,-95.19841,county_centroid,19041,,road_closed,,,2,B,flash,1,"They received a substantial amount of rain down on some rural areas in southeastern Clay County, so there's some roads closed down there","After torrential rains of May 20-21, 2024; area near Webb; Radio Iowa, May 22, 2024.",2024-05-21,2024-05-31,Cherokee; Clay; Dickinson; O'Brien
0808b651-3416-5de2-8e6c-e7dd11b19468,191714_0,1181065.0,noaa,noaa_narrative,NOAA StormEvents EVENT_ID 1181065,,2024-05-21,2024-05-21,day,"Pottawattamie County, IA",340th Street,41.4741,-95.5486,event_point,19155,10240001.0,infrastructure,,,2,A,flash,1,Sewer systems in the city were completely inundated with water flowing over roads at 340th Street between southeast Minden and the Keg Creek Bridge.,,2024-05-21,2024-05-21,Pottawattamie
a7cc8fe1-e9ff-5588-8ccf-3a0f9449e524,191714_0,1181065.0,noaa,noaa_narrative,NOAA StormEvents EVENT_ID 1181065,,2024-05-21,2024-05-21,day,"Pottawattamie County, IA",340th Street,41.4741,-95.5486,event_point,19155,10240001.0,road_flooded,,,1,A,flash,2,The Pottawattamie Emergency Manager reported street flooding throughout the town of Minden.,,2024-05-21,2024-05-21,Pottawattamie
f78f1bde-0060-5e06-aaba-ad09458057fc,191762_0,1183406.0,noaa,noaa_narrative,NOAA StormEvents EVENT_ID 1183406,,2024-05-21,2024-05-22,day,"Jasper County, IA",,41.6875,-93.1919,event_point,19099,7080105.0,agriculture,,,1,A,river,1,Report via mping of river overflowing and cropland flooding.,,2024-05-20,2024-05-22,Black Hawk; Boone; Bremer; Butler; Franklin; Grundy; Guthrie; Hancock; Hardin; Jasper; Kossuth; Marshall; Poweshiek; Story; Tama
57d3bb82-5815-585e-b3b9-d61e1e52337f,191762_0,1183416.0,noaa,noaa_narrative,NOAA StormEvents EVENT_ID 1183416,,2024-05-21,2024-05-22,day,"Black Hawk County, IA",,42.6036,-92.2143,event_point,19013,7080102.0,agriculture,,,1,A,river,1,Report of river overflowing and cropland flooding from mping.,,2024-05-20,2024-05-22,Black Hawk; Boone; Bremer; Butler; Franklin; Grundy; Guthrie; Hancock; Hardin; Jasper; Kossuth; Marshall; Poweshiek; Story; Tama
23ee5c88-5845-5915-aee0-b9c410409e53,191762_0,1183418.0,noaa,noaa_narrative,NOAA StormEvents EVENT_ID 1183418,,2024-05-21,2024-05-22,day,"Marshall County, IA",,41.946,-92.8705,event_point,19127,7080208.0,bridge_damaged,,,2,A,river,1,Several bridges impassable and a couple landslides due to the flooding.,,2024-05-20,2024-05-22,Black Hawk; Boone; Bremer; Butler; Franklin; Grundy; Guthrie; Hancock; Hardin; Jasper; Kossuth; Marshall; Poweshiek; Story; Tama
29562655-c804-5d8d-952c-402360297a14,191762_0,,news,agency_web,https://weather.gov/dmx/2024-May-21-Iowa-TornadoesWindsFlooding,,2024-05-21,2024-05-21,day,"Kellogg, Jasper County, IA",Kellogg,41.71804,-92.90716,place_centroid,19099,,evacuation,,,3,A,flash,1,Numerous homes and other buildings were also flooded in town with evacuations.,,2024-05-20,2024-05-22,Black Hawk; Boone; Bremer; Butler; Franklin; Grundy; Guthrie; Hancock; Hardin; Jasper; Kossuth; Marshall; Poweshiek; Story; Tama
dd2e1727-7a81-5348-b661-d372ab1e0bc3,191762_0,1183305.0,noaa,noaa_narrative,NOAA StormEvents EVENT_ID 1183305,,2024-05-21,2024-05-22,day,"Kossuth County, IA",,43.0926,-94.0025,event_point,19109,7100005.0,home_flooded,,,2,A,river,1,Several blocks of flooded roads and homes in Wesley.,,2024-05-20,2024-05-22,Black Hawk; Boone; Bremer; Butler; Franklin; Grundy; Guthrie; Hancock; Hardin; Jasper; Kossuth; Marshall; Poweshiek; Story; Tama
2c2a5237-4bd3-5ec7-bffb-d76b7c836524,191762_0,1183385.0,noaa,noaa_narrative,NOAA StormEvents EVENT_ID 1183385,,2024-05-21,2024-05-22,day,"Jasper County, IA",,41.7,-93.17,event_point,19099,7080105.0,home_flooded,,,2,A,river,1,Flood waters also entering homes and businesses.,,2024-05-20,2024-05-22,Black Hawk; Boone; Bremer; Butler; Franklin; Grundy; Guthrie; Hancock; Hardin; Jasper; Kossuth; Marshall; Poweshiek; Story; Tama
2b358881-bbd0-5e60-a035-a04965fce2dd,191762_0,1183401.0,noaa,noaa_narrative,NOAA StormEvents EVENT_ID 1183401,,2024-05-21,2024-05-22,day,"Kossuth County, IA",,43.1035,-94.0164,event_point,19109,7100005.0,home_flooded,,,2,A,river,1,"Several roads, homes, and buildings flooded.",,2024-05-20,2024-05-22,Black Hawk; Boone; Bremer; Butler; Franklin; Grundy; Guthrie; Hancock; Hardin; Jasper; Kossuth; Marshall; Poweshiek; Story; Tama
fc7891b9-4f6a-5059-99bc-6ae76f2fa118,191762_0,,news,agency_web,https://weather.gov/dmx/2024-May-21-Iowa-TornadoesWindsFlooding,,2024-05-21,2024-05-21,day,"Kellogg, Jasper County, IA",Kellogg,41.71804,-92.90716,place_centroid,19099,,home_flooded,,,3,A,flash,1,Numerous homes and other buildings were also flooded in town with evacuations.,,2024-05-20,2024-05-22,Black Hawk; Boone; Bremer; Butler; Franklin; Grundy; Guthrie; Hancock; Hardin; Jasper; Kossuth; Marshall; Poweshiek; Story; Tama
237a7237-0dc2-55be-8e2a-61865cd4e842,191762_0,,news,agency_web,https://weather.gov/dmx/2024-May-21-Iowa-TornadoesWindsFlooding,,2024-05-21,2024-05-21,day,"Baxter, Jasper County, IA",Baxter,41.8252,-93.15246,place_centroid,19099,,home_flooded,,,2,B,flash,1,Kellogg and Baxter experienced significant flash flooding; numerous homes and other buildings were flooded with evacuations.,,2024-05-20,2024-05-22,Black Hawk; Boone; Bremer; Butler; Franklin; Grundy; Guthrie; Hancock; Hardin; Jasper; Kossuth; Marshall; Poweshiek; Story; Tama
fa10e069-3716-5ba0-9f04-628bb97a2454,191762_0,,news,agency_web,https://weather.gov/dmx/2024-May-21-Iowa-TornadoesWindsFlooding,,2024-05-21,2024-05-21,day,"Kellogg, Jasper County, IA",water treatment and drinking water supply,41.71804,-92.90716,place_centroid,19099,,infrastructure,,,2,A,flash,1,Flash flooding threatened the water treatment and drinking water supply in Kellogg with sandbagging taking place.,,2024-05-20,2024-05-22,Black Hawk; Boone; Bremer; Butler; Franklin; Grundy; Guthrie; Hancock; Hardin; Jasper; Kossuth; Marshall; Poweshiek; Story; Tama
a4ecc5f0-b2f3-5d19-87db-ec37a8435b5e,191762_0,,news,agency_web,https://weather.gov/dmx/2024-May-21-Iowa-TornadoesWindsFlooding,,2024-05-21,2024-05-21,day,"Marshall County, IA",landslides reported in Marshall County affecting some roads,42.07085,-92.9529,county_centroid,19127,,infrastructure,,,2,B,flash,1,Car water rescues due to flash flooding were reported by the Meskwaki Nation Police Department with landslides reported in Marshall County affecting some roads.,Rain-triggered landslides affecting roads; county-level location.,2024-05-20,2024-05-22,Black Hawk; Boone; Bremer; Butler; Franklin; Grundy; Guthrie; Hancock; Hardin; Jasper; Kossuth; Marshall; Poweshiek; Story; Tama
fb211eb7-14f4-5199-b327-132f94e7cab1,191762_0,,news,agency_web,https://weather.gov/dmx/2024-May-21-Iowa-TornadoesWindsFlooding,,2024-05-21,2024-05-21,day,"Marshalltown, Marshall County, IA",Marshall County roads,42.0343,-92.90627,place_centroid,19127,,other,,,2,B,flash,1,Marshall County reported landslides affecting roads.,Rain-induced landslides,2024-05-20,2024-05-22,Black Hawk; Boone; Bremer; Butler; Franklin; Grundy; Guthrie; Hancock; Hardin; Jasper; Kossuth; Marshall; Poweshiek; Story; Tama
47314aed-58e4-51ee-a9e8-0e50ef5e71ff,191762_0,1183838.0,noaa,noaa_narrative,NOAA StormEvents EVENT_ID 1183838,,2024-05-21,2024-05-22,day,"Black Hawk County, IA",,42.4499,-92.4178,event_point,19013,7080205.0,rescue,,,2,A,river,1,Report of street flooding and road closed with stranded vehicles.,,2024-05-20,2024-05-22,Black Hawk; Boone; Bremer; Butler; Franklin; Grundy; Guthrie; Hancock; Hardin; Jasper; Kossuth; Marshall; Poweshiek; Story; Tama
67a0f1e0-5a1e-5c30-bde0-a7bd993b74e9,191762_0,,news,agency_web,https://weather.gov/dmx/2024-May-21-Iowa-TornadoesWindsFlooding,,2024-05-21,2024-05-21,day,"Tama, Tama County, IA",Meskwaki Nation settlement area,41.96512,-92.5738,place_centroid,19171,,rescue,,,2,A,flash,1,Car water rescues due to flash flooding were reported by the Meskwaki Nation Police Department.,,2024-05-20,2024-05-22,Black Hawk; Boone; Bremer; Butler; Franklin; Grundy; Guthrie; Hancock; Hardin; Jasper; Kossuth; Marshall; Poweshiek; Story; Tama
58f3ca43-65f6-5423-a982-5d3470b58d48,191762_0,,news,agency_web,https://weather.gov/dmx/2024-May-21-Iowa-TornadoesWindsFlooding,,2024-05-21,2024-05-21,day,"Tama County, IA",reported by the Meskwaki Nation Police Department,42.03635,-92.57941,county_centroid,19171,,rescue,,,2,B,flash,1,Car water rescues due to flash flooding were reported by the Meskwaki Nation Police Department with landslides reported in Marshall County affecting some roads.,"Meskwaki Settlement is in Tama County; NWS DMX event summary for May 20-21, 2024.",2024-05-20,2024-05-22,Black Hawk; Boone; Bremer; Butler; Franklin; Grundy; Guthrie; Hancock; Hardin; Jasper; Kossuth; Marshall; Poweshiek; Story; Tama
2e817889-4b7d-573d-be1c-330c72c568b1,191762_0,1183406.0,noaa,noaa_narrative,NOAA StormEvents EVENT_ID 1183406,,2024-05-21,2024-05-22,day,"Jasper County, IA",,41.6875,-93.1919,event_point,19099,7080105.0,river_overbank,,,0,A,river,1,Report via mping of river overflowing and cropland flooding.,,2024-05-20,2024-05-22,Black Hawk; Boone; Bremer; Butler; Franklin; Grundy; Guthrie; Hancock; Hardin; Jasper; Kossuth; Marshall; Poweshiek; Story; Tama
9062d4d5-cbf4-50a5-a435-e8730b0f067d,191762_0,1183416.0,noaa,noaa_narrative,NOAA StormEvents EVENT_ID 1183416,,2024-05-21,2024-05-22,day,"Black Hawk County, IA",,42.6036,-92.2143,event_point,19013,7080102.0,river_overbank,,,0,A,river,1,Report of river overflowing and cropland flooding from mping.,,2024-05-20,2024-05-22,Black Hawk; Boone; Bremer; Butler; Franklin; Grundy; Guthrie; Hancock; Hardin; Jasper; Kossuth; Marshall; Poweshiek; Story; Tama
73379d26-477c-51b2-a7f5-113dc9d752bf,191762_0,1183243.0,noaa,noaa_narrative,NOAA StormEvents EVENT_ID 1183243,,2024-05-21,2024-05-21,day,"Boone County, IA",,41.9905,-93.8875,event_point,19015,7100004.0,road_closed,,,2,A,flash,1,Canyon road impassable due to water over the road.,,2024-05-20,2024-05-22,Black Hawk; Boone; Bremer; Butler; Franklin; Grundy; Guthrie; Hancock; Hardin; Jasper; Kossuth; Marshall; Poweshiek; Story; Tama
79f54b68-d433-50e4-8fdc-4c04878ca35a,191762_0,1183260.0,noaa,noaa_narrative,NOAA StormEvents EVENT_ID 1183260,,2024-05-21,2024-05-21,day,"Guthrie County, IA",,41.72,-94.37,event_point,19077,7100007.0,road_closed,,,2,A,flash,1,Washed out gravel roads and road closures due to water over the road in the area.,,2024-05-20,2024-05-22,Black Hawk; Boone; Bremer; Butler; Franklin; Grundy; Guthrie; Hancock; Hardin; Jasper; Kossuth; Marshall; Poweshiek; Story; Tama
19fbeb75-b734-58e2-bd34-8c437c50f80b,191762_0,1183263.0,noaa,noaa_narrative,NOAA StormEvents EVENT_ID 1183263,,2024-05-21,2024-05-21,day,"Guthrie County, IA",160th St,41.78,-94.48,event_point,19077,7100007.0,road_closed,,,2,A,flash,1,Emergency manager reports 160th St in the Springbrook State Park area is closed due to water over the road.,,2024-05-20,2024-05-22,Black Hawk; Boone; Bremer; Butler; Franklin; Grundy; Guthrie; Hancock; Hardin; Jasper; Kossuth; Marshall; Poweshiek; Story; Tama
8af3b14a-6a62-5079-bcac-361210af3807,191762_0,1183328.0,noaa,noaa_narrative,NOAA StormEvents EVENT_ID 1183328,,2024-05-21,2024-05-21,day,"Tama County, IA",,42.01,-92.72,event_point,19171,7080208.0,road_closed,,,2,A,flash,1,C Ave north of US 30 closed due to flooding.,,2024-05-20,2024-05-22,Black Hawk; Boone; Bremer; Butler; Franklin; Grundy; Guthrie; Hancock; Hardin; Jasper; Kossuth; Marshall; Poweshiek; Story; Tama
914171ea-89b2-5849-8598-05161d32d885,191762_0,1183332.0,noaa,noaa_narrative,NOAA StormEvents EVENT_ID 1183332,,2024-05-21,2024-05-21,day,"Tama County, IA",T47,41.95,-92.71,event_point,19171,7080208.0,road_closed,,,2,A,flash,1,Hwy T47 closed south of Montour due to water flowing over the road.,,2024-05-20,2024-05-22,Black Hawk; Boone; Bremer; Butler; Franklin; Grundy; Guthrie; Hancock; Hardin; Jasper; Kossuth; Marshall; Poweshiek; Story; Tama
fee54158-b166-5ef3-b8ea-a1afb8062270,191762_0,1183335.0,noaa,noaa_narrative,NOAA StormEvents EVENT_ID 1183335,,2024-05-21,2024-05-21,day,"Hardin County, IA",,42.52,-93.38,event_point,19083,7080207.0,road_closed,,,2,A,flash,1,Road closed due to water flowing over the road.,,2024-05-20,2024-05-22,Black Hawk; Boone; Bremer; Butler; Franklin; Grundy; Guthrie; Hancock; Hardin; Jasper; Kossuth; Marshall; Poweshiek; Story; Tama
739ad27a-6500-5482-a40b-65ce80f8ffbe,191762_0,1183342.0,noaa,noaa_narrative,NOAA StormEvents EVENT_ID 1183342,,2024-05-21,2024-05-21,day,"Grundy County, IA",,42.4864,-92.9828,event_point,19075,7080205.0,road_closed,,,2,A,flash,1,An increasing number of county roads across the county are becoming impassable due to flash flooding.,,2024-05-20,2024-05-22,Black Hawk; Boone; Bremer; Butler; Franklin; Grundy; Guthrie; Hancock; Hardin; Jasper; Kossuth; Marshall; Poweshiek; Story; Tama
a704adda-53b5-5905-b276-5b55f45d600d,191762_0,1183343.0,noaa,noaa_narrative,NOAA StormEvents EVENT_ID 1183343,,2024-05-21,2024-05-21,day,"Butler County, IA",T19; T25,42.5754,-92.8468,event_point,19023,7080205.0,road_closed,,,2,A,flash,1,IA 57 closed between Co Hwy T19 and T25 due to water over the road.,,2024-05-20,2024-05-22,Black Hawk; Boone; Bremer; Butler; Franklin; Grundy; Guthrie; Hancock; Hardin; Jasper; Kossuth; Marshall; Poweshiek; Story; Tama
d4be3ecd-3afb-55bb-897b-4ed168e6d551,191762_0,1183383.0,noaa,noaa_narrative,NOAA StormEvents EVENT_ID 1183383,,2024-05-21,2024-05-22,day,"Butler County, IA",,42.6771,-92.9968,event_point,19023,7080204.0,road_closed,17.0,road,2,A,river,1,County emergency management reports 17 road closures across southern Butler county due to water over roadways.,,2024-05-20,2024-05-22,Black Hawk; Boone; Bremer; Butler; Franklin; Grundy; Guthrie; Hancock; Hardin; Jasper; Kossuth; Marshall; Poweshiek; Story; Tama
021b8173-4908-505e-be23-ba932185af2a,191762_0,1183385.0,noaa,noaa_narrative,NOAA StormEvents EVENT_ID 1183385,,2024-05-21,2024-05-22,day,"Jasper County, IA",,41.7,-93.17,event_point,19099,7080105.0,road_closed,,,2,A,river,1,Road closed due to two feet of water flowing over the road.,,2024-05-20,2024-05-22,Black Hawk; Boone; Bremer; Butler; Franklin; Grundy; Guthrie; Hancock; Hardin; Jasper; Kossuth; Marshall; Poweshiek; Story; Tama
a98f59f8-78f3-5ad7-9fb4-cf7b7b44dd71,191762_0,1183388.0,noaa,noaa_narrative,NOAA StormEvents EVENT_ID 1183388,,2024-05-21,2024-05-22,day,"Marshall County, IA",E41,42.0309,-93.0034,event_point,19127,7080208.0,road_closed,,,2,A,river,1,Iowa 300 closed at County Highway E41 dues to water over the road.,,2024-05-20,2024-05-22,Black Hawk; Boone; Bremer; Butler; Franklin; Grundy; Guthrie; Hancock; Hardin; Jasper; Kossuth; Marshall; Poweshiek; Story; Tama
127277ca-4580-5493-b5bd-e3e0d0e36262,191762_0,1183400.0,noaa,noaa_narrative,NOAA StormEvents EVENT_ID 1183400,,2024-05-21,2024-05-22,day,"Hancock County, IA",,43.22,-93.93,event_point,19081,7100003.0,road_closed,,,2,A,river,1,Road closed due to water over the roads along with washouts on gravel roads.,,2024-05-20,2024-05-22,Black Hawk; Boone; Bremer; Butler; Franklin; Grundy; Guthrie; Hancock; Hardin; Jasper; Kossuth; Marshall; Poweshiek; Story; Tama
0b5f7e4b-7c69-5f17-913e-1ac1acc1c81d,191762_0,1183401.0,noaa,noaa_narrative,NOAA StormEvents EVENT_ID 1183401,,2024-05-21,2024-05-22,day,"Kossuth County, IA",,43.1035,-94.0164,event_point,19109,7100005.0,road_closed,,,2,A,river,1,Many roads closed.,,2024-05-20,2024-05-22,Black Hawk; Boone; Bremer; Butler; Franklin; Grundy; Guthrie; Hancock; Hardin; Jasper; Kossuth; Marshall; Poweshiek; Story; Tama
adf522d1-b57e-5da9-a781-7026db8e04b8,191762_0,1183403.0,noaa,noaa_narrative,NOAA StormEvents EVENT_ID 1183403,,2024-05-21,2024-05-22,day,"Kossuth County, IA",,43.1131,-94.4071,event_point,19109,7100003.0,road_closed,,,2,A,river,1,Approximately 20 secondary roads closed in the county due to water over the road.,,2024-05-20,2024-05-22,Black Hawk; Boone; Bremer; Butler; Franklin; Grundy; Guthrie; Hancock; Hardin; Jasper; Kossuth; Marshall; Poweshiek; Story; Tama
c5e66cf7-d055-58b6-af53-c8572f002d77,191762_0,1183415.0,noaa,noaa_narrative,NOAA StormEvents EVENT_ID 1183415,,2024-05-21,2024-05-22,day,"Poweshiek County, IA",,41.7313,-92.3175,event_point,19157,7080208.0,road_closed,,,2,A,river,1,Approximately 10 secondary road closures due to water over the road in northern parts of the county.,,2024-05-20,2024-05-22,Black Hawk; Boone; Bremer; Butler; Franklin; Grundy; Guthrie; Hancock; Hardin; Jasper; Kossuth; Marshall; Poweshiek; Story; Tama
4e9127d2-8c3d-5e94-a2a9-15ad164d41c0,191762_0,1183418.0,noaa,noaa_narrative,NOAA StormEvents EVENT_ID 1183418,,2024-05-21,2024-05-22,day,"Marshall County, IA",,41.946,-92.8705,event_point,19127,7080208.0,road_closed,,,2,A,river,1,Several roads closed due to water over the roads.,,2024-05-20,2024-05-22,Black Hawk; Boone; Bremer; Butler; Franklin; Grundy; Guthrie; Hancock; Hardin; Jasper; Kossuth; Marshall; Poweshiek; Story; Tama
159b0791-2244-568a-bb57-ceee700ef6da,191762_0,1183838.0,noaa,noaa_narrative,NOAA StormEvents EVENT_ID 1183838,,2024-05-21,2024-05-22,day,"Black Hawk County, IA",,42.4499,-92.4178,event_point,19013,7080205.0,road_closed,,,2,A,river,1,Report of street flooding and road closed with stranded vehicles.,,2024-05-20,2024-05-22,Black Hawk; Boone; Bremer; Butler; Franklin; Grundy; Guthrie; Hancock; Hardin; Jasper; Kossuth; Marshall; Poweshiek; Story; Tama
56a22961-371a-55ce-b24d-0138ff219d36,191762_0,,news,agency_web,https://weather.gov/dmx/2024-May-21-Iowa-TornadoesWindsFlooding,,2024-05-21,2024-05-22,range,"Jasper County, IA","local, county, state and federal roads across central Iowa",41.62831,-93.08098,county_centroid,19099,,road_closed,75.0,road closures,2,C,flash,1,"Approximately 75-100 road closures from local, county, state and federal roads with some road washouts, mainly on gravel.","Regional count, 75 to 100 closures; anchored to Jasper County epicenter",2024-05-20,2024-05-22,Black Hawk; Boone; Bremer; Butler; Franklin; Grundy; Guthrie; Hancock; Hardin; Jasper; Kossuth; Marshall; Poweshiek; Story; Tama
3f680d57-273c-5506-af66-3d9d9ffffb2b,191762_0,1183243.0,noaa,noaa_narrative,NOAA StormEvents EVENT_ID 1183243,,2024-05-21,2024-05-21,day,"Boone County, IA",,41.9905,-93.8875,event_point,19015,7100004.0,road_flooded,,,1,A,flash,1,Canyon road impassable due to water over the road.,,2024-05-20,2024-05-22,Black Hawk; Boone; Bremer; Butler; Franklin; Grundy; Guthrie; Hancock; Hardin; Jasper; Kossuth; Marshall; Poweshiek; Story; Tama
a5312e38-c237-5cef-9502-64faa1d132a1,191762_0,1183247.0,noaa,noaa_narrative,NOAA StormEvents EVENT_ID 1183247,,2024-05-21,2024-05-22,day,"Hancock County, IA",220th Street,43.08,-93.81,event_point,19081,7100005.0,road_flooded,,,1,A,river,1,Water on the road on 220th Street south Britt.,,2024-05-20,2024-05-22,Black Hawk; Boone; Bremer; Butler; Franklin; Grundy; Guthrie; Hancock; Hardin; Jasper; Kossuth; Marshall; Poweshiek; Story; Tama
f7ed06d4-204d-5853-8a8c-d03e61586e66,191762_0,1183260.0,noaa,noaa_narrative,NOAA StormEvents EVENT_ID 1183260,,2024-05-21,2024-05-21,day,"Guthrie County, IA",,41.72,-94.37,event_point,19077,7100007.0,road_flooded,,,1,A,flash,1,Washed out gravel roads and road closures due to water over the road in the area.,,2024-05-20,2024-05-22,Black Hawk; Boone; Bremer; Butler; Franklin; Grundy; Guthrie; Hancock; Hardin; Jasper; Kossuth; Marshall; Poweshiek; Story; Tama
14ea8ef4-6d28-52b9-a08d-a02cbedfd3b1,191762_0,1183263.0,noaa,noaa_narrative,NOAA StormEvents EVENT_ID 1183263,,2024-05-21,2024-05-21,day,"Guthrie County, IA",160th St,41.78,-94.48,event_point,19077,7100007.0,road_flooded,,,1,A,flash,1,Emergency manager reports 160th St in the Springbrook State Park area is closed due to water over the road.,,2024-05-20,2024-05-22,Black Hawk; Boone; Bremer; Butler; Franklin; Grundy; Guthrie; Hancock; Hardin; Jasper; Kossuth; Marshall; Poweshiek; Story; Tama
cc74818e-8edf-5444-b544-be6fabdd9e14,191762_0,1183300.0,noaa,noaa_narrative,NOAA StormEvents EVENT_ID 1183300,,2024-05-21,2024-05-21,day,"Jasper County, IA",,41.72,-92.9,event_point,19099,7080106.0,road_flooded,,,1,A,flash,1,Water over the road on IA 224 just north of Kellogg.,,2024-05-20,2024-05-22,Black Hawk; Boone; Bremer; Butler; Franklin; Grundy; Guthrie; Hancock; Hardin; Jasper; Kossuth; Marshall; Poweshiek; Story; Tama
596ecbac-e042-5965-a7d3-602b52164cbe,191762_0,1183308.0,noaa,noaa_narrative,NOAA StormEvents EVENT_ID 1183308,,2024-05-21,2024-05-21,day,"Tama County, IA",,41.92,-92.58,event_point,19171,7080208.0,road_flooded,,,1,A,flash,1,Multiple reports of water over road in southern part of the county.,,2024-05-20,2024-05-22,Black Hawk; Boone; Bremer; Butler; Franklin; Grundy; Guthrie; Hancock; Hardin; Jasper; Kossuth; Marshall; Poweshiek; Story; Tama
a894f831-04d2-59ef-88e2-60dd2a7ede25,191762_0,1183310.0,noaa,noaa_narrative,NOAA StormEvents EVENT_ID 1183310,,2024-05-21,2024-05-21,day,"Tama County, IA",Battleground Rd; Meskwaki Rd,41.97,-92.63,event_point,19171,7080208.0,road_flooded,,,1,A,flash,1,"Water running over roads and vehicles stranded in flood waters across portions of the Meskwaki Nation Settlement including Battleground Rd near the PowWow Grounds, Meskwaki Rd at Battleground Rd and G Ave South.",,2024-05-20,2024-05-22,Black Hawk; Boone; Bremer; Butler; Franklin; Grundy; Guthrie; Hancock; Hardin; Jasper; Kossuth; Marshall; Poweshiek; Story; Tama
975fdcfe-6734-57e2-bb32-e6d092679d18,191762_0,1183332.0,noaa,noaa_narrative,NOAA StormEvents EVENT_ID 1183332,,2024-05-21,2024-05-21,day,"Tama County, IA",T47,41.95,-92.71,event_point,19171,7080208.0,road_flooded,,,1,A,flash,1,Hwy T47 closed south of Montour due to water flowing over the road.,,2024-05-20,2024-05-22,Black Hawk; Boone; Bremer; Butler; Franklin; Grundy; Guthrie; Hancock; Hardin; Jasper; Kossuth; Marshall; Poweshiek; Story; Tama
d702b4c6-c363-5085-862c-4ccc8b1b45eb,191762_0,1183335.0,noaa,noaa_narrative,NOAA StormEvents EVENT_ID 1183335,,2024-05-21,2024-05-21,day,"Hardin County, IA",,42.52,-93.38,event_point,19083,7080207.0,road_flooded,,,1,A,flash,1,Road closed due to water flowing over the road.,,2024-05-20,2024-05-22,Black Hawk; Boone; Bremer; Butler; Franklin; Grundy; Guthrie; Hancock; Hardin; Jasper; Kossuth; Marshall; Poweshiek; Story; Tama
efece210-eda3-5cda-b6dc-f752cca3098b,191762_0,1183337.0,noaa,noaa_narrative,NOAA StormEvents EVENT_ID 1183337,,2024-05-21,2024-05-21,day,"Jasper County, IA",100th St; 51st Ave,41.75,-93.23,event_point,19099,7080105.0,road_flooded,,,1,A,flash,1,Water over gravel road intersection of N 51st Ave and W 100th St.,,2024-05-20,2024-05-22,Black Hawk; Boone; Bremer; Butler; Franklin; Grundy; Guthrie; Hancock; Hardin; Jasper; Kossuth; Marshall; Poweshiek; Story; Tama
d477d5a3-0ec4-589e-b3dd-7158fa9b4dfb,191762_0,1183339.0,noaa,noaa_narrative,NOAA StormEvents EVENT_ID 1183339,,2024-05-21,2024-05-21,day,"Hardin County, IA",130th Street,42.5139,-93.2426,event_point,19083,7080207.0,road_flooded,,,1,A,flash,1,Water is covering 130th Street east of town.,,2024-05-20,2024-05-22,Black Hawk; Boone; Bremer; Butler; Franklin; Grundy; Guthrie; Hancock; Hardin; Jasper; Kossuth; Marshall; Poweshiek; Story; Tama
5ff7caab-381b-583e-b597-da27a27327ba,191762_0,1183342.0,noaa,noaa_narrative,NOAA StormEvents EVENT_ID 1183342,,2024-05-21,2024-05-21,day,"Grundy County, IA",,42.4864,-92.9828,event_point,19075,7080205.0,road_flooded,,,1,A,flash,1,An increasing number of county roads across the county are becoming impassable due to flash flooding.,,2024-05-20,2024-05-22,Black Hawk; Boone; Bremer; Butler; Franklin; Grundy; Guthrie; Hancock; Hardin; Jasper; Kossuth; Marshall; Poweshiek; Story; Tama
af468b0a-e3fb-5e26-b4c7-a7e8d2a29fe1,191762_0,1183343.0,noaa,noaa_narrative,NOAA StormEvents EVENT_ID 1183343,,2024-05-21,2024-05-21,day,"Butler County, IA",T19; T25,42.5754,-92.8468,event_point,19023,7080205.0,road_flooded,,,1,A,flash,1,IA 57 closed between Co Hwy T19 and T25 due to water over the road.,,2024-05-20,2024-05-22,Black Hawk; Boone; Bremer; Butler; Franklin; Grundy; Guthrie; Hancock; Hardin; Jasper; Kossuth; Marshall; Poweshiek; Story; Tama
cd50834a-eb4e-51e5-a469-9e51af67e519,191762_0,1183345.0,noaa,noaa_narrative,NOAA StormEvents EVENT_ID 1183345,,2024-05-21,2024-05-21,day,"Butler County, IA",Main Street,42.5682,-92.6241,event_point,19023,7080205.0,road_flooded,,,1,A,flash,1,Main Street is covered with water.,,2024-05-20,2024-05-22,Black Hawk; Boone; Bremer; Butler; Franklin; Grundy; Guthrie; Hancock; Hardin; Jasper; Kossuth; Marshall; Poweshiek; Story; Tama
9f5b86ec-548c-5572-afa0-ab15d1034b32,191762_0,1183380.0,noaa,noaa_narrative,NOAA StormEvents EVENT_ID 1183380,,2024-05-21,2024-05-22,day,"Bremer County, IA",,42.64,-92.26,event_point,19017,7080102.0,road_flooded,,,1,A,river,1,Water is flowing over the road.,,2024-05-20,2024-05-22,Black Hawk; Boone; Bremer; Butler; Franklin; Grundy; Guthrie; Hancock; Hardin; Jasper; Kossuth; Marshall; Poweshiek; Story; Tama
531da68f-8337-5daf-8574-4bc6628826b4,191762_0,1183383.0,noaa,noaa_narrative,NOAA StormEvents EVENT_ID 1183383,,2024-05-21,2024-05-22,day,"Butler County, IA",,42.6771,-92.9968,event_point,19023,7080204.0,road_flooded,17.0,road,1,A,river,1,County emergency management reports 17 road closures across southern Butler county due to water over roadways.,,2024-05-20,2024-05-22,Black Hawk; Boone; Bremer; Butler; Franklin; Grundy; Guthrie; Hancock; Hardin; Jasper; Kossuth; Marshall; Poweshiek; Story; Tama
f448bc66-56b8-58ef-ba47-8609abb70db3,191762_0,1183385.0,noaa,noaa_narrative,NOAA StormEvents EVENT_ID 1183385,,2024-05-21,2024-05-22,day,"Jasper County, IA",,41.7,-93.17,event_point,19099,7080105.0,road_flooded,,,1,A,river,1,Road closed due to two feet of water flowing over the road.,,2024-05-20,2024-05-22,Black Hawk; Boone; Bremer; Butler; Franklin; Grundy; Guthrie; Hancock; Hardin; Jasper; Kossuth; Marshall; Poweshiek; Story; Tama
5f080279-0a0a-5571-99dd-d69ef0358ddb,191762_0,1183388.0,noaa,noaa_narrative,NOAA StormEvents EVENT_ID 1183388,,2024-05-21,2024-05-22,day,"Marshall County, IA",E41,42.0309,-93.0034,event_point,19127,7080208.0,road_flooded,,,1,A,river,1,Iowa 300 closed at County Highway E41 dues to water over the road.,,2024-05-20,2024-05-22,Black Hawk; Boone; Bremer; Butler; Franklin; Grundy; Guthrie; Hancock; Hardin; Jasper; Kossuth; Marshall; Poweshiek; Story; Tama
70104cc4-3e80-59c4-90b0-3130c50d4ca8,191762_0,1183396.0,noaa,noaa_narrative,NOAA StormEvents EVENT_ID 1183396,,2024-05-21,2024-05-22,day,"Butler County, IA",,42.5699,-92.8492,event_point,19023,7080205.0,road_flooded,,,1,A,river,1,Water covering the roadway.,,2024-05-20,2024-05-22,Black Hawk; Boone; Bremer; Butler; Franklin; Grundy; Guthrie; Hancock; Hardin; Jasper; Kossuth; Marshall; Poweshiek; Story; Tama
d4b8650f-c1b2-5144-9035-e95338e746d1,191762_0,1183397.0,noaa,noaa_narrative,NOAA StormEvents EVENT_ID 1183397,,2024-05-21,2024-05-22,day,"Story County, IA",,41.9105,-93.3409,event_point,19169,7080105.0,road_flooded,,,1,A,river,2,Water over streets in town with fields draining of water.,,2024-05-20,2024-05-22,Black Hawk; Boone; Bremer; Butler; Franklin; Grundy; Guthrie; Hancock; Hardin; Jasper; Kossuth; Marshall; Poweshiek; Story; Tama
e5af3c69-9907-5033-881e-8f35e1df2c39,191762_0,1183400.0,noaa,noaa_narrative,NOAA StormEvents EVENT_ID 1183400,,2024-05-21,2024-05-22,day,"Hancock County, IA",,43.22,-93.93,event_point,19081,7100003.0,road_flooded,,,1,A,river,1,Road closed due to water over the roads along with washouts on gravel roads.,,2024-05-20,2024-05-22,Black Hawk; Boone; Bremer; Butler; Franklin; Grundy; Guthrie; Hancock; Hardin; Jasper; Kossuth; Marshall; Poweshiek; Story; Tama
d11242ca-1cc0-50ca-acb5-11bfe06ba4e9,191762_0,1183401.0,noaa,noaa_narrative,NOAA StormEvents EVENT_ID 1183401,,2024-05-21,2024-05-22,day,"Kossuth County, IA",,43.1035,-94.0164,event_point,19109,7100005.0,road_flooded,,,1,A,river,1,"Several roads, homes, and buildings flooded.",,2024-05-20,2024-05-22,Black Hawk; Boone; Bremer; Butler; Franklin; Grundy; Guthrie; Hancock; Hardin; Jasper; Kossuth; Marshall; Poweshiek; Story; Tama
7c497760-89de-5bdf-be54-af0362967f3e,191762_0,1183403.0,noaa,noaa_narrative,NOAA StormEvents EVENT_ID 1183403,,2024-05-21,2024-05-22,day,"Kossuth County, IA",,43.1131,-94.4071,event_point,19109,7100003.0,road_flooded,,,1,A,river,1,Approximately 20 secondary roads closed in the county due to water over the road.,,2024-05-20,2024-05-22,Black Hawk; Boone; Bremer; Butler; Franklin; Grundy; Guthrie; Hancock; Hardin; Jasper; Kossuth; Marshall; Poweshiek; Story; Tama
977f4858-edad-5d1e-b828-704aaa486995,191762_0,1183415.0,noaa,noaa_narrative,NOAA StormEvents EVENT_ID 1183415,,2024-05-21,2024-05-22,day,"Poweshiek County, IA",,41.7313,-92.3175,event_point,19157,7080208.0,road_flooded,,,1,A,river,1,Approximately 10 secondary road closures due to water over the road in northern parts of the county.,,2024-05-20,2024-05-22,Black Hawk; Boone; Bremer; Butler; Franklin; Grundy; Guthrie; Hancock; Hardin; Jasper; Kossuth; Marshall; Poweshiek; Story; Tama
4ea82c1d-440f-5da5-93ca-f11d7f1b9682,191762_0,1183418.0,noaa,noaa_narrative,NOAA StormEvents EVENT_ID 1183418,,2024-05-21,2024-05-22,day,"Marshall County, IA",,41.946,-92.8705,event_point,19127,7080208.0,road_flooded,,,1,A,river,1,Several roads closed due to water over the roads.,,2024-05-20,2024-05-22,Black Hawk; Boone; Bremer; Butler; Franklin; Grundy; Guthrie; Hancock; Hardin; Jasper; Kossuth; Marshall; Poweshiek; Story; Tama
02a5a6de-3076-5d93-8179-d1ca7fc13795,191762_0,1183833.0,noaa,noaa_narrative,NOAA StormEvents EVENT_ID 1183833,,2024-05-21,2024-05-22,day,"Marshall County, IA",,42.024,-92.9971,event_point,19127,7080208.0,road_flooded,,,1,A,river,1,The road is blocked due to flooding.,,2024-05-20,2024-05-22,Black Hawk; Boone; Bremer; Butler; Franklin; Grundy; Guthrie; Hancock; Hardin; Jasper; Kossuth; Marshall; Poweshiek; Story; Tama
58a6f044-c0b9-5245-9113-b04020e9e0b6,191762_0,1183838.0,noaa,noaa_narrative,NOAA StormEvents EVENT_ID 1183838,,2024-05-21,2024-05-22,day,"Black Hawk County, IA",,42.4499,-92.4178,event_point,19013,7080205.0,road_flooded,,,1,A,river,1,Report of street flooding and road closed with stranded vehicles.,,2024-05-20,2024-05-22,Black Hawk; Boone; Bremer; Butler; Franklin; Grundy; Guthrie; Hancock; Hardin; Jasper; Kossuth; Marshall; Poweshiek; Story; Tama
8d28defb-d07d-5831-ae49-400f1a653fde,192209_0,1185180.0,noaa,noaa_narrative,NOAA StormEvents EVENT_ID 1185180,,2024-05-21,2024-05-29,day,"Tama County, IA",E49,42.0,-92.77,event_point,19171,7080208.0,river_overbank,,,0,A,river,1,The Iowa River at Tama Highway E49 crested at 13.69 ft on May 24 at 5:30 am CDT.,,2024-05-21,2024-05-29,Black Hawk; Butler; Kossuth; Marshall; Polk; Tama; Webster
764ef25e-fc6e-5a6c-93c6-0f63708df614,192209_0,1185182.0,noaa,noaa_narrative,NOAA StormEvents EVENT_ID 1185182,,2024-05-21,2024-05-23,day,"Kossuth County, IA",,42.88,-94.15,event_point,19109,7100003.0,river_overbank,,,0,A,river,1,The East Fork Des Moines River at Algona crested at 17.64 ft on May 22 at 9:15 am CDT.,,2024-05-21,2024-05-29,Black Hawk; Butler; Kossuth; Marshall; Polk; Tama; Webster
c7ecdeae-6e55-5004-b556-fb41ca66ac68,191762_0,1183420.0,noaa,noaa_narrative,NOAA StormEvents EVENT_ID 1183420,,2024-05-22,2024-05-22,day,"Butler County, IA",,42.58,-92.8,event_point,19023,7080205.0,road_closed,,,2,A,river,1,Iowa DOT reports IA 57 east bound at IA 14 closed due to water over the road.,,2024-05-20,2024-05-22,Black Hawk; Boone; Bremer; Butler; Franklin; Grundy; Guthrie; Hancock; Hardin; Jasper; Kossuth; Marshall; Poweshiek; Story; Tama
e5fb6c39-4280-54a9-b16b-cca528ddb774,191762_0,1183420.0,noaa,noaa_narrative,NOAA StormEvents EVENT_ID 1183420,,2024-05-22,2024-05-22,day,"Butler County, IA",,42.58,-92.8,event_point,19023,7080205.0,road_flooded,,,1,A,river,1,Iowa DOT reports IA 57 east bound at IA 14 closed due to water over the road.,,2024-05-20,2024-05-22,Black Hawk; Boone; Bremer; Butler; Franklin; Grundy; Guthrie; Hancock; Hardin; Jasper; Kossuth; Marshall; Poweshiek; Story; Tama
97e406ac-561f-50ad-ba30-cd864cc57af6,192209_0,1185167.0,noaa,noaa_narrative,NOAA StormEvents EVENT_ID 1185167,,2024-05-22,2024-05-23,day,"Butler County, IA",,42.56,-92.49,event_point,19023,7080205.0,river_overbank,,,0,A,river,1,Beaver Creek at New Hartford crested at 12.86 ft on May 22 at 8:45 pm CDT.,,2024-05-21,2024-05-29,Black Hawk; Butler; Kossuth; Marshall; Polk; Tama; Webster
2ceb4363-81ec-5fda-b886-8f1d60cd9648,192209_0,1185170.0,noaa,noaa_narrative,NOAA StormEvents EVENT_ID 1185170,,2024-05-22,2024-05-24,day,"Black Hawk County, IA",,42.48,-92.28,event_point,19013,7080205.0,river_overbank,,,0,A,river,1,Black Hawk Creek at Hudson crested at 15.54 ft on May 22 at 6:15 pm CDT.,,2024-05-21,2024-05-29,Black Hawk; Butler; Kossuth; Marshall; Polk; Tama; Webster
964cc636-89f8-5067-af13-ad8e7a125efa,192209_0,1185176.0,noaa,noaa_narrative,NOAA StormEvents EVENT_ID 1185176,,2024-05-22,2024-05-24,day,"Marshall County, IA",,42.04,-92.97,event_point,19127,7080208.0,river_overbank,,,0,A,river,1,The Iowa River at Marshalltown crested at 20.0 ft on May 23 at 5:45 am CDT.,,2024-05-21,2024-05-29,Black Hawk; Butler; Kossuth; Marshall; Polk; Tama; Webster
79fe65dd-e113-56e1-80f5-3de939f6efdc,192209_0,1185178.0,noaa,noaa_narrative,NOAA StormEvents EVENT_ID 1185178,,2024-05-22,2024-05-25,day,"Black Hawk County, IA",,42.56,-92.38,event_point,19013,7080205.0,river_overbank,,,0,A,river,1,The Cedar River at Cedar Falls crested at 91.16 feet on May 23 at 10:45 am CDT.,,2024-05-21,2024-05-29,Black Hawk; Butler; Kossuth; Marshall; Polk; Tama; Webster
231479bf-b7d6-57cd-b08c-672c3212b1f7,192209_0,1185183.0,noaa,noaa_narrative,NOAA StormEvents EVENT_ID 1185183,,2024-05-22,2024-05-23,day,"Polk County, IA",Fleur Drive,41.57,-93.61,event_point,19153,7100004.0,river_overbank,,,0,A,river,1,The Raccoon River at Fleur Drive crested at 14.05 ft on May 22 at 2:00 pm CDT.,,2024-05-21,2024-05-29,Black Hawk; Butler; Kossuth; Marshall; Polk; Tama; Webster
51ce7e84-2b59-527e-a6ae-855b2b35c7b2,192209_0,1185610.0,noaa,noaa_narrative,NOAA StormEvents EVENT_ID 1185610,,2024-05-22,2024-05-24,day,"Polk County, IA",Southeast 6th St,41.59,-93.56,event_point,19153,7100004.0,river_overbank,,,0,A,river,1,The Des Moines River at Southeast 6th St crested at 25.22 ft on May 22 at 5:45 pm CDT.,,2024-05-21,2024-05-29,Black Hawk; Butler; Kossuth; Marshall; Polk; Tama; Webster
8f673e72-161d-5ed8-a885-022592c34458,192209_0,1185171.0,noaa,noaa_narrative,NOAA StormEvents EVENT_ID 1185171,,2024-05-23,2024-05-24,day,"Black Hawk County, IA",,42.56,-92.38,event_point,19013,7080205.0,river_overbank,,,0,A,river,1,The Cedar River at Waterloo crested at 13.34 ft on May 23 at 3:00 pm CDT.,,2024-05-21,2024-05-29,Black Hawk; Butler; Kossuth; Marshall; Polk; Tama; Webster
10ccd1ab-3542-550f-877e-c98abca931c7,192209_0,1185181.0,noaa,noaa_narrative,NOAA StormEvents EVENT_ID 1185181,,2024-05-23,2024-05-24,day,"Webster County, IA",,42.42,-94.21,event_point,19187,7100004.0,river_overbank,,,0,A,river,1,The Des Moines River at Fort Dodge crested at 11.02 ft on May 23 at 5:45 pm CDT.,,2024-05-21,2024-05-29,Black Hawk; Butler; Kossuth; Marshall; Polk; Tama; Webster
e967d1b9-7062-5f83-8f24-2e73e7920720,192209_0,1185184.0,noaa,noaa_narrative,NOAA StormEvents EVENT_ID 1185184,,2024-05-24,2024-05-24,day,"Polk County, IA",Fleur Drive,41.57,-93.61,event_point,19153,7100004.0,river_overbank,,,0,A,river,1,The Raccoon River at Fleur Drive crested at 12.14 ft on May 24 at 10:00 am CDT.,,2024-05-21,2024-05-29,Black Hawk; Butler; Kossuth; Marshall; Polk; Tama; Webster
e242ab54-35ed-5c18-b313-4ab97127995b,192209_1,1185186.0,noaa,noaa_narrative,NOAA StormEvents EVENT_ID 1185186,,2024-05-24,2024-05-25,day,"Emmet County, IA",,43.26,-94.83,event_point,19063,7100002.0,river_overbank,,,0,A,river,1,The West Fork Des Moines River at Estherville crested at 10.96 ft on May 25 at 5:45 am CDT.,,2024-05-24,2024-05-25,Emmet
55ece10e-0185-596d-8909-c9bba4d7060e,190511_0,1171084.0,noaa,noaa_narrative,NOAA StormEvents EVENT_ID 1171084,,2024-05-31,2024-05-31,day,"O'Brien County, IA",310th St; Nest Ave,43.3121,-95.8803,event_point,19141,10230002.0,road_flooded,,,1,A,river,1,This included water over the road near the intersection of Nest Ave and 310th St.,,2024-05-31,2024-05-31,O'Brien
e12c73af-38d2-57aa-86b2-ae2927fca8ca,192828_0,1190575.0,noaa,noaa_narrative,NOAA StormEvents EVENT_ID 1190575,,2024-06-03,2024-06-03,day,"Allamakee County, IA",,43.3605,-91.2384,event_point,19005,7060001.0,river_overbank,,,0,A,flash,1,Clear Creek was also reported to be out of its banks.,,2024-06-03,2024-06-03,Allamakee
587e4964-2712-554e-9d78-47cc239b215a,192942_0,1191065.0,noaa,noaa_narrative,NOAA StormEvents EVENT_ID 1191065,,2024-06-03,2024-06-03,day,"Dubuque County, IA",,42.5222,-90.7006,event_point,19061,7060005.0,home_flooded,,,2,A,flash,1,Reports of basement flooding in the neighborhood.,,2024-06-03,2024-06-03,Dubuque
edad54bc-e5fd-5c3b-8242-a75f7a402ce4,192942_0,,news,local_news,https://cbs2iowa.com/news/local/flash-flooding-occurring-around-dubuque-county-avoid-flooded-roads,2024-06-03,2024-06-03,2024-06-03,day,"Dubuque, Dubuque County, IA",NW Arterial & Dodge/US20,42.4989,-90.70726,place_centroid,19061,,infrastructure,,,2,A,flash,1,Traffic signals are down at the NW Arterial & Dodge/US20,Reported within flash-flood coverage; KCRG additionally reported downed power lines and displaced manhole covers during the same event.,2024-06-03,2024-06-03,Dubuque
d40f0fb5-2168-552e-9832-276152f75e4d,192942_0,,news,local_news,https://www.kcrg.com/2024/06/03/watch-flash-flooding-hits-dubuque-streets/,2024-06-03,2024-06-03,2024-06-03,day,"Dubuque, Dubuque County, IA","city streets, Dubuque",42.4989,-90.70726,place_centroid,19061,,other,,,2,A,flash,1,Numerous vehicles are already stranded,Vehicles stranded in floodwaters; same wording corroborated by CBS2.,2024-06-03,2024-06-03,Dubuque
231ed263-4f41-5257-99dc-c3b2e1789697,192942_0,1191068.0,noaa,noaa_narrative,NOAA StormEvents EVENT_ID 1191068,,2024-06-03,2024-06-03,day,"Dubuque County, IA",,42.4625,-90.6836,event_point,19061,7060005.0,rescue,,,2,A,flash,1,"Report gathered from mping indicating flash flooding over the roads, resulting in road closures and stranded vehicles.",,2024-06-03,2024-06-03,Dubuque
1ba77606-6fef-5660-8f6d-18c61a36cd19,192942_0,1191064.0,noaa,noaa_narrative,NOAA StormEvents EVENT_ID 1191064,,2024-06-03,2024-06-03,day,"Dubuque County, IA",,42.5097,-90.7642,event_point,19061,7060003.0,river_overbank,,,0,A,flash,1,"Area estimated from report received, where the creeks and streams between Asbury and Durango were out of their banks.",,2024-06-03,2024-06-03,Dubuque
adfd05e2-a61a-549d-88cd-679dc54b0a60,192942_0,1191067.0,noaa,noaa_narrative,NOAA StormEvents EVENT_ID 1191067,,2024-06-03,2024-06-03,day,"Dubuque County, IA",,42.5043,-90.6621,event_point,19061,7060005.0,road_closed,,,2,A,flash,1,"Report gathered from mping indicating street flooding, with road closures and vehicles stranded in the water.",,2024-06-03,2024-06-03,Dubuque
b55638e9-6e74-51d4-8aea-f6b8effd9eb0,192942_0,1191068.0,noaa,noaa_narrative,NOAA StormEvents EVENT_ID 1191068,,2024-06-03,2024-06-03,day,"Dubuque County, IA",,42.4625,-90.6836,event_point,19061,7060005.0,road_closed,,,2,A,flash,1,"Report gathered from mping indicating flash flooding over the roads, resulting in road closures and stranded vehicles.",,2024-06-03,2024-06-03,Dubuque
1932f448-58b6-5d15-88af-1d1716b9c1de,192942_0,,news,local_news,https://www.kwwl.com/news/dubuque/flash-flooding-in-dubuque-results-in-road-closures/article_a67bb888-21f3-11ef-852b-f7efde842081.html,,2024-06-03,2024-06-03,day,"Dubuque, Dubuque County, IA",several road closures in Dubuque,42.4989,-90.70726,place_centroid,19061,,road_closed,,,2,B,flash,1,Flash flooding in Dubuque is resulting in several road closures,"KWWL page undated; date anchored to June 3, 2024 event corroborated by dated KCRG and CBS2 same-event coverage.",2024-06-03,2024-06-03,Dubuque
9f16f346-cd8e-513d-9bea-fadc11f74221,192942_0,1191067.0,noaa,noaa_narrative,NOAA StormEvents EVENT_ID 1191067,,2024-06-03,2024-06-03,day,"Dubuque County, IA",,42.5043,-90.6621,event_point,19061,7060005.0,road_flooded,,,1,A,flash,1,"Report gathered from mping indicating street flooding, with road closures and vehicles stranded in the water.",,2024-06-03,2024-06-03,Dubuque
1b847bcd-2a2a-51a4-a438-208f360eab49,192942_0,,news,local_news,https://cbs2iowa.com/news/local/flash-flooding-occurring-around-dubuque-county-avoid-flooded-roads,2024-06-03,2024-06-03,2024-06-03,day,"Dubuque, Dubuque County, IA","lower Kaufmann Avenue, Locust Street, JFK Rd., 11th & Elm, 12th & Elm, 10th & Washington, Rosedale, Key Way, and Keymeer Drive",42.4989,-90.70726,place_centroid,19061,,road_flooded,9.0,streets,2,A,flash,1,"Staff are responding to lower Kaufmann Avenue, Locust Street, JFK Rd., 11th & Elm, 12th & Elm, 10th & Washington, Rosedale, Key Way, and Keymeer Drive",Article says list is to name just a few; 2-3 inches of rain in 60-90 minutes; KCRG also reported flooding at Key Way Drive and Hillcrest Road.,2024-06-03,2024-06-03,Dubuque
3a4fceea-0a34-514b-b1ba-e76f01c46d16,192874_0,1193469.0,noaa,noaa_narrative,NOAA StormEvents EVENT_ID 1193469,,2024-06-04,2024-06-04,day,"Kossuth County, IA",,43.0902,-94.2514,event_point,19109,7100003.0,road_closed,,,2,A,flash,1,Reports of road closures in town due to flooding and standing water.,,2024-06-04,2024-06-04,Kossuth
a84b6f61-4c95-5190-8051-d393bc6bf8bd,192874_0,1193469.0,noaa,noaa_narrative,NOAA StormEvents EVENT_ID 1193469,,2024-06-04,2024-06-04,day,"Kossuth County, IA",,43.0902,-94.2514,event_point,19109,7100003.0,road_flooded,,,1,A,flash,2,Reports of road closures in town due to flooding and standing water.,,2024-06-04,2024-06-04,Kossuth
ea499c6a-8c52-5db9-ad11-8267d8e85ba6,193917_0,1198302.0,noaa,noaa_narrative,NOAA StormEvents EVENT_ID 1198302,,2024-06-12,2024-06-12,day,"Harrison County, IA",,41.8525,-95.9742,event_point,19085,10230001.0,agriculture,,,1,A,flash,1,Emergency Management relayed a delayed report of severe crop damage and crop fields washed out.,,2024-06-12,2024-06-12,Harrison
7438574a-2eb6-51db-86f0-fd0f72ac005d,193917_0,1198302.0,noaa,noaa_narrative,NOAA StormEvents EVENT_ID 1198302,,2024-06-12,2024-06-12,day,"Harrison County, IA",,41.8525,-95.9742,event_point,19085,10230001.0,road_flooded,,,1,A,flash,1,Department of Secondary Roads had crews out the following day fixing damage to county roads from the flood.,,2024-06-12,2024-06-12,Harrison
4950978d-dfe1-5e86-9f24-7e546c4cd895,192935_0,1190940.0,noaa,noaa_narrative,NOAA StormEvents EVENT_ID 1190940,,2024-06-15,2024-06-15,day,"Dickinson County, IA",,43.4207,-95.1129,event_point,19059,10230003.0,road_flooded,,,1,A,flash,1,Significant street flooding was reported in Spirit Lake.,,2024-06-15,2024-06-15,Dickinson
51675db3-a9f3-56c6-b1a4-8a8e13386c30,192821_0,,news,local_news,https://www.ktiv.com/2024/06/17/5-mph-rule-is-being-put-into-place-iowa-great-lakes/,2024-06-17,2024-06-17,2024-06-17,day,"Okoboji, Dickinson County, IA",West Lake Okoboji,43.38808,-95.13324,place_centroid,19059,,infrastructure,10.0,gallons per minute sewage,2,A,pluvial,1,about 10 gallons per minute of sewage flowed into West Lake Okoboji,"Sanitary sewer system overwhelmed by heavy rain/high water on Monday June 17, 2024, causing discharge into West Lake Okoboji.",2024-06-15,2024-06-30,Clay; Dickinson
f293ab19-fa12-506e-a778-5037f668a246,192821_0,,news,local_news,https://www.ktiv.com/2024/06/17/5-mph-rule-is-being-put-into-place-iowa-great-lakes/,2024-06-17,2024-06-17,2024-06-17,day,"Dickinson County, IA",all lakes in Dickinson County,43.35328,-95.10358,county_centroid,19059,,other,,,1,A,river,1,put a 5-mile-per-hour limit on all lakes in Dickinson County,"Emergency high-water 5 mph boating rule approved June 17, 2024 (effective 4 p.m. June 18) after weekend and Monday storms raised the Iowa Great Lakes; KTIV June 17, 2024.",2024-06-15,2024-06-30,Clay; Dickinson
243183e7-1b3b-5eed-b743-c2f1453c70e1,191899_0,1195645.0,noaa,noaa_narrative,NOAA StormEvents EVENT_ID 1195645,,2024-06-20,2024-06-25,day,"Sioux County, IA",,42.9171,-96.5259,event_point,19167,10170203.0,bridge_damaged,,,2,A,river,1,||Countless county roads and bridges were covered in water and damaged.,,2024-06-20,2024-06-30,Buena Vista; Cherokee; Clay; Dickinson; Ida; Lyon; O'Brien; Osceola; Plymouth; Sioux; Woodbury
83dbe959-8857-56c7-a326-d2f38de7b599,191899_0,1195645.0,noaa,noaa_narrative,NOAA StormEvents EVENT_ID 1195645,,2024-06-20,2024-06-25,day,"Sioux County, IA",,42.9171,-96.5259,event_point,19167,10170203.0,business_flooded,60.0,businesses,2,A,river,2,An estimated 60 businesses were impacted by flood water in Rock Valley and Hawarden.,,2024-06-20,2024-06-30,Buena Vista; Cherokee; Clay; Dickinson; Ida; Lyon; O'Brien; Osceola; Plymouth; Sioux; Woodbury
8e2a74ef-19f9-51f4-a851-ca957c3f5a00,191899_0,1195603.0,noaa,noaa_narrative,NOAA StormEvents EVENT_ID 1195603,,2024-06-20,2024-06-25,day,"Lyon County, IA",,43.2669,-96.5661,event_point,19119,10170203.0,evacuation,50.0,people,3,A,river,1,"||At the peak of flooding, approximately 50 people were evacuated from Rock Rapids, Doon, and Alvord.",,2024-06-20,2024-06-30,Buena Vista; Cherokee; Clay; Dickinson; Ida; Lyon; O'Brien; Osceola; Plymouth; Sioux; Woodbury
e8f2a16c-f5ad-573c-a2cd-4521ad6c67ab,191899_0,1195623.0,noaa,noaa_narrative,NOAA StormEvents EVENT_ID 1195623,,2024-06-20,2024-06-25,day,"Osceola County, IA",,43.2589,-95.8603,event_point,19143,10230002.0,evacuation,25.0,homes,3,A,river,1,||A shelter in Sibley was opened after approximately 25 homes were evacuated due to flood waters.,,2024-06-20,2024-06-30,Buena Vista; Cherokee; Clay; Dickinson; Ida; Lyon; O'Brien; Osceola; Plymouth; Sioux; Woodbury
8b37944b-138b-58e3-a54a-afe2cc96647e,191899_0,1195645.0,noaa,noaa_narrative,NOAA StormEvents EVENT_ID 1195645,,2024-06-20,2024-06-25,day,"Sioux County, IA",,42.9171,-96.5259,event_point,19167,10170203.0,evacuation,,,3,A,river,1,||Large sections of Rock Valley and Hawarden were evacuated as flood waters inundated both cities.,,2024-06-20,2024-06-30,Buena Vista; Cherokee; Clay; Dickinson; Ida; Lyon; O'Brien; Osceola; Plymouth; Sioux; Woodbury
e52794a2-2d83-5adb-af1d-b1ae363c3223,191899_0,1195645.0,noaa,noaa_narrative,NOAA StormEvents EVENT_ID 1195645,,2024-06-20,2024-06-25,day,"Sioux County, IA",,42.9171,-96.5259,event_point,19167,10170203.0,fatality,,,3,A,river,1,||One direct fatality occurred in Rock Valley when a man was pinned by debris from a collapsed foundation and subsequently drowned when water filled the basement.,,2024-06-20,2024-06-30,Buena Vista; Cherokee; Clay; Dickinson; Ida; Lyon; O'Brien; Osceola; Plymouth; Sioux; Woodbury
56220c32-4c61-59c2-85e7-6760e13c34b4,191899_0,1195603.0,noaa,noaa_narrative,NOAA StormEvents EVENT_ID 1195603,,2024-06-20,2024-06-25,day,"Lyon County, IA",,43.2669,-96.5661,event_point,19119,10170203.0,home_flooded,605.0,homes,2,A,river,1,"County-wide 605 homes were impacted by flood waters, 15 of which were declared a total loss.",,2024-06-20,2024-06-30,Buena Vista; Cherokee; Clay; Dickinson; Ida; Lyon; O'Brien; Osceola; Plymouth; Sioux; Woodbury
e8c88d41-a695-53c7-bee6-749b7252cf8d,191899_0,1195623.0,noaa,noaa_narrative,NOAA StormEvents EVENT_ID 1195623,,2024-06-20,2024-06-25,day,"Osceola County, IA",,43.2589,-95.8603,event_point,19143,10230002.0,home_flooded,25.0,homes,2,A,river,2,||A shelter in Sibley was opened after approximately 25 homes were evacuated due to flood waters.,,2024-06-20,2024-06-30,Buena Vista; Cherokee; Clay; Dickinson; Ida; Lyon; O'Brien; Osceola; Plymouth; Sioux; Woodbury
2a31472c-3cf9-5067-adfd-a85a4def5fd0,191899_0,1195645.0,noaa,noaa_narrative,NOAA StormEvents EVENT_ID 1195645,,2024-06-20,2024-06-25,day,"Sioux County, IA",,42.9171,-96.5259,event_point,19167,10170203.0,home_flooded,,,2,A,river,1,||One direct fatality occurred in Rock Valley when a man was pinned by debris from a collapsed foundation and subsequently drowned when water filled the basement.,,2024-06-20,2024-06-30,Buena Vista; Cherokee; Clay; Dickinson; Ida; Lyon; O'Brien; Osceola; Plymouth; Sioux; Woodbury
df68468a-be49-5afc-9706-643089710cfd,191899_0,1195603.0,noaa,noaa_narrative,NOAA StormEvents EVENT_ID 1195603,,2024-06-20,2024-06-25,day,"Lyon County, IA",,43.2669,-96.5661,event_point,19119,10170203.0,rescue,,,2,A,river,1,"In Rock Rapids, there were 12 swift water rescues when flood waters overwhelmed the city.",,2024-06-20,2024-06-30,Buena Vista; Cherokee; Clay; Dickinson; Ida; Lyon; O'Brien; Osceola; Plymouth; Sioux; Woodbury
985f023d-3632-51fd-b164-55226c053880,191899_0,1195623.0,noaa,noaa_narrative,NOAA StormEvents EVENT_ID 1195623,,2024-06-20,2024-06-25,day,"Osceola County, IA",,43.2589,-95.8603,event_point,19143,10230002.0,rescue,,,2,A,river,1,There was at least one swift water rescue.,,2024-06-20,2024-06-30,Buena Vista; Cherokee; Clay; Dickinson; Ida; Lyon; O'Brien; Osceola; Plymouth; Sioux; Woodbury
1ae370a5-78d8-5087-b737-0ae2bf22e8b4,191899_0,1195645.0,noaa,noaa_narrative,NOAA StormEvents EVENT_ID 1195645,,2024-06-20,2024-06-25,day,"Sioux County, IA",,42.9171,-96.5259,event_point,19167,10170203.0,rescue,200.0,people,2,A,river,1,An estimated 200 people were rescued during the peak of the flooding.,,2024-06-20,2024-06-30,Buena Vista; Cherokee; Clay; Dickinson; Ida; Lyon; O'Brien; Osceola; Plymouth; Sioux; Woodbury
9ae850e2-e4d8-588b-9c4a-44ea56e35e9a,191899_0,1195645.0,noaa,noaa_narrative,NOAA StormEvents EVENT_ID 1195645,,2024-06-20,2024-06-25,day,"Sioux County, IA",,42.9171,-96.5259,event_point,19167,10170203.0,road_flooded,,,1,A,river,1,||Countless county roads and bridges were covered in water and damaged.,,2024-06-20,2024-06-30,Buena Vista; Cherokee; Clay; Dickinson; Ida; Lyon; O'Brien; Osceola; Plymouth; Sioux; Woodbury
5ecc7725-3e8e-5a4e-a492-0f0d53162bc5,193882_0,,news,agency_web,https://www.weather.gov/fsd/20240620-22-HeavyRain-Flooding,,2024-06-20,2024-06-24,range,"Sioux County, IA",northwest Iowa region,43.0863,-96.46521,county_centroid,19167,,fatality,3.0,people,3,B,river,1,3 deaths resulted from the flooding.,Regional summary count includes the tri-state area; NOAA Storm Events lists 2 direct fatalities in Iowa for this episode,2024-06-20,2024-06-21,Lyon; Sioux
e77c128c-2bee-5ebf-a2cd-f70519aba2d7,193882_0,,news,agency_web,https://www.weather.gov/fsd/20240620-22-HeavyRain-Flooding,,2024-06-20,2024-06-24,range,"Rock Valley, Sioux County, IA","region-wide, centered on Rock Valley and Spencer",43.20258,-96.28904,place_centroid,19167,,home_flooded,300.0,homes,3,B,river,1,Over 300 homes and businesses being destroyed and thousands more receiving damage.,Regional total across northwest Iowa communities,2024-06-20,2024-06-21,Lyon; Sioux
1867e999-ffdc-59ae-a579-795e67c25a63,193882_0,,news,agency_web,https://www.weather.gov/fsd/20240620-22-HeavyRain-Flooding,,2024-06-20,2024-06-24,range,"Sioux County, IA",northwest Iowa region,43.0863,-96.46521,county_centroid,19167,,rescue,,,2,B,river,1,Numerous swift water rescues and evacuations occurred through the event.,,2024-06-20,2024-06-21,Lyon; Sioux
112387aa-845b-570b-a9c5-36756c70864e,193882_0,1197879.0,noaa,noaa_narrative,NOAA StormEvents EVENT_ID 1197879,,2024-06-20,2024-06-20,day,"Lyon County, IA",,43.3784,-95.9917,event_point,19119,10170204.0,road_flooded,,,1,A,flash,1,Rainfall reached just shy of 4 inches during the late afternoon and early evening and resulted in numerous streets under water in George and flooding of areas small creeks.,,2024-06-20,2024-06-21,Lyon; Sioux
7e9782b3-218d-51c9-acc6-47f1d9a64a52,193882_0,,news,agency_web,https://www.weather.gov/fsd/20240620-22-HeavyRain-Flooding,,2024-06-20,2024-06-24,range,"Hawarden, Sioux County, IA",Hawarden,43.00131,-96.48291,place_centroid,19167,,road_flooded,,,2,B,river,1,"Rock Rapids, Rock Valley, Hawarden, Spencer, Sioux Rapids, Cherokee experienced widespread flooding.",Big Sioux River community,2024-06-20,2024-06-21,Lyon; Sioux
c8fd5e9c-4f42-5fca-a9fb-f6ec9a44b838,191899_0,1195684.0,noaa,noaa_narrative,NOAA StormEvents EVENT_ID 1195684,,2024-06-21,2024-06-30,day,"Plymouth County, IA",,42.5677,-96.4667,event_point,19149,10170203.0,agriculture,,,1,A,river,1,The communities of Westfield and Le Mars experienced the greatest impacts with damages to their wastewater treatment plants.,,2024-06-20,2024-06-30,Buena Vista; Cherokee; Clay; Dickinson; Ida; Lyon; O'Brien; Osceola; Plymouth; Sioux; Woodbury
eba07dcb-08db-52e7-9552-4010792f68c4,191899_0,1195634.0,noaa,noaa_narrative,NOAA StormEvents EVENT_ID 1195634,,2024-06-21,2024-06-25,day,"Dickinson County, IA",,43.2566,-95.3864,event_point,19059,10230003.0,bridge_damaged,,,2,A,river,1,Three bridges were also damaged and closed.,,2024-06-20,2024-06-30,Buena Vista; Cherokee; Clay; Dickinson; Ida; Lyon; O'Brien; Osceola; Plymouth; Sioux; Woodbury
3020b756-ba62-535c-a171-5c2b473d125a,191899_0,1195677.0,noaa,noaa_narrative,NOAA StormEvents EVENT_ID 1195677,,2024-06-21,2024-06-25,day,"O'Brien County, IA",,42.9117,-95.8571,event_point,19141,10230002.0,bridge_damaged,,,2,A,river,1,"In addition, 12 bridges and 6 culverts were damaged.",,2024-06-20,2024-06-30,Buena Vista; Cherokee; Clay; Dickinson; Ida; Lyon; O'Brien; Osceola; Plymouth; Sioux; Woodbury
ed0852d4-9e97-505f-98a1-af741b17a206,191899_0,1195690.0,noaa,noaa_narrative,NOAA StormEvents EVENT_ID 1195690,,2024-06-21,2024-06-30,day,"Cherokee County, IA",,42.5615,-95.8594,event_point,19035,10230005.0,bridge_damaged,,,2,A,river,1,"At one point, 8 bridges around Cherokee were closed and other county roads and bridges were temporarily closed.",,2024-06-20,2024-06-30,Buena Vista; Cherokee; Clay; Dickinson; Ida; Lyon; O'Brien; Osceola; Plymouth; Sioux; Woodbury
7ef72797-7a54-5536-b2f4-671ec705c638,191899_0,1195707.0,noaa,noaa_narrative,NOAA StormEvents EVENT_ID 1195707,,2024-06-21,2024-06-30,day,"Buena Vista County, IA",Highway 71,42.5654,-95.3846,event_point,19021,7100006.0,bridge_damaged,,,2,A,river,1,Highway 71 bridge north of Sioux Rapids was under water and closed.,,2024-06-20,2024-06-30,Buena Vista; Cherokee; Clay; Dickinson; Ida; Lyon; O'Brien; Osceola; Plymouth; Sioux; Woodbury
22f7404d-1668-5012-bea0-aa8bb981a9c6,191899_0,1195707.0,noaa,noaa_narrative,NOAA StormEvents EVENT_ID 1195707,,2024-06-21,2024-06-30,day,"Buena Vista County, IA",,42.5654,-95.3846,event_point,19021,7100006.0,business_flooded,80.0,homes,2,A,river,2,Most of the business district in Sioux Rapids flooded with some buildings collapsing.,,2024-06-20,2024-06-30,Buena Vista; Cherokee; Clay; Dickinson; Ida; Lyon; O'Brien; Osceola; Plymouth; Sioux; Woodbury
04607cdb-6c2f-5770-9370-89b2d4cbb48d,191899_0,1195677.0,noaa,noaa_narrative,NOAA StormEvents EVENT_ID 1195677,,2024-06-21,2024-06-25,day,"O'Brien County, IA",,42.9117,-95.8571,event_point,19141,10230002.0,evacuation,,,3,A,river,1,"Some homes became islands and required residents to shelter in place until the water receded, while at least two homes needed to be evacuated.",,2024-06-20,2024-06-30,Buena Vista; Cherokee; Clay; Dickinson; Ida; Lyon; O'Brien; Osceola; Plymouth; Sioux; Woodbury
8422e7bd-83dd-5573-8915-c2616f7983fc,191899_0,1195684.0,noaa,noaa_narrative,NOAA StormEvents EVENT_ID 1195684,,2024-06-21,2024-06-30,day,"Plymouth County, IA",Highway 12,42.5677,-96.4667,event_point,19149,10170203.0,evacuation,,,3,A,river,2,"||During peak flooding, areas between the Big Sioux River and Iowa Highway 12 were evacuated.",,2024-06-20,2024-06-30,Buena Vista; Cherokee; Clay; Dickinson; Ida; Lyon; O'Brien; Osceola; Plymouth; Sioux; Woodbury
1d5fa46d-3cae-506d-996c-3349b39b1a34,191899_0,1195707.0,noaa,noaa_narrative,NOAA StormEvents EVENT_ID 1195707,,2024-06-21,2024-06-30,day,"Buena Vista County, IA",,42.5654,-95.3846,event_point,19021,7100006.0,evacuation,,,3,A,river,1,Several area homes were proactively evacuated.,,2024-06-20,2024-06-30,Buena Vista; Cherokee; Clay; Dickinson; Ida; Lyon; O'Brien; Osceola; Plymouth; Sioux; Woodbury
10972500-4739-52d5-8cad-a44eb4089256,191899_0,1197156.0,noaa,noaa_narrative,NOAA StormEvents EVENT_ID 1197156,,2024-06-21,2024-06-25,day,"Clay County, IA",,42.912,-95.3867,event_point,19041,7100004.0,fatality,,,3,A,river,1,Preliminary damage assessments estimate loss to public infrastructure to be 3.59 million dollars.||One direct fatality occurred on June 22 when a man drowned after attempting to drive across a flooded road with rapidly flowing water.,,2024-06-20,2024-06-30,Buena Vista; Cherokee; Clay; Dickinson; Ida; Lyon; O'Brien; Osceola; Plymouth; Sioux; Woodbury
8b8f5d0f-8f72-5a83-b990-fc4febb309c6,191899_0,1195634.0,noaa,noaa_narrative,NOAA StormEvents EVENT_ID 1195634,,2024-06-21,2024-06-25,day,"Dickinson County, IA",,43.2566,-95.3864,event_point,19059,10230003.0,home_flooded,,,2,A,river,1,"||County-wide, hundreds of homes reported flood damage with water or sewage in their basements.",,2024-06-20,2024-06-30,Buena Vista; Cherokee; Clay; Dickinson; Ida; Lyon; O'Brien; Osceola; Plymouth; Sioux; Woodbury
f1800ed3-7f0b-5320-90f7-a32484915b92,191899_0,1195677.0,noaa,noaa_narrative,NOAA StormEvents EVENT_ID 1195677,,2024-06-21,2024-06-25,day,"O'Brien County, IA",,42.9117,-95.8571,event_point,19141,10230002.0,home_flooded,0.0,homes,2,A,river,3,"An estimated 700 to 1,000 homes were impacted by flood waters with a majority of the residential property damage reported in Hartley and Sheldon.",,2024-06-20,2024-06-30,Buena Vista; Cherokee; Clay; Dickinson; Ida; Lyon; O'Brien; Osceola; Plymouth; Sioux; Woodbury
e425be80-cba6-5fe2-b39d-9b642112afb2,191899_0,1195684.0,noaa,noaa_narrative,NOAA StormEvents EVENT_ID 1195684,,2024-06-21,2024-06-30,day,"Plymouth County, IA",,42.5677,-96.4667,event_point,19149,10170203.0,home_flooded,,,2,A,river,1,"County-wide, 47 individual households reported flood damage at an estimated cost of 275 thousand dollars.",,2024-06-20,2024-06-30,Buena Vista; Cherokee; Clay; Dickinson; Ida; Lyon; O'Brien; Osceola; Plymouth; Sioux; Woodbury
241baca6-4ca1-5f98-ba55-31657904b638,191899_0,1195690.0,noaa,noaa_narrative,NOAA StormEvents EVENT_ID 1195690,,2024-06-21,2024-06-30,day,"Cherokee County, IA",,42.5615,-95.8594,event_point,19035,10230005.0,home_flooded,140.0,residences,2,A,river,1,A total of 140 residences were impacted by flood water.,,2024-06-20,2024-06-30,Buena Vista; Cherokee; Clay; Dickinson; Ida; Lyon; O'Brien; Osceola; Plymouth; Sioux; Woodbury
dc244a31-7680-5e55-8ba3-1efc7c153b11,191899_0,1195707.0,noaa,noaa_narrative,NOAA StormEvents EVENT_ID 1195707,,2024-06-21,2024-06-30,day,"Buena Vista County, IA",,42.5654,-95.3846,event_point,19021,7100006.0,home_flooded,80.0,homes,2,A,river,1,Approximately 80 homes and 30 businesses were damaged by flood waters.||Infrastructure was also severely impacted.,,2024-06-20,2024-06-30,Buena Vista; Cherokee; Clay; Dickinson; Ida; Lyon; O'Brien; Osceola; Plymouth; Sioux; Woodbury
c091e872-e74e-5fc3-a3f6-3e11d26c6b01,191899_0,1197156.0,noaa,noaa_narrative,NOAA StormEvents EVENT_ID 1197156,,2024-06-21,2024-06-25,day,"Clay County, IA",,42.912,-95.3867,event_point,19041,7100004.0,home_flooded,,,2,A,river,1,||Many other residences outside of Spencer were also impacted by flood water.,,2024-06-20,2024-06-30,Buena Vista; Cherokee; Clay; Dickinson; Ida; Lyon; O'Brien; Osceola; Plymouth; Sioux; Woodbury
b1463391-1352-5a91-9414-9adf72dfd9e4,191899_0,1195677.0,noaa,noaa_narrative,NOAA StormEvents EVENT_ID 1195677,,2024-06-21,2024-06-25,day,"O'Brien County, IA",,42.9117,-95.8571,event_point,19141,10230002.0,infrastructure,,,2,A,river,1,"In addition, 12 bridges and 6 culverts were damaged.",,2024-06-20,2024-06-30,Buena Vista; Cherokee; Clay; Dickinson; Ida; Lyon; O'Brien; Osceola; Plymouth; Sioux; Woodbury
8f6b4a05-fccc-5f6f-8f2d-f42169252ad4,191899_0,1195707.0,noaa,noaa_narrative,NOAA StormEvents EVENT_ID 1195707,,2024-06-21,2024-06-30,day,"Buena Vista County, IA",,42.5654,-95.3846,event_point,19021,7100006.0,infrastructure,,,2,A,river,1,The Sioux Rapids water wells and wastewater treatment plant were inundated with water and the Linn Grove water system was also inundated.,,2024-06-20,2024-06-30,Buena Vista; Cherokee; Clay; Dickinson; Ida; Lyon; O'Brien; Osceola; Plymouth; Sioux; Woodbury
963da994-fe56-5e4c-9eb0-0ebfd1e7e744,191899_0,1195677.0,noaa,noaa_narrative,NOAA StormEvents EVENT_ID 1195677,,2024-06-21,2024-06-25,day,"O'Brien County, IA",,42.9117,-95.8571,event_point,19141,10230002.0,rescue,,,2,A,river,1,"||County-wide, there were five water rescues during peak flooding, involving 18 individuals.",,2024-06-20,2024-06-30,Buena Vista; Cherokee; Clay; Dickinson; Ida; Lyon; O'Brien; Osceola; Plymouth; Sioux; Woodbury
14f54a80-0dc8-5388-b140-6364092b487c,191899_0,1195684.0,noaa,noaa_narrative,NOAA StormEvents EVENT_ID 1195684,,2024-06-21,2024-06-30,day,"Plymouth County, IA",,42.5677,-96.4667,event_point,19149,10170203.0,rescue,,,2,A,river,1,"There were at least two water rescues, including 14 individuals.",,2024-06-20,2024-06-30,Buena Vista; Cherokee; Clay; Dickinson; Ida; Lyon; O'Brien; Osceola; Plymouth; Sioux; Woodbury
59bebe9b-a811-5cd2-84fe-ff130c69d048,191899_0,1197156.0,noaa,noaa_narrative,NOAA StormEvents EVENT_ID 1197156,,2024-06-21,2024-06-25,day,"Clay County, IA",,42.912,-95.3867,event_point,19041,7100004.0,rescue,383.0,people,2,A,river,2,"At peak flooding, approximately 383 people were rescued, leaving hundreds of residents displaced.",,2024-06-20,2024-06-30,Buena Vista; Cherokee; Clay; Dickinson; Ida; Lyon; O'Brien; Osceola; Plymouth; Sioux; Woodbury
f228e26d-d218-5a45-a390-34c708b08ac6,191899_0,,news,agency_web,https://www.weather.gov/fsd/20240620-22-HeavyRain-Flooding,,2024-06-21,2024-06-25,range,"Spencer, Clay County, IA",Little Sioux River at Spencer,43.14702,-95.15269,place_centroid,19041,,river_overbank,,,2,A,river,1,Little Sioux River at Spencer and Cherokee: stages estimated via high water mark due to data outages.,Record crest; gauge outage during peak,2024-06-20,2024-06-30,Buena Vista; Cherokee; Clay; Dickinson; Ida; Lyon; O'Brien; Osceola; Plymouth; Sioux; Woodbury
27d80398-10fc-5e9e-a0e9-0b6af94c0287,191899_0,1195684.0,noaa,noaa_narrative,NOAA StormEvents EVENT_ID 1195684,,2024-06-21,2024-06-30,day,"Plymouth County, IA",Highway 12,42.5677,-96.4667,event_point,19149,10170203.0,road_closed,,,2,A,river,1,||Numerous county roads were impacted by flood waters and closed; the most significant being Iowa Highway 12 and the bridge outside of Akron that crosses the Big Sioux River into South Dakota.,,2024-06-20,2024-06-30,Buena Vista; Cherokee; Clay; Dickinson; Ida; Lyon; O'Brien; Osceola; Plymouth; Sioux; Woodbury
59c2dc82-c777-51ef-bee3-9ffba67d445c,191899_0,1195690.0,noaa,noaa_narrative,NOAA StormEvents EVENT_ID 1195690,,2024-06-21,2024-06-30,day,"Cherokee County, IA",,42.5615,-95.8594,event_point,19035,10230005.0,road_closed,,,2,A,river,2,"Spring Lake Park was severely damaged, including a washed out road, washed out campgrounds, and a flooded yacht club.",,2024-06-20,2024-06-30,Buena Vista; Cherokee; Clay; Dickinson; Ida; Lyon; O'Brien; Osceola; Plymouth; Sioux; Woodbury
9185be01-aeb4-5de6-bff5-45a51ad912ca,191899_0,1195707.0,noaa,noaa_narrative,NOAA StormEvents EVENT_ID 1195707,,2024-06-21,2024-06-30,day,"Buena Vista County, IA",Highway 71,42.5654,-95.3846,event_point,19021,7100006.0,road_closed,,,2,A,river,1,Highway 71 bridge north of Sioux Rapids was under water and closed.,,2024-06-20,2024-06-30,Buena Vista; Cherokee; Clay; Dickinson; Ida; Lyon; O'Brien; Osceola; Plymouth; Sioux; Woodbury
7165ddf6-ca57-5019-bd8b-23f1aba6f387,191899_0,1197156.0,noaa,noaa_narrative,NOAA StormEvents EVENT_ID 1197156,,2024-06-21,2024-06-25,day,"Clay County, IA",,42.912,-95.3867,event_point,19041,7100004.0,road_closed,,,2,A,river,1,"Widespread overland flooding also resulted in numerous township, county, and state roads inundated with water and closed.",,2024-06-20,2024-06-30,Buena Vista; Cherokee; Clay; Dickinson; Ida; Lyon; O'Brien; Osceola; Plymouth; Sioux; Woodbury
b60d969f-faa5-5de9-8941-28adec4cb4b8,191899_0,1195677.0,noaa,noaa_narrative,NOAA StormEvents EVENT_ID 1195677,,2024-06-21,2024-06-25,day,"O'Brien County, IA",,42.9117,-95.8571,event_point,19141,10230002.0,road_flooded,,,1,A,river,1,An apartment complex in Hartley was also impacted by flood waters.||Numerous county roads were damaged by flood waters with extensive washouts in four different locations.,,2024-06-20,2024-06-30,Buena Vista; Cherokee; Clay; Dickinson; Ida; Lyon; O'Brien; Osceola; Plymouth; Sioux; Woodbury
73635c66-c5a7-55e8-ab91-3d1ca7e66046,191899_0,1195684.0,noaa,noaa_narrative,NOAA StormEvents EVENT_ID 1195684,,2024-06-21,2024-06-30,day,"Plymouth County, IA",Highway 12,42.5677,-96.4667,event_point,19149,10170203.0,road_flooded,,,1,A,river,1,||Numerous county roads were impacted by flood waters and closed; the most significant being Iowa Highway 12 and the bridge outside of Akron that crosses the Big Sioux River into South Dakota.,,2024-06-20,2024-06-30,Buena Vista; Cherokee; Clay; Dickinson; Ida; Lyon; O'Brien; Osceola; Plymouth; Sioux; Woodbury
827a9ca5-bcdb-521c-b04b-2f2d3fd507dc,191899_0,1195690.0,noaa,noaa_narrative,NOAA StormEvents EVENT_ID 1195690,,2024-06-21,2024-06-30,day,"Cherokee County, IA",,42.5615,-95.8594,event_point,19035,10230005.0,road_flooded,,,1,A,river,1,"Spring Lake Park was severely damaged, including a washed out road, washed out campgrounds, and a flooded yacht club.",,2024-06-20,2024-06-30,Buena Vista; Cherokee; Clay; Dickinson; Ida; Lyon; O'Brien; Osceola; Plymouth; Sioux; Woodbury
17673bb8-5228-5129-a645-f8eb6380dae4,191899_0,1195707.0,noaa,noaa_narrative,NOAA StormEvents EVENT_ID 1195707,,2024-06-21,2024-06-30,day,"Buena Vista County, IA",Highway 71,42.5654,-95.3846,event_point,19021,7100006.0,road_flooded,,,1,A,river,1,Highway 71 bridge north of Sioux Rapids was under water and closed.,,2024-06-20,2024-06-30,Buena Vista; Cherokee; Clay; Dickinson; Ida; Lyon; O'Brien; Osceola; Plymouth; Sioux; Woodbury
c7ba5687-6e6f-58bc-af4f-2034aa8cf5a9,191899_0,1197156.0,noaa,noaa_narrative,NOAA StormEvents EVENT_ID 1197156,,2024-06-21,2024-06-25,day,"Clay County, IA",,42.912,-95.3867,event_point,19041,7100004.0,road_flooded,,,1,A,river,1,"Widespread overland flooding also resulted in numerous township, county, and state roads inundated with water and closed.",,2024-06-20,2024-06-30,Buena Vista; Cherokee; Clay; Dickinson; Ida; Lyon; O'Brien; Osceola; Plymouth; Sioux; Woodbury
72c1dd95-34bc-5ca5-95c9-904b19a10c07,191899_0,,news,agency_web,https://www.weather.gov/fsd/20240620-22-HeavyRain-Flooding,,2024-06-21,2024-06-24,range,"Sioux Rapids, Buena Vista County, IA",Sioux Rapids,42.89167,-95.14854,place_centroid,19021,,road_flooded,,,2,B,river,1,"Rock Rapids, Rock Valley, Hawarden, Spencer, Sioux Rapids, Cherokee experienced widespread flooding.",,2024-06-20,2024-06-30,Buena Vista; Cherokee; Clay; Dickinson; Ida; Lyon; O'Brien; Osceola; Plymouth; Sioux; Woodbury
18e40b90-edd8-526c-b467-3e05446332af,191899_1,,news,agency_web,https://www.weather.gov/fsd/20240620-22-HeavyRain-Flooding,,2024-06-21,2024-06-24,range,"Woodbury County, IA","I-29 corridor, northwest Iowa",42.40961,-96.2956,county_centroid,19193,,road_closed,,,2,C,river,1,"Closure of both major interstates (I-29 and I-90) along with countless other federal, state, and county highways.",Regional closure spanning multiple counties; anchored to the I-29 Iowa reach,2024-06-24,2024-06-27,Woodbury
03aa08c3-e1fa-5ede-9d9a-5556313bd775,193311_0,1194208.0,noaa,noaa_narrative,NOAA StormEvents EVENT_ID 1194208,,2024-06-21,2024-06-30,day,"Emmet County, IA",,43.26,-94.83,event_point,19063,7100002.0,river_overbank,,,0,A,river,1,The West Fork of the Des Moines at Estherville crested at 18.1 ft on June 24 at 09:00 am CDT.,,2024-06-21,2024-06-30,Black Hawk; Butler; Cerro Gordo; Emmet; Humboldt; Kossuth; Palo Alto; Webster
2af6d5fd-d401-5e1f-bddc-a60b4e1c3a19,193311_0,1194818.0,noaa,noaa_narrative,NOAA StormEvents EVENT_ID 1194818,,2024-06-21,2024-06-30,day,"Palo Alto County, IA",,43.09,-94.75,event_point,19147,7100002.0,river_overbank,,,0,A,river,1,The West Fork of the Des Moines at Emmetsburg crested at 15.47 ft on June 24 at 01:15 pm CDT.,,2024-06-21,2024-06-30,Black Hawk; Butler; Cerro Gordo; Emmet; Humboldt; Kossuth; Palo Alto; Webster
c952c016-b3a9-5172-aa58-f145be66c392,193882_0,,news,agency_web,https://www.weather.gov/fsd/20240620-22-HeavyRain-Flooding,,2024-06-21,2024-06-24,range,"Larchwood, Lyon County, IA",Klondike Bridge at the Iowa-South Dakota border,43.45465,-96.43634,place_centroid,19119,,bridge_damaged,,,2,B,river,1,Klondike Bridge at the Iowa/South Dakota border (flooded).,Big Sioux River crossing near Larchwood,2024-06-20,2024-06-21,Lyon; Sioux
26c46a88-ee06-5534-aada-ea9577b55682,193882_0,,news,local_news,https://www.nwestiowa.com/nwest_iowa_review/lyon-county-engineer-weary-of-fema-s-delays/article_335bf601-62d5-450f-96c8-1170a822a67e.html,2025-11-24,2024-06-21,2024-06-22,range,"Lyon County, IA",Lyon County (county bridges),43.37821,-96.52508,county_centroid,19119,,bridge_damaged,5.0,bridges,2,B,river,1,five bridges damaged in the major flooding in June 2024,"County secondary-road bridges; retrospective FEMA-funding article (N'West Iowa REVIEW, Nov 24, 2025); dates anchored to the June 21-22 Lyon County flood.",2024-06-20,2024-06-21,Lyon; Sioux
ee6dbb08-2cb1-5c67-a13b-270b71018aba,193882_0,,news,local_news,https://www.radioiowa.com/2024/07/23/rock-rapids-seeks-federal-help-in-fixing-flood-damaged-streets/,2024-07-23,2024-06-21,2024-06-22,range,"Rock Rapids, Lyon County, IA",Rock Rapids businesses,43.4267,-96.16639,place_centroid,19119,,business_flooded,30.0,businesses,2,B,river,1,up to 30 businesses,Water reached the main level of up to 30 businesses per city administrator; quoted fragment as given in article. Event dates anchored to June 21-22 flood.,2024-06-20,2024-06-21,Lyon; Sioux
843a2b7e-b4b6-5d3d-a970-c0f7a4919818,193882_0,1197876.0,noaa,noaa_narrative,NOAA StormEvents EVENT_ID 1197876,,2024-06-21,2024-06-21,day,"Lyon County, IA",,43.4376,-96.1687,event_point,19119,10170204.0,evacuation,,,3,A,flash,1,Flooding of Moon Creek on the west edge of Rock Rapids resulted in evacuations.,,2024-06-20,2024-06-21,Lyon; Sioux
9ca1f3fb-acba-593b-8914-36ec39095f55,193882_0,,news,local_news,https://www.radioiowa.com/2024/07/23/rock-rapids-seeks-federal-help-in-fixing-flood-damaged-streets/,2024-07-23,2024-06-21,2024-06-22,range,"Rock Rapids, Lyon County, IA",75-80% of the town,43.4267,-96.16639,place_centroid,19119,,home_flooded,900.0,homes,2,B,river,1,Probably 75-80% of the town had some kind of water in their basement...about 900 homes,"City administrator quoted in KIWA/Radio Iowa report July 23, 2024 on the June flood; additionally 20 to 30 homes had water on the main floor. Event dates anchored to June 21-22 Rock River flood.",2024-06-20,2024-06-21,Lyon; Sioux
c08a4428-e99d-52c8-9dae-fc4a22aa32b8,193882_0,,news,agency_web,https://www.weather.gov/fsd/20240620-22-HeavyRain-Flooding,,2024-06-21,2024-06-23,range,"Alvord, Lyon County, IA",railroad bridge south of Alvord,43.34175,-96.30367,place_centroid,19119,,infrastructure,,,3,A,river,1,"Train derailment south of Alvord, IA due to a compromised railroad bridge.",,2024-06-20,2024-06-21,Lyon; Sioux
739b997e-1593-570d-9b70-9b51792bc667,193882_0,,news,local_news,https://www.dakotanewsnow.com/2024/06/23/record-flooding-water-damage-devastates-rock-rapids/,2024-06-22,2024-06-21,2024-06-23,range,"Rock Rapids, Lyon County, IA",The city's water supply,43.4267,-96.16639,place_centroid,19119,,infrastructure,,,2,B,river,1,The city's water supply was impacted by the flooding and a bottled water advisory is in place,"Also per same article: only west side of Rock Rapids still had power; some streets saw asphalt ripped away; Lyon County Fairgrounds, Rapid Speedway, Island Park and city pool flooded. Street destruction corroborated by follow-up KIWA/Radio Iowa report (Gravel for where there were streets that were gone).",2024-06-20,2024-06-21,Lyon; Sioux
29f6c6fd-554d-5147-823c-b1c06ab2f84c,193882_0,,news,local_news,https://www.dakotanewsnow.com/2024/06/23/record-flooding-water-damage-devastates-rock-rapids/,2024-06-22,2024-06-21,2024-06-22,range,"Rock Rapids, Lyon County, IA",Rock Rapids; from their homes or from the swift currents of the river,43.4267,-96.16639,place_centroid,19119,,rescue,,,2,B,river,1,Some residents were rescued from their homes or from the swift currents of the river,Article published June 23 describing the June 21-22 flood; exact rescue times not given.,2024-06-20,2024-06-21,Lyon; Sioux
bfdd8dd2-c815-53dd-a635-36a16ddf91af,193882_0,,news,agency_web,https://www.weather.gov/fsd/20240620-22-HeavyRain-Flooding,,2024-06-21,2024-06-24,range,"Rock Rapids, Lyon County, IA",Rock River at Rock Rapids,43.4267,-96.16639,place_centroid,19119,,river_overbank,,,2,A,river,1,"Multiple gauges on the Rock River exceeded previous record stages, with some locations breaking previous crests by several feet.",Record crest,2024-06-20,2024-06-21,Lyon; Sioux
3b043872-6fd8-55a6-a155-e41b49c3403b,193882_0,,news,local_news,https://www.dakotanewsnow.com/2024/06/23/record-flooding-water-damage-devastates-rock-rapids/,2024-06-22,2024-06-21,2024-06-21,day,"Rock Rapids, Lyon County, IA",The bridge over the river,43.4267,-96.16639,place_centroid,19119,,road_flooded,,,2,A,river,1,The bridge over the river was under water Friday night,"Friday night = June 21, 2024. Rock River reached over 28 feet at Rock Rapids, worst flooding in city history per article (previous record 27 ft in 2014).",2024-06-20,2024-06-21,Lyon; Sioux
d5f463a1-8f7c-58ea-9add-a019c7804e82,193924_0,1198338.0,noaa,noaa_narrative,NOAA StormEvents EVENT_ID 1198338,,2024-06-21,2024-06-21,day,"Osceola County, IA",,43.4006,-95.7274,event_point,19143,10170204.0,evacuation,,,3,A,flash,1,Torrential rainfall of up to 3 to 5 inches in 3 hours early evening resulted in rising water around Sibley that required some homes to be evacuated and residents to be sheltered.,,2024-06-21,2024-06-22,Dickinson; O'Brien; Osceola; Sioux
fb782670-73e6-527b-b4e3-9c8bed2c7f54,193924_0,,news,local_news,https://www.hartleysentinel.com/story/2024/06/27/news/it-kept-on-coming/3951.html,2024-06-27,2024-06-21,2024-06-21,day,"Hartley, O'Brien County, IA",the hardest-hit areas (Hartley),43.17906,-95.47675,place_centroid,19141,,evacuation,25.0,people,3,A,flash,1,"The ambulance team and fire department had to evacuate residents in the hardest-hit areas Friday night, displacing around 25 people.","Friday night = June 21, 2024; article published June 27, 2024.",2024-06-21,2024-06-22,Dickinson; O'Brien; Osceola; Sioux
113459ce-bd89-5798-a3b6-ed35ee6e08f6,193924_0,1198338.0,noaa,noaa_narrative,NOAA StormEvents EVENT_ID 1198338,,2024-06-21,2024-06-21,day,"Osceola County, IA",,43.4006,-95.7274,event_point,19143,10170204.0,home_flooded,,,2,A,flash,1,Torrential rainfall of up to 3 to 5 inches in 3 hours early evening resulted in rising water around Sibley that required some homes to be evacuated and residents to be sheltered.,,2024-06-21,2024-06-22,Dickinson; O'Brien; Osceola; Sioux
f2d6318c-6b1a-5c08-9585-cd0dc3f89773,193924_0,,news,local_news,https://www.hartleysentinel.com/story/2024/06/27/news/it-kept-on-coming/3951.html,2024-06-27,2024-06-21,2024-06-22,range,"Hartley, O'Brien County, IA",Hartley homes/basements,43.17906,-95.47675,place_centroid,19141,,home_flooded,5.0,homes,3,A,flash,1,Five basement foundations collapsed because of flooding - a sixth could be added to the list,Basement foundations collapsed; homes flooded and some people displaced. Several homeowners also had sewer backup forcing tear-outs. Parts of Clay and O'Brien counties received more than eight inches of rain June 20-22.,2024-06-21,2024-06-22,Dickinson; O'Brien; Osceola; Sioux
118dc9af-65fc-58f3-8460-8b5a3245b1b1,193924_0,,news,agency_web,https://www.dcem.us/about/press-releases/updates-on-the-flooding-and-recent-storms-7-3-2024-2-00pm,2024-07-03,2024-06-21,2024-06-22,range,"Dickinson County, IA",Dickinson County homes,43.35328,-95.10358,county_centroid,19059,,home_flooded,,,2,B,unknown,1,more homes with 'major' damage than they requested (major meaning water onto the first or main floor),"Dickinson County EMA July 3, 2024 update on damage assessments from the June 21-22 storm/flood; count exceeded FEMA assessment request; wording as given in release summary.",2024-06-21,2024-06-22,Dickinson; O'Brien; Osceola; Sioux
93334e45-ced1-583b-a559-35740299ae50,193924_0,,news,local_news,https://www.hartleysentinel.com/story/2024/06/27/news/it-kept-on-coming/3951.html,2024-06-27,2024-06-21,2024-06-21,day,"Hartley, O'Brien County, IA",The city's east side lift station,43.17906,-95.47675,place_centroid,19141,,infrastructure,,,2,A,flash,1,The city's east side lift station was knocked out Friday night when the floodwaters shorted out electrical equipment.,"Friday night = June 21, 2024.",2024-06-21,2024-06-22,Dickinson; O'Brien; Osceola; Sioux
dd07831f-9e38-59a8-aa18-10166b8cd0cd,193924_0,,news,local_news,https://www.exploreokoboji.com/news/city-of-spirit-lake-issues-statement-on-flooding-issues/,2024-06-22,2024-06-21,2024-06-22,range,"Spirit Lake, Dickinson County, IA","storm sewer, sanitary sewer and drainage facilities and infrastructure ... in Spirit Lake",43.41666,-95.11307,place_centroid,19059,,infrastructure,,,2,B,pluvial,1,"the storm sewer, sanitary sewer and drainage facilities and infrastructure were overwhelmed in Spirit Lake","City statement issued June 22, 2024 after the June 21 storm; city also ran out of dumpsters provided for flood-damaged material.",2024-06-21,2024-06-22,Dickinson; O'Brien; Osceola; Sioux
42c345ff-f40f-5ccc-ad9c-161b730c7f40,193924_0,,news,local_news,https://www.exploreokoboji.com/news/news-stories/okoboji-city-council-hears-updates-on-flooding-bank-collapses,2024-06-25,2024-06-21,2024-06-24,range,"Okoboji, Dickinson County, IA",within the city of Okoboji (shorelines),43.38808,-95.13324,place_centroid,19059,,other,,,2,B,river,1,between 10 to 15 major shoreline collapses within the city of Okoboji alone,10 to 15 major shoreline collapses following the June 21 rainfall and high lake levels; reported June 25; end date capped at window+2 days.,2024-06-21,2024-06-22,Dickinson; O'Brien; Osceola; Sioux
8c342439-b650-579b-9ddd-d8c1bea40a1f,193924_0,1198367.0,noaa,noaa_narrative,NOAA StormEvents EVENT_ID 1198367,,2024-06-21,2024-06-22,day,"O'Brien County, IA",,43.1951,-95.4549,event_point,19141,10230002.0,rescue,,,2,A,flash,1,Multiple vehicles were submerged with at least one water rescue performed.,,2024-06-21,2024-06-22,Dickinson; O'Brien; Osceola; Sioux
2c95ef35-5a1b-5696-9895-a9e4a08ecd57,193924_0,1198335.0,noaa,noaa_narrative,NOAA StormEvents EVENT_ID 1198335,,2024-06-21,2024-06-22,day,"Sioux County, IA",,43.0929,-96.1783,event_point,19167,10170203.0,road_flooded,,,1,A,flash,1,Significant street flooding was reported in several locations in Sioux Center.,,2024-06-21,2024-06-22,Dickinson; O'Brien; Osceola; Sioux
badcab62-eff9-5aa5-9318-a022b70eede0,193924_0,1198337.0,noaa,noaa_narrative,NOAA StormEvents EVENT_ID 1198337,,2024-06-21,2024-06-22,day,"Dickinson County, IA",,43.3603,-95.1461,event_point,19059,10230003.0,road_flooded,,,1,A,flash,1,Heavy rainfall during the mid-evening from 2 to 4 inches in a brief time resulted in street flooding in numerous locations from near Spirit Lake to Milford.,,2024-06-21,2024-06-22,Dickinson; O'Brien; Osceola; Sioux
a5ae17fc-c88c-5131-8fb4-6f3db1f7b4ae,193924_0,1198341.0,noaa,noaa_narrative,NOAA StormEvents EVENT_ID 1198341,,2024-06-21,2024-06-21,day,"Sioux County, IA",,43.1575,-96.1601,event_point,19167,10170203.0,road_flooded,,,1,A,flash,1,Water was reported over roads with vehicles stranded.,,2024-06-21,2024-06-22,Dickinson; O'Brien; Osceola; Sioux
a4c85bbb-751e-5237-9433-f303f5a06bc7,193924_0,1198356.0,noaa,noaa_narrative,NOAA StormEvents EVENT_ID 1198356,,2024-06-21,2024-06-22,day,"O'Brien County, IA",,43.1918,-95.6651,event_point,19141,10230002.0,road_flooded,,,1,A,flash,1,Heavy rainfall from 3 to 5 inches resulted in significant street flooding with several stalled vehicles.,,2024-06-21,2024-06-22,Dickinson; O'Brien; Osceola; Sioux
81371063-8378-5ea6-bf13-846229a16c6a,193924_0,1198367.0,noaa,noaa_narrative,NOAA StormEvents EVENT_ID 1198367,,2024-06-21,2024-06-22,day,"O'Brien County, IA",Highway 18,43.1951,-95.4549,event_point,19141,10230002.0,road_flooded,,,1,A,flash,1,Highway 18 was inundated and impassible in multiple locations between Sheldon and Hartley.,,2024-06-21,2024-06-22,Dickinson; O'Brien; Osceola; Sioux
1d4b1c78-e4ad-521b-a5ef-66f3cc54530d,193924_0,,news,local_news,https://www.exploreokoboji.com/news/news-stories/okoboji-city-council-hears-updates-on-flooding-bank-collapses,2024-06-25,2024-06-21,2024-06-22,range,"Okoboji, Dickinson County, IA","The Chalstrom Circle area, Summer Circle area, other low-lying areas",43.38808,-95.13324,place_centroid,19059,,road_flooded,,,1,A,pluvial,1,"street flooding all throughout the community. The Chalstrom Circle area, Summer Circle area, other low-lying areas","Occurred Friday night June 21 through Saturday morning June 22 and lingering into the week; reported to Okoboji city council, article June 25, 2024.",2024-06-21,2024-06-22,Dickinson; O'Brien; Osceola; Sioux
2b3ebccf-3272-58dd-b8b5-bd74a8baa74b,191899_0,1197197.0,noaa,noaa_narrative,NOAA StormEvents EVENT_ID 1197197,,2024-06-22,2024-06-30,day,"Woodbury County, IA",,42.22,-96.2975,event_point,19193,10230005.0,bridge_damaged,50.0,roads,2,A,river,1,Approximately 50 roads and bridges were closed due to flood waters.,,2024-06-20,2024-06-30,Buena Vista; Cherokee; Clay; Dickinson; Ida; Lyon; O'Brien; Osceola; Plymouth; Sioux; Woodbury
2edc9886-429b-589b-8a02-969ad717e989,191899_0,,news,local_news,https://www.exploreokoboji.com/news/massive-flooding-all-across-the-region-a-disaster-is-unfolding-in-south-spencer/,2024-06-22,2024-06-22,2024-06-22,day,"Clay County, IA","County Road A-43 bridge, half mile east of County Road M-27",43.04795,-95.19841,county_centroid,19041,,bridge_damaged,,,2,A,river,1,"Bridge on County Road A-43, approximately half mile east of County Road M-27, closed due to washed out abutment; closure remains indefinite.",,2024-06-20,2024-06-30,Buena Vista; Cherokee; Clay; Dickinson; Ida; Lyon; O'Brien; Osceola; Plymouth; Sioux; Woodbury
896b417d-7f2e-533d-8d14-e6c54df62a4e,191899_0,1197197.0,noaa,noaa_narrative,NOAA StormEvents EVENT_ID 1197197,,2024-06-22,2024-06-30,day,"Woodbury County, IA",,42.22,-96.2975,event_point,19193,10230005.0,evacuation,0.0,people,3,A,river,1,"Approximately 1,000 people were evacuated from the Riverside Neighborhood of Sioux City, 500 people were evacuated from Correctionville, and 10 people were evacuated from Smithland.",,2024-06-20,2024-06-30,Buena Vista; Cherokee; Clay; Dickinson; Ida; Lyon; O'Brien; Osceola; Plymouth; Sioux; Woodbury
4e43fca3-e268-59ff-9bce-25712b6fb705,191899_0,,news,local_news,https://www.exploreokoboji.com/news/massive-flooding-all-across-the-region-a-disaster-is-unfolding-in-south-spencer/,2024-06-22,2024-06-22,2024-06-22,day,"Spencer, Clay County, IA",south side to Faith Pentecostal Church; north side to Spencer YMCA,43.14702,-95.15269,place_centroid,19041,,evacuation,,,3,A,river,1,South side residents sheltering at Faith Pentecostal Church; north side residents using Spencer YMCA; no travel is being allowed into or out of Spencer or within the city.,,2024-06-20,2024-06-30,Buena Vista; Cherokee; Clay; Dickinson; Ida; Lyon; O'Brien; Osceola; Plymouth; Sioux; Woodbury
19e7e756-120e-5174-9f35-56c7e6f0e669,191899_0,,news,local_news,https://www.exploreokoboji.com/news/massive-flooding-all-across-the-region-a-disaster-is-unfolding-in-south-spencer/,2024-06-22,2024-06-22,2024-06-22,day,"Spencer, Clay County, IA",south Spencer,43.14702,-95.15269,place_centroid,19041,,home_flooded,,,3,A,river,1,Residents evacuating as homes took on water by approximately 9:00 AM Saturday.,,2024-06-20,2024-06-30,Buena Vista; Cherokee; Clay; Dickinson; Ida; Lyon; O'Brien; Osceola; Plymouth; Sioux; Woodbury
073dbe65-4d87-517e-819d-fcd7846985a3,191899_0,1197197.0,noaa,noaa_narrative,NOAA StormEvents EVENT_ID 1197197,,2024-06-22,2024-06-30,day,"Woodbury County, IA",,42.22,-96.2975,event_point,19193,10230005.0,infrastructure,,,2,A,river,1,The Smithland sewage lift station failed and the Sioux City Wastewater Treatment Plant was damaged.,,2024-06-20,2024-06-30,Buena Vista; Cherokee; Clay; Dickinson; Ida; Lyon; O'Brien; Osceola; Plymouth; Sioux; Woodbury
221a02dd-1605-5d73-b332-4c2f9995802b,191899_0,,news,local_news,https://www.exploreokoboji.com/news/massive-flooding-all-across-the-region-a-disaster-is-unfolding-in-south-spencer/,2024-06-22,2024-06-22,2024-06-22,day,"Spencer, Clay County, IA",levees; power grid,43.14702,-95.15269,place_centroid,19041,,infrastructure,,,3,A,river,1,Multiple levy breaches reported allowing water inundation; power outages reported in Spencer.,,2024-06-20,2024-06-30,Buena Vista; Cherokee; Clay; Dickinson; Ida; Lyon; O'Brien; Osceola; Plymouth; Sioux; Woodbury
1bb6f9d1-5858-57dc-92d1-89218af081d4,191899_0,1197197.0,noaa,noaa_narrative,NOAA StormEvents EVENT_ID 1197197,,2024-06-22,2024-06-30,day,"Woodbury County, IA",,42.22,-96.2975,event_point,19193,10230005.0,rescue,,,2,A,river,1,"At peak flooding, numerous swift water rescues were conducted.",,2024-06-20,2024-06-30,Buena Vista; Cherokee; Clay; Dickinson; Ida; Lyon; O'Brien; Osceola; Plymouth; Sioux; Woodbury
11111a8e-3593-5acf-b8bd-025d1ce95136,191899_0,,news,agency_web,https://www.weather.gov/fsd/20240620-22-HeavyRain-Flooding,,2024-06-22,2024-06-26,range,"Cherokee, Cherokee County, IA",Little Sioux River at Cherokee,42.7495,-95.55216,place_centroid,19035,,river_overbank,,,2,A,river,1,Little Sioux River at Spencer and Cherokee: stages estimated via high water mark due to data outages.,Record crest; gauge outage during peak,2024-06-20,2024-06-30,Buena Vista; Cherokee; Clay; Dickinson; Ida; Lyon; O'Brien; Osceola; Plymouth; Sioux; Woodbury
e6ed5457-ba1a-5055-9dbe-54d74aa0f9ef,191899_0,1197197.0,noaa,noaa_narrative,NOAA StormEvents EVENT_ID 1197197,,2024-06-22,2024-06-30,day,"Woodbury County, IA",,42.22,-96.2975,event_point,19193,10230005.0,road_closed,50.0,roads,2,A,river,1,Approximately 50 roads and bridges were closed due to flood waters.,,2024-06-20,2024-06-30,Buena Vista; Cherokee; Clay; Dickinson; Ida; Lyon; O'Brien; Osceola; Plymouth; Sioux; Woodbury
77de8d3d-4b93-5e3b-b08a-58382c6870f0,191899_0,,news,agency_web,https://iowadot.gov/news/2024-06-22/several-roads-northwest-iowa-are-currently-affected-flooding,2024-06-22,2024-06-22,2024-06-22,day,"Lyon County, IA","primary highway system, Lyon County",43.37821,-96.52508,county_centroid,19119,,road_closed,,,2,B,unknown,1,"As of 8:30 a.m. on Saturday, June 22, there are 20+ specific locations on the primary highway system with road closures.","Iowa DOT strongly discouraged travel in Lyon, Sioux, O'Brien, Clay, Emmet and Dickinson counties; June 22 is one day after the 193882_0 window end.",2024-06-20,2024-06-30,Buena Vista; Cherokee; Clay; Dickinson; Ida; Lyon; O'Brien; Osceola; Plymouth; Sioux; Woodbury
3925b074-6a08-5456-a939-3ea8a4dfd6c8,191899_0,1197197.0,noaa,noaa_narrative,NOAA StormEvents EVENT_ID 1197197,,2024-06-22,2024-06-30,day,"Woodbury County, IA",,42.22,-96.2975,event_point,19193,10230005.0,road_flooded,50.0,roads,1,A,river,1,Approximately 50 roads and bridges were closed due to flood waters.,,2024-06-20,2024-06-30,Buena Vista; Cherokee; Clay; Dickinson; Ida; Lyon; O'Brien; Osceola; Plymouth; Sioux; Woodbury
80df8d98-86f9-5f83-a51a-4be86b81f2c3,191899_0,,news,local_news,https://www.exploreokoboji.com/news/massive-flooding-all-across-the-region-a-disaster-is-unfolding-in-south-spencer/,2024-06-22,2024-06-22,2024-06-22,day,"Spencer, Clay County, IA",Grand Avenue from just south of the Little Sioux River bridge to the South T,43.14702,-95.15269,place_centroid,19041,,road_flooded,,,3,A,river,1,Grand Avenue flooded from just south of the Little Sioux River bridge to the South T; businesses and structures completely flooded.,,2024-06-20,2024-06-30,Buena Vista; Cherokee; Clay; Dickinson; Ida; Lyon; O'Brien; Osceola; Plymouth; Sioux; Woodbury
351b5066-59a1-5006-b787-617043e75ecc,193225_0,,news,agency_web,https://www.weather.gov/dmx/202406-HeavyRainfall-RecordRiverFlooding,,2024-06-22,2024-06-24,range,"Algona, Kossuth County, IA",East Fork Des Moines River at Algona,43.07635,-94.23175,place_centroid,19109,,river_overbank,20.67,feet stage,2,A,river,1,"Algona (East Fork) 20.67 ft on 6-23-24, third highest on record.",,2024-06-22,2024-06-22,Emmet; Kossuth; Palo Alto; Worth
c39f2dcf-0848-5b3f-8069-d17443b89246,193225_0,1194824.0,noaa,noaa_narrative,NOAA StormEvents EVENT_ID 1194824,,2024-06-22,2024-06-22,day,"Palo Alto County, IA",,43.0825,-94.5361,event_point,19147,7100002.0,road_flooded,,,1,A,river,1,The road is blocked because of flooding.,,2024-06-22,2024-06-22,Emmet; Kossuth; Palo Alto; Worth
560b1fa0-b9cf-5564-8b1f-4f1c54d0e585,193225_0,1194825.0,noaa,noaa_narrative,NOAA StormEvents EVENT_ID 1194825,,2024-06-22,2024-06-22,day,"Palo Alto County, IA",,43.1067,-94.6284,event_point,19147,7100002.0,road_flooded,,,1,A,river,1,The road is blocked because of flooding.,,2024-06-22,2024-06-22,Emmet; Kossuth; Palo Alto; Worth
1e083395-8883-532e-b1d4-e83de987bcb3,193225_0,1194826.0,noaa,noaa_narrative,NOAA StormEvents EVENT_ID 1194826,,2024-06-22,2024-06-22,day,"Emmet County, IA",,43.3593,-94.8197,event_point,19063,7100002.0,road_flooded,,,1,A,river,1,The road is blocked because of flooding.,,2024-06-22,2024-06-22,Emmet; Kossuth; Palo Alto; Worth
fd360cca-2b07-598d-99dc-db81f503aba2,193225_0,1194827.0,noaa,noaa_narrative,NOAA StormEvents EVENT_ID 1194827,,2024-06-22,2024-06-22,day,"Kossuth County, IA",A38; Between County Road; County Road; P40,43.3182,-94.2377,event_point,19109,7100003.0,road_flooded,,,1,A,river,1,"US-169 northbound, Between County Road A38 and County Road P40 (2 to 3 miles north of the Bancroft area), areas of water over the road.",,2024-06-22,2024-06-22,Emmet; Kossuth; Palo Alto; Worth
31d83c74-d0c1-57d2-a68a-33addc5c5ab6,193225_0,,news,agency_web,https://www.weather.gov/dmx/202406-HeavyRainfall-RecordRiverFlooding,,2024-06-22,2024-06-25,range,"Algona, Kossuth County, IA",Highway 169 bridge south of Algona; North Park,43.07635,-94.23175,place_centroid,19109,,road_flooded,,,2,A,river,1,The Highway 169 bridge is surrounded by flood waters; Algona's North Park flooded by the East Fork Des Moines River.,,2024-06-22,2024-06-22,Emmet; Kossuth; Palo Alto; Worth
3cad25a3-a86c-5118-9906-e59463b2d034,193311_0,1194194.0,noaa,noaa_narrative,NOAA StormEvents EVENT_ID 1194194,,2024-06-22,2024-06-25,day,"Cerro Gordo County, IA",,43.31,-93.3,event_point,19033,7080203.0,river_overbank,,,0,A,river,1,The Winnebago River at Mason City crested at 10.96 ft on June 22 at 09:45 pm CDT.,,2024-06-21,2024-06-30,Black Hawk; Butler; Cerro Gordo; Emmet; Humboldt; Kossuth; Palo Alto; Webster
1b226bfb-b5de-52a9-b4d1-dc30d8ebb0af,193311_0,1194195.0,noaa,noaa_narrative,NOAA StormEvents EVENT_ID 1194195,,2024-06-22,2024-06-30,day,"Webster County, IA",,42.42,-94.21,event_point,19187,7100004.0,river_overbank,,,0,A,river,1,The Des Moines at Fort Dodge crested at 17.12 ft on June 27 at 04:30 am CDT.,,2024-06-21,2024-06-30,Black Hawk; Butler; Cerro Gordo; Emmet; Humboldt; Kossuth; Palo Alto; Webster
ff6d4f5b-e45e-5e2f-8fba-80719da8ba9e,193311_0,1194200.0,noaa,noaa_narrative,NOAA StormEvents EVENT_ID 1194200,,2024-06-22,2024-06-30,day,"Kossuth County, IA",,42.88,-94.13,event_point,19109,7100003.0,river_overbank,,,0,A,river,1,The East Fork of the Des Moines at Algona crested at 20.73 ft on June 23 at 05:15 am CDT.,,2024-06-21,2024-06-30,Black Hawk; Butler; Cerro Gordo; Emmet; Humboldt; Kossuth; Palo Alto; Webster
e17e64fa-8d5a-5691-b233-75fe82876ce4,193311_0,1194201.0,noaa,noaa_narrative,NOAA StormEvents EVENT_ID 1194201,,2024-06-22,2024-06-27,day,"Humboldt County, IA",,42.88,-94.25,event_point,19091,7100002.0,river_overbank,,,0,A,river,1,The East Fork of the Des Moines at Dakota City crested at 21.65 ft on June 24 at 01:30 pm CDT.,,2024-06-21,2024-06-30,Black Hawk; Butler; Cerro Gordo; Emmet; Humboldt; Kossuth; Palo Alto; Webster
bd2d3296-3a24-58f6-b1fc-3b531cb864a5,193311_0,1194209.0,noaa,noaa_narrative,NOAA StormEvents EVENT_ID 1194209,,2024-06-22,2024-06-30,day,"Humboldt County, IA",,42.65,-94.16,event_point,19091,7100002.0,river_overbank,,,0,A,river,1,The West Fork of the Des Moines at Humboldt crested at 16.99 ft on June 27 at 02:15 am CDT.,,2024-06-21,2024-06-30,Black Hawk; Butler; Cerro Gordo; Emmet; Humboldt; Kossuth; Palo Alto; Webster
02ecc1ef-448d-5616-ac5b-3edfdc0b43d4,193340_0,1194400.0,noaa,noaa_narrative,NOAA StormEvents EVENT_ID 1194400,,2024-06-22,2024-06-22,day,"Fayette County, IA",,42.9441,-91.9547,event_point,19065,7060004.0,road_flooded,,,1,A,flash,1,Trained spotters reported flash flooding from near Hawkeye to West Union with numerous roads under water.,,2024-06-22,2024-06-22,Allamakee; Fayette
207eefe8-7669-5918-8e61-580f0e77b218,193360_0,1195815.0,noaa,noaa_narrative,NOAA StormEvents EVENT_ID 1195815,,2024-06-22,2024-06-25,day,"Floyd County, IA",,43.0691,-92.6844,event_point,19067,7080201.0,river_overbank,,,0,A,river,1,The river stage crested during the morning on June 24th in major flood stage at 21.57 ft.,,2024-06-22,2024-06-30,Allamakee; Chickasaw; Clayton; Floyd; Howard; Mitchell; Winneshiek
559541f5-a962-5a8c-82e8-4d69be8f3ee6,193360_0,1195825.0,noaa,noaa_narrative,NOAA StormEvents EVENT_ID 1195825,,2024-06-22,2024-06-24,day,"Howard County, IA",,43.4644,-92.3006,event_point,19089,7060002.0,river_overbank,,,0,A,river,1,The river stage crested during the early morning on June 23rd in major flood stage at 16.40 ft.,,2024-06-22,2024-06-30,Allamakee; Chickasaw; Clayton; Floyd; Howard; Mitchell; Winneshiek
a42b2e79-db2e-58c0-aa4b-3b4530ae415b,193924_0,,news,local_news,https://www.exploreokoboji.com/news/news-stories/massive-flooding-all-across-the-region-a-disaster-is-unfolding-in-south-spencer,2024-06-22,2024-06-22,2024-06-22,day,"Dickinson County, IA",bridge on County Road A-43 about a half mile east of County Road M-27,43.35328,-95.10358,county_centroid,19059,,bridge_damaged,1.0,bridge,2,A,flash,1,they've been forced to close a bridge on County Road A-43 about a half mile east of County Road M-27,"Article (June 22, 2024) states the abutment was washed out.",2024-06-21,2024-06-22,Dickinson; O'Brien; Osceola; Sioux
e4e9ca27-2b6d-517a-bf4c-bed294f7cfd6,193924_0,,news,local_news,https://www.ktiv.com/2024/06/22/emergency-evacuation-issued-city-rock-valley-ia-due-rising-floodwaters/,2024-06-22,2024-06-22,2024-06-22,day,"Rock Valley, Sioux County, IA",all residents north of Highway 18,43.20258,-96.28904,place_centroid,19167,,evacuation,,,3,A,river,1,All residents north of Highway 18 ordered to evacuate.,,2024-06-21,2024-06-22,Dickinson; O'Brien; Osceola; Sioux
443f6c56-43ba-56ef-88ea-574617d6a69e,193924_0,,news,local_news,https://www.ktiv.com/2024/06/22/emergency-evacuation-issued-city-rock-valley-ia-due-rising-floodwaters/,2024-06-22,2024-06-22,2024-06-22,day,"Rock Valley, Sioux County, IA",levee on the Rock River,43.20258,-96.28904,place_centroid,19167,,infrastructure,,,3,A,river,1,Levee broke around 1 a.m. Saturday.,,2024-06-21,2024-06-22,Dickinson; O'Brien; Osceola; Sioux
10e4d883-d11b-55ea-bedc-4979f59d3348,193924_0,,news,local_news,https://www.ktiv.com/2024/06/22/emergency-evacuation-issued-city-rock-valley-ia-due-rising-floodwaters/,2024-06-22,2024-06-22,2024-06-23,range,"Rock Valley, Sioux County, IA",citywide utilities,43.20258,-96.28904,place_centroid,19167,,infrastructure,,,2,A,river,1,City without power and water.,,2024-06-21,2024-06-22,Dickinson; O'Brien; Osceola; Sioux
086fcb2c-74e3-5c95-8756-d36c934981cb,193924_0,,news,local_news,https://www.exploreokoboji.com/news/massive-flooding-all-across-the-region-a-disaster-is-unfolding-in-south-spencer/,2024-06-22,2024-06-22,2024-06-22,day,"Okoboji, Dickinson County, IA",Iowa Great Lakes Sanitary District system,43.38808,-95.13324,place_centroid,19059,,infrastructure,,,3,A,river,1,Iowa Great Lakes Sanitary District system completely overwhelmed with untreated waste water being bypassed into all of the lakes.,Water quality impact on the Iowa Great Lakes,2024-06-21,2024-06-22,Dickinson; O'Brien; Osceola; Sioux
094d259b-d210-5e4d-9b6b-a0da7560fa06,193924_0,,news,local_news,https://www.ktiv.com/2024/06/22/emergency-evacuation-issued-city-rock-valley-ia-due-rising-floodwaters/,2024-06-22,2024-06-22,2024-06-22,day,"Rock Valley, Sioux County, IA",Rock Valley,43.20258,-96.28904,place_centroid,19167,,rescue,20.0,rescues,2,A,river,1,"Approximately 20 rescues conducted; crews from Sioux City Fire Rescue and Iowa Task Force 1 deployed; trucks, boats, and tractors used.",All rescue calls completed by 3:30 p.m. Saturday,2024-06-21,2024-06-22,Dickinson; O'Brien; Osceola; Sioux
4b940ecd-ea51-58b0-a5ca-80f3652ec0a7,193924_0,,news,local_news,https://www.ktiv.com/2024/06/22/emergency-evacuation-issued-city-rock-valley-ia-due-rising-floodwaters/,2024-06-22,2024-06-22,2024-06-22,day,"Rock Valley, Sioux County, IA",Rock River at Rock Valley,43.20258,-96.28904,place_centroid,19167,,river_overbank,22.0,feet stage,3,A,river,1,"The river rose to historic levels that we've never seen here before; river reached 22 feet, previous 2014 flood was approximately 16 feet.",,2024-06-21,2024-06-22,Dickinson; O'Brien; Osceola; Sioux
cb7990b6-7942-52cf-86d2-fd03e63712b8,193924_0,,news,agency_web,https://pubs.usgs.gov/publication/ofr20261066/full,2026-03-05,2024-06-22,2024-06-22,day,"Osceola County, IA",Ocheyedan River near Ocheyedan (06604510),43.40265,-95.5773,county_centroid,19143,,river_overbank,2770.0,cfs peak flow,0,A,river,1,25 percent larger than the previous peak-of-record from June 1993,"USGS OFR 2026-1066: Ocheyedan River near Ocheyedan peaked June 22, 2024 at 2,770 cfs, a new peak of record; gauge is in Osceola County.",2024-06-21,2024-06-22,Dickinson; O'Brien; Osceola; Sioux
1bee3e21-72ac-567d-a82c-6f3bc5f6952b,193924_0,,news,agency_web,https://iowadot.gov/news/2024-06-22/several-roads-northwest-iowa-are-currently-affected-flooding,2024-06-22,2024-06-22,2024-06-22,day,"Dickinson County, IA","primary highway system, Dickinson County",43.35328,-95.10358,county_centroid,19059,,road_closed,,,2,B,unknown,1,"As of 8:30 a.m. on Saturday, June 22, there are 20+ specific locations on the primary highway system with road closures.",Iowa DOT listed Dickinson among six counties where travel was strongly discouraged due to flooding.,2024-06-21,2024-06-22,Dickinson; O'Brien; Osceola; Sioux
bcd0b276-4b98-5497-8d59-57e1f511a2fe,193924_0,,news,agency_web,https://iowadot.gov/news/2024-06-22/several-roads-northwest-iowa-are-currently-affected-flooding,2024-06-22,2024-06-22,2024-06-22,day,"O'Brien County, IA","primary highway system, O'Brien County",43.1174,-95.57713,county_centroid,19141,,road_closed,,,2,B,unknown,1,"As of 8:30 a.m. on Saturday, June 22, there are 20+ specific locations on the primary highway system with road closures.",Iowa DOT listed O'Brien among six counties where travel was strongly discouraged due to flooding.,2024-06-21,2024-06-22,Dickinson; O'Brien; Osceola; Sioux
6d413fca-6e9c-5cad-a7ce-d22567a76492,193924_0,,news,agency_web,https://iowadot.gov/news/2024-06-22/several-roads-northwest-iowa-are-currently-affected-flooding,2024-06-22,2024-06-22,2024-06-22,day,"Sioux County, IA","primary highway system, Sioux County",43.0863,-96.46521,county_centroid,19167,,road_closed,,,2,B,unknown,1,"As of 8:30 a.m. on Saturday, June 22, there are 20+ specific locations on the primary highway system with road closures.",Iowa DOT listed Sioux among six counties where travel was strongly discouraged; Rock Valley-specific coverage excluded per assignment (belongs to 191899_0).,2024-06-21,2024-06-22,Dickinson; O'Brien; Osceola; Sioux
192d2ed5-620a-589a-817c-b23dec4a3c81,193311_0,1194180.0,noaa,noaa_narrative,NOAA StormEvents EVENT_ID 1194180,,2024-06-23,2024-06-27,day,"Butler County, IA",,42.61,-92.49,event_point,19023,7080204.0,river_overbank,,,0,A,river,1,The Shell Rock River at Shell Rock crested at 12.94 ft on June 24 at 12:30 pm CDT.,,2024-06-21,2024-06-30,Black Hawk; Butler; Cerro Gordo; Emmet; Humboldt; Kossuth; Palo Alto; Webster
d1c5166b-aefa-5faf-b7f9-dccec427d59a,193311_0,,news,agency_web,https://www.weather.gov/dmx/202406-HeavyRainfall-RecordRiverFlooding,,2024-06-23,2024-06-25,range,"Estherville, Emmet County, IA",West Fork Des Moines River at Estherville; Highway 9 area,43.39973,-94.83422,place_centroid,19063,,river_overbank,17.94,feet stage,2,A,river,1,"Estherville 17.94 ft on 6-24-24, new record (estimated); flooding along the West Fork Des Moines River in Estherville.",Record crest,2024-06-21,2024-06-30,Black Hawk; Butler; Cerro Gordo; Emmet; Humboldt; Kossuth; Palo Alto; Webster
0a8c54b4-57dc-519b-97db-87dd5be69450,193311_0,,news,agency_web,https://www.weather.gov/dmx/202406-HeavyRainfall-RecordRiverFlooding,,2024-06-23,2024-06-25,range,"Emmetsburg, Palo Alto County, IA",West Fork Des Moines River at Emmetsburg,43.1148,-94.67958,place_centroid,19147,,river_overbank,15.47,feet stage,2,A,river,1,"Emmetsburg 15.47 ft on 6-24-24, new record.",Record crest,2024-06-21,2024-06-30,Black Hawk; Butler; Cerro Gordo; Emmet; Humboldt; Kossuth; Palo Alto; Webster
1271a890-eabe-5f94-9a52-343ff515a6ff,193311_0,,news,agency_web,https://www.weather.gov/dmx/202406-HeavyRainfall-RecordRiverFlooding,,2024-06-23,2024-06-27,range,"Hardy, Humboldt County, IA",County Road C26 west of Hardy and northwest of Bradgate,42.81017,-94.0512,place_centroid,19091,,road_flooded,,,1,A,river,1,Water flowing over County Road C26 west of Hardy; flood waters inundated the area northwest of Bradgate.,,2024-06-21,2024-06-30,Black Hawk; Butler; Cerro Gordo; Emmet; Humboldt; Kossuth; Palo Alto; Webster
3660ebb3-eb9a-57c6-989d-d2e1ae3c8657,193360_0,,news,local_news,https://www.charlescitypress.com/front/2024/06/24/cedar-river-receding-after-bifurcating-charles-city/,2024-06-24,2024-06-23,2024-06-24,range,"Charles City, Floyd County, IA",natural gas service; Sportsmen's Park electricity,43.02948,-92.74241,county_centroid,19067,,infrastructure,,,2,A,river,1,MidAmerican Energy shut off natural gas to some customers Sunday afternoon and evening; Sportsmen's Park electricity shut off.,,2024-06-22,2024-06-30,Allamakee; Chickasaw; Clayton; Floyd; Howard; Mitchell; Winneshiek
2ac86e8d-dca1-5604-b936-3b42e065baac,193360_0,1195824.0,noaa,noaa_narrative,NOAA StormEvents EVENT_ID 1195824,,2024-06-23,2024-06-26,day,"Chickasaw County, IA",,42.9508,-92.527,event_point,19037,7080201.0,river_overbank,,,0,A,river,1,The river stage crested during the early morning on June 25th in major flood stage at 959.94 ft.,,2024-06-22,2024-06-30,Allamakee; Chickasaw; Clayton; Floyd; Howard; Mitchell; Winneshiek
bd5e0a95-9bfa-5370-853d-1c2368fda5c1,193360_0,1195827.0,noaa,noaa_narrative,NOAA StormEvents EVENT_ID 1195827,,2024-06-23,2024-06-24,day,"Winneshiek County, IA",,43.4427,-92.0418,event_point,19191,7060002.0,river_overbank,,,0,A,river,1,The river stage crested during the evening on the same day in major flood stage at 15.51 ft.,,2024-06-22,2024-06-30,Allamakee; Chickasaw; Clayton; Floyd; Howard; Mitchell; Winneshiek
91fe910d-b8f7-596e-bfb7-c4874efd38df,193360_0,,news,local_news,https://www.charlescitypress.com/front/2024/06/24/cedar-river-receding-after-bifurcating-charles-city/,2024-06-24,2024-06-23,2024-06-24,range,"Charles City, Floyd County, IA",Cedar River at Charles City; Riverfront Park; Bayou Bend Park,43.02948,-92.74241,county_centroid,19067,,river_overbank,21.57,feet stage,2,A,river,1,"Crested at 21.57 feet at 7 a.m. Monday, the fifth highest recorded flood in Charles City history; Riverfront Park almost completely covered.",,2024-06-22,2024-06-30,Allamakee; Chickasaw; Clayton; Floyd; Howard; Mitchell; Winneshiek
c86b1061-525d-542c-ae0c-df9b987c90ad,193360_0,,news,local_news,https://www.charlescitypress.com/front/2024/06/24/cedar-river-receding-after-bifurcating-charles-city/,2024-06-24,2024-06-23,2024-06-24,range,"Charles City, Floyd County, IA",Brantingham Street Bridge; Main Street Bridge; pedestrian suspension bridge; multiple city streets,43.02948,-92.74241,county_centroid,19067,,road_closed,,,2,A,river,1,Brantingham Street Bridge closed at 1:45 a.m. Monday; Main Street Bridge closed as a precautionary measure and remained closed pending structural inspection; multiple city streets closed by Charles City Police.,,2024-06-22,2024-06-30,Allamakee; Chickasaw; Clayton; Floyd; Howard; Mitchell; Winneshiek
6be51639-1ace-5309-b23f-79eaf542e97f,193311_0,1194178.0,noaa,noaa_narrative,NOAA StormEvents EVENT_ID 1194178,,2024-06-24,2024-06-28,day,"Black Hawk County, IA",,42.56,-92.38,event_point,19013,7080205.0,river_overbank,,,0,A,river,1,The Cedar River at Cedar Falls crested at 93.73 ft on June 26 at 03:30 am CDT.,,2024-06-21,2024-06-30,Black Hawk; Butler; Cerro Gordo; Emmet; Humboldt; Kossuth; Palo Alto; Webster
4cd3f790-25ef-5809-9d57-dcb9b7fcc73f,193311_0,1194197.0,noaa,noaa_narrative,NOAA StormEvents EVENT_ID 1194197,,2024-06-24,2024-06-30,day,"Webster County, IA",,42.07,-94.03,event_point,19187,7100004.0,river_overbank,,,0,A,river,1,The Des Moines at Stratford crested at 21.56 ft on June 27 at 08:15 pm CDT.,,2024-06-21,2024-06-30,Black Hawk; Butler; Cerro Gordo; Emmet; Humboldt; Kossuth; Palo Alto; Webster
5f42b3dd-6776-5ee3-9625-a92a4fb1e2c6,193311_1,1194179.0,noaa,noaa_narrative,NOAA StormEvents EVENT_ID 1194179,,2024-06-24,2024-06-27,day,"Black Hawk County, IA",,42.71,-92.4,event_point,19013,7080201.0,river_overbank,,,0,A,river,1,The Cedar River at Janesville crested at 14.36 ft on June 25 at 05:45 pm CDT.,,2024-06-24,2024-06-27,Black Hawk
9cb5f96b-2e3d-50be-8541-bc7332e97451,193360_0,,news,local_news,https://www.charlescitypress.com/front/2024/06/24/cedar-river-receding-after-bifurcating-charles-city/,2024-06-24,2024-06-24,2024-06-24,day,"Charles City, Floyd County, IA",Otto's Oasis,43.02948,-92.74241,county_centroid,19067,,business_flooded,,,2,A,river,1,"Otto's Oasis forced to close, at least for the day.",,2024-06-22,2024-06-30,Allamakee; Chickasaw; Clayton; Floyd; Howard; Mitchell; Winneshiek
c215ddf3-daff-569f-a6ca-d7a3ccf194f3,193360_0,1195807.0,noaa,noaa_narrative,NOAA StormEvents EVENT_ID 1195807,,2024-06-24,2024-06-30,day,"Clayton County, IA",,43.0296,-91.1737,event_point,19043,7060001.0,river_overbank,,,0,A,river,1,The river stage continued to rise through the end of the month increasing from minor to moderate flood stage on June 28th.,,2024-06-22,2024-06-30,Allamakee; Chickasaw; Clayton; Floyd; Howard; Mitchell; Winneshiek
989e868a-9f17-52af-af9b-a93f290ed651,193922_0,1198870.0,noaa,noaa_narrative,NOAA StormEvents EVENT_ID 1198870,,2024-06-24,2024-06-28,day,"Monona County, IA",,42.2118,-96.3736,event_point,19133,10230001.0,evacuation,,,3,A,river,1,"By this point, water had breached the levee system on both sides of the river, resulting in several road closures and evacuations of nearby homesteads.",,2024-06-24,2024-06-30,Fremont; Harrison; Mills; Monona; Pottawattamie
59f19520-1067-5242-9c84-7ffa1853993b,193922_0,1198870.0,noaa,noaa_narrative,NOAA StormEvents EVENT_ID 1198870,,2024-06-24,2024-06-28,day,"Monona County, IA",Highway 141,42.2118,-96.3736,event_point,19133,10230001.0,infrastructure,,,2,A,river,2,"At 04:56 am CDT on the 25th, law enforcement reported that a levee on the Little Sioux River failed 600 yards south of Highway 141 resulting in flash flooding in the surrounding areas.",,2024-06-24,2024-06-30,Fremont; Harrison; Mills; Monona; Pottawattamie
de75709d-5708-5150-9575-c612a47aad73,193922_0,1198873.0,noaa,noaa_narrative,NOAA StormEvents EVENT_ID 1198873,,2024-06-24,2024-06-30,day,"Pottawattamie County, IA",Interstate 29; Interstate 680,41.51,-95.89,event_point,19155,10230007.0,infrastructure,,,2,A,river,1,"Later into the evening of the 26th, Iowa Department of Transportation reported numerous agricultural and local levee breaches west of Interstate 29 and north of Interstate 680 resulting in the rapid submerging of roads in this area.",,2024-06-24,2024-06-30,Fremont; Harrison; Mills; Monona; Pottawattamie
fac53084-38e4-5e42-a6cd-554ec214f246,193922_0,1198870.0,noaa,noaa_narrative,NOAA StormEvents EVENT_ID 1198870,,2024-06-24,2024-06-28,day,"Monona County, IA",,42.2118,-96.3736,event_point,19133,10230001.0,river_overbank,,,0,A,river,3,"River flooding from upstream excessive rain impacted the region, bringing the Missouri River to moderate flood stage.",,2024-06-24,2024-06-30,Fremont; Harrison; Mills; Monona; Pottawattamie
60c868a8-d8b0-5c07-980b-8ea8b5ab0302,193922_0,1198872.0,noaa,noaa_narrative,NOAA StormEvents EVENT_ID 1198872,,2024-06-24,2024-06-30,day,"Harrison County, IA",,41.8713,-95.9789,event_point,19085,10230003.0,river_overbank,,,0,A,river,1,"Moderate flood stage was observed along the Missouri, with the Blair river gauge cresting at 32.3 feet at 14:30 CDT on 6/27.",,2024-06-24,2024-06-30,Fremont; Harrison; Mills; Monona; Pottawattamie
1c7a56d9-b55c-500f-bb01-f5bcaeabc3d3,193922_0,1198873.0,noaa,noaa_narrative,NOAA StormEvents EVENT_ID 1198873,,2024-06-24,2024-06-30,day,"Pottawattamie County, IA",,41.51,-95.89,event_point,19155,10230007.0,river_overbank,,,0,A,river,1,"Moderate flood stage was observed along the Missouri, with two Omaha river gauges cresting between 32.5 and 33.0 feet.",,2024-06-24,2024-06-30,Fremont; Harrison; Mills; Monona; Pottawattamie
f51de8df-31e2-56c3-8ca7-0b44c04a579a,193922_0,1198874.0,noaa,noaa_narrative,NOAA StormEvents EVENT_ID 1198874,,2024-06-24,2024-06-30,day,"Mills County, IA",,41.1603,-95.9008,event_point,19129,10230006.0,river_overbank,,,0,A,river,1,"Moderate flood stage was observed along the Missouri, with the river gauge in Bellevue cresting at 33.84 feet on 6/29.",,2024-06-24,2024-06-30,Fremont; Harrison; Mills; Monona; Pottawattamie
b38e7b11-bd3a-5bac-aead-947f50ca6a47,193922_0,1198875.0,noaa,noaa_narrative,NOAA StormEvents EVENT_ID 1198875,,2024-06-24,2024-06-30,day,"Fremont County, IA",,40.586,-95.8156,event_point,19071,10240004.0,river_overbank,,,0,A,river,1,"Moderate flood stage was observed along the Missouri, with the river gauge in Nebraska City cresting at 24.35 feet on 6/30.",,2024-06-24,2024-06-30,Fremont; Harrison; Mills; Monona; Pottawattamie
61780fb7-5f4d-58d9-978f-47c9c54efab0,193922_0,1198870.0,noaa,noaa_narrative,NOAA StormEvents EVENT_ID 1198870,,2024-06-24,2024-06-28,day,"Monona County, IA",,42.2118,-96.3736,event_point,19133,10230001.0,road_closed,,,2,A,river,1,"By this point, water had breached the levee system on both sides of the river, resulting in several road closures and evacuations of nearby homesteads.",,2024-06-24,2024-06-30,Fremont; Harrison; Mills; Monona; Pottawattamie
690c8580-5f9e-5b12-86ed-32ddbb2b9665,193922_0,1198873.0,noaa,noaa_narrative,NOAA StormEvents EVENT_ID 1198873,,2024-06-24,2024-06-30,day,"Pottawattamie County, IA",Gifford Road,41.51,-95.89,event_point,19155,10230007.0,road_closed,,,2,A,river,1,"At 3 pm, emergency management closed down Gifford Road in Council Bluffs as flood waters had reached the edge of the travel portion of the roadway.",,2024-06-24,2024-06-30,Fremont; Harrison; Mills; Monona; Pottawattamie
6cc7be19-cf83-590c-89d6-ef3e1226de0c,193922_0,1198870.0,noaa,noaa_narrative,NOAA StormEvents EVENT_ID 1198870,,2024-06-24,2024-06-28,day,"Monona County, IA",Highway 141,42.2118,-96.3736,event_point,19133,10230001.0,road_flooded,,,1,A,river,2,"At 04:56 am CDT on the 25th, law enforcement reported that a levee on the Little Sioux River failed 600 yards south of Highway 141 resulting in flash flooding in the surrounding areas.",,2024-06-24,2024-06-30,Fremont; Harrison; Mills; Monona; Pottawattamie
21ef580c-edd1-5060-bbca-db2d89a7685f,193922_0,1198873.0,noaa,noaa_narrative,NOAA StormEvents EVENT_ID 1198873,,2024-06-24,2024-06-30,day,"Pottawattamie County, IA",Gifford Road,41.51,-95.89,event_point,19155,10230007.0,road_flooded,,,1,A,river,1,"At 3 pm, emergency management closed down Gifford Road in Council Bluffs as flood waters had reached the edge of the travel portion of the roadway.",,2024-06-24,2024-06-30,Fremont; Harrison; Mills; Monona; Pottawattamie
16b4a1cf-b1bc-530e-857b-3fb52a533d8a,,,news,agency_web,https://www.waverlyia.com/news/public-works/flooding-update--62524.aspx,2024-06-25,2024-06-24,2024-06-25,range,"Waverly, Bremer County, IA",4th Street SE; Crestwood; 8th Street SE,42.72205,-92.46946,place_centroid,19017,,road_closed,,,2,A,river,1,"4th Street SE, Crestwood, and 8th Street SE closed; the city planned to reopen once water has receded to the middle line of the street.",Cedar River at Waverly 11.89 ft at 7:15 AM on June 25,,,
76b5d617-dd16-55b5-9b37-30a7c795f02f,193311_0,,news,agency_web,https://www.weather.gov/dmx/202406-HeavyRainfall-RecordRiverFlooding,,2024-06-25,2024-06-28,range,"Humboldt, Humboldt County, IA",West Fork Des Moines River at Humboldt,42.72293,-94.22502,place_centroid,19091,,river_overbank,16.99,feet stage,2,A,river,1,"Humboldt 16.99 ft on 6-27-24, new record.",Record crest,2024-06-21,2024-06-30,Black Hawk; Butler; Cerro Gordo; Emmet; Humboldt; Kossuth; Palo Alto; Webster
e579725b-a792-59cd-9297-d78306933ef0,193311_0,,news,agency_web,https://www.weather.gov/dmx/202406-HeavyRainfall-RecordRiverFlooding,,2024-06-25,2024-06-28,range,"Fort Dodge, Webster County, IA",Des Moines River at Fort Dodge; Water Pollution Control Facility banks,42.50986,-94.17567,place_centroid,19187,,river_overbank,17.12,feet stage,1,A,river,1,"Fort Dodge 17.12 ft on 6-27-24, fourth highest on record; waters of the Des Moines River flood along the banks of the Water Pollution Control Facility.",,2024-06-21,2024-06-30,Black Hawk; Butler; Cerro Gordo; Emmet; Humboldt; Kossuth; Palo Alto; Webster
4f5f8a53-2c13-54c1-9aff-ee3b0e34b8af,193311_1,1194177.0,noaa,noaa_narrative,NOAA StormEvents EVENT_ID 1194177,,2024-06-25,2024-06-27,day,"Black Hawk County, IA",,42.56,-92.38,event_point,19013,7080205.0,river_overbank,,,0,A,river,1,The Cedar River at Waterloo crested at 15.69 ft on June 26 at 11:15 am CDT.,,2024-06-24,2024-06-27,Black Hawk
148b2e00-ec6f-5290-830e-178332edda70,193311_1,,news,agency_web,https://www.weather.gov/dmx/202406-HeavyRainfall-RecordRiverFlooding,,2024-06-25,2024-06-27,range,"Cedar Falls, Black Hawk County, IA",Cedar River at Cedar Falls,42.51907,-92.45401,place_centroid,19013,,river_overbank,,,1,B,river,1,"Cedar Falls crest on 6-26-24, ninth highest on record.",,2024-06-24,2024-06-27,Black Hawk
2ee608cb-b338-5ca3-8348-a134ec519f8a,193922_0,1198871.0,noaa,noaa_narrative,NOAA StormEvents EVENT_ID 1198871,,2024-06-25,2024-06-25,day,"Monona County, IA",Highway 141,42.2114,-95.9282,event_point,19133,10230003.0,infrastructure,,,2,A,flash,1,"At 04:56 am CDT on the 25th, law enforcement reported that a levee on the Little Sioux River failed 600 yards south of Highway 141 resulting in flash flooding in the surrounding areas.",,2024-06-24,2024-06-30,Fremont; Harrison; Mills; Monona; Pottawattamie
1e95bfa3-84a2-5c66-a8ff-d10130815cd1,193922_0,,news,agency_web,https://iowadot.gov/news/2024-06-25/update-i-29-and-i-680-north-council-bluffs-close-later-tonight-due-flooding,2024-06-25,2024-06-25,2024-06-25,day,"Council Bluffs, Pottawattamie County, IA",I-29 from 25th Street at the north edge of Council Bluffs to the I-29/880 interchange near Loveland; I-680 west of I-29,41.23599,-95.85316,place_centroid,19155,,road_closed,,,2,A,river,1,"I-29 from 25th Street at the north edge of Council Bluffs to the I-29/880 interchange near Loveland, and the portion of I-680 west of I-29 located in Iowa, close due to Missouri River flooding.",Closure start; reopening date not stated,2024-06-24,2024-06-30,Fremont; Harrison; Mills; Monona; Pottawattamie
8d09fc69-1c49-57f8-b4a1-f774b8f6df1d,193922_0,1198871.0,noaa,noaa_narrative,NOAA StormEvents EVENT_ID 1198871,,2024-06-25,2024-06-25,day,"Monona County, IA",Highway 141,42.2114,-95.9282,event_point,19133,10230003.0,road_flooded,,,1,A,flash,1,"At 04:56 am CDT on the 25th, law enforcement reported that a levee on the Little Sioux River failed 600 yards south of Highway 141 resulting in flash flooding in the surrounding areas.",,2024-06-24,2024-06-30,Fremont; Harrison; Mills; Monona; Pottawattamie
f16a5f0f-a64a-50c2-90e2-2f4e76320715,193888_0,1204189.0,noaa,noaa_narrative,NOAA StormEvents EVENT_ID 1204189,,2024-07-01,2024-07-17,day,"Clayton County, IA",,43.0296,-91.1737,event_point,19043,7060001.0,river_overbank,,,0,A,river,1,The river stage crested during the evening on July 5th in moderate flood stage at 649.72 ft.,,2024-07-01,2024-07-17,Allamakee; Clayton
464d89b4-aa5f-58b2-a4d5-d4d87a29ed6b,193888_0,1204190.0,noaa,noaa_narrative,NOAA StormEvents EVENT_ID 1204190,,2024-07-01,2024-07-16,day,"Clayton County, IA",,42.8205,-91.104,event_point,19043,7060003.0,river_overbank,,,0,A,river,1,The river stage crested during the late evening on July 5th in moderate flood stage at 18.98 ft.,,2024-07-01,2024-07-17,Allamakee; Clayton
f7104aca-3a37-556b-badd-383ae04ec4c2,194192_0,,news,agency_web,https://www.dcem.us/about/press-releases/updates-on-the-flooding-and-recent-storms-7-3-2024-2-00pm,2024-07-03,2024-07-01,2024-07-03,range,"Dickinson County, IA",all lakes in Dickinson County (shorelines and docks),43.35328,-95.10358,county_centroid,19059,,other,,,2,B,river,1,numerous bank collapses...numerous docks that have been destroyed,"Cumulative shoreline bank collapses and destroyed docks on Dickinson County lakes from sustained high water, still being reported as of the July 3, 2024 EMA update.",2024-07-01,2024-07-18,Buena Vista; Cherokee; Clay; Dickinson; Lyon; O'Brien; Plymouth; Sioux
a167afd0-865b-5dda-9c98-1f957fc5a27c,194192_0,,news,local_news,https://www.exploreokoboji.com/news/5-mph-rule-on-dickinson-county-lakes-to-be-lifted-at-600-am-sat-july-20th-provided-west-lake-okoboji-remains-below-6-20-feet/,2024-07-18,2024-07-01,2024-07-17,range,"Dickinson County, IA",all lakes in Dickinson county; West Lake Okoboji,43.35328,-95.10358,county_centroid,19059,,river_overbank,,,1,A,river,1,emergency 5 mph rule currently in effect on all lakes in Dickinson county,"High-water emergency rule (in effect since June 18) continued through the entire July 1-18 window; West Lake Okoboji stayed above its 6.20-ft high-water threshold until it dropped below that at 6:00 am Wednesday (July 17); rule lifted 6 a.m. July 20. Explore Okoboji, July 18, 2024; corroborated by DCEM July 3 update.",2024-07-01,2024-07-18,Buena Vista; Cherokee; Clay; Dickinson; Lyon; O'Brien; Plymouth; Sioux
9d4b7e9e-cd4f-58a1-955a-29bba0560c61,194931_0,1205147.0,noaa,noaa_narrative,NOAA StormEvents EVENT_ID 1205147,,2024-07-01,2024-07-22,day,"Des Moines County, IA",,40.7926,-91.0924,event_point,19057,7080104.0,river_overbank,,,0,A,river,2,The Mississippi River at Burlington rose above its major flood stage of 18.0 feet around 11 PM on July 1st and crested at 20.48 feet on July 12th.,,2024-07-01,2024-07-22,Des Moines; Dubuque; Louisa; Muscatine
b1c52482-a344-5ded-b3e7-f03df8bc166e,194931_0,,news,local_news,https://www.wvik.org/news/2024-07-19/muscatine-removes-flood-barriers-as-mississippi-river-recedes,2024-07-19,2024-07-01,2024-07-19,range,"Muscatine, Muscatine County, IA",Mississippi River near Muscatine,41.41906,-91.06795,place_centroid,19139,,river_overbank,,,0,B,river,1,The Mississippi River near Muscatine has been above flood stage since June 27,"Article states above flood stage since June 27; start trimmed to episode window (July 1); still above flood stage July 19, forecast to fall below on July 26.",2024-07-01,2024-07-22,Des Moines; Dubuque; Louisa; Muscatine
0e70952c-a03f-59ce-8076-0656f671235a,194931_0,,news,local_news,https://www.superhits106.com/2024/07/02/mississippi-river-expected-to-crest-at-22-7-feet/,2024-07-02,2024-07-01,2024-07-01,day,"Dubuque, Dubuque County, IA",Dubuque's railroad bridge,42.4989,-90.70726,place_centroid,19061,,river_overbank,20.77,feet gauge height,0,A,river,1,The National Weather Service says the river stood at 20.77 feet at 2:30 p.m. Monday at Dubuque's railroad bridge.,Flood stage 17 ft; Monday anchored to July 2 publication = July 1. River reached 22.1 ft by July 4 and was forecast to stay near that level through July 11.,2024-07-01,2024-07-22,Des Moines; Dubuque; Louisa; Muscatine
e640dcad-806a-5bb6-9184-6174519348ff,195173_0,,news,agency_web,https://iowadot.gov/news/2024-07-03/i-29-and-i-680-near-council-bluffs-partially-reopen-afternoon-following-flooding,2024-07-03,2024-07-01,2024-07-03,range,"Pottawattamie County, IA","Interstate 29 and I-680 north of Council Bluffs; I-29 between I-680 and Exit 71, I-880 near Loveland; I-680 between the Mormon Bridge and Exit 61, Old Mormon Bridge",41.32505,-95.87085,county_centroid,19155,,road_closed,,,2,B,river,1,Interstate 29 and I-680 north of Council Bluffs are expected to partially reopen at approximately 3 p.m. today.,Missouri River flooding; interstates closed since about June 26 per Pottawattamie County EMA; range trimmed to episode window. Partial reopening 3 p.m. July 3 with intermittent lane closures; NB I-29 on-ramp from Old Mormon Bridge Road (Crescent) remained closed. Floodwaters remain in the area.,2024-07-01,2024-07-06,Fremont; Harrison; Mills; Pottawattamie
5c09d853-be2c-5ef3-9432-6630f9baadfe,194055_0,1199293.0,noaa,noaa_narrative,NOAA StormEvents EVENT_ID 1199293,,2024-07-02,2024-07-02,day,"Marion County, IA",,41.4269,-92.8762,event_point,19125,7080105.0,road_flooded,,,1,A,flash,1,"Car stranded in water on the road, with water over halfway up vehicles wheels.",,2024-07-02,2024-07-02,Mahaska; Marion
c6acc12b-3882-5da4-9fa0-0b52b00b26e4,194055_0,1199295.0,noaa,noaa_narrative,NOAA StormEvents EVENT_ID 1199295,,2024-07-02,2024-07-02,day,"Marion County, IA",,41.4298,-92.8735,event_point,19125,7080105.0,road_flooded,,,1,A,flash,1,"Multiple intersections flooded throughout town, some of which that do not typically flood.",,2024-07-02,2024-07-02,Mahaska; Marion
b91eb64b-307c-573f-a8c5-98ea7ee88795,194055_0,1199299.0,noaa,noaa_narrative,NOAA StormEvents EVENT_ID 1199299,,2024-07-02,2024-07-02,day,"Mahaska County, IA",,41.46,-92.6521,event_point,19123,7080106.0,road_flooded,,,1,A,flash,1,"Video posted to social media of roughly 3 to 6 inches of water rushing over the intersection of highway 63 and 135th street, with ditches full of water.",,2024-07-02,2024-07-02,Mahaska; Marion
5666634d-99f8-58da-bbe1-24718c15231c,194228_0,1200196.0,noaa,noaa_narrative,NOAA StormEvents EVENT_ID 1200196,,2024-07-02,2024-07-02,day,"Johnson County, IA",,41.66,-91.53,event_point,19103,7080209.0,home_flooded,,,2,A,flash,1,A public report via social media of roadway inundated with water as well as flood waters up against a few homes.,,2024-07-02,2024-07-02,Johnson; Keokuk
c6a7aed2-ae94-5d81-8d9b-92aee28d990c,194228_0,,news,agency_web,https://www.weather.gov/dvn/summary_07022024,,2024-07-02,2024-07-02,day,"Iowa City, Johnson County, IA",flood waters up against a few homes,41.54962,-91.56144,county_centroid,19103,,home_flooded,,,2,B,flash,1,Photo from social media of roadway inundated with water as well as flood waters up against a few homes,Water reported against homes; not confirmed inside structures.,2024-07-02,2024-07-02,Johnson; Keokuk
fe6be77f-0613-5b75-90d1-2e5fcd19ff7f,194228_0,,news,agency_web,https://www.weather.gov/dvn/summary_07022024,,2024-07-02,2024-07-02,day,"Coralville, Johnson County, IA",Coralville streets/roads,41.69879,-91.5968,place_centroid,19103,,road_closed,,,2,A,flash,1,Street/road flooding; Street/road closed; Vehicles stranded,NWS local storm report 6:12 PM CDT via public mPING; includes street flooding and stranded vehicles.,2024-07-02,2024-07-02,Johnson; Keokuk
13c56fa9-3b4b-57e0-a6e7-75740d289e38,194228_0,1200183.0,noaa,noaa_narrative,NOAA StormEvents EVENT_ID 1200183,,2024-07-02,2024-07-02,day,"Keokuk County, IA",,41.45,-92.37,event_point,19107,7080106.0,road_flooded,,,1,A,flash,1,Law Enforcement reported water flowing over a gravel road between What Cheer and Gibson.,,2024-07-02,2024-07-02,Johnson; Keokuk
7cd07525-2833-580b-a5db-d95043f72ba9,194228_0,1200193.0,noaa,noaa_narrative,NOAA StormEvents EVENT_ID 1200193,,2024-07-02,2024-07-02,day,"Johnson County, IA",,41.68,-91.58,event_point,19103,7080209.0,road_flooded,,,1,A,flash,1,A public report of street flooding.,,2024-07-02,2024-07-02,Johnson; Keokuk
6bd291c8-32ba-54e3-aa6b-4ca2c43aa7fb,194228_0,1200194.0,noaa,noaa_narrative,NOAA StormEvents EVENT_ID 1200194,,2024-07-02,2024-07-02,day,"Johnson County, IA",Rocky Shore Drive; West Park Road,41.67,-91.55,event_point,19103,7080209.0,road_flooded,,,1,A,flash,1,A trained spotter reported around 8 to 10 inches of water completely covering the roadway between West Park Road and Rocky Shore Drive.,,2024-07-02,2024-07-02,Johnson; Keokuk
d74990b0-3588-5a81-8e18-b7960aba92e5,194228_0,1200196.0,noaa,noaa_narrative,NOAA StormEvents EVENT_ID 1200196,,2024-07-02,2024-07-02,day,"Johnson County, IA",,41.66,-91.53,event_point,19103,7080209.0,road_flooded,,,1,A,flash,1,A public report via social media of roadway inundated with water as well as flood waters up against a few homes.,,2024-07-02,2024-07-02,Johnson; Keokuk
3cce87e4-2920-5976-a675-cc185b0b769d,194228_0,,news,agency_web,https://www.weather.gov/dvn/summary_07022024,,2024-07-02,2024-07-02,day,"Thornburg, Keokuk County, IA",gravel road between What Cheer and Gibson,41.45575,-92.33227,place_centroid,19107,,road_flooded,,,1,A,flash,1,Water flowing over a gravel road between What Cheer and Gibson,"NWS local storm report 6:10 PM CDT, relayed by law enforcement; report point listed at Thornburg.",2024-07-02,2024-07-02,Johnson; Keokuk
b6c67522-9b17-5e2b-b996-9dfad0f2fdd5,194228_0,,news,agency_web,https://www.weather.gov/dvn/summary_07022024,,2024-07-02,2024-07-02,day,"University Heights, Johnson County, IA",roadway between West Park Road and Rocky Shore Drive,41.65504,-91.55887,place_centroid,19103,,road_flooded,,,2,A,flash,1,Around 8-10 inches of water completely covering the roadway between West Park Road and Rocky Shore Drive,8-10 inches of water over the roadway; NWS local storm report 6:20 PM CDT from trained spotter.,2024-07-02,2024-07-02,Johnson; Keokuk
ab6ec635-4f7a-514e-b88f-ec448ee8352d,194228_0,,news,agency_web,https://www.weather.gov/dvn/summary_07022024,,2024-07-02,2024-07-02,day,"Iowa City, Johnson County, IA","roadway inundated with water (unnamed, Iowa City)",41.54962,-91.56144,county_centroid,19103,,road_flooded,,,2,B,flash,1,Photo from social media of roadway inundated with water as well as flood waters up against a few homes,NWS delayed public report 7:55 PM CDT; roadway not named.,2024-07-02,2024-07-02,Johnson; Keokuk
4115bebd-b35b-5852-a498-be548596016b,194931_0,,news,local_news,https://www.wvik.org/news/2024-07-19/muscatine-removes-flood-barriers-as-mississippi-river-recedes,2024-07-19,2024-07-02,2024-07-19,range,"Muscatine, Muscatine County, IA",Riverside Park,41.41906,-91.06795,place_centroid,19139,,other,,,2,A,river,1,Riverside Park will remain closed until the river fully recedes and crews can clean the grassy areas and parking lots,"Park closure; access barricaded starting July 2 per KWQC, still closed at July 19 publication.",2024-07-01,2024-07-22,Des Moines; Dubuque; Louisa; Muscatine
a80c85ef-d529-579f-bad6-cb63873c2576,194931_0,1205140.0,noaa,noaa_narrative,NOAA StormEvents EVENT_ID 1205140,,2024-07-02,2024-07-20,day,"Louisa County, IA",,41.1518,-90.987,event_point,19115,7080209.0,river_overbank,,,0,A,river,1,The Mississippi River at New Boston rose above its major flood stage of 18.5 feet around 5 PM on July 2 and crested at 20.82 feet on July 11th.,,2024-07-01,2024-07-22,Des Moines; Dubuque; Louisa; Muscatine
4d778d5f-34b4-5fdc-8168-242565b301fe,194931_0,,news,local_news,https://www.kwqc.com/2024/07/02/muscatine-flood-gates-1-2-closed-tuesday-riverside-park-closed-public/,2024-07-02,2024-07-02,2024-07-02,day,"Muscatine, Muscatine County, IA",River Road from Canon to Sherman; Gate 1 at Mulberry and East Mississippi Drive; Gate 2 at East 2nd Street at Mad Creek,41.41906,-91.06795,place_centroid,19139,,road_closed,,,2,B,river,1,River Road was closed from Canon to Sherman as the river level rose above 18.6 feet,"Flood gates 1 and 2 closed the same afternoon; Mississippi Drive remained closed as of July 19 per WVIK, so closures spanned the crest period.",2024-07-01,2024-07-22,Des Moines; Dubuque; Louisa; Muscatine
6231d2a7-f890-5749-8252-a4626268f915,194931_0,,news,local_news,https://www.kwqc.com/2024/07/02/muscatine-flood-gates-1-2-closed-tuesday-riverside-park-closed-public/,2024-07-02,2024-07-02,2024-07-02,day,"Muscatine, Muscatine County, IA",Harbor Drive,41.41906,-91.06795,place_centroid,19139,,road_flooded,,,2,A,river,1,Access to the gas dock and to the Boat Harbor and Marina have already been closed as flood waters have begun to cover Harbor Drive,Mississippi River rising toward major flood stage; boat harbor and marina access closed.,2024-07-01,2024-07-22,Des Moines; Dubuque; Louisa; Muscatine
6572d5ea-6f8e-5554-bb15-80fbea349cac,194192_0,,news,agency_web,https://www.dcem.us/about/press-releases/updates-on-the-flooding-and-recent-storms-7-3-2024-2-00pm,2024-07-03,2024-07-03,2024-07-03,day,"Dickinson County, IA",a wetland on the north side of West Okoboji and a wetland near Lutheran Church Camp on East Okoboji,43.35328,-95.10358,county_centroid,19059,,infrastructure,2.0,bypass locations,2,A,river,1,wastewater bypasses occurring in two locations: A wetland on the north side of West Okoboji and a wetland near Lutheran Church Camp on East Okoboji,"Ongoing wastewater bypasses due to sustained high lake levels; Dickinson County EMA update July 3, 2024; canal water in Wahpeton also slightly above recreational E. coli standard.",2024-07-01,2024-07-18,Buena Vista; Cherokee; Clay; Dickinson; Lyon; O'Brien; Plymouth; Sioux
9ff738f4-2f50-5b1c-a35b-a90c51e9f1a9,194931_0,1205106.0,noaa,noaa_narrative,NOAA StormEvents EVENT_ID 1205106,,2024-07-03,2024-07-10,day,"Dubuque County, IA",,42.4845,-90.6624,event_point,19061,7060005.0,infrastructure,,,2,A,river,1,The Mississippi River at the Dubuque Railroad Bridge rose above its major flood stage of 21.5 feet around 1 AM on July 3 and crested at 22.30 feet on the 6th.,,2024-07-01,2024-07-22,Des Moines; Dubuque; Louisa; Muscatine
09c70d1d-ada2-58f5-82e4-95dff475a1e7,194931_0,1205106.0,noaa,noaa_narrative,NOAA StormEvents EVENT_ID 1205106,,2024-07-03,2024-07-10,day,"Dubuque County, IA",,42.4845,-90.6624,event_point,19061,7060005.0,river_overbank,,,0,A,river,1,The Mississippi River at the Dubuque Railroad Bridge rose above its major flood stage of 21.5 feet around 1 AM on July 3 and crested at 22.30 feet on the 6th.,,2024-07-01,2024-07-22,Des Moines; Dubuque; Louisa; Muscatine
6478b48a-870e-5998-8d36-4c9550eb99e4,194931_0,1205099.0,noaa,noaa_narrative,NOAA StormEvents EVENT_ID 1205099,,2024-07-04,2024-07-09,day,"Dubuque County, IA",,42.5494,-90.6742,event_point,19061,7060003.0,infrastructure,,,2,A,river,1,The Mississippi River gage at Dubuque Lock and Dam rose above its major flood stage of 20.5 feet around 6 PM CST on July 4 and crested at 20.85 feet on July 6.,,2024-07-01,2024-07-22,Des Moines; Dubuque; Louisa; Muscatine
4199dc5e-5f12-551b-97d9-d4e500bb15d5,194931_0,,news,local_news,https://www.kcrg.com/2024/07/04/recreational-boating-banned-mississippi-river-near-dubuque-due-flooding/,2024-07-04,2024-07-04,2024-07-04,day,"Dubuque, Dubuque County, IA",Mississippi River near Dubuque,42.4989,-90.70726,place_centroid,19061,,other,,,1,A,river,1,An order by the U.S. Coast Guard bans recreational boating on the Mississippi River near Dubuque due to flooding.,Boats trapped at Dubuque Marina and Yardarm Riverfront Bar & Grill; ban covered the Guttenberg-to-Bellevue reach per KCRG.,2024-07-01,2024-07-22,Des Moines; Dubuque; Louisa; Muscatine
dc778cfd-5dc7-5771-9826-71dfa4338043,194931_0,1205099.0,noaa,noaa_narrative,NOAA StormEvents EVENT_ID 1205099,,2024-07-04,2024-07-09,day,"Dubuque County, IA",,42.5494,-90.6742,event_point,19061,7060003.0,river_overbank,,,0,A,river,2,The Mississippi River gage at Dubuque Lock and Dam rose above its major flood stage of 20.5 feet around 6 PM CST on July 4 and crested at 20.85 feet on July 6.,,2024-07-01,2024-07-22,Des Moines; Dubuque; Louisa; Muscatine
f887acd0-167f-5482-88a5-d42b13cfe586,194931_0,1205137.0,noaa,noaa_narrative,NOAA StormEvents EVENT_ID 1205137,,2024-07-04,2024-07-17,day,"Muscatine County, IA",,41.3724,-91.0624,event_point,19139,7080101.0,river_overbank,,,0,A,river,1,The Mississippi River at Muscatine rose above its major flood stage of 20 feet around 6 PM on July 4th and crested at 21.48 feet on July 11th.,,2024-07-01,2024-07-22,Des Moines; Dubuque; Louisa; Muscatine
71568b00-02c5-546c-a662-ac2bf2b91a47,194931_0,,news,local_news,https://www.kcrg.com/2024/07/05/flooding-closing-locks-mississippi-river/,2024-07-05,2024-07-05,2024-07-05,day,"Dubuque, Dubuque County, IA",The lock in Dubuque (Lock and Dam No. 11),42.4989,-90.70726,place_centroid,19061,,infrastructure,,,2,A,river,1,"The lock in Dubuque and Fulton, Illinois closed Friday","Article published Friday July 5, 2024; closure impacts barge/shipping traffic. Port of Dubuque flood gates had also closed by ~July 1, blocking Coast Guard deployment, per KWWL.",2024-07-01,2024-07-22,Des Moines; Dubuque; Louisa; Muscatine
618a8d3d-5647-5423-ad21-5e091ccec3bb,194931_1,1205118.0,noaa,noaa_narrative,NOAA StormEvents EVENT_ID 1205118,,2024-07-05,2024-07-09,day,"Jackson County, IA",,42.2664,-90.426,event_point,19097,7060005.0,infrastructure,,,2,A,river,1,The Mississippi River Lock and Dam 12 in Bellevue rose above its major flood stage of 20.0 feet around noon on July 5th and at 20.17 feet on July 7.,,2024-07-05,2024-07-14,Clinton; Jackson; Scott
9c39af57-0ad3-581f-9a04-187441f1cbe4,194931_1,1205128.0,noaa,noaa_narrative,NOAA StormEvents EVENT_ID 1205128,,2024-07-05,2024-07-14,day,"Scott County, IA",,41.5664,-90.4108,event_point,19163,7080101.0,infrastructure,,,2,A,river,1,The Mississippi River at Leclaire Lock and Dam 14 rose above its major flood stage of 13.5 feet around 2 AM on July 5th and crested at 14.42 feet on July 9.,,2024-07-05,2024-07-14,Clinton; Jackson; Scott
90b2eb49-5431-5359-b905-f5c117ac46e7,194931_1,1205118.0,noaa,noaa_narrative,NOAA StormEvents EVENT_ID 1205118,,2024-07-05,2024-07-09,day,"Jackson County, IA",,42.2664,-90.426,event_point,19097,7060005.0,river_overbank,,,0,A,river,1,The Mississippi River Lock and Dam 12 in Bellevue rose above its major flood stage of 20.0 feet around noon on July 5th and at 20.17 feet on July 7.,,2024-07-05,2024-07-14,Clinton; Jackson; Scott
505ea7e7-0de1-540e-9516-1614ea650f01,194931_1,1205123.0,noaa,noaa_narrative,NOAA StormEvents EVENT_ID 1205123,,2024-07-05,2024-07-13,day,"Clinton County, IA",,41.7776,-90.2536,event_point,19045,7080101.0,river_overbank,,,0,A,river,2,The Mississippi River at Camanche rose above its major flood stage of 20.5 feet around midnight on July 5 and crested at 21.42 feet on July 9.,,2024-07-05,2024-07-14,Clinton; Jackson; Scott
594d5e92-4b3e-56d8-87d8-bfab09ff01ec,194931_1,1205128.0,noaa,noaa_narrative,NOAA StormEvents EVENT_ID 1205128,,2024-07-05,2024-07-14,day,"Scott County, IA",,41.5664,-90.4108,event_point,19163,7080101.0,river_overbank,,,0,A,river,2,The Mississippi River at Leclaire Lock and Dam 14 rose above its major flood stage of 13.5 feet around 2 AM on July 5th and crested at 14.42 feet on July 9.,,2024-07-05,2024-07-14,Clinton; Jackson; Scott
75589fc2-a8d2-5597-b28b-c2f1983de739,194088_0,1199467.0,noaa,noaa_narrative,NOAA StormEvents EVENT_ID 1199467,,2024-07-07,2024-07-08,day,"Wright County, IA",Highway 17,42.6196,-93.8905,event_point,19197,7100005.0,road_flooded,,,1,A,flash,2,Report of water over the road on Highway 17 near Eagle Grove.,,2024-07-07,2024-07-08,Wright
91bc8995-2252-533b-b055-8c0440d7f4fd,194088_0,1199476.0,noaa,noaa_narrative,NOAA StormEvents EVENT_ID 1199476,,2024-07-07,2024-07-08,day,"Wright County, IA",Highway 3; Nelson Avenue,42.74,-93.71,event_point,19197,7100005.0,road_flooded,,,1,A,flash,1,Estimated three to four inches of water and rising over Nelson Avenue north of Highway 3 and east of Clarion.,,2024-07-07,2024-07-08,Wright
4abdb873-de72-54bd-93e6-dfb1ed7ae3bc,194242_0,1200298.0,noaa,noaa_narrative,NOAA StormEvents EVENT_ID 1200298,,2024-07-10,2024-07-10,day,"Johnson County, IA",20th Avenue,41.69,-91.59,event_point,19103,7080209.0,road_flooded,,,1,A,flash,1,Dispatch Center reported knee depth water on 20th Avenue.,,2024-07-10,2024-07-10,Johnson
b5420b11-4a00-56d8-aa8b-72a48dc8168c,194242_0,1200299.0,noaa,noaa_narrative,NOAA StormEvents EVENT_ID 1200299,,2024-07-10,2024-07-10,day,"Johnson County, IA",Johnson Street,41.66,-91.53,event_point,19103,7080209.0,road_flooded,,,1,A,flash,1,Dispatch Center reported knee deep water on Johnson Street in downtown Iowa City.,,2024-07-10,2024-07-10,Johnson
dd0fa1a2-a0e5-569a-b58b-ee720879b81e,194324_0,1204620.0,noaa,noaa_narrative,NOAA StormEvents EVENT_ID 1204620,,2024-07-15,2024-07-15,day,"Linn County, IA",1st Avenue,41.99,-91.65,event_point,19113,7080205.0,road_flooded,,,1,A,flash,1,A trained spotter reported water over 1st Avenue.,,2024-07-15,2024-07-15,Dubuque; Linn
8efe067e-e962-59bf-8950-35763a0f3b0f,194840_0,1204669.0,noaa,noaa_narrative,NOAA StormEvents EVENT_ID 1204669,,2024-07-22,2024-07-22,day,"Scott County, IA",Territorial Road,41.61,-90.36,event_point,19163,7080101.0,river_overbank,,,0,A,flash,1,A public report of McCarty Creek  overflowed its banks and caused huge ruts along Territorial Road.,,2024-07-22,2024-07-22,Scott
6d3ad124-b4f9-59e6-9361-bff0ddbf8bc8,195054_0,1205756.0,noaa,noaa_narrative,NOAA StormEvents EVENT_ID 1205756,,2024-07-28,2024-07-28,day,"Woodbury County, IA",,42.5278,-96.4148,event_point,19193,10230002.0,road_flooded,,,1,A,flash,1,Several streets were flooded around the city with water ranging from curb depth to as high as the tops of tires at numerous locations.,,2024-07-28,2024-07-28,Woodbury
32de1e17-8b69-5cfb-aaff-6f52de2336b6,194668_0,1203908.0,noaa,noaa_narrative,NOAA StormEvents EVENT_ID 1203908,,2024-07-31,2024-07-31,day,"Monroe County, IA",,41.1245,-92.8544,event_point,19135,7100009.0,road_closed,,,2,A,flash,1,Local law enforcement reported several road closures in eastern Monroe County and into Wapello County.,,2024-07-31,2024-07-31,Marion; Monroe
f13c09f4-585a-5c7e-bc44-ce388f3a5439,194668_0,1203916.0,noaa,noaa_narrative,NOAA StormEvents EVENT_ID 1203916,,2024-07-31,2024-07-31,day,"Marion County, IA",,41.2467,-92.6839,event_point,19125,7080107.0,road_closed,,,2,A,river,1,Flooding continued across the area through the afternoon and evening with lingering road closures.,,2024-07-31,2024-07-31,Marion; Monroe
b36fa10b-3cb1-57b5-8190-a79eb79fccb6,195125_0,1206192.0,noaa,noaa_narrative,NOAA StormEvents EVENT_ID 1206192,,2024-08-29,2024-08-29,day,"Woodbury County, IA",,42.5191,-96.4225,event_point,19193,10230001.0,road_flooded,,,1,A,flash,1,"Water was flowing 7 to 8 inches deep across roadways, disrupting travel.",,2024-08-29,2024-08-29,Woodbury
7d8e2a77-bb1d-5e52-9fce-981374dfb957,202052_0,1255440.0,noaa,noaa_narrative,NOAA StormEvents EVENT_ID 1255440,,2025-04-20,2025-04-20,day,"Linn County, IA",Interstate 380,42.0204,-91.6644,event_point,19113,7080205.0,river_overbank,,,0,A,flash,1,A trained spotter reported that a creek was flowing out of its banks along Center Point road near Interstate 380.,,2025-04-20,2025-04-20,Linn
713932bd-0cd0-5e91-a8bd-92a0dccf27c3,202052_0,,news,agency_web,https://www.weather.gov/dvn/summary_042025,,2025-04-20,2025-04-20,day,"Hiawatha, Linn County, IA","Center Point Road and I-380, near Hiawatha (2 SSE)",42.05605,-91.68994,place_centroid,19113,,river_overbank,,,0,A,flash,1,Creek flowing out of its banks along Center Point Road and I-380,NWS Local Storm Report 7:52 PM Apr 20 2025 with photos.,2025-04-20,2025-04-20,Linn
cb4b6912-9221-5cc8-a033-695420bd5e78,202052_0,,news,agency_web,https://www.weather.gov/dvn/summary_042025,,2025-04-20,2025-04-20,day,"Cedar Rapids, Linn County, IA",near Cedar Rapids (3 W),41.96585,-91.6789,place_centroid,19113,,road_closed,,,2,A,flash,1,Street/road flooding; Street/road closed; Vehicles stranded,NWS Local Storm Report 7:31 PM Apr 20 2025; 3 W of Cedar Rapids is the Covington area; 2-3 in of rain fell over the metro.,2025-04-20,2025-04-20,Linn
19b782d2-f9ba-5739-977f-8b0328ebd63f,202052_0,,news,agency_web,https://www.weather.gov/dvn/summary_042025,,2025-04-20,2025-04-20,day,"Marion, Linn County, IA",near Marion (1 NW) and near Marion (2 W),42.04539,-91.58616,place_centroid,19113,,road_closed,,,2,A,flash,1,Street/road flooding; Street/road closed; Vehicles stranded,Two NWS Local Storm Reports (8:16 PM and 8:41 PM Apr 20 2025) merged as same place/impact.,2025-04-20,2025-04-20,Linn
126d60bd-4098-5b40-bfe4-8bab85a82d8c,202052_0,,news,agency_web,https://www.weather.gov/dvn/summary_042025,,2025-04-20,2025-04-20,day,"Hiawatha, Linn County, IA",near Hiawatha (2 S),42.05605,-91.68994,place_centroid,19113,,road_closed,,,2,A,flash,1,Street/road flooding; Street/road closed; Vehicles stranded,NWS Local Storm Report 8:27 PM Apr 20 2025.,2025-04-20,2025-04-20,Linn
c470a726-6e3f-54b3-a4d3-ea1ee3ce7701,202052_0,1255439.0,noaa,noaa_narrative,NOAA StormEvents EVENT_ID 1255439,,2025-04-20,2025-04-20,day,"Linn County, IA",,41.97,-91.73,event_point,19113,7080205.0,road_flooded,,,1,A,flash,1,A public report of street flooding.,,2025-04-20,2025-04-20,Linn
60c2ab49-792b-56ff-ae48-4007e6879ade,204312_0,1273331.0,noaa,noaa_narrative,NOAA StormEvents EVENT_ID 1273331,,2025-06-25,2025-06-25,day,"Wright County, IA",,42.86,-93.79,event_point,19197,7100005.0,road_closed,,,2,A,flash,1,Paved county road closed due to flooding.,,2025-06-25,2025-06-25,Wright
23fea12f-c468-5b8f-b9a5-775071459cd1,204312_0,1273331.0,noaa,noaa_narrative,NOAA StormEvents EVENT_ID 1273331,,2025-06-25,2025-06-25,day,"Wright County, IA",,42.86,-93.79,event_point,19197,7100005.0,road_flooded,,,1,A,flash,1,Paved county road closed due to flooding.,,2025-06-25,2025-06-25,Wright
b2cecff0-001e-5369-aeb0-4b97a9771fe8,204708_0,1276259.0,noaa,noaa_narrative,NOAA StormEvents EVENT_ID 1276259,,2025-06-29,2025-06-29,day,"Decatur County, IA",Highway 69,40.7556,-93.7375,event_point,19053,10280102.0,road_closed,,,2,A,flash,1,"Highway 69, coming into town from the north, had water over it for a time but this remained minor enough that a road closure was not needed.",,2025-06-29,2025-06-29,Decatur
a27a2dd7-4b91-5001-a61a-0c174a7f8952,205243_0,1280577.0,noaa,noaa_narrative,NOAA StormEvents EVENT_ID 1280577,,2025-07-03,2025-07-03,day,"Dubuque County, IA",,42.39,-90.88,event_point,19061,7060006.0,bridge_damaged,,,2,A,flash,1,Emergency Manager reported damage to a bridge and another bridge washed out at the Timberline Golf Course.,,2025-07-03,2025-07-03,Dubuque
8820439a-fe99-5aff-b650-a6a403b36161,205251_0,1280589.0,noaa,noaa_narrative,NOAA StormEvents EVENT_ID 1280589,,2025-07-08,2025-07-08,day,"Scott County, IA",,41.73,-90.5,event_point,19163,7080103.0,road_flooded,,,1,A,flash,1,Law Enforcement reported that deep water and mud were over the road and caused a vehicle to be stranded and stuck in the mud.,,2025-07-08,2025-07-08,Scott
13ad1f4e-2aca-5e37-838b-ed81f84e28fe,205251_0,1280590.0,noaa,noaa_narrative,NOAA StormEvents EVENT_ID 1280590,,2025-07-08,2025-07-08,day,"Scott County, IA",,41.75,-90.55,event_point,19163,7080103.0,road_flooded,,,1,A,flash,1,A retired NWS Employee reported water a foot deep or more over the road with current.,,2025-07-08,2025-07-08,Scott
e0370e69-b372-5ceb-a3bc-2389a0432358,205257_0,1281725.0,noaa,noaa_narrative,NOAA StormEvents EVENT_ID 1281725,,2025-07-10,2025-07-10,day,"Jackson County, IA",,42.07,-90.17,event_point,19097,7060005.0,home_flooded,,,2,A,flash,1,Sabula fire department was reportedly pumping water out of houses.,,2025-07-10,2025-07-10,Clinton; Dubuque; Jackson; Scott
07e2740e-8839-545a-89a1-007fd0c26dd8,205257_0,1281724.0,noaa,noaa_narrative,NOAA StormEvents EVENT_ID 1281724,,2025-07-10,2025-07-10,day,"Scott County, IA",,41.52,-90.59,event_point,19163,7080101.0,rescue,,,2,A,flash,1,"Within that area, there are cars that are  stranded in the water, with reports of water rescues ongoing.",,2025-07-10,2025-07-10,Clinton; Dubuque; Jackson; Scott
c91ccaf6-a320-55f3-a68e-d9f0a2a0d7ec,205257_0,1281714.0,noaa,noaa_narrative,NOAA StormEvents EVENT_ID 1281714,,2025-07-10,2025-07-10,day,"Dubuque County, IA",Locust Street,42.51,-90.67,event_point,19061,7060005.0,road_flooded,,,1,A,flash,1,"The Emergency Manager reports street flooding through parts of  the downtown area, with a car stranded in  water near the 17th and Locust Street  interchange.",,2025-07-10,2025-07-10,Clinton; Dubuque; Jackson; Scott
3577cbdd-186e-5e31-bf4d-f3869cc7ebc6,205257_0,1281717.0,noaa,noaa_narrative,NOAA StormEvents EVENT_ID 1281717,,2025-07-10,2025-07-10,day,"Clinton County, IA",,41.87,-90.18,event_point,19045,7080101.0,road_flooded,,,1,A,flash,1,A trained spotter reported xix inches of flowing water on multiple  roads.,,2025-07-10,2025-07-10,Clinton; Dubuque; Jackson; Scott
ca9bbe78-8ffd-59d9-8927-ff4328dec0cc,205435_0,1282080.0,noaa,noaa_narrative,NOAA StormEvents EVENT_ID 1282080,,2025-07-11,2025-07-12,day,"Scott County, IA",,41.5521,-90.599,event_point,19163,7080101.0,agriculture,,,1,A,flash,1,"The field is flooded behind Williams Middle School, on N Division.",,2025-07-11,2025-07-12,Benton; Buchanan; Clinton; Dubuque; Lee; Linn; Louisa; Muscatine; Scott
077f0c6e-13f6-5e36-8849-b77721d27f9c,205435_0,1282032.0,noaa,noaa_narrative,NOAA StormEvents EVENT_ID 1282032,,2025-07-11,2025-07-12,day,"Scott County, IA",,41.58,-90.58,event_point,19163,7080101.0,home_flooded,,,2,A,flash,1,Report of  basements flooding in the area.,,2025-07-11,2025-07-12,Benton; Buchanan; Clinton; Dubuque; Lee; Linn; Louisa; Muscatine; Scott
05d1a5f3-63ae-5daf-8276-503b3f4d8693,205435_0,,news,agency_web,https://www.weather.gov/dvn/summary_071125,,2025-07-11,2025-07-12,range,"Davenport, Scott County, IA",apartments along 35th Street near Duck Creek,41.55682,-90.60395,place_centroid,19163,,home_flooded,,,2,A,flash,1,Multiple apartments along 35th Street near Duck Creek had their lowest level completely flooded.,,2025-07-11,2025-07-12,Benton; Buchanan; Clinton; Dubuque; Lee; Linn; Louisa; Muscatine; Scott
345897b9-0f25-5016-be54-45251d4e4161,205435_0,1282080.0,noaa,noaa_narrative,NOAA StormEvents EVENT_ID 1282080,,2025-07-11,2025-07-12,day,"Scott County, IA",,41.5521,-90.599,event_point,19163,7080101.0,river_overbank,,,0,A,flash,1,was completely out of its banks.,,2025-07-11,2025-07-12,Benton; Buchanan; Clinton; Dubuque; Lee; Linn; Louisa; Muscatine; Scott
58d5af9f-fd09-534a-9cbe-fb1297eef4b8,205435_0,,news,agency_web,https://www.weather.gov/dvn/summary_071125,,2025-07-11,2025-07-12,range,"Davenport, Scott County, IA",Duck Creek at Pine Street; Goose Creek at West 61st Street,41.55682,-90.60395,place_centroid,19163,,river_overbank,,,1,A,flash,1,Duck Creek completely out of banks at Pine Street; Goose Creek out of banks on West 61st Street.,,2025-07-11,2025-07-12,Benton; Buchanan; Clinton; Dubuque; Lee; Linn; Louisa; Muscatine; Scott
32120ce7-afc3-5dde-9877-a3031625a225,205435_0,1282026.0,noaa,noaa_narrative,NOAA StormEvents EVENT_ID 1282026,,2025-07-11,2025-07-12,day,"Dubuque County, IA",,42.52,-90.67,event_point,19061,7060005.0,road_closed,,,2,A,flash,1,Law Enforcement Officers reported that flash flooding made roads impassable near Linwood Cemetery.,,2025-07-11,2025-07-12,Benton; Buchanan; Clinton; Dubuque; Lee; Linn; Louisa; Muscatine; Scott
7a1acf25-2923-5493-9adb-9a8905a63728,205435_0,1282107.0,noaa,noaa_narrative,NOAA StormEvents EVENT_ID 1282107,,2025-07-11,2025-07-11,day,"Louisa County, IA",,41.28,-91.36,event_point,19115,7080209.0,road_closed,,,2,A,flash,1,Numerous rural roads closed within the county due to flash flooding and high water  this evening.,,2025-07-11,2025-07-12,Benton; Buchanan; Clinton; Dubuque; Lee; Linn; Louisa; Muscatine; Scott
4d659cdd-e9af-5d24-836d-5f0efc6f34e3,205435_0,,news,agency_web,https://www.weather.gov/dvn/summary_071125,,2025-07-11,2025-07-11,day,"Independence, Buchanan County, IA",streets in Independence,42.46219,-91.90315,place_centroid,19019,,road_closed,,,2,A,flash,1,Street/road flooded; street/road closed; vehicles stranded; water halfway up the tires on cars.,,2025-07-11,2025-07-12,Benton; Buchanan; Clinton; Dubuque; Lee; Linn; Louisa; Muscatine; Scott
042899b6-db63-5ff4-ab8a-5dbb33376c94,205435_0,1282017.0,noaa,noaa_narrative,NOAA StormEvents EVENT_ID 1282017,,2025-07-11,2025-07-11,day,"Benton County, IA",,42.1723,-92.045,event_point,19011,7080205.0,road_flooded,,,1,A,flash,1,A trained spotter reported street flooding in Vinton.,,2025-07-11,2025-07-12,Benton; Buchanan; Clinton; Dubuque; Lee; Linn; Louisa; Muscatine; Scott
852ae7f0-8415-58c4-928f-49220d431cbe,205435_0,1282020.0,noaa,noaa_narrative,NOAA StormEvents EVENT_ID 1282020,,2025-07-11,2025-07-12,day,"Dubuque County, IA",,42.51,-90.76,event_point,19061,7060003.0,road_flooded,,,1,A,flash,1,A trained spotter reported that water was curb deep across the entire road with storm sewers not keeping up with the heavy rain.,,2025-07-11,2025-07-12,Benton; Buchanan; Clinton; Dubuque; Lee; Linn; Louisa; Muscatine; Scott
2b059329-1f1d-5e33-9534-48061678c76d,205435_0,1282022.0,noaa,noaa_narrative,NOAA StormEvents EVENT_ID 1282022,,2025-07-11,2025-07-12,day,"Dubuque County, IA",,42.51,-90.67,event_point,19061,7060005.0,road_flooded,,,1,A,flash,1,Water up to the bumpers on cars at the intersection of 17th and Locus streets.,,2025-07-11,2025-07-12,Benton; Buchanan; Clinton; Dubuque; Lee; Linn; Louisa; Muscatine; Scott
6b8d34b7-a0d7-56ca-80f8-d15941774824,205435_0,1282025.0,noaa,noaa_narrative,NOAA StormEvents EVENT_ID 1282025,,2025-07-11,2025-07-12,day,"Dubuque County, IA",Highway 3,42.54,-90.69,event_point,19061,7060003.0,road_flooded,,,1,A,flash,2,Law Enforcement Officer reported water of over a foot on Iowa Highway 3 near  Northwest Arterial that caused the closing  of Highway 3.,,2025-07-11,2025-07-12,Benton; Buchanan; Clinton; Dubuque; Lee; Linn; Louisa; Muscatine; Scott
a6df1dc5-adc4-5ee4-80dc-b89c124e4347,205435_0,1282028.0,noaa,noaa_narrative,NOAA StormEvents EVENT_ID 1282028,,2025-07-11,2025-07-11,day,"Clinton County, IA",,41.85,-90.19,event_point,19045,7080101.0,road_flooded,,,1,A,flash,1,"A trained spotter reported 1 to 2 feet of water over the roadways in this area, some of which was flowing at the time.",,2025-07-11,2025-07-12,Benton; Buchanan; Clinton; Dubuque; Lee; Linn; Louisa; Muscatine; Scott
77ee121e-d23e-5239-b032-12f9b96180e9,205435_0,1282039.0,noaa,noaa_narrative,NOAA StormEvents EVENT_ID 1282039,,2025-07-11,2025-07-12,day,"Scott County, IA",35th Street,41.5534,-90.5877,event_point,19163,7080101.0,road_flooded,,,1,A,flash,2,"The Emergency Manager reported that multiple apartments along 35th Street near Duck Creek had their lowest level completely flooded, some near to the ceiling.",,2025-07-11,2025-07-12,Benton; Buchanan; Clinton; Dubuque; Lee; Linn; Louisa; Muscatine; Scott
65c4fcd1-69a7-5964-be6e-1d7e28951419,205435_0,1282106.0,noaa,noaa_narrative,NOAA StormEvents EVENT_ID 1282106,,2025-07-11,2025-07-11,day,"Lee County, IA",River Road,40.4177,-91.3887,event_point,19111,7080104.0,road_flooded,,,1,A,flash,1,Water over River Road by the Keokuk Yacht Club.,,2025-07-11,2025-07-12,Benton; Buchanan; Clinton; Dubuque; Lee; Linn; Louisa; Muscatine; Scott
b1f47dc0-cc45-56bd-ab9d-b949599a9857,205435_0,1282107.0,noaa,noaa_narrative,NOAA StormEvents EVENT_ID 1282107,,2025-07-11,2025-07-11,day,"Louisa County, IA",,41.28,-91.36,event_point,19115,7080209.0,road_flooded,,,1,A,flash,1,Numerous rural roads closed within the county due to flash flooding and high water  this evening.,,2025-07-11,2025-07-12,Benton; Buchanan; Clinton; Dubuque; Lee; Linn; Louisa; Muscatine; Scott
72acb8f1-7c88-52a8-8844-19ffc9644af8,205435_0,,news,agency_web,https://www.weather.gov/dvn/summary_071125,,2025-07-11,2025-07-12,range,"Davenport, Scott County, IA",35th Street just west of Harrison Street,41.55682,-90.60395,place_centroid,19163,,road_flooded,3.0,feet depth,2,A,flash,1,Water over 3 feet deep on 35th street just west of Harrison Street.,,2025-07-11,2025-07-12,Benton; Buchanan; Clinton; Dubuque; Lee; Linn; Louisa; Muscatine; Scott
630193ee-bc93-5417-a0ae-2c110f1ec981,205435_0,,news,agency_web,https://www.weather.gov/dvn/summary_071125,,2025-07-11,2025-07-11,day,"Dubuque, Dubuque County, IA",17th and Locust Streets; near Linwood Cemetery,42.4989,-90.70726,place_centroid,19061,,road_flooded,,,2,A,flash,1,Water curb deep across the entire road at 17th and Locust Streets; impassable roads due to water near Linwood Cemetery.,,2025-07-11,2025-07-12,Benton; Buchanan; Clinton; Dubuque; Lee; Linn; Louisa; Muscatine; Scott
3cb5e41b-f4d6-58be-8638-2651e6bf8bb4,205435_0,,news,agency_web,https://www.weather.gov/dvn/summary_071125,,2025-07-11,2025-07-11,day,"Vinton, Benton County, IA",streets in Vinton,42.16311,-92.02621,place_centroid,19011,,road_flooded,,,1,A,flash,1,"Vinton, IA: street flooding reported.",,2025-07-11,2025-07-12,Benton; Buchanan; Clinton; Dubuque; Lee; Linn; Louisa; Muscatine; Scott
537c17d0-d8d2-5ffc-b2ec-e78d051d9fc8,205435_0,,news,agency_web,https://www.weather.gov/dvn/summary_071125,,2025-07-11,2025-07-12,range,"Clinton, Clinton County, IA",roadways in Clinton,41.84237,-90.24282,place_centroid,19045,,road_flooded,,,2,A,flash,1,1 to 2 feet of water over the roadways.,,2025-07-11,2025-07-12,Benton; Buchanan; Clinton; Dubuque; Lee; Linn; Louisa; Muscatine; Scott
071e5986-48a1-5ca7-8cc0-dafea801b489,205435_0,,news,agency_web,https://www.weather.gov/dvn/summary_071125,,2025-07-11,2025-07-11,day,"Asbury, Dubuque County, IA",Asbury,42.51195,-90.77994,place_centroid,19061,,road_flooded,,,2,B,flash,1,"Asbury, IA: significant flash flooding; 2.75 inches of rain.",,2025-07-11,2025-07-12,Benton; Buchanan; Clinton; Dubuque; Lee; Linn; Louisa; Muscatine; Scott
dba112d7-971a-5e08-a4a4-1041733a6620,205435_0,,news,local_news,https://www.kcrg.com/2025/07/12/streets-flood-like-river-dubuque-after-heavy-rains-cars-damaged/,2025-07-11,2025-07-11,2025-07-11,day,"Dubuque, Dubuque County, IA",West Locust Street,42.4989,-90.70726,place_centroid,19061,,road_flooded,2.0,vehicles,2,A,flash,1,"Streets flooded like a river on West Locust Street; one resident's car flooded completely, a second vehicle also sustained damage.",City engineer cited chronic storm water infrastructure issues in the neighborhood,2025-07-11,2025-07-12,Benton; Buchanan; Clinton; Dubuque; Lee; Linn; Louisa; Muscatine; Scott
415dcbb8-c3bc-5774-a551-d1c969c32f6b,206360_0,1289161.0,noaa,noaa_narrative,NOAA StormEvents EVENT_ID 1289161,,2025-07-11,2025-07-11,day,"Black Hawk County, IA",,42.4061,-92.1617,event_point,19013,7080205.0,rescue,,,2,A,flash,1,"Black Hawk EM, broadcast media, and local spotters reported roadways closed due to flooding, stranded vehicles, and water up to the curb on roadways in and around Waterloo.",,2025-07-11,2025-07-11,Black Hawk
1561fd3e-5da7-52f5-b84b-f87b33bb614f,206360_0,1289161.0,noaa,noaa_narrative,NOAA StormEvents EVENT_ID 1289161,,2025-07-11,2025-07-11,day,"Black Hawk County, IA",,42.4061,-92.1617,event_point,19013,7080205.0,road_closed,,,2,A,flash,1,"Black Hawk EM, broadcast media, and local spotters reported roadways closed due to flooding, stranded vehicles, and water up to the curb on roadways in and around Waterloo.",,2025-07-11,2025-07-11,Black Hawk
eefce2c7-1a1d-5e5f-aebc-08a82d05f788,206360_0,1289161.0,noaa,noaa_narrative,NOAA StormEvents EVENT_ID 1289161,,2025-07-11,2025-07-11,day,"Black Hawk County, IA",,42.4061,-92.1617,event_point,19013,7080205.0,road_flooded,,,1,A,flash,1,"Black Hawk EM, broadcast media, and local spotters reported roadways closed due to flooding, stranded vehicles, and water up to the curb on roadways in and around Waterloo.",,2025-07-11,2025-07-11,Black Hawk
bd314362-ed07-509d-92cb-737f3d0e10ad,205451_0,1282222.0,noaa,noaa_narrative,NOAA StormEvents EVENT_ID 1282222,,2025-07-19,2025-07-19,day,"Benton County, IA",,42.22,-92.03,event_point,19011,7080205.0,river_overbank,,,0,A,flash,1,The Emergency Manager reports that water had been over area  roads as creeks rose out of their banks.,,2025-07-19,2025-07-19,Benton
8e37947c-a6cc-59d9-b378-9434364dcb9b,205451_0,1282222.0,noaa,noaa_narrative,NOAA StormEvents EVENT_ID 1282222,,2025-07-19,2025-07-19,day,"Benton County, IA",,42.22,-92.03,event_point,19011,7080205.0,road_flooded,,,1,A,flash,1,The Emergency Manager reports that water had been over area  roads as creeks rose out of their banks.,,2025-07-19,2025-07-19,Benton
cced4530-da14-5ba0-bdc9-dc6b701ec9a6,205453_0,,news,local_news,https://www.southeastiowaunion.com/se-iowa-union-mount-pleasant/weekend-rain-floods-homes-and-streets-in-washington-county/,2025-07-21,2025-07-19,2025-07-20,range,"Ainsworth, Washington County, IA",Ainsworth Community Church,41.29005,-91.55427,place_centroid,19183,,business_flooded,,,2,A,pluvial,1,The Ainsworth Community Church reported an inch or more of water in the basement.,Church basement; classed as non-residential structure flooding.,2025-07-20,2025-07-20,Iowa; Louisa; Washington
5bad8cc3-8a0f-516d-bc62-61d6698c0795,205453_0,,news,local_news,https://www.southeastiowaunion.com/se-iowa-union-mount-pleasant/weekend-rain-floods-homes-and-streets-in-washington-county/,2025-07-21,2025-07-19,2025-07-20,range,"Washington, Washington County, IA",homes at 1100 E Main and 945 W 3rd,41.29791,-91.69367,place_centroid,19183,,home_flooded,,,2,A,pluvial,1,homes at 1100 E Main and 945 W 3rd reporting basement flooding.,Multiple basement flooding reports in Washington; two addresses named.,2025-07-20,2025-07-20,Iowa; Louisa; Washington
869f2bda-7b99-508f-8054-47b269cce2d4,205453_0,,news,local_news,https://www.southeastiowaunion.com/se-iowa-union-mount-pleasant/weekend-rain-floods-homes-and-streets-in-washington-county/,2025-07-21,2025-07-19,2025-07-20,range,"Washington, Washington County, IA","North 2nd at the railroad underpass; E 6th between 4th and 6th; portions of North 12th Street; Main Street, E 3rd, and N 13th Ave",41.29791,-91.69367,place_centroid,19183,,road_flooded,,,2,A,pluvial,1,"Hours of steady, heavy rainfall late Saturday into Sunday morning left parts of Washington County underwater.","More than four inches of rain overwhelmed streets, homes, and storm drains; vehicles stalled on Main Street, E 3rd, and N 13th Ave.",2025-07-20,2025-07-20,Iowa; Louisa; Washington
1832ce8d-648e-5a4d-a113-758ab91b7598,205453_0,,news,local_news,https://www.southeastiowaunion.com/se-iowa-union-mount-pleasant/weekend-rain-floods-homes-and-streets-in-washington-county/,2025-07-21,2025-07-19,2025-07-20,range,"Ainsworth, Washington County, IA",Railroad Street,41.29005,-91.55427,place_centroid,19183,,road_flooded,,,2,A,pluvial,1,Photos shared from Railroad Street showed water reaching the bottoms of mailboxes.,Residents reported water up to their waist; brief early-morning power outage also reported.,2025-07-20,2025-07-20,Iowa; Louisa; Washington
f38aeab2-126e-5a88-9c77-477a411d2f8c,205453_0,1282240.0,noaa,noaa_narrative,NOAA StormEvents EVENT_ID 1282240,,2025-07-20,2025-07-20,day,"Louisa County, IA",G36; X17,41.31,-91.4,event_point,19115,7080209.0,road_closed,,,2,A,flash,1,Law Enforcement reported that 175th street is closed between G36 and X17 due to water over the road from Short Creek.,,2025-07-20,2025-07-20,Iowa; Louisa; Washington
f9598a00-3136-50bd-a6fd-44afe357a266,205453_0,1282237.0,noaa,noaa_narrative,NOAA StormEvents EVENT_ID 1282237,,2025-07-20,2025-07-20,day,"Washington County, IA",,41.3,-91.69,event_point,19183,7080107.0,road_flooded,,,1,A,flash,2,Law Enforcement Officers reported several street in Washington were flooded.,,2025-07-20,2025-07-20,Iowa; Louisa; Washington
2c8937ab-b074-5ab9-b99a-970d08e09bc6,205453_0,1282239.0,noaa,noaa_narrative,NOAA StormEvents EVENT_ID 1282239,,2025-07-20,2025-07-20,day,"Washington County, IA",2nd Ave,41.3,-91.69,event_point,19183,7080107.0,road_flooded,,,1,A,flash,1,A trained spotter and law enforcement reported that an underpass on 2nd Ave is flooded and impassable.,,2025-07-20,2025-07-20,Iowa; Louisa; Washington
f4537f38-c671-5b33-8597-d25300447fc1,205453_0,1282240.0,noaa,noaa_narrative,NOAA StormEvents EVENT_ID 1282240,,2025-07-20,2025-07-20,day,"Louisa County, IA",G36; X17,41.31,-91.4,event_point,19115,7080209.0,road_flooded,,,1,A,flash,1,Law Enforcement reported that 175th street is closed between G36 and X17 due to water over the road from Short Creek.,,2025-07-20,2025-07-20,Iowa; Louisa; Washington
df2d297a-05d1-5084-bd20-f9f47c2ea0da,205453_0,1282242.0,noaa,noaa_narrative,NOAA StormEvents EVENT_ID 1282242,,2025-07-20,2025-07-20,day,"Iowa County, IA",,41.68,-92.09,event_point,19095,7080209.0,road_flooded,,,1,A,flash,1,The Emergency Manager reported that several roads across the county were flooded from area creeks.,,2025-07-20,2025-07-20,Iowa; Louisa; Washington
6498fab1-073e-581b-89ed-30f935c81abb,206546_0,1289182.0,noaa,noaa_narrative,NOAA StormEvents EVENT_ID 1289182,,2025-07-20,2025-07-20,day,"Madison County, IA",,41.3223,-93.9957,event_point,19121,7100008.0,home_flooded,,,2,A,flash,1,Multiple reports of flood water entering homes and vehicles throughout town.,,2025-07-20,2025-07-20,Adair; Madison
adaccbc0-a99b-52a8-9c2b-56c9db2ac963,206546_0,1289182.0,noaa,noaa_narrative,NOAA StormEvents EVENT_ID 1289182,,2025-07-20,2025-07-20,day,"Madison County, IA",,41.3223,-93.9957,event_point,19121,7100008.0,road_closed,,,2,A,flash,1,"Low lying areas full of water, some streets in town impassable due to flooded intersections.",,2025-07-20,2025-07-20,Adair; Madison
1fc004ff-da69-500e-88d6-a49c23effe7d,206546_0,1289182.0,noaa,noaa_narrative,NOAA StormEvents EVENT_ID 1289182,,2025-07-20,2025-07-20,day,"Madison County, IA",,41.3223,-93.9957,event_point,19121,7100008.0,road_flooded,,,1,A,flash,2,"Low lying areas full of water, some streets in town impassable due to flooded intersections.",,2025-07-20,2025-07-20,Adair; Madison
ceb2aea4-9de4-5d8d-91c1-18c6993c043d,206920_0,1290943.0,noaa,noaa_narrative,NOAA StormEvents EVENT_ID 1290943,,2025-07-20,2025-07-20,day,"Polk County, IA",63rd Ave,41.5854,-93.7706,event_point,19153,7100006.0,rescue,,,2,A,flash,1,"Several intersections closed along 63rd Ave, with several stranded vehicles.",,2025-07-20,2025-07-20,Polk
e99e1986-72d7-5d73-baf8-e9fb350e1e2c,206920_0,1290943.0,noaa,noaa_narrative,NOAA StormEvents EVENT_ID 1290943,,2025-07-20,2025-07-20,day,"Polk County, IA",63rd Ave,41.5854,-93.7706,event_point,19153,7100006.0,road_closed,,,2,A,flash,1,"Several intersections closed along 63rd Ave, with several stranded vehicles.",,2025-07-20,2025-07-20,Polk
5cbc07d7-b89f-531e-b49f-e28b816f148a,205482_0,1282376.0,noaa,noaa_narrative,NOAA StormEvents EVENT_ID 1282376,,2025-07-23,2025-07-23,day,"Buchanan County, IA",,42.53,-91.73,event_point,19019,7080102.0,road_flooded,,,1,A,flash,1,Law Enforcement Officers report water flowing over the roadway.,,2025-07-23,2025-07-23,Buchanan
b358be14-e37e-53bc-8d2e-6f9b11b300e1,205480_0,1282374.0,noaa,noaa_narrative,NOAA StormEvents EVENT_ID 1282374,,2025-07-25,2025-07-26,day,"Louisa County, IA",,41.28,-91.36,event_point,19115,7080209.0,river_overbank,,,0,A,flash,1,Report of high water in the town of Columbus Junction with local creeks overflowing their  banks.,,2025-07-25,2025-07-26,Louisa; Muscatine
6e3f9762-487e-536d-9f2a-da5ce20b542d,205480_0,1282373.0,noaa,noaa_narrative,NOAA StormEvents EVENT_ID 1282373,,2025-07-25,2025-07-25,day,"Muscatine County, IA",,41.43,-91.05,event_point,19139,7080101.0,road_flooded,,,1,A,flash,1,A few reported as  temporarily impassable with a foot of water over the road.,,2025-07-25,2025-07-26,Louisa; Muscatine
aa8315da-e2bb-5b51-a5a8-c9c9eaeee714,205480_0,1282375.0,noaa,noaa_narrative,NOAA StormEvents EVENT_ID 1282375,,2025-07-25,2025-07-25,day,"Muscatine County, IA",,41.45,-91.02,event_point,19139,7080101.0,road_flooded,,,1,A,flash,1,A public report of street flooding in Muscatine.,,2025-07-25,2025-07-26,Louisa; Muscatine
c86717ee-0c14-5c97-ad6b-7254a1592999,205478_0,1282367.0,noaa,noaa_narrative,NOAA StormEvents EVENT_ID 1282367,,2025-07-26,2025-07-26,day,"Lee County, IA",263rd Ave,40.6,-91.42,event_point,19111,7080104.0,road_closed,,,2,A,flash,1,Department of Highways reports that 263rd Ave in Lee County was closed due to high water.,,2025-07-26,2025-07-26,Lee
0ad5bc58-57cf-5076-ad87-1a201a55e2ab,205478_0,1282369.0,noaa,noaa_narrative,NOAA StormEvents EVENT_ID 1282369,,2025-07-26,2025-07-26,day,"Lee County, IA",235th St; 240th Avenue; Hwy 2,40.63,-91.52,event_point,19111,7080104.0,road_closed,,,2,A,flash,1,Department of Highways reports that 240th Avenue is closed from Hwy 2 to 235th St until further notice due to high water and flash flooding.,,2025-07-26,2025-07-26,Lee
41b4c333-873b-5628-b3db-46f4f5637c98,205478_0,1282370.0,noaa,noaa_narrative,NOAA StormEvents EVENT_ID 1282370,,2025-07-26,2025-07-26,day,"Lee County, IA",Golden Road,40.64,-91.46,event_point,19111,7080104.0,road_closed,,,2,A,flash,1,to be closed until further notice from Golden Road to Wilson Lake Park.,,2025-07-26,2025-07-26,Lee
890af738-95b7-5849-957a-e1d6f1b47377,205478_0,1282371.0,noaa,noaa_narrative,NOAA StormEvents EVENT_ID 1282371,,2025-07-26,2025-07-26,day,"Lee County, IA",140th Ave; 170th Street,40.71,-91.64,event_point,19111,7100009.0,road_closed,,,2,A,flash,1,The Department of Highways reported that 170th Street closed from 140th Ave.,,2025-07-26,2025-07-26,Lee
36a92e15-b51a-5851-8354-dc9f1d7cdefc,205478_0,1282372.0,noaa,noaa_narrative,NOAA StormEvents EVENT_ID 1282372,,2025-07-26,2025-07-26,day,"Lee County, IA",240th St; 265th Ave,40.61,-91.39,event_point,19111,7080104.0,road_closed,,,2,A,flash,1,Department of Highways reported that 240th St to 265th Ave closed due to water over the road.,,2025-07-26,2025-07-26,Lee
0566b917-7d3a-5ef6-bafc-fa77c17d040f,205478_0,,news,local_news,https://www.wgem.com/2025/07/26/flooding-reported-northeast-missouri-iowa/,2025-07-26,2025-07-26,2025-07-26,day,"Donnellson, Lee County, IA","170th Street in Donnellson, Iowa, from 140th Ave. to 150th Ave.",40.64532,-91.5641,place_centroid,19111,,road_closed,,,2,A,flash,1,"170th Street in Donnellson, Iowa, from 140th Ave. to 150th Ave.","From WGEM list of Lee County roads closed due to flooding, Jul 26 2025.",2025-07-26,2025-07-26,Lee
0185d820-e05d-5716-adca-9f21d855bbc4,205478_0,,news,local_news,https://www.wgem.com/2025/07/26/flooding-reported-northeast-missouri-iowa/,2025-07-26,2025-07-26,2025-07-26,day,"Fort Madison, Lee County, IA",240th Street in Fort Madison from 2696 240th Avenue to 265th Avenue,40.62078,-91.34947,place_centroid,19111,,road_closed,,,2,A,flash,1,240th Street in Fort Madison from 2696 240th Avenue to 265th Avenue,"From WGEM list of Lee County roads closed due to flooding, Jul 26 2025.",2025-07-26,2025-07-26,Lee
e518346f-42d2-575e-b7ab-a9ff066ea346,205478_0,,news,local_news,https://www.wgem.com/2025/07/26/flooding-reported-northeast-missouri-iowa/,2025-07-26,2025-07-26,2025-07-26,day,"Montrose, Lee County, IA","239th Avenue in Montrose, Iowa, from 255th Street (Charleston Road) south to the rail road tracks",40.52535,-91.41841,place_centroid,19111,,road_closed,,,2,A,flash,1,"239th Avenue in Montrose, Iowa, from 255th Street (Charleston Road) south to the rail road tracks","From WGEM list of Lee County roads closed due to flooding, Jul 26 2025.",2025-07-26,2025-07-26,Lee
f61d689b-749d-5f39-930f-a1f0e280d15b,205478_0,,news,local_news,https://www.wgem.com/2025/07/26/flooding-reported-northeast-missouri-iowa/,2025-07-26,2025-07-26,2025-07-26,day,"Lee County, IA",220th Street from Golden Road to 2293 220th Street,40.57197,-91.40205,county_centroid,19111,,road_closed,,,2,B,flash,1,220th Street from Golden Road to 2293 220th Street,"Rural Lee County segment, no town given; from same WGEM closure list.",2025-07-26,2025-07-26,Lee
c0ec1b7b-4b1d-53e2-b714-2229fa289619,205478_0,1282372.0,noaa,noaa_narrative,NOAA StormEvents EVENT_ID 1282372,,2025-07-26,2025-07-26,day,"Lee County, IA",240th St; 265th Ave,40.61,-91.39,event_point,19111,7080104.0,road_flooded,,,1,A,flash,1,Department of Highways reported that 240th St to 265th Ave closed due to water over the road.,,2025-07-26,2025-07-26,Lee
52bf260f-faa9-54d7-956a-f0baf603cf53,206403_0,1288297.0,noaa,noaa_narrative,NOAA StormEvents EVENT_ID 1288297,,2025-07-29,2025-07-30,day,"Sioux County, IA",480th Street; Highway 60,42.955,-96.0354,event_point,19167,10230002.0,road_closed,,,2,A,flash,1,Iowa Highway 60 near 480th Street was closed due the roadway being flooded by a couple feet of flowing water.,,2025-07-29,2025-07-30,O'Brien; Sioux
3910db1c-6fa9-5b97-9fa7-72754fab7096,206403_0,1288297.0,noaa,noaa_narrative,NOAA StormEvents EVENT_ID 1288297,,2025-07-29,2025-07-30,day,"Sioux County, IA",480th Street; Highway 60,42.955,-96.0354,event_point,19167,10230002.0,road_flooded,,,1,A,flash,1,Iowa Highway 60 near 480th Street was closed due the roadway being flooded by a couple feet of flowing water.,,2025-07-29,2025-07-30,O'Brien; Sioux
b837084f-b169-5401-9f75-1b90454f10c3,206403_0,1288625.0,noaa,noaa_narrative,NOAA StormEvents EVENT_ID 1288625,,2025-07-30,2025-07-30,day,"O'Brien County, IA",Monroe Avenue,43.0857,-95.8572,event_point,19141,10230002.0,road_flooded,,,1,A,flash,1,Sections of 390th and 400th Streets and Monroe Avenue with inundated with rapidly running water.,,2025-07-29,2025-07-30,O'Brien; Sioux
45a7fa39-e125-56fe-b619-f25ed007edb8,206484_0,,news,local_news,https://www.yahoo.com/news/articles/heavy-rains-hit-le-mars-225707487.html,,2025-07-31,2025-07-31,day,"Alton, Sioux County, IA",Floyd River in Alton,42.98766,-96.00943,place_centroid,19167,,river_overbank,13.5,feet gauge height,0,C,river,1,"The Floyd River is usually at six feet in Alton, but this morning crested at 13.5 feet.","Crest followed Jul 29-30 heavy rain (episode window +1 day); article pub date not displayed, date inferred from this morning/Thursday references and NWS flood warning for Plymouth and Sioux counties through Aug 2; single source.",2025-07-30,2025-07-31,Plymouth; Sioux
14b31491-fec9-5aee-8916-09c3b2fa477e,207543_0,1294469.0,noaa,noaa_narrative,NOAA StormEvents EVENT_ID 1294469,,2025-08-07,2025-08-07,day,"Clarke County, IA",,40.97,-93.71,event_point,19039,7100008.0,infrastructure,,,2,A,flash,1,Water over roadways and culverts being washed out SE of Osceola.,,2025-08-07,2025-08-07,Clarke
e162b7eb-4f2f-5e44-9139-191414cc31d9,207543_0,1294469.0,noaa,noaa_narrative,NOAA StormEvents EVENT_ID 1294469,,2025-08-07,2025-08-07,day,"Clarke County, IA",,40.97,-93.71,event_point,19039,7100008.0,road_closed,,,2,A,flash,1,Water over roadways and culverts being washed out SE of Osceola.,,2025-08-07,2025-08-07,Clarke
05cd2785-5f50-5ce0-9adc-655a810234c0,207543_0,1294469.0,noaa,noaa_narrative,NOAA StormEvents EVENT_ID 1294469,,2025-08-07,2025-08-07,day,"Clarke County, IA",,40.97,-93.71,event_point,19039,7100008.0,road_flooded,,,1,A,flash,1,Water over roadways and culverts being washed out SE of Osceola.,,2025-08-07,2025-08-07,Clarke
514f846a-f655-5eca-8e66-f00220a167e7,206824_0,1290491.0,noaa,noaa_narrative,NOAA StormEvents EVENT_ID 1290491,,2025-08-09,2025-08-09,day,"Cherokee County, IA",,42.7426,-95.5431,event_point,19035,10230003.0,road_flooded,,,1,A,flash,1,Pictures showed significant street flooding in lower areas on the southeast side of Cherokee.,,2025-08-09,2025-08-09,Cherokee
de9acdaa-d354-5b6e-97df-d6d4f8812412,204326_0,,news,local_news,https://www.kcrg.com/2025/08/12/record-breaking-rainfall-damages-closes-park-nature-preserve-repairs/,2025-08-11,2025-08-10,2025-08-10,day,"Dubuque County, IA",Swiss Valley Preserve and Nature Center,42.50636,-90.70706,county_centroid,19061,,bridge_damaged,2.0,bridges,2,A,flash,1,Two bridges at the Swiss Valley Preserve and Nature Center remain uncrossable,"Still uncrossable as of Aug 11 pub date; minimum $25,000 repair estimate; park closed for repairs; record 4.8 in rain at Dubuque Regional Airport Aug 10.",2025-08-10,2025-08-10,Dubuque; Linn; Muscatine; Scott
8820064d-e4a1-5216-82d2-d76b0a3de367,204326_0,,news,local_news,https://cbs2iowa.com/news/local/heavy-rain-sunday-causes-localized-flooding-in-eastern-iowa-scattered-rain-to-start-week,2025-08-11,2025-08-10,2025-08-10,day,"Peosta, Dubuque County, IA",Timberline Golf Course south of Peosta,42.44771,-90.84431,place_centroid,19061,,business_flooded,,,2,A,flash,1,water flooding into Timberline Golf Course south of Peosta,,2025-08-10,2025-08-10,Dubuque; Linn; Muscatine; Scott
7d6562f1-9160-5fbb-a9bc-ef4536f14b64,204326_0,1273417.0,noaa,noaa_narrative,NOAA StormEvents EVENT_ID 1273417,,2025-08-10,2025-08-10,day,"Dubuque County, IA",,42.39,-90.88,event_point,19061,7060006.0,evacuation,,,3,A,flash,1,"Swiss Valley Nature Reserve campground flooded and evacuated, due to flooding on Catfish Creek.",,2025-08-10,2025-08-10,Dubuque; Linn; Muscatine; Scott
7315b8bd-f8e0-54fa-88d8-f996be8c3235,204326_0,,news,local_news,https://cbs2iowa.com/news/local/heavy-rain-sunday-causes-localized-flooding-in-eastern-iowa-scattered-rain-to-start-week,2025-08-11,2025-08-10,2025-08-10,day,"Dubuque County, IA","Swiss Valley Nature Reserve (campground), near Peosta",42.50636,-90.70706,county_centroid,19061,,evacuation,,,3,A,flash,1,tent campers being evacuated at Swiss Valley Nature Reserve,KCRG corroborates: we got everybody out safe. There was a few campers that got stuck in there; water rose in 20-30 minutes.,2025-08-10,2025-08-10,Dubuque; Linn; Muscatine; Scott
6c6e3745-a060-53ec-9084-8b4fa566c18b,204326_0,1273413.0,noaa,noaa_narrative,NOAA StormEvents EVENT_ID 1273413,,2025-08-10,2025-08-10,day,"Muscatine County, IA",,41.58,-90.9,event_point,19139,7080206.0,home_flooded,,,2,A,flash,1,Water in basements in  Durant.,,2025-08-10,2025-08-10,Dubuque; Linn; Muscatine; Scott
9b5d7a2e-567c-50f6-a439-9558ca0d29fe,204326_0,1273413.0,noaa,noaa_narrative,NOAA StormEvents EVENT_ID 1273413,,2025-08-10,2025-08-10,day,"Muscatine County, IA",,41.58,-90.9,event_point,19139,7080206.0,river_overbank,,,0,A,flash,1,Creeks out of their banks and trees washing out across road.,,2025-08-10,2025-08-10,Dubuque; Linn; Muscatine; Scott
5ee934b0-c3c3-55c0-8814-2c8354137cbe,204326_0,1273417.0,noaa,noaa_narrative,NOAA StormEvents EVENT_ID 1273417,,2025-08-10,2025-08-10,day,"Dubuque County, IA",,42.39,-90.88,event_point,19061,7060006.0,river_overbank,,,0,A,flash,2,Whitewater creek completely out of its banks  at Timberline golf course.,,2025-08-10,2025-08-10,Dubuque; Linn; Muscatine; Scott
900b0dd6-5a70-596e-8bed-6ec3fcd06a75,204326_0,,news,local_news,https://cbs2iowa.com/news/local/heavy-rain-sunday-causes-localized-flooding-in-eastern-iowa-scattered-rain-to-start-week,2025-08-11,2025-08-10,2025-08-10,day,"Dubuque County, IA",along Whitewater Creek,42.50636,-90.70706,county_centroid,19061,,river_overbank,,,0,B,flash,1,Rain in the county lead to flooding along Whitewater Creek,County-level; 5.5+ inches reported in hills of that area per KCRG.,2025-08-10,2025-08-10,Dubuque; Linn; Muscatine; Scott
ebdfbab4-4ec7-5db1-aa29-dfa44e4832b9,204326_0,1273412.0,noaa,noaa_narrative,NOAA StormEvents EVENT_ID 1273412,,2025-08-10,2025-08-10,day,"Muscatine County, IA",,41.4588,-91.0402,event_point,19139,7080101.0,road_flooded,,,1,A,flash,1,Several other streets flooded.,,2025-08-10,2025-08-10,Dubuque; Linn; Muscatine; Scott
36c17bbb-7ef3-50af-897e-1597e3d8ba45,204326_0,1273415.0,noaa,noaa_narrative,NOAA StormEvents EVENT_ID 1273415,,2025-08-10,2025-08-10,day,"Scott County, IA",Liberty Road,41.68,-90.8,event_point,19163,7080103.0,road_flooded,,,1,A,flash,1,Significant water was over the highway at New  Liberty Road and 50th.,,2025-08-10,2025-08-10,Dubuque; Linn; Muscatine; Scott
ba5952b6-595e-555e-84b9-5a9d10c15806,204326_0,,news,local_news,https://cbs2iowa.com/news/local/heavy-rain-sunday-causes-localized-flooding-in-eastern-iowa-scattered-rain-to-start-week,2025-08-11,2025-08-10,2025-08-10,day,"Marion, Linn County, IA",1st Avenue and 40th Street,42.04539,-91.58616,place_centroid,19113,,road_flooded,,,1,B,pluvial,1,deep water on 1st Avenue and 40th Street,Article attributes to Marion (about 3 in rain); Marion is in Linn County.,2025-08-10,2025-08-10,Dubuque; Linn; Muscatine; Scott
0ed56fc8-2c90-551a-a6e0-db262859f6eb,206490_0,1288856.0,noaa,noaa_narrative,NOAA StormEvents EVENT_ID 1288856,,2025-08-10,2025-08-10,day,"Clayton County, IA",,42.83,-91.11,event_point,19043,7060003.0,road_closed,,,2,A,flash,1,The public reported a local county road was washed out from flash flooding of Buck Creek roughly 1 mile north of Guttenberg.,,2025-08-10,2025-08-10,Clayton
a37d34d7-1bc8-53e0-8313-848ccc4929f1,206490_0,1288856.0,noaa,noaa_narrative,NOAA StormEvents EVENT_ID 1288856,,2025-08-10,2025-08-10,day,"Clayton County, IA",,42.83,-91.11,event_point,19043,7060003.0,road_flooded,,,1,A,flash,1,The public reported a local county road was washed out from flash flooding of Buck Creek roughly 1 mile north of Guttenberg.,,2025-08-10,2025-08-10,Clayton
dcfba611-ee9c-5967-bbae-db37016fece2,204583_0,1275211.0,noaa,noaa_narrative,NOAA StormEvents EVENT_ID 1275211,,2025-08-15,2025-08-15,day,"Benton County, IA",,42.17,-92.02,event_point,19011,7080205.0,home_flooded,,,2,A,flash,1,Video from news reports shows significant standing water near homes.,,2025-08-15,2025-08-15,Benton
80e1c0be-58b3-59c4-88b3-8a961405d184,206579_0,,news,local_news,https://www.kcrg.com/2025/08/18/flooding-closes-parks-part-popular-trail-decorah/,2025-08-18,2025-08-18,2025-08-18,day,"Decorah, Winneshiek County, IA",Twin Springs Park bridge,43.30162,-91.78475,place_centroid,19191,,bridge_damaged,,,1,A,flash,1,Twin Springs Park closed due to bridge damage from heavy rainfall and rising water levels.,Park bridge,2025-08-18,2025-08-18,Chickasaw; Winneshiek
e6f26d61-3641-5fb1-b87a-a92ae80b7a7b,206579_0,1289339.0,noaa,noaa_narrative,NOAA StormEvents EVENT_ID 1289339,,2025-08-18,2025-08-18,day,"Winneshiek County, IA",,43.18,-91.86,event_point,19191,7060002.0,home_flooded,,,2,A,flash,1,Emergency management reported basements flooded in Calmar.,,2025-08-18,2025-08-18,Chickasaw; Winneshiek
b2b46f8a-b41a-58bb-a2e7-0be477c93475,206579_0,,news,local_news,https://www.kcrg.com/2025/08/18/flooding-closes-parks-part-popular-trail-decorah/,2025-08-18,2025-08-18,2025-08-18,day,"Decorah, Winneshiek County, IA",Trout Run Trail; Dunning Springs Park; Will Baker Park,43.30162,-91.78475,place_centroid,19191,,other,,,1,A,flash,1,Parts of Trout Run Trail flooded; Dunning Springs Park and Will Baker Park closed with barricades placed.,Recreation trail and park flooding,2025-08-18,2025-08-18,Chickasaw; Winneshiek
f87354c4-cfc9-5280-8181-625b5a5efbcf,206579_0,1289336.0,noaa,noaa_narrative,NOAA StormEvents EVENT_ID 1289336,,2025-08-18,2025-08-18,day,"Winneshiek County, IA",,43.28,-91.77,event_point,19191,7060002.0,road_flooded,,,1,A,flash,1,Law enforcement reported water over Trout Run road roughly 1 mile west of Decorah.,,2025-08-18,2025-08-18,Chickasaw; Winneshiek
a94351b8-559a-5a01-8bf2-ae094f8f2a2e,206579_0,1289337.0,noaa,noaa_narrative,NOAA StormEvents EVENT_ID 1289337,,2025-08-18,2025-08-18,day,"Chickasaw County, IA",165th St; Kenwood Ave,43.12,-92.34,event_point,19037,7080102.0,road_flooded,,,1,A,flash,1,A trained spotter reported water flowing over the road at the intersection of 165th St and Kenwood Ave near Devon Woods.,,2025-08-18,2025-08-18,Chickasaw; Winneshiek
bbc9ee54-1421-58b8-841c-90a78bd2b063,206579_0,1289338.0,noaa,noaa_narrative,NOAA StormEvents EVENT_ID 1289338,,2025-08-18,2025-08-18,day,"Chickasaw County, IA",,43.12,-92.36,event_point,19037,7080102.0,road_flooded,,,1,A,flash,1,The public reported water over gravel road 165th street.,,2025-08-18,2025-08-18,Chickasaw; Winneshiek
5dccd1a2-1c5c-5b40-945b-6db9822d8102,206584_0,1289452.0,noaa,noaa_narrative,NOAA StormEvents EVENT_ID 1289452,,2025-08-18,2025-08-19,day,"Chickasaw County, IA",,43.0335,-92.5045,event_point,19037,7080201.0,river_overbank,,,0,A,river,1,The site crested at 12.06 ft in minor flood stage during the evening on August 18th before falling below flood stage during the early morning hours on August 19th.,,2025-08-18,2025-08-21,Allamakee; Chickasaw; Clayton; Fayette; Floyd; Winneshiek
c437fd8d-dde1-5a16-af82-6aade70c5bae,206584_0,1289453.0,noaa,noaa_narrative,NOAA StormEvents EVENT_ID 1289453,,2025-08-18,2025-08-19,day,"Chickasaw County, IA",,42.9511,-92.5268,event_point,19037,7080201.0,river_overbank,,,0,A,river,1,The site crested at 956.33 ft in minor flood stage during the early morning hours on August 19th before falling below flood stage during the afternoon that same day.,,2025-08-18,2025-08-21,Allamakee; Chickasaw; Clayton; Fayette; Floyd; Winneshiek
16d9dc03-58c7-5e47-ba3d-2e9fbd70344b,206584_0,1289454.0,noaa,noaa_narrative,NOAA StormEvents EVENT_ID 1289454,,2025-08-18,2025-08-20,day,"Fayette County, IA",,43.0422,-91.8211,event_point,19065,7060004.0,river_overbank,,,0,A,river,1,The site crested at 15.67 ft in moderate flood stage during the evening hours on August 19th before falling below flood stage during the early evening hours on August 20th.,,2025-08-18,2025-08-21,Allamakee; Chickasaw; Clayton; Fayette; Floyd; Winneshiek
e4e98395-ad5c-5e2a-b1d6-7be65d00600b,206584_0,1289456.0,noaa,noaa_narrative,NOAA StormEvents EVENT_ID 1289456,,2025-08-18,2025-08-20,day,"Winneshiek County, IA",,43.2095,-91.957,event_point,19191,7060004.0,river_overbank,,,0,A,river,1,The site crested at 11.23 ft in moderate flood stage during the early afternoon on August 18th before falling below flood stage during the early morning hours on August 20th.,,2025-08-18,2025-08-21,Allamakee; Chickasaw; Clayton; Fayette; Floyd; Winneshiek
7c574f30-8d2e-5293-8b83-f01b2ffc6baf,206584_0,1289459.0,noaa,noaa_narrative,NOAA StormEvents EVENT_ID 1289459,,2025-08-19,2025-08-21,day,"Clayton County, IA",,42.845,-91.4043,event_point,19043,7060004.0,river_overbank,,,0,A,river,1,The site crested at 13.33 ft in minor flood stage during the late morning on August 20th before falling below flood stage just after midnight on August 21st.,,2025-08-18,2025-08-21,Allamakee; Chickasaw; Clayton; Fayette; Floyd; Winneshiek
f854c19d-c777-59f0-80bc-100dd9105e19,206584_0,1289461.0,noaa,noaa_narrative,NOAA StormEvents EVENT_ID 1289461,,2025-08-19,2025-08-21,day,"Allamakee County, IA",,43.422,-91.5073,event_point,19005,7060002.0,river_overbank,,,0,A,river,1,The site crested at 16.89 ft in minor flood stage during the evening on August 18th before falling below flood stage during the evening on August 19th.,,2025-08-18,2025-08-21,Allamakee; Chickasaw; Clayton; Fayette; Floyd; Winneshiek
79379893-d1d1-5efc-9814-297ad21b9424,206584_0,1289474.0,noaa,noaa_narrative,NOAA StormEvents EVENT_ID 1289474,,2025-08-19,2025-08-20,day,"Floyd County, IA",,43.0691,-92.6844,event_point,19067,7080201.0,river_overbank,,,0,A,river,1,The site crested at 13.48 ft in minor flood stage just after midnight on August 20th before falling below flood stage during the late afternoon on August 20th.,,2025-08-18,2025-08-21,Allamakee; Chickasaw; Clayton; Fayette; Floyd; Winneshiek
7292054b-ba22-5366-8fff-a5be4ea15bc3,206584_0,,news,local_news,https://kchanews.com/2025/08/19/flood-warnings-for-north-iowa-as-of-1-pm-tuesday-08-19/,2025-08-19,2025-08-19,2025-08-19,day,"Charles City, Floyd County, IA",Cedar River at Charles City,43.02948,-92.74241,county_centroid,19067,,river_overbank,11.4,feet gauge height,0,A,river,1,At 9:15 AM CDT Tuesday the stage was 11.4 feet.,Article states bankfull stage is 9.0 feet; river above bankfull under flood warning. NWS La Crosse aug1825 corroborates area rivers in minor flood Aug 18-19.,2025-08-18,2025-08-21,Allamakee; Chickasaw; Clayton; Fayette; Floyd; Winneshiek
be5fb581-7651-57b5-8676-00c26077eb53,206584_0,,news,local_news,https://kchanews.com/2025/08/19/flood-warnings-for-north-iowa-as-of-1-pm-tuesday-08-19/,2025-08-19,2025-08-19,2025-08-19,day,"Chickasaw County, IA",the warned area (Chickasaw County); numerous roads,43.09054,-92.3651,county_centroid,19037,,road_closed,,,2,B,flash,1,local law enforcement reported flooding in the warned area. Numerous roads remain closed due to flooding.,Continuing closures reported as of 9:51 AM CDT Aug 19; distinct from Aug 18 coverage of already-covered episode 206579_0.,2025-08-18,2025-08-21,Allamakee; Chickasaw; Clayton; Fayette; Floyd; Winneshiek
ac54dda1-285d-5459-a63b-b1e00f33a773,208321_0,1297982.0,noaa,noaa_narrative,NOAA StormEvents EVENT_ID 1297982,,2025-09-16,2025-09-16,day,"Webster County, IA",,42.51,-94.18,event_point,19187,7100004.0,road_flooded,,,1,A,flash,1,EM reports several intersections flooded in Ft Dodge with with stalled vehicles and water up to the bottom of doors.,,2025-09-16,2025-09-16,Webster
