MACRO_START,CAPPED_EPISODE_END,TOTAL_EPISODE_DURATION,NEW_EPISODE_ID,BEGIN_YEARMONTH,BEGIN_DAY,BEGIN_TIME,END_YEARMONTH,END_DAY,END_TIME,EPISODE_ID,EVENT_ID,STATE,STATE_FIPS,YEAR,MONTH_NAME,EVENT_TYPE,CZ_TYPE,CZ_FIPS,CZ_NAME,WFO,BEGIN_DATE_TIME,CZ_TIMEZONE,END_DATE_TIME,INJURIES_DIRECT,INJURIES_INDIRECT,DEATHS_DIRECT,DEATHS_INDIRECT,DAMAGE_PROPERTY,DAMAGE_CROPS,SOURCE,FLOOD_CAUSE,BEGIN_RANGE,BEGIN_AZIMUTH,BEGIN_LOCATION,END_RANGE,END_AZIMUTH,END_LOCATION,BEGIN_LAT,BEGIN_LON,END_LAT,END_LON,EPISODE_NARRATIVE,EVENT_NARRATIVE,DATA_SOURCE
2021-05-27 20:22:00,2021-05-28 06:00:00,0 days 09:38:00,157601_0,202105,27,2022,202105,28,600,157601,953640,IOWA,19,2021,May,Flood,C,177,VAN BUREN,DVN,2021-05-27 20:22:00,CST-6,2021-05-28 06:00:00,0,0,0,0,0.00K,0.00K,Department of Highways,Heavy Rain,5.54,NNE,BONAPARTE,5.28,NNE,BONAPARTE,40.7692,-91.7266,40.7697,-91.7258,"Locally heavy rainfall led to flooding of fields and local roads in parts of Van Buren County overnight on the 27th. Van Buren and Lee Counties saw the worst of the rain, with accumulations around 2-3 inches, as two rounds of heavy rain moved through within 24 hours.",Heavy rain resulted in several secondary county roads closed overnight. Roughly at 190th Street east of Yellow Avenue.,CSV
2021-06-24 19:55:00,2021-06-25 00:00:00,0 days 04:05:00,158463_0,202106,24,1955,202106,24,2100,158463,964108,IOWA,19,2021,June,Flash Flood,C,101,JEFFERSON,DVN,2021-06-24 19:55:00,CST-6,2021-06-24 21:00:00,0,0,0,0,0.00K,0.00K,Law Enforcement,Heavy Rain,3.31,SE,COUNTY LINE,3.2,SE,COUNTY LINE,40.9209,-92.1296,40.9226,-92.1296,"A line of strong thunderstorms and heavy rain moved through Iowa on the 24th, which led to flash flooding for some areas. The areas seeing the largest impact were in Jefferson and Van Buren Counties in Iowa. The environment in which these storms were in not only favored thunderstorms, but heavy rain, as moisture indices were near record level. Very efficient rain rates were seen, where 2 to 3 inches per hour were common.",Sheriff office received a report of water over 265th street between Clearwood Avenue and Dewberry Avenue at 855 pm.,CSV
2021-06-24 19:55:00,2021-06-25 00:00:00,0 days 04:05:00,158463_0,202106,24,2002,202106,24,2200,158463,964110,IOWA,19,2021,June,Flash Flood,C,101,JEFFERSON,DVN,2021-06-24 20:02:00,CST-6,2021-06-24 22:00:00,0,0,0,0,0.00K,0.00K,Law Enforcement,Heavy Rain,2.5,SSW,LIBERTYVILLE,1.72,SSW,LIBERTYVILLE,40.918,-92.0724,40.9173,-92.0652,"A line of strong thunderstorms and heavy rain moved through Iowa on the 24th, which led to flash flooding for some areas. The areas seeing the largest impact were in Jefferson and Van Buren Counties in Iowa. The environment in which these storms were in not only favored thunderstorms, but heavy rain, as moisture indices were near record level. Very efficient rain rates were seen, where 2 to 3 inches per hour were common.",Sheriff office received report of Douds Road flooded near Lick Creek at 902 pm.,CSV
2021-06-24 19:55:00,2021-06-25 00:00:00,0 days 04:05:00,158463_0,202106,24,2100,202106,24,2300,158463,964112,IOWA,19,2021,June,Flash Flood,C,101,JEFFERSON,DVN,2021-06-24 21:00:00,CST-6,2021-06-24 23:00:00,0,0,0,0,0.00K,0.00K,Law Enforcement,Heavy Rain,1.58,S,LIBERTYVILLE,1.58,S,LIBERTYVILLE,40.9271,-92.0498,40.9251,-92.0497,"A line of strong thunderstorms and heavy rain moved through Iowa on the 24th, which led to flash flooding for some areas. The areas seeing the largest impact were in Jefferson and Van Buren Counties in Iowa. The environment in which these storms were in not only favored thunderstorms, but heavy rain, as moisture indices were near record level. Very efficient rain rates were seen, where 2 to 3 inches per hour were common.",A deputy reported water on Grasstree Avenue north of 265th Street near the bridge.,CSV
2021-06-24 19:55:00,2021-06-25 00:00:00,0 days 04:05:00,158463_0,202106,24,2200,202106,25,0,158463,964113,IOWA,19,2021,June,Flash Flood,C,177,VAN BUREN,DVN,2021-06-24 22:00:00,CST-6,2021-06-25 00:00:00,0,0,0,0,0.00K,0.00K,Trained Spotter,Heavy Rain,0.87,NE,LACEY KEOSAUQUA SP,0.82,SW,KEOSAUQUA,40.73,-91.97,40.7227,-91.9586,"A line of strong thunderstorms and heavy rain moved through Iowa on the 24th, which led to flash flooding for some areas. The areas seeing the largest impact were in Jefferson and Van Buren Counties in Iowa. The environment in which these storms were in not only favored thunderstorms, but heavy rain, as moisture indices were near record level. Very efficient rain rates were seen, where 2 to 3 inches per hour were common.",Reports of roads and culverts washed out throughout the county.,CSV
2021-06-25 22:00:00,2021-06-26 03:00:00,0 days 05:00:00,158466_0,202106,25,2200,202106,26,300,158466,958013,IOWA,19,2021,June,Flash Flood,C,113,LINN,DVN,2021-06-25 22:00:00,CST-6,2021-06-26 03:00:00,0,0,0,0,0.00K,0.00K,Broadcast Media,Heavy Rain,1.58,NE,MARION,2.02,ENE,MARION,42.0435,-91.575,42.0402,-91.5752,"A stationary thunderstorm developed in Linn County, near Marion, Iowa. This thunderstorm formed in a favorable environment for heavy rain, which it led to nearly 6 inches or more in some areas within a few hours. This led to rapid flash flooding within neighborhoods, as Indian Creek came over and out of its banks.",Deep flowing water at 35th Street  and Mcgowan Boulevard.,CSV
2021-06-24 20:59:00,2021-06-25 01:15:00,0 days 04:16:00,159463_0,202106,24,2059,202106,25,115,159463,965461,IOWA,19,2021,June,Flash Flood,C,117,LUCAS,DMX,2021-06-24 20:59:00,CST-6,2021-06-25 01:15:00,0,0,0,0,0.00K,0.00K,Law Enforcement,Heavy Rain,2.7,ESE,CHARITON,2.25,E,CHARITON,41.01,-93.27,41.0177,-93.2704,"Deep Gulf moisture fed into the state with the LLJ pushing a warm front north into southern Iowa through the late evening. Storms motion was generally parallel to the boundary, resulting in training of storms across southern Iowa and heavy rain. Many locations in southern Iowa received 3 to 6 inches of rain in a few hours with one location reporting over 7 inches of rain.",Law enforcement reported that 482nd Street had water running over it and it was in the process of being closed and barricaded.,CSV
2021-06-24 20:59:00,2021-06-25 01:15:00,0 days 04:16:00,159463_0,202106,24,2300,202106,25,109,159463,965464,IOWA,19,2021,June,Flash Flood,C,179,WAPELLO,DMX,2021-06-24 23:00:00,CST-6,2021-06-25 01:09:00,0,0,0,0,0.00K,0.00K,Emergency Manager,Heavy Rain,2.91,WNW,ELDON,3.69,WSW,ELDON,40.932,-92.2234,40.9113,-92.2016,"Deep Gulf moisture fed into the state with the LLJ pushing a warm front north into southern Iowa through the late evening. Storms motion was generally parallel to the boundary, resulting in training of storms across southern Iowa and heavy rain. Many locations in southern Iowa received 3 to 6 inches of rain in a few hours with one location reporting over 7 inches of rain.",Emergency management reported flash flooding including the flooding of the basement of Eldon City Hall and street and highway flooding in and around the town of Eldon.,CSV
2021-06-24 20:59:00,2021-06-25 01:15:00,0 days 04:16:00,159463_0,202106,24,2335,202106,25,109,159463,965475,IOWA,19,2021,June,Flash Flood,C,179,WAPELLO,DMX,2021-06-24 23:35:00,CST-6,2021-06-25 01:09:00,0,0,0,0,0.00K,0.00K,Trained Spotter,Heavy Rain,4.58,NW,ELDON,4.39,NW,ELDON,40.96,-92.24,40.9668,-92.24,"Deep Gulf moisture fed into the state with the LLJ pushing a warm front north into southern Iowa through the late evening. Storms motion was generally parallel to the boundary, resulting in training of storms across southern Iowa and heavy rain. Many locations in southern Iowa received 3 to 6 inches of rain in a few hours with one location reporting over 7 inches of rain.",A trained spotter relayed that multiple creeks were out of banks with and estimated 6 inch depth of water flowing across highway 16. Spotter was uncertain when flooding began.,CSV
2021-06-29 12:30:00,2021-06-29 15:30:00,0 days 03:00:00,159795_0,202106,29,1230,202106,29,1530,159795,965919,IOWA,19,2021,June,Flash Flood,C,5,ALLAMAKEE,ARX,2021-06-29 12:30:00,CST-6,2021-06-29 15:30:00,0,0,0,0,30.00K,30.00K,Emergency Manager,Heavy Rain,0.86,NW,WAUKON JCT,3.45,NNW,WAUKON JCT,43.16,-91.19,43.1808,-91.1902,Storms with locally heavy rains moved across portions of northeast Iowa on June 29th. These storms dumped around 3 inches of rain over eastern Allamakee County that resulted in some flash flooding. Mud slides and flooded roads were reported in the vicinity of Waukon Junction and water went over several roads in the Yellow River State Forest.,Runoff from locally heavy rains created mudslides and flooded roads around Waukon Junction. The Yellow River was pushed out of its banks with water going over several roads in the Yellow River State Forest. Damage to these roads prompted officials to evacuate the campgrounds until safety inspections could be made.,CSV
2021-07-14 19:30:00,2021-07-15 01:04:00,0 days 05:34:00,160825_0,202107,14,1930,202107,15,104,160825,971423,IOWA,19,2021,July,Flash Flood,C,169,STORY,DMX,2021-07-14 19:30:00,CST-6,2021-07-15 01:04:00,0,0,0,0,0.00K,0.00K,Law Enforcement,Heavy Rain,1.72,SW,IOWA CENTER,2.01,SW,IOWA CENTER,41.91,-93.44,41.9164,-93.4405,"A surface low pressure system was centered over Kansas and Nebraska with attendant warm front draped across north central Iowa. This was bisected by an outflow boundary from morning convection across western Iowa. As morning activity exited the are the atmosphere quickly recovered steep low and mid level lapse rates exceeded 8 C/km with 0-6 km shear over 40 knots. Near the remnant outflow boundary 0-1 km SRH exceeded 150 m2/s2. Storms developed along this boundary and moved east along the warm front, spawning a number of tornadoes across the state. In fact, this is in the top 5 for tornadoes occurring in a single day for the state of Iowa since reliable records began in the 1980s. By evening convection congealed into an MCS, bringing heavy rain to portions of the state. A line of training storms set up north of the Des Moines metro, resulting in localized flash flooding.",Report of water over the road at 305th and 630th with 3 to 4 inches of rainfall in the area.,CSV
2021-07-14 19:30:00,2021-07-15 01:04:00,0 days 05:34:00,160825_0,202107,14,2002,202107,15,104,160825,971425,IOWA,19,2021,July,Flash Flood,C,169,STORY,DMX,2021-07-14 20:02:00,CST-6,2021-07-15 01:04:00,0,0,0,0,0.00K,0.00K,Trained Spotter,Heavy Rain,0.68,NNE,MAXWELL,0.65,NNE,MAXWELL,41.8891,-93.3947,41.889,-93.394,"A surface low pressure system was centered over Kansas and Nebraska with attendant warm front draped across north central Iowa. This was bisected by an outflow boundary from morning convection across western Iowa. As morning activity exited the are the atmosphere quickly recovered steep low and mid level lapse rates exceeded 8 C/km with 0-6 km shear over 40 knots. Near the remnant outflow boundary 0-1 km SRH exceeded 150 m2/s2. Storms developed along this boundary and moved east along the warm front, spawning a number of tornadoes across the state. In fact, this is in the top 5 for tornadoes occurring in a single day for the state of Iowa since reliable records began in the 1980s. By evening convection congealed into an MCS, bringing heavy rain to portions of the state. A line of training storms set up north of the Des Moines metro, resulting in localized flash flooding.",Trained spotter reports water over the intersection of Woodlawn and 2nd Street at least 6 inches deep. Report via social media.,CSV
2021-07-11 10:30:00,2021-07-11 14:00:00,0 days 03:30:00,161012_0,202107,11,1030,202107,11,1400,161012,972505,IOWA,19,2021,July,Flash Flood,C,177,VAN BUREN,DVN,2021-07-11 10:30:00,CST-6,2021-07-11 14:00:00,0,0,0,0,0.00K,0.00K,Emergency Manager,Heavy Rain,1.26,WSW,BONAPARTE,0.87,SE,VERNON,40.69,-91.8,40.693,-91.824,A stalled storm system centered near Galesburg Illinois brought several rounds of showers and embedded thunderstorms to eastern Iowa through the day. These showers and thunderstorms were slow moving westward across the area and were efficient rainfall producers.  Trained spotters reported 1 to 3 inches of rain in Van Buren County that led to flash flooding during the late morning and early afternoon.,"The Emergency Manager reports water flowing over a gravel road from nearby fields. When the water receded, piled up debris was left on the road .",CSV
2021-08-27 20:48:00,2021-08-28 01:00:00,0 days 04:12:00,161088_0,202108,27,2048,202108,28,100,161088,978892,IOWA,19,2021,August,Flash Flood,C,195,WORTH,DMX,2021-08-27 20:48:00,CST-6,2021-08-28 01:00:00,0,0,0,0,0.00K,0.00K,Law Enforcement,Heavy Rain,0.72,SSE,NORTHWOOD,0.53,SSE,NORTHWOOD,43.4401,-93.2156,43.4404,-93.2138,"A nearly station boundary draped itself across northern Iowa, oriented east-west on the evening of the 27th and allowed isolated supercells and multi cellular storms to initiate and in some cases train/develop over the same area for a number of hours. In total, severe weather (damaging winds, funnel clouds, tornadoes), heavy rain, and flooding occurred. ||The portions of northern Iowa that experienced the severe and hazardous weather resided just south of the surface boundary and included the following environment: SB/MUCAPE in excess of 2000 j/kg, LCLs under 1000m, effective bulk shear around/in excess of 30 kts, precipitable water values in excess of 1.8 inches, supercell composite values in excess of 12, effective SRH around 200 m2/s2, and 0-3km SRH around 200-300 m2/s2.",Water was several inches deep and completely covering 13th Street South in Northwood.,CSV
2021-08-27 20:48:00,2021-08-28 01:00:00,0 days 04:12:00,161088_0,202108,27,2112,202108,28,100,161088,978894,IOWA,19,2021,August,Flash Flood,C,195,WORTH,DMX,2021-08-27 21:12:00,CST-6,2021-08-28 01:00:00,0,0,0,0,0.00K,0.00K,Law Enforcement,Heavy Rain,2.56,NE,GRAFTON,2.39,NE,GRAFTON,43.36,-93.04,43.3541,-93.0406,"A nearly station boundary draped itself across northern Iowa, oriented east-west on the evening of the 27th and allowed isolated supercells and multi cellular storms to initiate and in some cases train/develop over the same area for a number of hours. In total, severe weather (damaging winds, funnel clouds, tornadoes), heavy rain, and flooding occurred. ||The portions of northern Iowa that experienced the severe and hazardous weather resided just south of the surface boundary and included the following environment: SB/MUCAPE in excess of 2000 j/kg, LCLs under 1000m, effective bulk shear around/in excess of 30 kts, precipitable water values in excess of 1.8 inches, supercell composite values in excess of 12, effective SRH around 200 m2/s2, and 0-3km SRH around 200-300 m2/s2.",Water was several inches deep flowing over Yarrow Avenue near the intersection of 410th Street.,CSV
2021-08-27 20:48:00,2021-08-28 01:00:00,0 days 04:12:00,161088_0,202108,27,2122,202108,28,100,161088,978897,IOWA,19,2021,August,Flash Flood,C,195,WORTH,DMX,2021-08-27 21:22:00,CST-6,2021-08-28 01:00:00,0,0,0,0,0.00K,0.00K,Trained Spotter,Heavy Rain,0.0,N,GRAFTON,0.3,E,GRAFTON,43.33,-93.07,43.3296,-93.0658,"A nearly station boundary draped itself across northern Iowa, oriented east-west on the evening of the 27th and allowed isolated supercells and multi cellular storms to initiate and in some cases train/develop over the same area for a number of hours. In total, severe weather (damaging winds, funnel clouds, tornadoes), heavy rain, and flooding occurred. ||The portions of northern Iowa that experienced the severe and hazardous weather resided just south of the surface boundary and included the following environment: SB/MUCAPE in excess of 2000 j/kg, LCLs under 1000m, effective bulk shear around/in excess of 30 kts, precipitable water values in excess of 1.8 inches, supercell composite values in excess of 12, effective SRH around 200 m2/s2, and 0-3km SRH around 200-300 m2/s2.",Water two to three feet deep flowing up to the road on south end of town as well as approaching a residence. Three to six inches of water flowing over road. Report via social media courtesy of KAAL TV.,CSV
2021-08-27 20:48:00,2021-08-28 01:00:00,0 days 04:12:00,161088_0,202108,27,2134,202108,28,100,161088,978898,IOWA,19,2021,August,Flash Flood,C,195,WORTH,DMX,2021-08-27 21:34:00,CST-6,2021-08-28 01:00:00,0,0,0,0,0.00K,0.00K,Law Enforcement,Heavy Rain,2.05,NW,GRAFTON,1.68,SSE,BOLAN,43.35,-93.1,43.3511,-93.1079,"A nearly station boundary draped itself across northern Iowa, oriented east-west on the evening of the 27th and allowed isolated supercells and multi cellular storms to initiate and in some cases train/develop over the same area for a number of hours. In total, severe weather (damaging winds, funnel clouds, tornadoes), heavy rain, and flooding occurred. ||The portions of northern Iowa that experienced the severe and hazardous weather resided just south of the surface boundary and included the following environment: SB/MUCAPE in excess of 2000 j/kg, LCLs under 1000m, effective bulk shear around/in excess of 30 kts, precipitable water values in excess of 1.8 inches, supercell composite values in excess of 12, effective SRH around 200 m2/s2, and 0-3km SRH around 200-300 m2/s2.",Water several inches deep flowing over the road near the intersection of Ulmus Avenue and 410th Street east of Kensett.,CSV
2021-08-11 06:00:00,2021-08-11 07:40:00,0 days 01:40:00,161208_0,202108,11,600,202108,11,700,161208,973375,IOWA,19,2021,August,Flash Flood,C,57,DES MOINES,DVN,2021-08-11 06:00:00,CST-6,2021-08-11 07:00:00,0,0,0,0,0.00K,0.00K,Emergency Manager,Heavy Rain,1.25,WNW,WEST BURLINGTON,1.45,WSW,WEST BURLINGTON,40.83,-91.17,40.8118,-91.1762,"A cluster of strong thunderstorms formed in northeast Missouri early in the morning, August 11th, 2021.  These storms expanded and moved northeast into northern Illinois, with a swath of damaging winds, hail, and very heavy rainfall. Some flash flooding was reported in southeast Iowa. As the storms approached the Mississippi River, a large swath of strong winds developed behind the storms, resulting in sustained winds of 40 to 60 mph, and damage through the Quad Cities metro area. This type of event is due to a wake low pressure system, behind the storms.",The fire department reported water deep enough that vehicles could not pass through on Mt Pleasant street and West Burlington Avenue.,CSV
2021-08-11 06:00:00,2021-08-11 07:40:00,0 days 01:40:00,161208_0,202108,11,640,202108,11,740,161208,973376,IOWA,19,2021,August,Flash Flood,C,57,DES MOINES,DVN,2021-08-11 06:40:00,CST-6,2021-08-11 07:40:00,0,0,0,0,0.00K,0.00K,Emergency Manager,Heavy Rain,0.52,W,LENOX PARK,0.77,SSE,LENOX PARK,40.83,-91.14,40.8242,-91.1254,"A cluster of strong thunderstorms formed in northeast Missouri early in the morning, August 11th, 2021.  These storms expanded and moved northeast into northern Illinois, with a swath of damaging winds, hail, and very heavy rainfall. Some flash flooding was reported in southeast Iowa. As the storms approached the Mississippi River, a large swath of strong winds developed behind the storms, resulting in sustained winds of 40 to 60 mph, and damage through the Quad Cities metro area. This type of event is due to a wake low pressure system, behind the storms.",Emergency management reported that Highway 61 in Burlington was impassable and 3 vehicles were stranded.,CSV
2021-08-25 06:52:00,2021-08-25 08:00:00,0 days 01:08:00,161640_0,202108,25,652,202108,25,800,161640,975963,IOWA,19,2021,August,Flash Flood,C,95,IOWA,DVN,2021-08-25 06:52:00,CST-6,2021-08-25 08:00:00,0,0,0,0,0.00K,0.00K,Public,Heavy Rain,3.7,W,PARNELL,3.44,N,PARNELL,41.5804,-92.0716,41.5925,-91.9972,"Heavy rain fell the morning of  August 25th, resulting in some flash flooding in Iowa County. Several inches of rain fell in a few hours.","Public report of creek flooding, through MPING. Street flooded in town, with lots of standing water.  Relayed through broadcast media.",CSV
2021-08-28 07:00:00,2021-08-28 09:00:00,0 days 02:00:00,161657_0,202108,28,700,202108,28,900,161657,976055,IOWA,19,2021,August,Flash Flood,C,19,BUCHANAN,DVN,2021-08-28 07:00:00,CST-6,2021-08-28 09:00:00,0,0,0,0,0.00K,0.00K,Trained Spotter,Heavy Rain,1.89,WNW,INDEPENDENCE,1.31,SW,INDEPENDENCE,42.4772,-91.9157,42.4596,-91.8932,"It rained very hard in northeast Iowa the morning of August 28th.  Storms moved over the same locations for several hours, resulting in several inches of rain, and some flash flooding in portions of Buchanan County.   The heavy rain near Independence and much of northeast Iowa produced flooding on the Wapsipinicon and Turkey Rivers, which was a unique situation since that area was in a severe drought at the time.","Debris from water flood over many roads, including Highway 150. Ditches remain full through the morning, with lots of standing water at the fairgrounds into the late morning.",CSV
2021-08-12 11:18:00,2021-08-12 12:18:00,0 days 01:00:00,162075_0,202108,12,1118,202108,12,1218,162075,978575,IOWA,19,2021,August,Flash Flood,C,7,APPANOOSE,DMX,2021-08-12 11:18:00,CST-6,2021-08-12 12:18:00,0,0,0,0,0.00K,0.00K,Law Enforcement,Heavy Rain,0.69,S,CINCINNATI,0.9,N,CINCINNATI,40.62,-92.92,40.6354,-92.9207,"A slow moving boundary across southern Iowa provided the impetus for training storms along the Iowa Missouri border. Several inches of rain fell and resulted in flash flooding in Appanoose county. Later in the afternoon as the front lifted into central Iowa scattered storms developed within the warm sector. While storms remained below severe thresholds, they did produce two brief funnel clouds in Jasper and Poweshiek counties.","Delayed report of flooding in multiple areas, including highway 5 where 6 to 7 inches of water was over the road. Several other roads impassable.",CSV
2021-08-08 23:15:00,2021-08-09 01:00:00,0 days 01:45:00,162145_0,202108,8,2315,202108,9,100,162145,978973,IOWA,19,2021,August,Flash Flood,C,67,FLOYD,ARX,2021-08-08 23:15:00,CST-6,2021-08-09 01:00:00,0,0,0,0,0.00K,0.00K,Law Enforcement,Heavy Rain,0.92,ENE,CHARLES CITY,0.69,ESE,CHARLES CITY,43.0742,-92.6827,43.0665,-92.6886,"Several rounds of thunderstorms with heavy rain moved across portions of northeast Iowa during the evening of August 8th into the early morning of the 9th. Radar estimates indicated that 4 to 6 inches of rain fell across southeast Floyd County into southwest Chickasaw County. Numerous streets and roads were flooded, with some impassable, near and in Charles City (Floyd County) and New Hampton (Chickasaw County).",Runoff from heavy rains causes several streets in Charles City to become flooded. Some of the streets were impassable.,CSV
2021-08-08 23:15:00,2021-08-09 01:00:00,0 days 01:45:00,162145_0,202108,8,2346,202108,9,100,162145,978975,IOWA,19,2021,August,Flash Flood,C,37,CHICKASAW,ARX,2021-08-08 23:46:00,CST-6,2021-08-09 01:00:00,0,0,0,0,0.00K,0.00K,Broadcast Media,Heavy Rain,1.16,E,NEW HAMPTON,1.82,ESE,NEW HAMPTON,43.0667,-92.3074,43.0656,-92.3203,"Several rounds of thunderstorms with heavy rain moved across portions of northeast Iowa during the evening of August 8th into the early morning of the 9th. Radar estimates indicated that 4 to 6 inches of rain fell across southeast Floyd County into southwest Chickasaw County. Numerous streets and roads were flooded, with some impassable, near and in Charles City (Floyd County) and New Hampton (Chickasaw County).",Runoff from heavy rain caused street flooding to occur in New Hampton.,CSV
2021-08-30 00:30:00,2021-08-31 23:59:00,1 days 23:29:00,162234_0,202108,30,30,202108,31,1115,162234,982184,IOWA,19,2021,August,Flood,C,13,BLACK HAWK,DMX,2021-08-30 00:30:00,CST-6,2021-08-31 11:15:00,0,0,0,0,0.00K,0.00K,River/Stream Gage,Heavy Rain,6.32,NE,BOIES,1.23,NE,FINCHFORD,42.69,-92.3,42.69,-92.49,"Heavy rainfall in areas of northern Iowa and southern Minnesota on August 27th and 28th allowed rivers such as the Cedar, Shell Rock, and Wapsipinicon to swell, including reaching flood state at Janesville, IA and Cedar Falls, IA. Impacts were largely minor with both sites failing to reach moderate or greater flood stage levels. While Janesville receded prior to the end of the month, Cedar Falls remained in flood stage into the first of September.","Site entered flood state at 1230am LST on August 30th, crested at 15.11 ft at 845am LST on August 31st, and fell below flood stage at 1115am on August 31st.",CSV
2021-08-30 00:30:00,2021-08-31 23:59:00,1 days 23:29:00,162234_0,202108,30,1230,202108,31,2359,162234,982176,IOWA,19,2021,August,Flood,C,13,BLACK HAWK,DMX,2021-08-30 12:30:00,CST-6,2021-08-31 23:59:00,0,0,0,0,0.00K,0.00K,River/Stream Gage,Heavy Rain,1.23,NE,(ALO)WATERLOO MUNI A,1.38,W,BOIES,42.56,-92.38,42.62,-92.41,"Heavy rainfall in areas of northern Iowa and southern Minnesota on August 27th and 28th allowed rivers such as the Cedar, Shell Rock, and Wapsipinicon to swell, including reaching flood state at Janesville, IA and Cedar Falls, IA. Impacts were largely minor with both sites failing to reach moderate or greater flood stage levels. While Janesville receded prior to the end of the month, Cedar Falls remained in flood stage into the first of September.","River entered flood state at 1230pm LST on the 30th of August, crested at 91.43 ft on 215am LST on August 31st, and fell below flood stage on 815am LST on September 1st.",CSV
2021-08-27 21:59:00,2021-08-30 21:59:00,3 days 00:00:00,162520_0,202108,27,2159,202108,29,1846,162520,981384,IOWA,19,2021,August,Flood,C,191,WINNESHIEK,ARX,2021-08-27 21:59:00,CST-6,2021-08-29 18:46:00,0,0,0,0,0.00K,0.00K,River/Stream Gage,Heavy Rain,0.93,NE,SPILLVILLE,1.08,NE,SPILLVILLE,43.2095,-91.957,43.2102,-91.9558,"A complex of storms moved across northeast Iowa during the late afternoon and evening of August 27th. These storms produced two tornadoes in the vicinity of Marble Rock (Floyd County). The first tornado was an EF0 west of Marble Rock that only caused some minor crop and structural damage to a farm. The second tornado was rated as an EF1 that passed just to the south of Marble Rock as it moved southeast. Nearly all the buildings on one farm were destroyed and several other farm buildings and homes sustained some damage. The storms also produced heavy rain with totals ranging from 3 to 8 inches. Flash flooding from this rain closed several roads, including U.S. Highway 18 near New Hampton (Chickasaw County) and some homes sustained water damage. A train derailment southwest of New Hampton resulted from flooding along the Wapsipinicon River prompted officials to evacuate nearby residents when a tank car leaked anhydrous ammonia. The Chickasaw County Sheriff issued a no travel advisory for parts of the county because of the flooding. The Governor of Iowa issued a disaster proclamation for Allamakee, Chickasaw, Clayton, Floyd, Howard, Mitchell and Winneshiek Counties. A previous disaster proclamation was still in effect for Fayette County.",Runoff from heavy rains pushed the Turkey River out of its banks in Spillville. The river crested over six feet above the flood stage at 15.1 feet on the 28th.,CSV
2021-08-27 21:59:00,2021-08-30 21:59:00,3 days 00:00:00,162520_0,202108,27,2232,202108,28,415,162520,981156,IOWA,19,2021,August,Flash Flood,C,131,MITCHELL,ARX,2021-08-27 22:32:00,CST-6,2021-08-28 04:15:00,0,0,0,0,750.00K,2.70M,Department of Highways,Heavy Rain,1.5,W,OTRANTO,3.77,SW,ST ANSGAR ARPT,43.45,-93.03,43.3,-93.03,"A complex of storms moved across northeast Iowa during the late afternoon and evening of August 27th. These storms produced two tornadoes in the vicinity of Marble Rock (Floyd County). The first tornado was an EF0 west of Marble Rock that only caused some minor crop and structural damage to a farm. The second tornado was rated as an EF1 that passed just to the south of Marble Rock as it moved southeast. Nearly all the buildings on one farm were destroyed and several other farm buildings and homes sustained some damage. The storms also produced heavy rain with totals ranging from 3 to 8 inches. Flash flooding from this rain closed several roads, including U.S. Highway 18 near New Hampton (Chickasaw County) and some homes sustained water damage. A train derailment southwest of New Hampton resulted from flooding along the Wapsipinicon River prompted officials to evacuate nearby residents when a tank car leaked anhydrous ammonia. The Chickasaw County Sheriff issued a no travel advisory for parts of the county because of the flooding. The Governor of Iowa issued a disaster proclamation for Allamakee, Chickasaw, Clayton, Floyd, Howard, Mitchell and Winneshiek Counties. A previous disaster proclamation was still in effect for Fayette County.",Runoff from heavy rains pushed the Little Cedar River out of its banks. County roads A46 and T64 near New Haven had to be closed because of the flood waters. Spring Creek also went out if its banks causing U.S. Highway 18 to be closed near Osage. A dam on the Cedar River near Mitchell sustained damage from the flood waters. Numerous gravel roads across the county suffered washouts.,CSV
2021-08-27 21:59:00,2021-08-30 21:59:00,3 days 00:00:00,162520_0,202108,27,2330,202108,28,415,162520,981571,IOWA,19,2021,August,Flash Flood,C,67,FLOYD,ARX,2021-08-27 23:30:00,CST-6,2021-08-28 04:15:00,0,0,0,0,10.00K,500.00K,Broadcast Media,Heavy Rain,3.26,NE,FLOYD HANRY ARPT,5.44,E,POWERSVILLE,43.21,-92.65,42.93,-92.69,"A complex of storms moved across northeast Iowa during the late afternoon and evening of August 27th. These storms produced two tornadoes in the vicinity of Marble Rock (Floyd County). The first tornado was an EF0 west of Marble Rock that only caused some minor crop and structural damage to a farm. The second tornado was rated as an EF1 that passed just to the south of Marble Rock as it moved southeast. Nearly all the buildings on one farm were destroyed and several other farm buildings and homes sustained some damage. The storms also produced heavy rain with totals ranging from 3 to 8 inches. Flash flooding from this rain closed several roads, including U.S. Highway 18 near New Hampton (Chickasaw County) and some homes sustained water damage. A train derailment southwest of New Hampton resulted from flooding along the Wapsipinicon River prompted officials to evacuate nearby residents when a tank car leaked anhydrous ammonia. The Chickasaw County Sheriff issued a no travel advisory for parts of the county because of the flooding. The Governor of Iowa issued a disaster proclamation for Allamakee, Chickasaw, Clayton, Floyd, Howard, Mitchell and Winneshiek Counties. A previous disaster proclamation was still in effect for Fayette County.",Runoff from heavy rains caused some flash flooding to occur across the eastern sections of Floyd County. Some gravel roads were washed out and some chickens were washed away from a farm.,CSV
2021-08-27 21:59:00,2021-08-30 21:59:00,3 days 00:00:00,162520_0,202108,28,30,202108,28,415,162520,981308,IOWA,19,2021,August,Flash Flood,C,65,FAYETTE,ARX,2021-08-28 00:30:00,CST-6,2021-08-28 04:15:00,0,0,0,0,10.00K,3.20M,Law Enforcement,Heavy Rain,1.67,WNW,ALPHA,2.62,NNE,STANLEY,43.01,-92.08,42.69,-91.78,"A complex of storms moved across northeast Iowa during the late afternoon and evening of August 27th. These storms produced two tornadoes in the vicinity of Marble Rock (Floyd County). The first tornado was an EF0 west of Marble Rock that only caused some minor crop and structural damage to a farm. The second tornado was rated as an EF1 that passed just to the south of Marble Rock as it moved southeast. Nearly all the buildings on one farm were destroyed and several other farm buildings and homes sustained some damage. The storms also produced heavy rain with totals ranging from 3 to 8 inches. Flash flooding from this rain closed several roads, including U.S. Highway 18 near New Hampton (Chickasaw County) and some homes sustained water damage. A train derailment southwest of New Hampton resulted from flooding along the Wapsipinicon River prompted officials to evacuate nearby residents when a tank car leaked anhydrous ammonia. The Chickasaw County Sheriff issued a no travel advisory for parts of the county because of the flooding. The Governor of Iowa issued a disaster proclamation for Allamakee, Chickasaw, Clayton, Floyd, Howard, Mitchell and Winneshiek Counties. A previous disaster proclamation was still in effect for Fayette County.",Runoff from heavy rain caused several streams to out of their banks across Fayette County. Flood waters from the Little Turkey River caused officials to evacuate campers from Gouldsburg County Park and close roads around Waucoma.,CSV
2021-08-27 21:59:00,2021-08-30 21:59:00,3 days 00:00:00,162520_0,202108,28,37,202108,28,415,162520,981311,IOWA,19,2021,August,Flash Flood,C,37,CHICKASAW,ARX,2021-08-28 00:37:00,CST-6,2021-08-28 04:15:00,0,0,0,0,0.00K,0.00K,Law Enforcement,Heavy Rain,4.61,NNW,DEERFIELD,1.66,NW,DEERFIELD,43.21,-92.54,43.18,-92.54,"A complex of storms moved across northeast Iowa during the late afternoon and evening of August 27th. These storms produced two tornadoes in the vicinity of Marble Rock (Floyd County). The first tornado was an EF0 west of Marble Rock that only caused some minor crop and structural damage to a farm. The second tornado was rated as an EF1 that passed just to the south of Marble Rock as it moved southeast. Nearly all the buildings on one farm were destroyed and several other farm buildings and homes sustained some damage. The storms also produced heavy rain with totals ranging from 3 to 8 inches. Flash flooding from this rain closed several roads, including U.S. Highway 18 near New Hampton (Chickasaw County) and some homes sustained water damage. A train derailment southwest of New Hampton resulted from flooding along the Wapsipinicon River prompted officials to evacuate nearby residents when a tank car leaked anhydrous ammonia. The Chickasaw County Sheriff issued a no travel advisory for parts of the county because of the flooding. The Governor of Iowa issued a disaster proclamation for Allamakee, Chickasaw, Clayton, Floyd, Howard, Mitchell and Winneshiek Counties. A previous disaster proclamation was still in effect for Fayette County.",Runoff from heavy rains caused numerous streams to go out of their banks across Chickasaw County. Roads throughout the township of New Hampton were had to be closed because of flood waters.,CSV
2021-08-27 21:59:00,2021-08-30 21:59:00,3 days 00:00:00,162520_0,202108,28,415,202108,28,2015,162520,981315,IOWA,19,2021,August,Flood,C,37,CHICKASAW,ARX,2021-08-28 04:15:00,CST-6,2021-08-28 20:15:00,0,0,0,0,500.00K,2.50M,Department of Highways,Heavy Rain,4.61,NNW,DEERFIELD,1.66,NW,DEERFIELD,43.21,-92.54,43.18,-92.54,"A complex of storms moved across northeast Iowa during the late afternoon and evening of August 27th. These storms produced two tornadoes in the vicinity of Marble Rock (Floyd County). The first tornado was an EF0 west of Marble Rock that only caused some minor crop and structural damage to a farm. The second tornado was rated as an EF1 that passed just to the south of Marble Rock as it moved southeast. Nearly all the buildings on one farm were destroyed and several other farm buildings and homes sustained some damage. The storms also produced heavy rain with totals ranging from 3 to 8 inches. Flash flooding from this rain closed several roads, including U.S. Highway 18 near New Hampton (Chickasaw County) and some homes sustained water damage. A train derailment southwest of New Hampton resulted from flooding along the Wapsipinicon River prompted officials to evacuate nearby residents when a tank car leaked anhydrous ammonia. The Chickasaw County Sheriff issued a no travel advisory for parts of the county because of the flooding. The Governor of Iowa issued a disaster proclamation for Allamakee, Chickasaw, Clayton, Floyd, Howard, Mitchell and Winneshiek Counties. A previous disaster proclamation was still in effect for Fayette County.",Numerous roads were closed across Chickasaw County because of flood waters in the Ionia area. The East Fork of the Wapsipinicon River went out of its banks forcing officials to close U.S. Highway 18 near Fredericksburg. A train attempting to cross the Wapsipinicon River southwest of New Hampton derailed causing officials to evacuate nearby residents when one of the tank cars leaked some anhydrous ammonia.,CSV
2021-08-27 21:59:00,2021-08-30 21:59:00,3 days 00:00:00,162520_0,202108,28,415,202108,28,1615,162520,981316,IOWA,19,2021,August,Flood,C,65,FAYETTE,ARX,2021-08-28 04:15:00,CST-6,2021-08-28 16:15:00,0,0,0,0,20.00K,0.00K,Emergency Manager,Heavy Rain,0.69,S,WAUCOMA,1.33,SW,WAUCOMA,43.06,-92.03,43.0618,-92.0394,"A complex of storms moved across northeast Iowa during the late afternoon and evening of August 27th. These storms produced two tornadoes in the vicinity of Marble Rock (Floyd County). The first tornado was an EF0 west of Marble Rock that only caused some minor crop and structural damage to a farm. The second tornado was rated as an EF1 that passed just to the south of Marble Rock as it moved southeast. Nearly all the buildings on one farm were destroyed and several other farm buildings and homes sustained some damage. The storms also produced heavy rain with totals ranging from 3 to 8 inches. Flash flooding from this rain closed several roads, including U.S. Highway 18 near New Hampton (Chickasaw County) and some homes sustained water damage. A train derailment southwest of New Hampton resulted from flooding along the Wapsipinicon River prompted officials to evacuate nearby residents when a tank car leaked anhydrous ammonia. The Chickasaw County Sheriff issued a no travel advisory for parts of the county because of the flooding. The Governor of Iowa issued a disaster proclamation for Allamakee, Chickasaw, Clayton, Floyd, Howard, Mitchell and Winneshiek Counties. A previous disaster proclamation was still in effect for Fayette County.",Flood waters from the Little Turkey River prompted officials to evacuate half of Waucoma. The flood waters caused minor damage to some buildings.,CSV
2021-08-27 21:59:00,2021-08-30 21:59:00,3 days 00:00:00,162520_0,202108,28,415,202108,28,2015,162520,981318,IOWA,19,2021,August,Flood,C,131,MITCHELL,ARX,2021-08-28 04:15:00,CST-6,2021-08-28 20:15:00,0,0,0,0,0.00K,0.00K,County Official,Heavy Rain,4.96,S,RICEVILLE,4.79,E,NEW HAVEN,43.2995,-92.551,43.2837,-92.5462,"A complex of storms moved across northeast Iowa during the late afternoon and evening of August 27th. These storms produced two tornadoes in the vicinity of Marble Rock (Floyd County). The first tornado was an EF0 west of Marble Rock that only caused some minor crop and structural damage to a farm. The second tornado was rated as an EF1 that passed just to the south of Marble Rock as it moved southeast. Nearly all the buildings on one farm were destroyed and several other farm buildings and homes sustained some damage. The storms also produced heavy rain with totals ranging from 3 to 8 inches. Flash flooding from this rain closed several roads, including U.S. Highway 18 near New Hampton (Chickasaw County) and some homes sustained water damage. A train derailment southwest of New Hampton resulted from flooding along the Wapsipinicon River prompted officials to evacuate nearby residents when a tank car leaked anhydrous ammonia. The Chickasaw County Sheriff issued a no travel advisory for parts of the county because of the flooding. The Governor of Iowa issued a disaster proclamation for Allamakee, Chickasaw, Clayton, Floyd, Howard, Mitchell and Winneshiek Counties. A previous disaster proclamation was still in effect for Fayette County.",A road east of New Haven had to be closed due to flood waters from Watsons Creek.,CSV
2021-08-27 21:59:00,2021-08-30 21:59:00,3 days 00:00:00,162520_0,202108,28,415,202108,28,2015,162520,981319,IOWA,19,2021,August,Flood,C,67,FLOYD,ARX,2021-08-28 04:15:00,CST-6,2021-08-28 20:15:00,0,0,0,0,0.00K,0.00K,County Official,Heavy Rain,1.47,SSE,COLWELL,1.44,SSE,COLWELL,43.13,-92.61,43.1213,-92.608,"A complex of storms moved across northeast Iowa during the late afternoon and evening of August 27th. These storms produced two tornadoes in the vicinity of Marble Rock (Floyd County). The first tornado was an EF0 west of Marble Rock that only caused some minor crop and structural damage to a farm. The second tornado was rated as an EF1 that passed just to the south of Marble Rock as it moved southeast. Nearly all the buildings on one farm were destroyed and several other farm buildings and homes sustained some damage. The storms also produced heavy rain with totals ranging from 3 to 8 inches. Flash flooding from this rain closed several roads, including U.S. Highway 18 near New Hampton (Chickasaw County) and some homes sustained water damage. A train derailment southwest of New Hampton resulted from flooding along the Wapsipinicon River prompted officials to evacuate nearby residents when a tank car leaked anhydrous ammonia. The Chickasaw County Sheriff issued a no travel advisory for parts of the county because of the flooding. The Governor of Iowa issued a disaster proclamation for Allamakee, Chickasaw, Clayton, Floyd, Howard, Mitchell and Winneshiek Counties. A previous disaster proclamation was still in effect for Fayette County.",A road was closed south of Colwell due to flood waters from the Cedar River.,CSV
2021-08-27 21:59:00,2021-08-30 21:59:00,3 days 00:00:00,162520_0,202108,28,415,202108,28,2015,162520,981320,IOWA,19,2021,August,Flood,C,191,WINNESHIEK,ARX,2021-08-28 04:15:00,CST-6,2021-08-28 20:15:00,0,0,0,0,0.00K,0.00K,County Official,Heavy Rain,2.89,SW,HAUGENDALE,2.96,E,RIDGEWAY,43.24,-91.99,43.3012,-91.9621,"A complex of storms moved across northeast Iowa during the late afternoon and evening of August 27th. These storms produced two tornadoes in the vicinity of Marble Rock (Floyd County). The first tornado was an EF0 west of Marble Rock that only caused some minor crop and structural damage to a farm. The second tornado was rated as an EF1 that passed just to the south of Marble Rock as it moved southeast. Nearly all the buildings on one farm were destroyed and several other farm buildings and homes sustained some damage. The storms also produced heavy rain with totals ranging from 3 to 8 inches. Flash flooding from this rain closed several roads, including U.S. Highway 18 near New Hampton (Chickasaw County) and some homes sustained water damage. A train derailment southwest of New Hampton resulted from flooding along the Wapsipinicon River prompted officials to evacuate nearby residents when a tank car leaked anhydrous ammonia. The Chickasaw County Sheriff issued a no travel advisory for parts of the county because of the flooding. The Governor of Iowa issued a disaster proclamation for Allamakee, Chickasaw, Clayton, Floyd, Howard, Mitchell and Winneshiek Counties. A previous disaster proclamation was still in effect for Fayette County.",Roads were closed in the vicinity of Spillville and Ridgeway due to flood waters from the Turkey River and Walnut Creek.,CSV
2021-08-27 21:59:00,2021-08-30 21:59:00,3 days 00:00:00,162520_0,202108,28,905,202108,31,445,162520,981386,IOWA,19,2021,August,Flood,C,43,CLAYTON,ARX,2021-08-28 09:05:00,CST-6,2021-08-31 04:45:00,0,0,0,0,0.00K,0.00K,River/Stream Gage,Heavy Rain,0.41,SSW,ELKADER,0.5,SW,ELKADER,42.845,-91.4043,42.8445,-91.4052,"A complex of storms moved across northeast Iowa during the late afternoon and evening of August 27th. These storms produced two tornadoes in the vicinity of Marble Rock (Floyd County). The first tornado was an EF0 west of Marble Rock that only caused some minor crop and structural damage to a farm. The second tornado was rated as an EF1 that passed just to the south of Marble Rock as it moved southeast. Nearly all the buildings on one farm were destroyed and several other farm buildings and homes sustained some damage. The storms also produced heavy rain with totals ranging from 3 to 8 inches. Flash flooding from this rain closed several roads, including U.S. Highway 18 near New Hampton (Chickasaw County) and some homes sustained water damage. A train derailment southwest of New Hampton resulted from flooding along the Wapsipinicon River prompted officials to evacuate nearby residents when a tank car leaked anhydrous ammonia. The Chickasaw County Sheriff issued a no travel advisory for parts of the county because of the flooding. The Governor of Iowa issued a disaster proclamation for Allamakee, Chickasaw, Clayton, Floyd, Howard, Mitchell and Winneshiek Counties. A previous disaster proclamation was still in effect for Fayette County.",Runoff from heavy rains pushed the Turkey River out of its banks in Elkader. The river crested almost eleven feet above the flood stage at 22.82 feet on the 30th. This was the fourth highest crest on record.,CSV
2021-08-27 21:59:00,2021-08-30 21:59:00,3 days 00:00:00,162520_0,202108,28,1044,202108,30,745,162520,981345,IOWA,19,2021,August,Flood,C,67,FLOYD,ARX,2021-08-28 10:44:00,CST-6,2021-08-30 07:45:00,0,0,0,0,0.00K,0.00K,River/Stream Gage,Heavy Rain,0.79,E,CHARLES CITY,1.67,ENE,CHARLES CITY,43.0691,-92.6844,43.0725,-92.6835,"A complex of storms moved across northeast Iowa during the late afternoon and evening of August 27th. These storms produced two tornadoes in the vicinity of Marble Rock (Floyd County). The first tornado was an EF0 west of Marble Rock that only caused some minor crop and structural damage to a farm. The second tornado was rated as an EF1 that passed just to the south of Marble Rock as it moved southeast. Nearly all the buildings on one farm were destroyed and several other farm buildings and homes sustained some damage. The storms also produced heavy rain with totals ranging from 3 to 8 inches. Flash flooding from this rain closed several roads, including U.S. Highway 18 near New Hampton (Chickasaw County) and some homes sustained water damage. A train derailment southwest of New Hampton resulted from flooding along the Wapsipinicon River prompted officials to evacuate nearby residents when a tank car leaked anhydrous ammonia. The Chickasaw County Sheriff issued a no travel advisory for parts of the county because of the flooding. The Governor of Iowa issued a disaster proclamation for Allamakee, Chickasaw, Clayton, Floyd, Howard, Mitchell and Winneshiek Counties. A previous disaster proclamation was still in effect for Fayette County.",Runoff from heavy rains pushed the Cedar River out of its banks in Charles City. The river crested over four feet above the flood stage at 16.27 feet on the 29th.,CSV
2021-08-27 21:59:00,2021-08-30 21:59:00,3 days 00:00:00,162520_0,202108,28,1744,202108,31,536,162520,981387,IOWA,19,2021,August,Flood,C,43,CLAYTON,ARX,2021-08-28 17:44:00,CST-6,2021-08-31 05:36:00,0,0,0,0,0.00K,0.00K,River/Stream Gage,Heavy Rain,0.6,N,GARBER,0.93,N,GARBER,42.7386,-91.2686,42.7389,-91.2701,"A complex of storms moved across northeast Iowa during the late afternoon and evening of August 27th. These storms produced two tornadoes in the vicinity of Marble Rock (Floyd County). The first tornado was an EF0 west of Marble Rock that only caused some minor crop and structural damage to a farm. The second tornado was rated as an EF1 that passed just to the south of Marble Rock as it moved southeast. Nearly all the buildings on one farm were destroyed and several other farm buildings and homes sustained some damage. The storms also produced heavy rain with totals ranging from 3 to 8 inches. Flash flooding from this rain closed several roads, including U.S. Highway 18 near New Hampton (Chickasaw County) and some homes sustained water damage. A train derailment southwest of New Hampton resulted from flooding along the Wapsipinicon River prompted officials to evacuate nearby residents when a tank car leaked anhydrous ammonia. The Chickasaw County Sheriff issued a no travel advisory for parts of the county because of the flooding. The Governor of Iowa issued a disaster proclamation for Allamakee, Chickasaw, Clayton, Floyd, Howard, Mitchell and Winneshiek Counties. A previous disaster proclamation was still in effect for Fayette County.",Runoff from heavy rains pushed the Turkey River out of its banks in Garber. The river crested over six feet above the flood stage at 23.39 feet. This was the fourth highest crest on record.,CSV
2021-09-01 00:00:00,2021-09-01 08:15:00,0 days 08:15:00,162664_0,202109,1,0,202109,1,815,162664,982191,IOWA,19,2021,September,Flood,C,13,BLACK HAWK,DMX,2021-09-01 00:00:00,CST-6,2021-09-01 08:15:00,0,0,0,0,0.00K,0.00K,River/Stream Gage,Heavy Rain,1.23,NE,(ALO)WATERLOO MUNI A,0.69,W,BOIES,42.56,-92.38,42.62,-92.41,"Heavy rainfall across portions of northern and northeast Iowa from the end of August caused portions of the Cedar River to go into flood stage at Cedar Falls and Janesville. While Janesville receded by the end of August, Cedar Falls lingered briefly into early September.",Flooding along the Cedar River at Cedar Falls lingered into early September and no crests occurred as it was continuously falling at this time. The site fell below flood stage at 815am LST on September 1st.,CSV
2021-08-07 20:56:00,2021-08-07 22:50:00,0 days 01:54:00,162792_0,202108,7,2056,202108,7,2056,162792,983070,IOWA,19,2021,August,Flash Flood,C,155,POTTAWATTAMIE,OAX,2021-08-07 20:56:00,CST-6,2021-08-07 20:56:00,0,0,0,0,0.00K,0.00K,Public,Heavy Rain,1.29,N,LAKE MANAWA,1.28,N,LAKE MANAWA,41.2386,-95.8497,41.2406,-95.8505,"A midlevel shortwave moved through the area producing storms with severe criteria hail and wind gusts. In Council Bluffs, 2 to 3 inches of rain fell over about an hour which led to a flash flood warning being issued. Flash flooding washed through basement apartments, swept up cars, and heaved pavement in low-lying areas.",Public report from mping of street/road flooding; street/road closed; vehicles stranded.,CSV
2021-08-07 20:56:00,2021-08-07 22:50:00,0 days 01:54:00,162792_0,202108,7,2114,202108,7,2114,162792,983074,IOWA,19,2021,August,Flash Flood,C,155,POTTAWATTAMIE,OAX,2021-08-07 21:14:00,CST-6,2021-08-07 21:14:00,0,0,0,0,0.00K,0.00K,Trained Spotter,Heavy Rain,0.52,W,COUNCIL BLUFFS,0.54,W,COUNCIL BLUFFS,41.27,-95.88,41.2701,-95.8822,"A midlevel shortwave moved through the area producing storms with severe criteria hail and wind gusts. In Council Bluffs, 2 to 3 inches of rain fell over about an hour which led to a flash flood warning being issued. Flash flooding washed through basement apartments, swept up cars, and heaved pavement in low-lying areas.",Trained spotter reported 2-4 feet of water over roads.,CSV
2021-08-07 20:56:00,2021-08-07 22:50:00,0 days 01:54:00,162792_0,202108,7,2114,202108,7,2114,162792,983072,IOWA,19,2021,August,Flash Flood,C,155,POTTAWATTAMIE,OAX,2021-08-07 21:14:00,CST-6,2021-08-07 21:14:00,0,0,0,0,0.00K,0.00K,Emergency Manager,Heavy Rain,0.71,SSW,COUNCIL BLUFFS,0.66,SSW,COUNCIL BLUFFS,41.2604,-95.8746,41.2593,-95.8746,"A midlevel shortwave moved through the area producing storms with severe criteria hail and wind gusts. In Council Bluffs, 2 to 3 inches of rain fell over about an hour which led to a flash flood warning being issued. Flash flooding washed through basement apartments, swept up cars, and heaved pavement in low-lying areas.",Emergency manager reported several flooded roads in the city. A couple of cars have been stranded.,CSV
2021-08-07 20:56:00,2021-08-07 22:50:00,0 days 01:54:00,162792_0,202108,7,2250,202108,7,2250,162792,983077,IOWA,19,2021,August,Flash Flood,C,155,POTTAWATTAMIE,OAX,2021-08-07 22:50:00,CST-6,2021-08-07 22:50:00,0,0,0,0,0.00K,0.00K,Public,Heavy Rain,1.7,WSW,COUNCIL BLUFFS,1.72,WSW,COUNCIL BLUFFS,41.26,-95.9,41.2601,-95.899,"A midlevel shortwave moved through the area producing storms with severe criteria hail and wind gusts. In Council Bluffs, 2 to 3 inches of rain fell over about an hour which led to a flash flood warning being issued. Flash flooding washed through basement apartments, swept up cars, and heaved pavement in low-lying areas.",Public reported flooded basements.,CSV
2022-04-13 05:15:00,2022-04-13 18:45:00,0 days 13:30:00,167941_0,202204,13,515,202204,13,1845,167941,1023649,IOWA,19,2022,April,Flood,C,33,CERRO GORDO,DMX,2022-04-13 05:15:00,CST-6,2022-04-13 18:45:00,0,0,0,0,0.00K,0.00K,River/Stream Gage,Heavy Rain,6.29,NW,FREEMAN,5.59,NNW,CLEAR LAKE LAKE,43.29,-93.28,43.28,-93.5,"Initial storms developed within the warm sector of a surface low that tracked northwest of the area, followed by a strong cold front with associated dry line that produced a quasi-linear (QLCS) storm mode later in the evening. Several tornadoes occurred across western into northern Iowa.  Initially the tornadoes were associated with supercell storms, however later storms produced QLCS tornadoes as it raced east northeast across the state. In addition to the tornadoes, hail up to tennis ball size occurred with initial super cells. The later QLCS produced hail up to golf ball sized along with damaging wind gusts over 70 mph at times.||Additionally, total rainfall in excess of 2 to 4 inches fell in a swath across areas that dealt with the severe thunderstorm and tornado warnings earlier in the event. While no flash flooding was experienced, rainfall in the Winnebago River basin above Mason City resulted in minor river flooding on April 13th, exceeding minor flood stage in the morning and receding below flood stage that evening.","River entered flood state at 515am LST on the 13th of April, crested at 10.91 ft at 745am LST on April 13th, and fell below flood stage at 645pm LST on April 13th.",CSV
2022-05-26 16:15:00,2022-05-27 04:30:00,0 days 12:15:00,168731_0,202205,26,1615,202205,26,2215,168731,1021833,IOWA,19,2022,May,Flash Flood,C,105,JONES,DVN,2022-05-26 16:15:00,CST-6,2022-05-26 22:15:00,0,0,0,0,0.00K,0.00K,Emergency Manager,Heavy Rain,0.4,S,SCOTCH GROVE,1.8,NNE,JONES COUNTY PARK,42.1743,-91.1212,42.1482,-91.1195,"Several rounds of showers and thunderstorms developed across all of eastern Iowa, northwest Illinois and far northeast Missouri on the afternoon of Thursday May 26, 2022. These showers and storms formed in response to an area of low pressure moving across eastern Missouri into central Illinois during the afternoon and evening. This activity slowly rotated around the low, allowing showers and storms to produce torrential rainfall over areas they impacted. During the evening, repeated rounds of showers and storms impacted the city of Danville, IA, and led to flash flooding across the city. Per emergency management, water flowed into homes, apartments, and a school, and washed out several gravel roads on the west side of town. There was an unofficial measured rainfall amount of 9 inches in the city.","Time of the event is estimated based on radar. Emergency Manager reported several gravel roads washed out in the Scotch Grove and Central Park areas. Shoulders on roads were also washed out with roads being closed. Additionally, water from Mineral Creek was over the roads.  A personal weather station in Scotch Grove reported 2.0 inches of rain.",CSV
2022-05-26 16:15:00,2022-05-27 04:30:00,0 days 12:15:00,168731_0,202205,26,1930,202205,27,430,168731,1021834,IOWA,19,2022,May,Flash Flood,C,57,DES MOINES,DVN,2022-05-26 19:30:00,CST-6,2022-05-27 04:30:00,0,0,0,0,0.00K,0.00K,Emergency Manager,Heavy Rain,2.7,WNW,DANVILLE,1.49,WSW,DANVILLE WILSON ARPT,40.8846,-91.348,40.8379,-91.348,"Several rounds of showers and thunderstorms developed across all of eastern Iowa, northwest Illinois and far northeast Missouri on the afternoon of Thursday May 26, 2022. These showers and storms formed in response to an area of low pressure moving across eastern Missouri into central Illinois during the afternoon and evening. This activity slowly rotated around the low, allowing showers and storms to produce torrential rainfall over areas they impacted. During the evening, repeated rounds of showers and storms impacted the city of Danville, IA, and led to flash flooding across the city. Per emergency management, water flowed into homes, apartments, and a school, and washed out several gravel roads on the west side of town. There was an unofficial measured rainfall amount of 9 inches in the city.","Water flowing into homes, apartments, and the school. Water flowing over highway in Danville. 2 feet of standing water on Main Street and several gravel roads washed out west of Danville. There was an unofficial report of 9.0 inches of measured rainfall in Danville. Time estimated based on radar and fire/rescue information.",CSV
2022-05-26 16:15:00,2022-05-27 04:30:00,0 days 12:15:00,168731_0,202205,26,2000,202205,27,430,168731,1021835,IOWA,19,2022,May,Flash Flood,C,57,DES MOINES,DVN,2022-05-26 20:00:00,CST-6,2022-05-27 04:30:00,0,0,0,0,0.00K,0.00K,Law Enforcement,Heavy Rain,2.57,NW,DANVILLE WILSON ARPT,1.07,WSW,DANVILLE WILSON ARPT,40.8774,-91.3531,40.8408,-91.3536,"Several rounds of showers and thunderstorms developed across all of eastern Iowa, northwest Illinois and far northeast Missouri on the afternoon of Thursday May 26, 2022. These showers and storms formed in response to an area of low pressure moving across eastern Missouri into central Illinois during the afternoon and evening. This activity slowly rotated around the low, allowing showers and storms to produce torrential rainfall over areas they impacted. During the evening, repeated rounds of showers and storms impacted the city of Danville, IA, and led to flash flooding across the city. Per emergency management, water flowed into homes, apartments, and a school, and washed out several gravel roads on the west side of town. There was an unofficial measured rainfall amount of 9 inches in the city.",Law enforcement reported  flash flooding causing impassable roads in Danville.,CSV
2022-04-22 07:53:00,2022-04-22 11:25:00,0 days 03:32:00,169081_0,202204,22,753,202204,22,1000,169081,1024184,IOWA,19,2022,April,Flash Flood,C,77,GUTHRIE,DMX,2022-04-22 07:53:00,CST-6,2022-04-22 10:00:00,0,0,0,0,0.00K,0.00K,Emergency Manager,Heavy Rain,0.51,E,JAMAICA,1.17,WNW,BAGLEY,41.85,-94.31,41.8534,-94.4369,"A warm front moved across the area late on the evening of April 21 into April 22. While thunderstorms remained below severe criteria, deep saturation and precipitable water values over 1.5 inches allowed for a band of heavier precipitation to set up over a narrow corridor in central Iowa. Several locations received over 3 inches of rain and a few areas saw flash flooding within towns, resulting in brief road closures. Rain ended by 11 am across the affected area.",Several streets closed in Jamaica and Bagley due to surface flooding. Relayed by the Emergency Manager.,CSV
2022-04-22 07:53:00,2022-04-22 11:25:00,0 days 03:32:00,169081_0,202204,22,818,202204,22,1030,169081,1024187,IOWA,19,2022,April,Flash Flood,C,169,STORY,DMX,2022-04-22 08:18:00,CST-6,2022-04-22 10:30:00,0,0,0,0,0.00K,0.00K,Public,Heavy Rain,1.14,NNE,HUXLEY,0.61,SSW,MIDVALE,41.914,-93.6084,41.91,-93.5857,"A warm front moved across the area late on the evening of April 21 into April 22. While thunderstorms remained below severe criteria, deep saturation and precipitable water values over 1.5 inches allowed for a band of heavier precipitation to set up over a narrow corridor in central Iowa. Several locations received over 3 inches of rain and a few areas saw flash flooding within towns, resulting in brief road closures. Rain ended by 11 am across the affected area.",Social media picture of flash flooding in Huxley. water up to 10 inches deep with a stalled vehicle in town.,CSV
2022-04-22 07:53:00,2022-04-22 11:25:00,0 days 03:32:00,169081_0,202204,22,830,202204,22,1030,169081,1024188,IOWA,19,2022,April,Flash Flood,C,153,POLK,DMX,2022-04-22 08:30:00,CST-6,2022-04-22 10:30:00,0,0,0,0,0.00K,0.00K,Trained Spotter,Heavy Rain,0.0,N,ANKENY,0.56,SSE,ANKENY,41.73,-93.62,41.7207,-93.6148,"A warm front moved across the area late on the evening of April 21 into April 22. While thunderstorms remained below severe criteria, deep saturation and precipitable water values over 1.5 inches allowed for a band of heavier precipitation to set up over a narrow corridor in central Iowa. Several locations received over 3 inches of rain and a few areas saw flash flooding within towns, resulting in brief road closures. Rain ended by 11 am across the affected area.",Minor street flash flooding relayed through trained spotter.,CSV
2022-04-22 07:53:00,2022-04-22 11:25:00,0 days 03:32:00,169081_0,202204,22,900,202204,22,1100,169081,1024197,IOWA,19,2022,April,Flash Flood,C,169,STORY,DMX,2022-04-22 09:00:00,CST-6,2022-04-22 11:00:00,0,0,0,0,0.00K,0.00K,County Official,Heavy Rain,0.69,S,SLATER,0.72,SSE,SLATER,41.87,-93.68,41.8699,-93.677,"A warm front moved across the area late on the evening of April 21 into April 22. While thunderstorms remained below severe criteria, deep saturation and precipitable water values over 1.5 inches allowed for a band of heavier precipitation to set up over a narrow corridor in central Iowa. Several locations received over 3 inches of rain and a few areas saw flash flooding within towns, resulting in brief road closures. Rain ended by 11 am across the affected area.",Water from Four Mile Creek over the road along 510th Ave south of Slater.,CSV
2022-04-22 07:53:00,2022-04-22 11:25:00,0 days 03:32:00,169081_0,202204,22,902,202204,22,1100,169081,1024191,IOWA,19,2022,April,Flash Flood,C,153,POLK,DMX,2022-04-22 09:02:00,CST-6,2022-04-22 11:00:00,0,0,0,0,0.00K,0.00K,Law Enforcement,Heavy Rain,1.78,SE,ANKENY,1.85,SE,ANKENY,41.7146,-93.5924,41.7145,-93.5933,"A warm front moved across the area late on the evening of April 21 into April 22. While thunderstorms remained below severe criteria, deep saturation and precipitable water values over 1.5 inches allowed for a band of heavier precipitation to set up over a narrow corridor in central Iowa. Several locations received over 3 inches of rain and a few areas saw flash flooding within towns, resulting in brief road closures. Rain ended by 11 am across the affected area.",Standing water in the 1600 block of SE Cortina Drive. Relayed through law enforcement twitter.,CSV
2022-04-22 07:53:00,2022-04-22 11:25:00,0 days 03:32:00,169081_0,202204,22,911,202204,22,1040,169081,1024192,IOWA,19,2022,April,Flash Flood,C,49,DALLAS,DMX,2022-04-22 09:11:00,CST-6,2022-04-22 10:40:00,0,0,0,0,0.00K,0.00K,Trained Spotter,Heavy Rain,0.31,S,BOUTON,0.6,ESE,WOODWARD,41.8456,-94.0194,41.8463,-93.9132,"A warm front moved across the area late on the evening of April 21 into April 22. While thunderstorms remained below severe criteria, deep saturation and precipitable water values over 1.5 inches allowed for a band of heavier precipitation to set up over a narrow corridor in central Iowa. Several locations received over 3 inches of rain and a few areas saw flash flooding within towns, resulting in brief road closures. Rain ended by 11 am across the affected area.",Emergency manager relayed a report from a trained spotter of localized street flooding in Woodward and Bouton with possible power outages.,CSV
2022-04-22 07:53:00,2022-04-22 11:25:00,0 days 03:32:00,169081_0,202204,22,948,202204,22,1045,169081,1024194,IOWA,19,2022,April,Flash Flood,C,153,POLK,DMX,2022-04-22 09:48:00,CST-6,2022-04-22 10:45:00,0,0,0,0,0.00K,0.00K,Trained Spotter,Heavy Rain,2.59,NNE,ANKENY,3.04,NE,ANKENY,41.7624,-93.5947,41.7532,-93.5923,"A warm front moved across the area late on the evening of April 21 into April 22. While thunderstorms remained below severe criteria, deep saturation and precipitable water values over 1.5 inches allowed for a band of heavier precipitation to set up over a narrow corridor in central Iowa. Several locations received over 3 inches of rain and a few areas saw flash flooding within towns, resulting in brief road closures. Rain ended by 11 am across the affected area.",Flash flooding near four Mile Creek north of Briarwood Golf Course. Picture via social media from trained spotter.,CSV
2022-04-22 07:53:00,2022-04-22 11:25:00,0 days 03:32:00,169081_0,202204,22,1025,202204,22,1125,169081,1024196,IOWA,19,2022,April,Flash Flood,C,127,MARSHALL,DMX,2022-04-22 10:25:00,CST-6,2022-04-22 11:25:00,0,0,0,0,0.00K,0.00K,Broadcast Media,Heavy Rain,2.78,S,MARSHALLTOWN,2.74,S,MARSHALLTOWN,42.0101,-92.9138,42.0082,-92.9147,"A warm front moved across the area late on the evening of April 21 into April 22. While thunderstorms remained below severe criteria, deep saturation and precipitable water values over 1.5 inches allowed for a band of heavier precipitation to set up over a narrow corridor in central Iowa. Several locations received over 3 inches of rain and a few areas saw flash flooding within towns, resulting in brief road closures. Rain ended by 11 am across the affected area.",Standing water of unknown depth reported by local media on South 2nd street north of old highway 30. relayed via social media.,CSV
2022-06-25 03:00:00,2022-06-25 06:00:00,0 days 03:00:00,169884_0,202206,25,300,202206,25,500,169884,1029396,IOWA,19,2022,June,Flash Flood,C,103,JOHNSON,DVN,2022-06-25 03:00:00,CST-6,2022-06-25 05:00:00,0,0,0,0,0.00K,0.00K,Law Enforcement,Heavy Rain,3.61,SSW,ELMIRA,1.34,WSW,OASIS,41.67,-91.45,41.6817,-91.42,"Several intense clusters of storms moved through eastern Iowa into Illinois. The morning cluster produced flash flooding. In the afternoon and evening, a cluster of intense thunderstorms moved through far eastern Iowa into west central and northwest Illinois the evening of June 25th, with torrential rainfall and wind damage along it's way.","There was about a 100 foot long stretch of Herbert Hoover Highway on-ramp to Interstate 80 that had around 6 inches of water over it.   Rapid Creek, northeast of Iowa City near Wilson's Orchard reported out of it's banks and flooding over the farm's bridge over Rapid Creek.",CSV
2022-06-25 03:00:00,2022-06-25 06:00:00,0 days 03:00:00,169884_0,202206,25,456,202206,25,600,169884,1029398,IOWA,19,2022,June,Flash Flood,C,19,BUCHANAN,DVN,2022-06-25 04:56:00,CST-6,2022-06-25 06:00:00,0,0,0,0,0.00K,0.00K,Law Enforcement,Heavy Rain,3.36,WSW,ROWLEY,3.98,S,THREE ELMS CO PARK,42.36,-91.89,42.4153,-91.8784,"Several intense clusters of storms moved through eastern Iowa into Illinois. The morning cluster produced flash flooding. In the afternoon and evening, a cluster of intense thunderstorms moved through far eastern Iowa into west central and northwest Illinois the evening of June 25th, with torrential rainfall and wind damage along it's way.","Torrential rainfall resulted in run off water over Highway 150, which was impassable in several spots.",CSV
2022-06-05 19:30:00,2022-06-06 13:00:00,0 days 17:30:00,170382_0,202206,5,1930,202206,6,1300,170382,1033155,IOWA,19,2022,June,Flood,C,77,GUTHRIE,DMX,2022-06-05 19:30:00,CST-6,2022-06-06 13:00:00,0,0,0,0,0.00K,0.00K,Emergency Manager,Heavy Rain,2.92,SW,BAGLEY,3.47,N,FANSLERS,41.82,-94.47,41.8018,-94.4648,"A shortwave trough dropped out of the Canadian Rockies and across the upper midwest. Storms developed along a surface boundary in the afternoon, resulting in a few hail reports and a strong wind gust. In addition to the moderate CAPE , the backed wind profile supported some rotation within storms. While no tornadoes occurred there was a funnel cloud reported north of the Des Moines metro.  Later that night the deep warm cloud layer and high precipitable water values made for efficient rain producers. As storms continued overnight along a stationary boundary locally heavy rain resulted in flash flooding in central Iowa.",Guthrie county emergency manager reported multiple roadways with running water over them. Not reported as widespread at the time.,CSV
2022-06-05 19:30:00,2022-06-06 13:00:00,0 days 17:30:00,170382_0,202206,5,1930,202206,6,1300,170382,1033153,IOWA,19,2022,June,Flood,C,49,DALLAS,DMX,2022-06-05 19:30:00,CST-6,2022-06-06 13:00:00,0,0,0,0,0.00K,0.00K,Emergency Manager,Heavy Rain,4.18,S,PERRY MUNI ARPT,4.31,NW,PANTHER,41.77,-94.16,41.7278,-94.1568,"A shortwave trough dropped out of the Canadian Rockies and across the upper midwest. Storms developed along a surface boundary in the afternoon, resulting in a few hail reports and a strong wind gust. In addition to the moderate CAPE , the backed wind profile supported some rotation within storms. While no tornadoes occurred there was a funnel cloud reported north of the Des Moines metro.  Later that night the deep warm cloud layer and high precipitable water values made for efficient rain producers. As storms continued overnight along a stationary boundary locally heavy rain resulted in flash flooding in central Iowa.","Dallas County emergency manager and other local entities reported multiple roadways, mainly gravel, with running water over them. A few may have been washed out.",CSV
2022-06-15 05:30:00,2022-06-15 15:30:00,0 days 10:00:00,170387_0,202206,15,530,202206,15,1530,170387,1033213,IOWA,19,2022,June,Flood,C,15,BOONE,DMX,2022-06-15 05:30:00,CST-6,2022-06-15 15:30:00,0,0,0,0,0.00K,0.00K,Law Enforcement,Heavy Rain,3.77,SE,BERKLEY,3.56,SE,BERKLEY,41.91,-94.07,41.905,-94.0702,"A cold front moved across Iowa overnight from the 14th to 15th of June. The week had been steamy with near record highs and high humidity, making for a highly unstable airmass with CAPE over 3000 J/kg. Storms initiated along the front in central Iowa later on June 14th, resulting in a number of hail and wind damage reports. While storms dropped below severe limits shortly after midnight, heavy rain continued as thunderstorms trained along the nearly stationary front. This resulted in localized areas received two to four plus inches of rain that flooded a few area roadways.",Flooding at intersection of Eagle avenue and 310th street.,CSV
2022-06-25 02:00:00,2022-06-25 03:00:00,0 days 01:00:00,170975_0,202206,25,200,202206,25,300,170975,1037758,IOWA,19,2022,June,Flash Flood,C,141,O'BRIEN,FSD,2022-06-25 02:00:00,CST-6,2022-06-25 03:00:00,0,0,0,0,0.00K,0.00K,Public,Heavy Rain,3.84,NW,PAULLINA MUNI ARPT,3.62,WNW,PAULLINA MUNI ARPT,43.0123,-95.7317,43.0101,-95.7319,"An arc of thunderstorms developed along the nose of the low-level jet across northwest Iowa during the very early hours of June 25.  The thunderstorms became nearly stationary for a couple hours, and produced a very narrow band of heavy rainfall with spotty flash flooding.",Rainfall of 2.1 inches in a little over an hour resulted in water flowing over 440th Street.,CSV
2022-06-05 07:00:00,2022-06-08 07:00:00,3 days 00:00:00,171117_0,202206,5,700,202206,9,900,171117,1038855,IOWA,19,2022,June,Flood,C,59,DICKINSON,FSD,2022-06-05 07:00:00,CST-6,2022-06-09 09:00:00,0,0,0,0,0.00K,0.00K,River/Stream Gage,Heavy Rain,3.77,WSW,MONTGOMERY,1.47,SW,WEST OKOBOJI,43.41,-95.27,43.3,-95.25,A small area of around 2 inches of rainfall occurred near the Iowa Great Lakes on June 4-5. Runoff quickly brought a small portion of the upper Little Sioux River into minor flood stage.,"Locally heavy rainfall pushed the Little Sioux River near Milford (gage site MIFI4) above minor flood stage early on June 5, with a crest at 0.85 feet above flood stage late on June 5. The river fell back below flood stage on June 9. A minor amount of agricultural land was flooded.",CSV
2022-06-07 05:00:00,2022-06-07 13:30:00,0 days 08:30:00,171799_0,202206,7,500,202206,7,1330,171799,1042878,IOWA,19,2022,June,Flood,C,153,POLK,DMX,2022-06-07 05:00:00,CST-6,2022-06-07 13:30:00,0,0,0,0,0.00K,0.00K,River/Stream Gage,Heavy Rain,2.14,SSE,DES MOINES,2.14,S,DES MOINES,41.57,-93.61,41.59,-93.62,"Following storms the previous day, the Des Moines River at Fleur Drive briefly went into flood stage on the 7th of June. It went into flood stage, 12.0 feet, at 5am CST on the 7th, peaked at 12.47 feet at 11:30pm CST on the 7th, and receded below flood stage at 1:30pm CST on the 7th.","Following storms the previous day, the Des Moines River at Fleur Drive briefly went into flood stage on the 7th of June. It went into flood stage, 12.0 feet, at 5am CST on the 7th, peaked at 12.47 feet at 11:30pm CST on the 7th, and receded below flood stage at 1:30pm CST on the 7th.",CSV
2022-06-15 10:00:00,2022-06-15 21:00:00,0 days 11:00:00,171800_0,202206,15,1000,202206,15,2100,171800,1042879,IOWA,19,2022,June,Flood,C,169,STORY,DMX,2022-06-15 10:00:00,CST-6,2022-06-15 21:00:00,0,0,0,0,0.00K,0.00K,River/Stream Gage,Heavy Rain,0.69,N,AMES ARPT,2.66,S,CAMBRIDGE,42.01,-93.62,41.8,-93.52,"Storms from the 14th into the 15th resulted in severe weather and heavy rainfall. A number of stations and reports of 4 inches or greater rainfall were received in and around Story County. As a result, the South Skunk River in Ames at US 30 briefly went into flood stage on the 15th of June.","The South Skunk River in Ames at US 30 went into flood stage, 21.5 feet, at 10am CST on June 15th, crested at 22.1 feet at 2:15 pm CST, and receded below flood stage at 9pm CST June 15th.",CSV
2022-07-05 20:28:00,2022-07-05 22:30:00,0 days 02:02:00,171951_0,202207,5,2028,202207,5,2230,171951,1043985,IOWA,19,2022,July,Flash Flood,C,43,CLAYTON,ARX,2022-07-05 20:28:00,CST-6,2022-07-05 22:30:00,0,0,0,0,10.00K,175.00K,Law Enforcement,Heavy Rain,1.07,ENE,WATSON,0.55,N,MARQUETTE,43.0875,-91.3114,43.0839,-91.1807,Storms repeatedly moved across portions of northeast Iowa during the evening of July 5th. Radar estimates suggest between 3 and 4 inches of rain fell from these storms which resulted in some localized flash flooding. Rocks and other debris were pushed onto some roads near McGregor (Clayton County).,Runoff from heavy rain caused some flash flooding to occur near McGregor. Rocks and debris were pushed onto some roads.,CSV
2022-07-15 09:40:00,2022-07-15 11:45:00,0 days 02:05:00,172130_0,202207,15,940,202207,15,1145,172130,1044965,IOWA,19,2022,July,Flash Flood,C,43,CLAYTON,ARX,2022-07-15 09:40:00,CST-6,2022-07-15 11:45:00,0,0,0,0,50.00K,360.00K,Law Enforcement,Heavy Rain,0.78,SE,MONONA,1.31,NNW,MONONA,43.042,-91.389,43.079,-91.41,Several rounds of storms with heavy rain moved across parts of northeast Iowa during the morning of July 15th. Radar estimates indicate a band of 3 to 5 inches of rain fell across the northeast corner of Clayton County. This heavy rain pushed Bloody Run Creek out of its banks which took out a bridge in Bloody Run County Park west of Marquette (Clayton County).,Runoff from heavy rains caused some flash flooding to occur across northeast Clayton County. Flood waters from Bloody Run Creek took out a bridge in the Bloody Run County Park west of Marquette.,CSV
2022-07-08 11:30:00,2022-07-08 14:00:00,0 days 02:30:00,172468_0,202207,8,1130,202207,8,1300,172468,1046837,IOWA,19,2022,July,Flash Flood,C,103,JOHNSON,DVN,2022-07-08 11:30:00,CST-6,2022-07-08 13:00:00,0,0,0,0,0.00K,0.00K,Public,Heavy Rain,1.24,SE,NEWPORT,1.42,SSE,NEWPORT,41.72,-91.46,41.7146,-91.4681,Rain showers produced heavy rain of 3 to 5 inches across the warned area. This led to flash flooding in Johnson county and Muscatine County.,"Rapid Creek at Wilson's Orchard came out of its banks, overspreading an area the size of a football field with 2 to 3 feet of fast flowing water. Access to the south side of the orchard was cut off.",CSV
2022-07-08 11:30:00,2022-07-08 14:00:00,0 days 02:30:00,172468_0,202207,8,1200,202207,8,1400,172468,1046839,IOWA,19,2022,July,Flash Flood,C,139,MUSCATINE,DVN,2022-07-08 12:00:00,CST-6,2022-07-08 14:00:00,0,0,0,0,0.00K,0.00K,Amateur Radio,Heavy Rain,2.32,SSW,MUSCATINE,2.31,SSW,MUSCATINE,41.39,-91.07,41.3896,-91.0713,Rain showers produced heavy rain of 3 to 5 inches across the warned area. This led to flash flooding in Johnson county and Muscatine County.,A HAM radio operator reported multiple cars stalled in standing water near the Stewart Road and Dick Drake Way intersection. Mississippi River Drive in the downtown area was also flooded.,CSV
2022-07-08 06:00:00,2022-07-11 06:00:00,3 days 00:00:00,172639_0,202207,8,600,202207,15,700,172639,1047999,IOWA,19,2022,July,Flood,C,59,DICKINSON,FSD,2022-07-08 06:00:00,CST-6,2022-07-15 07:00:00,0,0,0,0,0.00K,0.00K,River/Stream Gage,Heavy Rain,3.77,WSW,MONTGOMERY,1.47,SW,WEST OKOBOJI,43.41,-95.27,43.3,-95.25,An area of 1 to 2 inches of rainfall occurred across the headwaters of the Little Sioux River on July 5 and resulted in a brief period of minor to locally moderate flooding.,"Heavy rainfall of 1 to 2 inches across Dickinson County on July 5 brought a rapid rise to the Little Sioux River near Milford (gage site MIFI4), with a crest into moderate flooding at 2.93 feet above flood stage on July 12. A significant amount of rural land was flooded.",CSV
2022-07-08 06:00:00,2022-07-11 06:00:00,3 days 00:00:00,172639_0,202207,8,600,202207,15,700,172639,1048000,IOWA,19,2022,July,Flood,C,41,CLAY,FSD,2022-07-08 06:00:00,CST-6,2022-07-15 07:00:00,0,0,0,0,0.00K,0.00K,River/Stream Gage,Heavy Rain,4.79,W,FOSTORIA,0.6,NE,EVERLY,43.2554,-95.2648,43.21,-95.28,An area of 1 to 2 inches of rainfall occurred across the headwaters of the Little Sioux River on July 5 and resulted in a brief period of minor to locally moderate flooding.,"Heavy rainfall of 1 to 2 inches across Dickinson County on July 5 brought a rapid rise to the Little Sioux River near Milford (gage site MIFI4), with a crest into moderate flooding at 2.93 feet above flood stage on July 12. A significant amount of rural land was flooded.",CSV
2022-07-08 06:00:00,2022-07-11 06:00:00,3 days 00:00:00,172639_0,202207,9,1000,202207,13,200,172639,1047998,IOWA,19,2022,July,Flood,C,59,DICKINSON,FSD,2022-07-09 10:00:00,CST-6,2022-07-13 02:00:00,0,0,0,0,0.00K,0.00K,River/Stream Gage,Heavy Rain,5.02,NNW,MONTGOMERY,4.32,SE,LAKE PARK,43.501,-95.2208,43.43,-95.28,An area of 1 to 2 inches of rainfall occurred across the headwaters of the Little Sioux River on July 5 and resulted in a brief period of minor to locally moderate flooding.,"Rainfall from 1 to 2 inches fell across Dickinson County on July 5, which resulted in minor flooding of the Little Sioux River near Montgomery (gage site MLSI4) and a crest at 0.92 feet above flood stage on July 11. A significant amount of rural land was flooded, and water encroached on 170th Avenue north of Iowa Highway 9.",CSV
2022-07-08 06:00:00,2022-07-11 06:00:00,3 days 00:00:00,172639_0,202207,10,800,202207,14,400,172639,1048001,IOWA,19,2022,July,Flood,C,41,CLAY,FSD,2022-07-10 08:00:00,CST-6,2022-07-14 04:00:00,0,0,0,0,0.00K,0.00K,River/Stream Gage,Heavy Rain,0.78,WNW,FOSTORIA,2.76,W,FOSTORIA,43.255,-95.184,43.255,-95.2764,An area of 1 to 2 inches of rainfall occurred across the headwaters of the Little Sioux River on July 5 and resulted in a brief period of minor to locally moderate flooding.,"Rainfall from 1 to 2 inches fell across Dickinson and northern Clay Counties on July 5, which resulted in minor flooding of the Little Sioux River near Spencer/Highway 18 (gage site SPII4) and a crest at 0.81 feet above flood stage on July 13. Some agricultural and pasture land was flooded.",CSV
2022-07-07 16:40:00,2022-07-07 17:30:00,0 days 00:50:00,172671_0,202207,7,1640,202207,7,1730,172671,1048246,IOWA,19,2022,July,Flash Flood,C,193,WOODBURY,FSD,2022-07-07 16:40:00,CST-6,2022-07-07 17:30:00,0,0,0,0,0.00K,0.00K,Public,Heavy Rain,3.16,WNW,SIOUX CITY,2.98,WNW,SIOUX CITY,42.5105,-96.4404,42.5098,-96.4401,"A narrow and nearly stationary band of thunderstorms developed across Dixon and northern Dakota Counties during the late afternoon hours. Rainfall estimates of 3 to 5 inches occurred in a very small area from central Dixon to far northwestern Woodbury Counties, with the largest observed rainfall of 5.50 inches 4 miles west of McCook Lake, 2.77 inches at mesonet site AV951 in northern Sioux City, IA, 2.07 inches at river gage SXCI4 along Perry Creek in northern Sioux City, IA 2.01 inches in Concord, NE and 1.80 inches 3 miles southwest of Jefferson, SD.",Multiple cars were stalled in deep standing water along west 19th Street in Sioux City. Several other low-lying roads were covered by water.,CSV
2022-07-24 09:23:00,2022-07-24 14:30:00,0 days 05:07:00,172782_0,202207,24,923,202207,24,1430,172782,1050212,IOWA,19,2022,July,Flood,C,5,ALLAMAKEE,ARX,2022-07-24 09:23:00,CST-6,2022-07-24 14:30:00,0,0,0,0,0.00K,0.00K,River/Stream Gage,Heavy Rain,3.38,S,CHESTER,2.98,S,CHESTER,43.422,-91.5073,43.4266,-91.5194,"A line of storms moved across northeast Iowa during the evening of July 23rd. These storms produced an EF1 tornado west of Waukon (Allamakee County) that damaged a farm and trees. Strong thunderstorm winds caused extensive damage to several buildings at the community college in Calmar (Winneshiek County) and flipped over a couple vehicles. The public school athletic fields in Calmar were also heavily damaged. The press box was blown off the high school football stands, metal light poles were downed at the softball field, and metal bleachers were thrown over a fence and onto the field. In Waukon, the roofs were damaged on numerous buildings and several trees and power lines were blown down. The Governor of Iowa issued a disaster proclamation for Allamakee, Clayton and Winneshiek Counties.",Runoff from heavy rains pushed the Upper Iowa River out of its banks near Dorchester twice on July 24th. The highest crest was less than a foot above the flood stage at 14.67 feet.,CSV
2022-08-19 20:05:00,2022-08-19 23:59:00,0 days 03:54:00,173446_0,202208,19,2005,202208,19,2359,173446,1052891,IOWA,19,2022,August,Flash Flood,C,139,MUSCATINE,DVN,2022-08-19 20:05:00,CST-6,2022-08-19 23:59:00,0,0,0,0,0.00K,0.00K,Public,Heavy Rain,0.0,N,CONESVILLE,0.18,WSW,CONESVILLE,41.38,-91.35,41.3793,-91.3528,"A cold core low moved over the area, dragging along a weak and slow moving surface low. Although weak, sufficient low level and upper forcing aided in developing strong to severe storms. Instability and shear were strong enough for a few supercell thunderstorms to develop and bring hail, strong winds, and heavy rain to the area. The storms were slow moving. which allowed some storms to anchor over locations for an extended period of time, resulting in flash flooding. Some repeated storms over the same area also led to similar results. Severe weather reports were mostly in the form of hail, as these storms produced hail very efficiently. The largest hail reported was 1.5, and there were some isolated reports of damaging winds.",A member of the public reported that several yards and alleyways on the south side of Conesville had water up to a foot deep in them.,CSV
2022-08-19 15:30:00,2022-08-19 18:00:00,0 days 02:30:00,173503_0,202208,19,1530,202208,19,1800,173503,1053225,IOWA,19,2022,August,Flash Flood,C,153,POLK,DMX,2022-08-19 15:30:00,CST-6,2022-08-19 18:00:00,0,0,0,0,10.00K,0.00K,Public,Heavy Rain,1.55,W,CAPITOL HGTS,1.66,W,CAPITOL HGTS,41.62,-93.58,41.619,-93.58,"A surface low sinking south into the area allowed for scattered storms to develop across central Iowa in the afternoon. Steep lapse rates and deep layer shear allowed for the development of organized updrafts while low melting levels supported larger hail development. Several storms strengthened and prompted warnings, though few resulted in any severe reports. The strongest quickly developed over the Des Moines metro, where the time between a clear radar image and golf ball sized hail was just over 20 minutes. Hail pummeled the west side of the metro for nearly 30 minutes, resulting in hundreds of vehicles with significant damage. One high school in West Des Moines also reported damage to the building which resulted in water leaking into the library and a rush to protect the books. After the hail ended the storms continued to train across the metro, resulting in flash flooding a a couple of water rescues due to stranded vehicles.",Report of car stranded in intersection. Occupants indicate water is beginning to enter the vehicle. Water rescue in progress at time of report.,CSV
2022-08-19 15:30:00,2022-08-19 18:00:00,0 days 02:30:00,173503_0,202208,19,1530,202208,19,1800,173503,1053226,IOWA,19,2022,August,Flash Flood,C,153,POLK,DMX,2022-08-19 15:30:00,CST-6,2022-08-19 18:00:00,0,0,0,0,10.00K,0.00K,Public,Heavy Rain,1.91,NW,DES MOINES,1.88,NW,DES MOINES,41.6156,-93.6506,41.6156,-93.6461,"A surface low sinking south into the area allowed for scattered storms to develop across central Iowa in the afternoon. Steep lapse rates and deep layer shear allowed for the development of organized updrafts while low melting levels supported larger hail development. Several storms strengthened and prompted warnings, though few resulted in any severe reports. The strongest quickly developed over the Des Moines metro, where the time between a clear radar image and golf ball sized hail was just over 20 minutes. Hail pummeled the west side of the metro for nearly 30 minutes, resulting in hundreds of vehicles with significant damage. One high school in West Des Moines also reported damage to the building which resulted in water leaking into the library and a rush to protect the books. After the hail ended the storms continued to train across the metro, resulting in flash flooding a a couple of water rescues due to stranded vehicles.",Flash flooding across Hickman between 24th and MLK Drive. Car stranded with water up to the hood. Report via social media.,CSV
2022-09-03 19:26:00,2022-09-03 20:00:00,0 days 00:34:00,174446_0,202209,3,1926,202209,3,2000,174446,1057567,IOWA,19,2022,September,Flash Flood,C,57,DES MOINES,DVN,2022-09-03 19:26:00,CST-6,2022-09-03 20:00:00,0,0,0,0,0.00K,0.00K,Emergency Manager,Heavy Rain,1.4,N,BURLINGTON ARPT,1.37,N,BURLINGTON ARPT,40.8002,-91.1195,40.8003,-91.1198,Slow moving thunderstorms produced isolated heavy rainfall.  Emergency management reported flash flooding with deep stationary water on roads near West Ave. and S. Garfield in Burlington.,Slow moving thunderstorms produced isolated heavy rainfall.  Emergency management reported flash flooding with deep stationary water on roads near West Ave. and S. Garfield in Burlington.,CSV
2023-02-27 04:30:00,2023-02-28 04:30:00,1 days 00:00:00,177752_0,202302,27,430,202302,28,430,177752,1081129,IOWA,19,2023,February,Flood,C,33,CERRO GORDO,DMX,2023-02-27 04:30:00,CST-6,2023-02-28 04:30:00,0,0,0,0,0.00K,0.00K,River/Stream Gage,Heavy Rain / Snow Melt,6.29,NW,FREEMAN,5.59,NNW,CLEAR LAKE LAKE,43.29,-93.28,43.28,-93.5,"A large and unseasonably warm system brought showers and thunderstorms to the state. Over an inch of rain fell across much of Iowa. In northern Iowa, this was on top of a snowpack of two to four inches. The quick rain on top of frozen group resulted in runoff sufficient to send the Winnebago River at Mason City into minor river flooding. The river exceeded minor flood stage and quickly crested the morning of February 27th before falling back below flood stage the morning of February 28th.","River entered flood state at 430am LST on the 27th of February, crested at 11.24 ft at 630am LST on February 27th, and fell below flood stage at 430am LST on February 28th.",CSV
2023-02-27 09:30:00,2023-02-28 09:45:00,1 days 00:15:00,178186_0,202302,27,930,202302,27,2315,178186,1083898,IOWA,19,2023,February,Flood,C,65,FAYETTE,ARX,2023-02-27 09:30:00,CST-6,2023-02-27 23:15:00,0,0,0,0,0.00K,0.00K,River/Stream Gage,Heavy Rain / Snow Melt,1.56,ESE,ELDORADO,1.87,ESE,ELDORADO,43.0422,-91.8211,43.0397,-91.8196,Runoff from the combination of rainfall and melting snow caused some northeast Iowa river flooding to occur along the Turkey and Volga Rivers in late February.,"Runoff from the combination of rainfall and snow melt pushed the Turkey River out of its banks in Eldorado. The river had two crests, with the second the highest. This crest was a little over a half foot above the flood stage at 13.65 feet.",CSV
2023-02-27 09:30:00,2023-02-28 09:45:00,1 days 00:15:00,178186_0,202302,27,1300,202302,27,1700,178186,1083901,IOWA,19,2023,February,Flood,C,43,CLAYTON,ARX,2023-02-27 13:00:00,CST-6,2023-02-27 17:00:00,0,0,0,0,0.00K,0.00K,River/Stream Gage,Heavy Rain / Snow Melt,0.59,WNW,LITTLEPORT,0.29,W,LITTLEPORT,42.7517,-91.3814,42.7511,-91.382,Runoff from the combination of rainfall and melting snow caused some northeast Iowa river flooding to occur along the Turkey and Volga Rivers in late February.,Runoff from the combination of rainfall and snow melt pushed the Volga River out of its banks in Littleport. The river crested around a half foot above the flood stage at 11.59 feet.,CSV
2023-02-27 09:30:00,2023-02-28 09:45:00,1 days 00:15:00,178186_0,202302,27,1315,202302,28,945,178186,1083894,IOWA,19,2023,February,Flood,C,43,CLAYTON,ARX,2023-02-27 13:15:00,CST-6,2023-02-28 09:45:00,0,0,0,0,0.00K,0.00K,River/Stream Gage,Heavy Rain / Snow Melt,0.41,SSW,ELKADER,0.5,SW,ELKADER,42.845,-91.4043,42.8445,-91.4052,Runoff from the combination of rainfall and melting snow caused some northeast Iowa river flooding to occur along the Turkey and Volga Rivers in late February.,Runoff from the combination of rainfall and melting snow pushed the Turkey River out of its banks in Elkader. The river crested almost two feet above the flood stage at 13.77 feet on the 27th.,CSV
2023-02-27 09:30:00,2023-02-28 09:45:00,1 days 00:15:00,178186_0,202302,27,1615,202302,28,630,178186,1083896,IOWA,19,2023,February,Flood,C,43,CLAYTON,ARX,2023-02-27 16:15:00,CST-6,2023-02-28 06:30:00,0,0,0,0,0.00K,0.00K,River/Stream Gage,Heavy Rain / Snow Melt,0.6,N,GARBER,0.93,N,GARBER,42.7386,-91.2686,42.7389,-91.2701,Runoff from the combination of rainfall and melting snow caused some northeast Iowa river flooding to occur along the Turkey and Volga Rivers in late February.,Runoff from the combination of rainfall and melting snow pushed the Turkey River out of its banks in Garber. The river crested almost a foot and a half above the flood stage at 18.35 feet on the 27th.,CSV
2023-04-16 22:00:00,2023-04-19 22:00:00,3 days 00:00:00,178844_0,202304,16,2200,202304,30,2359,178844,1088625,IOWA,19,2023,April,Flood,C,43,CLAYTON,ARX,2023-04-16 22:00:00,CST-6,2023-04-30 23:59:00,0,0,0,0,0.00K,0.00K,Newspaper,Heavy Rain / Snow Melt,0.74,NNE,MC GREGOR,0.48,SSE,MARQUETTE,43.0296,-91.1737,43.0405,-91.1769,"A deeper than average snow pack from northern Minnesota and northern Wisconsin underwent a rapid melt through much of April from unseasonably warm temperatures and multiple rain events. This resulted in increased water levels and significant flooding for the entire length of the local Mississippi River, with most sites climbing to their third to fifth highest crests on record. In response to the widespread flooding, the Governor of Iowa issued a Proclamation of Disaster Emergency for counties along the Mississippi River. Initial flood warnings were issued in mid April with peak stages realized towards late April. The highest above flood stage was Guttenberg Dam at 6.91 ft over flood stage.","Significant upstream runoff from the combination of rainfall and melting snow pushed the Mississippi River at McGregor into flood stage on April 16th. The crest of 22.91 ft on April 28th was 6.91 ft over flood stage. Much of McGregor's downtown riverfront area was closed due to being underwater. North of neighboring Marquette, Iowa, Highway 76 was closed due to flooding from Highway 18 to north of Effigy Mounds. In both towns, people were evacuated from their homes due to rising flood waters.",CSV
2023-04-16 22:00:00,2023-04-19 22:00:00,3 days 00:00:00,178844_0,202304,18,1700,202304,30,2359,178844,1088633,IOWA,19,2023,April,Flood,C,43,CLAYTON,ARX,2023-04-18 17:00:00,CST-6,2023-04-30 23:59:00,0,0,0,0,0.00K,0.00K,Official NWS Observations,Heavy Rain / Snow Melt,0.21,W,GUTTENBERG ARPT,0.4,ENE,GUTTENBERG ARPT,42.8205,-91.104,42.8264,-91.0825,"A deeper than average snow pack from northern Minnesota and northern Wisconsin underwent a rapid melt through much of April from unseasonably warm temperatures and multiple rain events. This resulted in increased water levels and significant flooding for the entire length of the local Mississippi River, with most sites climbing to their third to fifth highest crests on record. In response to the widespread flooding, the Governor of Iowa issued a Proclamation of Disaster Emergency for counties along the Mississippi River. Initial flood warnings were issued in mid April with peak stages realized towards late April. The highest above flood stage was Guttenberg Dam at 6.91 ft over flood stage.",Significant upstream runoff from the combination of rainfall and melting snow pushed the Mississippi River at Guttenberg into flood stage on April 18th. The crest of 20.98 ft on April 28th was 5.98 ft over flood stage.,CSV
2023-04-21 19:00:00,2023-04-24 19:00:00,3 days 00:00:00,178844_1,202304,21,1900,202304,30,2359,178844,1088623,IOWA,19,2023,April,Flood,C,5,ALLAMAKEE,ARX,2023-04-21 19:00:00,CST-6,2023-04-30 23:59:00,0,0,0,0,0.00K,0.00K,Official NWS Observations,Heavy Rain / Snow Melt,3.01,SE,LANSING,2.56,SE,LANSING,43.3477,-91.1897,43.3459,-91.1961,"A deeper than average snow pack from northern Minnesota and northern Wisconsin underwent a rapid melt through much of April from unseasonably warm temperatures and multiple rain events. This resulted in increased water levels and significant flooding for the entire length of the local Mississippi River, with most sites climbing to their third to fifth highest crests on record. In response to the widespread flooding, the Governor of Iowa issued a Proclamation of Disaster Emergency for counties along the Mississippi River. Initial flood warnings were issued in mid April with peak stages realized towards late April. The highest above flood stage was Guttenberg Dam at 6.91 ft over flood stage.","Significant upstream runoff from the combination of rainfall and melting snow pushed the Mississippi River at Lansing into flood stage on April 21st. The crest of 19.61 ft on April 28th was 2.61 ft over flood stage. Multiple streets in town were closed, including the Black Hawk Bridge connecting Lansing, Iowa to Wisconsin Highway 35 from April 25th to May 4th.",CSV
2023-03-21 21:00:00,2023-03-22 11:00:00,0 days 14:00:00,178928_0,202303,21,2100,202303,22,1100,178928,1089196,IOWA,19,2023,March,Flood,C,167,SIOUX,FSD,2023-03-21 21:00:00,CST-6,2023-03-22 11:00:00,0,0,0,0,0.00K,0.00K,River/Stream Gage,Heavy Rain / Snow Melt,4.27,NE,ROCK VLY,5.34,NE,ROCK VLY,43.25,-96.25,43.24,-96.25,"Snowmelt during late March resulted in rises on some small streams and creeks across the region. Some of these rises pushed toward or into minor flood stage for a short period, but overall impacts were limited mainly to agricultural land.",Burr Oak Creek near Perkins rose above flood stage the evening of March 21st before cresting around 1.55 feet above flood stage (17.55 feet) early on the morning of March 22nd. The creek fell below flood stage late morning of March 22nd.,CSV
2023-03-28 22:00:00,2023-03-29 03:00:00,0 days 05:00:00,178929_0,202303,28,2200,202303,29,300,178929,1089198,IOWA,19,2023,March,Flood,C,59,DICKINSON,FSD,2023-03-28 22:00:00,CST-6,2023-03-29 03:00:00,0,0,0,0,0.00K,0.00K,River/Stream Gage,Heavy Rain / Snow Melt,3.77,WSW,MONTGOMERY,1.47,SW,WEST OKOBOJI,43.41,-95.27,43.3,-95.25,"Snowmelt during late March resulted in rises on some small streams and creeks across the region. Some of these rises pushed toward or into minor flood stage for a short period, but overall impacts were limited mainly to agricultural land.",The Little Sioux River near Milford rose above flood stage on the evening of March 28th before cresting around 0.03 feet above flood stage (12.03 feet) early in the morning on March 29th and then quickly falling below flood stage.,CSV
2023-03-28 22:00:00,2023-03-29 03:00:00,0 days 05:00:00,178929_0,202303,28,2200,202303,29,300,178929,1089199,IOWA,19,2023,March,Flood,C,41,CLAY,FSD,2023-03-28 22:00:00,CST-6,2023-03-29 03:00:00,0,0,0,0,0.00K,0.00K,River/Stream Gage,Heavy Rain / Snow Melt,4.79,W,FOSTORIA,0.6,NE,EVERLY,43.2554,-95.2648,43.21,-95.28,"Snowmelt during late March resulted in rises on some small streams and creeks across the region. Some of these rises pushed toward or into minor flood stage for a short period, but overall impacts were limited mainly to agricultural land.",The Little Sioux River near Milford rose above flood stage on the evening of March 28th before cresting around 0.03 feet above flood stage (12.03 feet) early in the morning on March 29th and then quickly falling below flood stage.,CSV
2023-04-14 18:45:00,2023-04-14 18:45:00,0 days 00:00:00,178934_0,202304,14,1845,202304,14,1845,178934,1089222,IOWA,19,2023,April,Flash Flood,C,155,POTTAWATTAMIE,OAX,2023-04-14 18:45:00,CST-6,2023-04-14 18:45:00,0,0,0,0,0.00K,0.00K,Emergency Manager,Heavy Rain,1.61,WSW,COUNCIL BLUFFS,1.62,WSW,COUNCIL BLUFFS,41.259,-95.8974,41.259,-95.8976,A cold front moved across western Iowa which had observed unseasonably warm temperatures in the past couple of days. The front set off a line of storms that produced strong wind gusts and smaller hail. The strongest measured wind gust was 68 mph in Page County. A flash flood was also reported in Pottawattamie County.,Emergency manager reported water over the intersection of 33rd Street and 3rd Avenue.,CSV
2023-05-13 20:00:00,2023-05-14 00:45:00,0 days 04:45:00,179071_0,202305,13,2000,202305,14,45,179071,1092806,IOWA,19,2023,May,Flash Flood,C,151,POCAHONTAS,DMX,2023-05-13 20:00:00,CST-6,2023-05-14 00:45:00,0,0,0,0,0.00K,0.00K,Public,Heavy Rain,0.4,NW,LAURENS,0.42,SSW,LAURENS,42.8536,-94.8562,42.8428,-94.8556,"Convection percolated along a warm front across the area through the morning. By afternoon, storms re-strengthened as as daytime heating helped enhance instability. Despite good instability with MLCAPE over nearing 2000 J/kg, lapse rates were modest and speed shear was weak. Despite this, directional shear was good and when combined with instability for brief stretching, allowed for a number of weak and short-lived tornadoes to develop. While 13 tornadoes occurred, they were confined to two small areas in Iowa where storms trained, resulting in several storms over the same locations. In addition, the training storms made for pockets of heavy rain with three to four inches or more of rain. This did result in flash flooding in Pocahontas County with impacts to homes and businesses.",Delayed report of extensive flooding in town. Water up against some homes and businesses in town. Time estimated.,CSV
2023-04-10 01:00:00,2023-04-13 01:00:00,3 days 00:00:00,179266_0,202304,10,100,202304,16,900,179266,1091967,IOWA,19,2023,April,Flood,C,21,BUENA VISTA,FSD,2023-04-10 01:00:00,CST-6,2023-04-16 09:00:00,0,0,0,0,0.00K,0.00K,River/Stream Gage,Heavy Rain / Snow Melt,62.43,WNW,LINN GROVE,61.32,W,LINN GROVE,43.08,-96.4545,43.0451,-96.5121,"Rapid snowmelt from a few day period of well above normal temperatures focused on the 11-13th of April resulted in minor to locally moderate flooding through much of the Big Sioux River Basin. Some areas north of I-90 lost between 2 to 5 inches of snow water equivalent (SWE) from the first to second week of April, but antecedent drought conditions resulted in only a percentage of this water actually making it into the river system.","The Big Sioux River near Hawarden, IA rose above flood stage on the morning of April 10th before cresting around 2.39 feet above flood stage (22.89 feet) on April 13th. The river then fell below flood stage on the morning of April 16th.",CSV
2023-04-10 01:00:00,2023-04-13 01:00:00,3 days 00:00:00,179266_0,202304,10,300,202304,13,900,179266,1091964,IOWA,19,2023,April,Flood,C,119,LYON,FSD,2023-04-10 03:00:00,CST-6,2023-04-13 09:00:00,0,0,0,0,0.00K,0.00K,River/Stream Gage,Heavy Rain / Snow Melt,0.38,NNE,KLONDIKE,1.5,WSW,INWOOD,43.385,-96.527,43.2971,-96.5305,"Rapid snowmelt from a few day period of well above normal temperatures focused on the 11-13th of April resulted in minor to locally moderate flooding through much of the Big Sioux River Basin. Some areas north of I-90 lost between 2 to 5 inches of snow water equivalent (SWE) from the first to second week of April, but antecedent drought conditions resulted in only a percentage of this water actually making it into the river system.","The Big Sioux River near Canton, SD rose above flood stage on the morning of April 10th before cresting around 1.02 feet above flood stage (1236.02 feet) on April 10th. The river then fell below flood stage on the morning of April 13th.",CSV
2023-04-10 01:00:00,2023-04-13 01:00:00,3 days 00:00:00,179266_0,202304,10,300,202304,13,900,179266,1091966,IOWA,19,2023,April,Flood,C,167,SIOUX,FSD,2023-04-10 03:00:00,CST-6,2023-04-13 09:00:00,0,0,0,0,0.00K,0.00K,River/Stream Gage,Heavy Rain / Snow Melt,3.46,NW,FAIRVIEW,2.28,WNW,FAIRVIEW,43.2601,-96.5549,43.2472,-96.5493,"Rapid snowmelt from a few day period of well above normal temperatures focused on the 11-13th of April resulted in minor to locally moderate flooding through much of the Big Sioux River Basin. Some areas north of I-90 lost between 2 to 5 inches of snow water equivalent (SWE) from the first to second week of April, but antecedent drought conditions resulted in only a percentage of this water actually making it into the river system.","The Big Sioux River near Canton, SD rose above flood stage on the morning of April 10th before cresting around 1.02 feet above flood stage (1236.02 feet) on April 10th. The river then fell below flood stage on the morning of April 13th.",CSV
2023-04-10 01:00:00,2023-04-13 01:00:00,3 days 00:00:00,179266_0,202304,10,2300,202304,16,2200,179266,1091969,IOWA,19,2023,April,Flood,C,149,PLYMOUTH,FSD,2023-04-10 23:00:00,CST-6,2023-04-16 22:00:00,0,0,0,0,0.00K,0.00K,River/Stream Gage,Heavy Rain / Snow Melt,5.46,N,AKRON,5.78,WSW,AKRON,42.9085,-96.5382,42.8245,-96.578,"Rapid snowmelt from a few day period of well above normal temperatures focused on the 11-13th of April resulted in minor to locally moderate flooding through much of the Big Sioux River Basin. Some areas north of I-90 lost between 2 to 5 inches of snow water equivalent (SWE) from the first to second week of April, but antecedent drought conditions resulted in only a percentage of this water actually making it into the river system.","The Big Sioux River near Akron, IA rose above flood stage on the evening of April 10th before cresting around 1.94 feet above flood stage (17.94 feet) on April 14th. The river then fell below flood stage on the evening of April 16th.",CSV
2023-04-10 01:00:00,2023-04-13 01:00:00,3 days 00:00:00,179266_0,202304,11,0,202304,18,1500,179266,1091962,IOWA,19,2023,April,Flood,C,119,LYON,FSD,2023-04-11 00:00:00,CST-6,2023-04-18 15:00:00,0,0,0,0,0.00K,0.00K,River/Stream Gage,Heavy Rain / Snow Melt,2.52,NW,GRANITE,2.1,NW,GRANITE,43.5,-96.5986,43.4825,-96.5849,"Rapid snowmelt from a few day period of well above normal temperatures focused on the 11-13th of April resulted in minor to locally moderate flooding through much of the Big Sioux River Basin. Some areas north of I-90 lost between 2 to 5 inches of snow water equivalent (SWE) from the first to second week of April, but antecedent drought conditions resulted in only a percentage of this water actually making it into the river system.","The Big Sioux River near Brandon, SD rose above flood stage during the early morning of April 11th before cresting around 1.51 feet above flood stage (1305.51 feet) on April 11th. The river then fell below flood stage on the afternoon of April 18th.",CSV
2023-04-10 01:00:00,2023-04-13 01:00:00,3 days 00:00:00,179266_0,202304,12,0,202304,16,2100,179266,1091970,IOWA,19,2023,April,Flood,C,149,PLYMOUTH,FSD,2023-04-12 00:00:00,CST-6,2023-04-16 21:00:00,0,0,0,0,0.00K,0.00K,River/Stream Gage,Heavy Rain / Snow Melt,2.13,NW,WESTFIELD,1.47,WNW,WESTFIELD,42.7743,-96.6258,42.7551,-96.6188,"Rapid snowmelt from a few day period of well above normal temperatures focused on the 11-13th of April resulted in minor to locally moderate flooding through much of the Big Sioux River Basin. Some areas north of I-90 lost between 2 to 5 inches of snow water equivalent (SWE) from the first to second week of April, but antecedent drought conditions resulted in only a percentage of this water actually making it into the river system.","The Big Sioux River near Richland, SD rose above flood stage during the early morning of April 12th before cresting around 1.36 feet above flood stage (1118.36 feet) on April 15th. The river then fell below flood stage on the evening of April 16th.",CSV
2023-04-10 22:00:00,2023-04-13 22:00:00,3 days 00:00:00,179277_0,202304,10,2200,202304,14,200,179277,1092004,IOWA,19,2023,April,Flood,C,119,LYON,FSD,2023-04-10 22:00:00,CST-6,2023-04-14 02:00:00,0,0,0,0,0.00K,0.00K,River/Stream Gage,Heavy Rain / Snow Melt,4.92,NW,ROCK RAPIDS MUNI ARP,3.99,SSW,ROCK RAPIDS,43.5,-96.25,43.41,-96.19,"Rapid snowmelt from a few day period of well above normal temperatures focused on the 11-13th of April resulted in minor flooding for portions of the Rock River Basin. Some areas north of I-90 lost between 2 to 5 inches of snow water equivalent (SWE) from the first to second week of April, but antecedent drought conditions resulted in only a percentage of this water actually making it into the river system.","The Rock River near Rock Rapids, IA rose above flood stage on the evening of April 10th before cresting around 0.4 feet above flood stage (13.4 feet) on April 13th. The river then fell below flood stage on the morning of April 14th.",CSV
2023-04-01 20:00:00,2023-04-04 20:00:00,3 days 00:00:00,179278_0,202304,1,2000,202304,8,800,179278,1092010,IOWA,19,2023,April,Flood,C,41,CLAY,FSD,2023-04-01 20:00:00,CST-6,2023-04-08 08:00:00,0,0,0,0,0.00K,0.00K,River/Stream Gage,Heavy Rain / Snow Melt,4.79,W,FOSTORIA,0.59,NE,EVERLY,43.2554,-95.2648,43.21,-95.28,"Snowmelt during late March into early April, as well as some added rainfall, resulted in rises on some small streams and creeks across the region. Some of these rises pushed toward or into minor flood stage for a short period, but overall impacts were limited mainly to agricultural land.","The Little Sioux River near Milford, IA rose above flood stage on the evening of April 1st before cresting around 1.59 feet above flood stage (13.59 feet) on April 5th. The river then fell below flood stage on the morning of April 8th.",CSV
2023-04-01 20:00:00,2023-04-04 20:00:00,3 days 00:00:00,179278_0,202304,1,2000,202304,8,800,179278,1092009,IOWA,19,2023,April,Flood,C,59,DICKINSON,FSD,2023-04-01 20:00:00,CST-6,2023-04-08 08:00:00,0,0,0,0,0.00K,0.00K,River/Stream Gage,Heavy Rain / Snow Melt,3.77,WSW,MONTGOMERY,1.47,SW,FULLER FLD ARPT,43.41,-95.27,43.2554,-95.25,"Snowmelt during late March into early April, as well as some added rainfall, resulted in rises on some small streams and creeks across the region. Some of these rises pushed toward or into minor flood stage for a short period, but overall impacts were limited mainly to agricultural land.","The Little Sioux River near Milford, IA rose above flood stage on the evening of April 1st before cresting around 1.59 feet above flood stage (13.59 feet) on April 5th. The river then fell below flood stage on the morning of April 8th.",CSV
2023-04-01 20:00:00,2023-04-04 20:00:00,3 days 00:00:00,179278_0,202304,3,2200,202304,4,2100,179278,1092011,IOWA,19,2023,April,Flood,C,41,CLAY,FSD,2023-04-03 22:00:00,CST-6,2023-04-04 21:00:00,0,0,0,0,0.00K,0.00K,River/Stream Gage,Heavy Rain / Snow Melt,1.51,W,SPENCER,1.71,WSW,DICKENS,43.15,-95.18,43.1,-95.1,"Snowmelt during late March into early April, as well as some added rainfall, resulted in rises on some small streams and creeks across the region. Some of these rises pushed toward or into minor flood stage for a short period, but overall impacts were limited mainly to agricultural land.",The Little Sioux River at Spencer rose above flood stage on the evening of April 3rd before cresting around 0.06 feet above flood stage (10.06 feet) on April 4th. The river then fell below flood stage on the evening of April 4th.,CSV
2023-05-14 01:00:00,2023-05-17 01:00:00,3 days 00:00:00,179281_0,202305,14,100,202305,19,1500,179281,1092048,IOWA,19,2023,May,Flood,C,59,DICKINSON,FSD,2023-05-14 01:00:00,CST-6,2023-05-19 15:00:00,0,0,0,0,0.00K,0.00K,River/Stream Gage,Heavy Rain,3.77,WSW,MONTGOMERY,1.47,SW,FULLER FLD ARPT,43.41,-95.27,43.2554,-95.2648,A period of showers and thunderstorms from May 11-14th resulted in locally heavy rainfall that pushed portions of the Little Sioux River into minor flood stage. Flooding was largely limited to agricultural land.,"The Little Sioux River near Milford, IA rose above flood stage on the morning of May 14 before cresting around 1.49 feet above flood stage (13.49 feet) on May 16th. The river then fell below flood stage on the afternoon of May 19th.",CSV
2023-05-14 01:00:00,2023-05-17 01:00:00,3 days 00:00:00,179281_0,202305,14,100,202305,19,1500,179281,1092050,IOWA,19,2023,May,Flood,C,41,CLAY,FSD,2023-05-14 01:00:00,CST-6,2023-05-19 15:00:00,0,0,0,0,0.00K,0.00K,River/Stream Gage,Heavy Rain,4.79,W,FOSTORIA,0.6,NE,EVERLY,43.2554,-95.2648,43.21,-95.28,A period of showers and thunderstorms from May 11-14th resulted in locally heavy rainfall that pushed portions of the Little Sioux River into minor flood stage. Flooding was largely limited to agricultural land.,"The Little Sioux River near Milford, IA rose above flood stage on the morning of May 14 before cresting around 1.49 feet above flood stage (13.49 feet) on May 16th. The river then fell below flood stage on the afternoon of May 19th.",CSV
2023-05-14 01:00:00,2023-05-17 01:00:00,3 days 00:00:00,179281_0,202305,14,600,202305,18,800,179281,1092052,IOWA,19,2023,May,Flood,C,41,CLAY,FSD,2023-05-14 06:00:00,CST-6,2023-05-18 08:00:00,0,0,0,0,0.00K,0.00K,River/Stream Gage,Heavy Rain,0.78,WNW,FOSTORIA,2.76,W,FOSTORIA,43.255,-95.184,43.255,-95.2764,A period of showers and thunderstorms from May 11-14th resulted in locally heavy rainfall that pushed portions of the Little Sioux River into minor flood stage. Flooding was largely limited to agricultural land.,"The Little Sioux River above Spencer, IA rose above flood stage on the morning of May 14 before cresting around 0.59 feet above flood stage (1322.59 feet) on May 15th. The river then fell below flood stage on the morning of May 18th.",CSV
2023-05-14 01:00:00,2023-05-17 01:00:00,3 days 00:00:00,179281_0,202305,14,1900,202305,18,700,179281,1092054,IOWA,19,2023,May,Flood,C,41,CLAY,FSD,2023-05-14 19:00:00,CST-6,2023-05-18 07:00:00,0,0,0,0,0.00K,0.00K,River/Stream Gage,Heavy Rain,1.51,W,SPENCER,1.71,WSW,DICKENS,43.15,-95.18,43.1,-95.1,A period of showers and thunderstorms from May 11-14th resulted in locally heavy rainfall that pushed portions of the Little Sioux River into minor flood stage. Flooding was largely limited to agricultural land.,"The Little Sioux River at Spencer, IA rose above flood stage on the morning of May 14 before cresting around 0.89 feet above flood stage (10.89 feet) on May 16th. The river then fell below flood stage on the morning of May 18th.",CSV
2023-05-30 14:44:00,2023-05-30 18:00:00,0 days 03:16:00,179459_0,202305,30,1444,202305,30,1800,179459,1093386,IOWA,19,2023,May,Flash Flood,C,187,WEBSTER,DMX,2023-05-30 14:44:00,CST-6,2023-05-30 18:00:00,0,0,0,0,0.00K,0.00K,Emergency Manager,Heavy Rain,1.23,NW,FT DODGE,1.08,NW,FT DODGE,42.51,-94.2,42.5112,-94.1936,"A weak shortwave passed across the area, coincident with a low level plume of moisture. Moderate instability was in place with CAPE around 1500 J/kg but very weak flow and shear. While this meant that storms generally remained sub severe, the storms were also slow moving. One storm that set up over Fort Doge resulted in heavy rain with over three inches observed in one hour. Flooding occurred throughout the town with several road closures and a few stranded vehicles.",Road closure on N 3rd street due to water collecting on roads.,CSV
2023-05-30 14:44:00,2023-05-30 18:00:00,0 days 03:16:00,179459_0,202305,30,1514,202305,30,1800,179459,1093390,IOWA,19,2023,May,Flash Flood,C,187,WEBSTER,DMX,2023-05-30 15:14:00,CST-6,2023-05-30 18:00:00,0,0,0,0,0.00K,0.00K,Emergency Manager,Heavy Rain,0.69,N,FT DODGE,1.91,ENE,FT DODGE,42.51,-94.18,42.5012,-94.1761,"A weak shortwave passed across the area, coincident with a low level plume of moisture. Moderate instability was in place with CAPE around 1500 J/kg but very weak flow and shear. While this meant that storms generally remained sub severe, the storms were also slow moving. One storm that set up over Fort Doge resulted in heavy rain with over three inches observed in one hour. Flooding occurred throughout the town with several road closures and a few stranded vehicles.","Street flooding at intersection of 6th Ave and 13th St, water up to bumper of car. Other flooded areas included 5th Ave N and 15th St, the 1200 block of Central Ave, and at least 3 bridges in town.",CSV
2023-04-22 18:37:00,2023-04-25 18:37:00,3 days 00:00:00,179763_0,202304,22,1837,202304,30,2359,179763,1094837,IOWA,19,2023,April,Flood,C,61,DUBUQUE,DVN,2023-04-22 18:37:00,CST-6,2023-04-30 23:59:00,0,0,0,0,0.00K,0.00K,River/Stream Gage,Heavy Rain / Snow Melt,2.47,ENE,KEY WEST,2.17,NNE,DUBUQUE,42.4656,-90.6363,42.5393,-90.6437,"Significant flooding occurred on the mainstem Mississippi largely due to the record snowfall this winter in Minnesota and Wisconsin, frozen ground, rapid snowmelt during the middle of April, and saturated soils.  Major flooding was observed at all sites along the Mississippi north of Keokuk Iowa and most sites saw one of their top 10 crests on record.|This flooding had numerous impacts, with many roads, businesses, homes, and people affected.",Rapid snow melt across Minnesota and Wisconsin caused the Mississippi River at Dubuque Lock and Dam 11 to rise above its major flood stage of 20.5 feet during the evening hours of April 22nd. The river crested at 25.59 feet on April 27th.  The river began to gradually fall but remain above major flood stage.,CSV
2023-04-22 18:37:00,2023-04-25 18:37:00,3 days 00:00:00,179763_0,202304,24,1200,202304,30,2359,179763,1097165,IOWA,19,2023,April,Flood,C,163,SCOTT,DVN,2023-04-24 12:00:00,CST-6,2023-04-30 23:59:00,0,0,0,0,0.00K,0.00K,River/Stream Gage,Heavy Rain / Snow Melt,1.26,WSW,RIVERDALE,1.53,SW,RIVERDALE,41.5225,-90.4922,41.5171,-90.4917,"Significant flooding occurred on the mainstem Mississippi largely due to the record snowfall this winter in Minnesota and Wisconsin, frozen ground, rapid snowmelt during the middle of April, and saturated soils.  Major flooding was observed at all sites along the Mississippi north of Keokuk Iowa and most sites saw one of their top 10 crests on record.|This flooding had numerous impacts, with many roads, businesses, homes, and people affected.",The Mississippi River at Rock Island Lock and Dam 15 rose above its major flood stage of 18.0 feet around mid day on  April 24th and continued to rise to its crest of 21.41 on the evening of April 30th.,CSV
2023-04-22 18:37:00,2023-04-25 18:37:00,3 days 00:00:00,179763_0,202304,25,100,202304,30,2359,179763,1094844,IOWA,19,2023,April,Flood,C,97,JACKSON,DVN,2023-04-25 01:00:00,CST-6,2023-04-30 23:59:00,0,0,0,0,0.00K,0.00K,River/Stream Gage,Heavy Rain / Snow Melt,2.62,S,SMITHS FERRY,2.61,W,BELLEVUE,42.2822,-90.4328,42.2727,-90.4297,"Significant flooding occurred on the mainstem Mississippi largely due to the record snowfall this winter in Minnesota and Wisconsin, frozen ground, rapid snowmelt during the middle of April, and saturated soils.  Major flooding was observed at all sites along the Mississippi north of Keokuk Iowa and most sites saw one of their top 10 crests on record.|This flooding had numerous impacts, with many roads, businesses, homes, and people affected.",Rapid snow melt across Minnesota and Wisconsin caused the Mississippi River at Bellevue Lock and Dam 12 to rise above its major flood stage of 20.0 feet during the early morning hours of April 25th. The river crested at 20.87 feet on April 29th.  The river began to gradually fall but remain above major flood stage.,CSV
2023-04-22 18:37:00,2023-04-25 18:37:00,3 days 00:00:00,179763_0,202304,25,800,202304,30,2359,179763,1096722,IOWA,19,2023,April,Flood,C,45,CLINTON,DVN,2023-04-25 08:00:00,CST-6,2023-04-30 23:59:00,0,0,0,0,0.00K,0.00K,River/Stream Gage,Heavy Rain / Snow Melt,2.18,WSW,WEST CLINTON,3.1,SSW,WEST CLINTON,41.8045,-90.237,41.7937,-90.2201,"Significant flooding occurred on the mainstem Mississippi largely due to the record snowfall this winter in Minnesota and Wisconsin, frozen ground, rapid snowmelt during the middle of April, and saturated soils.  Major flooding was observed at all sites along the Mississippi north of Keokuk Iowa and most sites saw one of their top 10 crests on record.|This flooding had numerous impacts, with many roads, businesses, homes, and people affected.",The Mississippi River at Camanche rose above its major flood stage of 20.5 feet during the morning hours of April 25th and continued to rise to its crest of 22.82 on the evening of April 30th. During the early morning hours of April 30th there was a minor breech of the levee near the marina at 2nd street and 4th Avenue. The breech was quickly brought under control according to media reports.,CSV
2023-04-22 18:37:00,2023-04-25 18:37:00,3 days 00:00:00,179763_0,202304,25,800,202304,30,2359,179763,1096729,IOWA,19,2023,April,Flood,C,163,SCOTT,DVN,2023-04-25 08:00:00,CST-6,2023-04-30 23:59:00,0,0,0,0,0.00K,0.00K,River/Stream Gage,Heavy Rain / Snow Melt,3.57,WNW,LE CLAIRE,3.35,WSW,LE CLAIRE,41.6153,-90.3461,41.5881,-90.3531,"Significant flooding occurred on the mainstem Mississippi largely due to the record snowfall this winter in Minnesota and Wisconsin, frozen ground, rapid snowmelt during the middle of April, and saturated soils.  Major flooding was observed at all sites along the Mississippi north of Keokuk Iowa and most sites saw one of their top 10 crests on record.|This flooding had numerous impacts, with many roads, businesses, homes, and people affected.",The Mississippi River at Le Claire Lock and Dam 14 rose above its major flood stage of 13.5 feet during the morning hours of April 25th and continued to rise to its crest of 16.12 on the evening of April 30th.,CSV
2023-04-26 04:00:00,2023-04-29 04:00:00,3 days 00:00:00,179763_1,202304,26,400,202304,30,2359,179763,1097156,IOWA,19,2023,April,Flood,C,115,LOUISA,DVN,2023-04-26 04:00:00,CST-6,2023-04-30 23:59:00,0,0,0,0,0.00K,0.00K,River/Stream Gage,Heavy Rain / Snow Melt,3.12,ENE,TOOLESBORO,2.98,NE,OAKVILLE,41.1648,-91.0134,41.1372,-90.9772,"Significant flooding occurred on the mainstem Mississippi largely due to the record snowfall this winter in Minnesota and Wisconsin, frozen ground, rapid snowmelt during the middle of April, and saturated soils.  Major flooding was observed at all sites along the Mississippi north of Keokuk Iowa and most sites saw one of their top 10 crests on record.|This flooding had numerous impacts, with many roads, businesses, homes, and people affected.","The Mississippi River at New Boston rose above its major flood stage of 18.5 feet during the early morning hours of April 26th,  The river continued to rise to 20.6 feet late in the day on April 30th.|The Mississippi River at Keithsburg rose above its major flood stage of 17.0 feet during the early morning hours of April 26th and continued to rise to 18.88 feet by the end of the month.",CSV
2023-04-26 04:00:00,2023-04-29 04:00:00,3 days 00:00:00,179763_1,202304,26,1300,202304,30,2359,179763,1097150,IOWA,19,2023,April,Flood,C,139,MUSCATINE,DVN,2023-04-26 13:00:00,CST-6,2023-04-30 23:59:00,0,0,0,0,0.00K,0.00K,River/Stream Gage,Heavy Rain / Snow Melt,2.29,ENE,MUSCATINE,0.95,ENE,MUSCATINE,41.4365,-91.0118,41.4275,-91.009,"Significant flooding occurred on the mainstem Mississippi largely due to the record snowfall this winter in Minnesota and Wisconsin, frozen ground, rapid snowmelt during the middle of April, and saturated soils.  Major flooding was observed at all sites along the Mississippi north of Keokuk Iowa and most sites saw one of their top 10 crests on record.|This flooding had numerous impacts, with many roads, businesses, homes, and people affected.",The Mississippi River at Muscatine rose above its major flood stage of 20.0 feet during the  afternoon on April 26th and continued to rise to 22.13 feet during the evening hours of April 30th.,CSV
2023-04-26 04:00:00,2023-04-29 04:00:00,3 days 00:00:00,179763_1,202304,26,1900,202304,30,2359,179763,1097160,IOWA,19,2023,April,Flood,C,57,DES MOINES,DVN,2023-04-26 19:00:00,CST-6,2023-04-30 23:59:00,0,0,0,0,0.00K,0.00K,River/Stream Gage,Heavy Rain / Snow Melt,5.35,NNE,BURLINGTON,0.98,NNE,BURLINGTON,40.889,-91.0336,40.8838,-91.0239,"Significant flooding occurred on the mainstem Mississippi largely due to the record snowfall this winter in Minnesota and Wisconsin, frozen ground, rapid snowmelt during the middle of April, and saturated soils.  Major flooding was observed at all sites along the Mississippi north of Keokuk Iowa and most sites saw one of their top 10 crests on record.|This flooding had numerous impacts, with many roads, businesses, homes, and people affected.",The Mississippi River at Burlington rose above its major flood stage of 18.0 feet during the evening hours of April 26th.  The river continues to rise to 19.68 feet on the evening of April 30th.|The Mississippi River at Gladstone rose above its major flood stage of 14 feet during the early morning hours of April 27th. It continued to rise to 15.6 feet during the evening hours of April 30th.,CSV
2023-04-26 04:00:00,2023-04-29 04:00:00,3 days 00:00:00,179763_1,202304,27,400,202304,30,2359,179763,1097186,IOWA,19,2023,April,Flood,C,57,DES MOINES,DVN,2023-04-27 04:00:00,CST-6,2023-04-30 23:59:00,0,0,0,0,0.00K,0.00K,River/Stream Gage,Heavy Rain / Snow Melt,5.76,SSE,KINGSTON,4.85,NNE,BURLINGTON,40.8984,-91.0073,40.87,-91.0424,"Significant flooding occurred on the mainstem Mississippi largely due to the record snowfall this winter in Minnesota and Wisconsin, frozen ground, rapid snowmelt during the middle of April, and saturated soils.  Major flooding was observed at all sites along the Mississippi north of Keokuk Iowa and most sites saw one of their top 10 crests on record.|This flooding had numerous impacts, with many roads, businesses, homes, and people affected.",The Mississippi River at Gladstone rose above its major flood stage of 14 feet during the early morning hours of April 27th. It continued to rise to 15.6 feet during the evening hours of April 30th.,CSV
2023-05-12 22:30:00,2023-05-12 23:30:00,0 days 01:00:00,180146_0,202305,12,2230,202305,12,2330,180146,1097604,IOWA,19,2023,May,Flash Flood,C,85,HARRISON,OAX,2023-05-12 22:30:00,CST-6,2023-05-12 23:30:00,0,0,0,0,500.00K,0.00K,Department of Highways,Heavy Rain,2.31,SSE,PISGAH,2.08,SE,PISGAH,41.8,-95.91,41.8149,-95.9081,"A strong low-pressure system which had been moving slowly off the lee side of the Rocky Mountains had finally progressed into central Nebraska. This left western Iowa in the warm sector as a warm front moved north into the area. The SPC issued an Enhanced Risk for severe weather with a 30% hatched for severe hail. The severe weather mostly stayed west of the Missouri River. In Iowa, there was one report for a severe wind gust. The most impactful weather was a line of training storms that lead to flash flooding in Harrison County that caused significant damage.","Forest Service reported up to two dozen culverts washed out and six county roads that were partially or fully washed out. Large trees were washed into fields and there was significant damage to farm fields in several areas in the counties. There are significant areas of crop fields that likely lost in excess of 100 tons per acre from that one heavy rain event. The county estimated the damage to be approximately $400,000-$600,000.",CSV
2023-05-01 00:00:00,2023-05-04 00:00:00,3 days 00:00:00,180664_0,202305,1,0,202305,15,445,180664,1100279,IOWA,19,2023,May,Flood,C,43,CLAYTON,ARX,2023-05-01 00:00:00,CST-6,2023-05-15 04:45:00,0,0,0,0,0.00K,0.00K,Official NWS Observations,Heavy Rain / Snow Melt,0.74,NNE,MC GREGOR,0.48,SSE,MARQUETTE,43.0296,-91.1737,43.0405,-91.1769,"The combination of heavy rain and anomalously warm temperatures melting a deeper than average snowpack during April resulted in third to fifth highest crests on record and moderate to major flooding at sites along the Upper Mississippi River in Iowa. Initial minor flood stage was reached in the middle of April with near record crests towards the end of April. In response to the flooding a Proclamation of Disaster Emergency was issued for counties along the Mississippi River by the Governor of Iowa. Drier conditions for the latter half of April and well below normal rainfall through May allowed the Upper Mississippi River to steadily recede, dropping below minor flood stage at sites along the Mississippi River in Iowa in the middle of May.",Significant upstream runoff from the combination of heavy rainfall and rapidly melting snow resulted in the third highest crest on record at the McGregor Dam towards the end of April. Subsequent dry conditions allowed the Mississippi River to slowly recede and drop below minor flood stage at the McGregor Dam on May 15th.,CSV
2023-05-01 00:00:00,2023-05-04 00:00:00,3 days 00:00:00,180664_0,202305,1,0,202305,4,1600,180664,1100283,IOWA,19,2023,May,Flood,C,5,ALLAMAKEE,ARX,2023-05-01 00:00:00,CST-6,2023-05-04 16:00:00,0,0,0,0,0.00K,0.00K,Official NWS Observations,Heavy Rain / Snow Melt,3.01,SE,LANSING,2.56,SE,LANSING,43.3477,-91.1897,43.3459,-91.1961,"The combination of heavy rain and anomalously warm temperatures melting a deeper than average snowpack during April resulted in third to fifth highest crests on record and moderate to major flooding at sites along the Upper Mississippi River in Iowa. Initial minor flood stage was reached in the middle of April with near record crests towards the end of April. In response to the flooding a Proclamation of Disaster Emergency was issued for counties along the Mississippi River by the Governor of Iowa. Drier conditions for the latter half of April and well below normal rainfall through May allowed the Upper Mississippi River to steadily recede, dropping below minor flood stage at sites along the Mississippi River in Iowa in the middle of May.",Significant upstream runoff from the combination of heavy rainfall and rapidly melting snow resulted in the fourth highest crest on record in Lansing towards the end of April. Subsequent dry conditions allowed the Mississippi River to slowly recede and drop below minor flood stage in Lansing on May 4th.,CSV
2023-05-01 00:00:00,2023-05-04 00:00:00,3 days 00:00:00,180664_0,202305,1,0,202305,11,500,180664,1100281,IOWA,19,2023,May,Flood,C,43,CLAYTON,ARX,2023-05-01 00:00:00,CST-6,2023-05-11 05:00:00,0,0,0,0,0.00K,0.00K,Official NWS Observations,Heavy Rain / Snow Melt,0.21,W,GUTTENBERG ARPT,0.4,ENE,GUTTENBERG ARPT,42.8205,-91.104,42.8264,-91.0825,"The combination of heavy rain and anomalously warm temperatures melting a deeper than average snowpack during April resulted in third to fifth highest crests on record and moderate to major flooding at sites along the Upper Mississippi River in Iowa. Initial minor flood stage was reached in the middle of April with near record crests towards the end of April. In response to the flooding a Proclamation of Disaster Emergency was issued for counties along the Mississippi River by the Governor of Iowa. Drier conditions for the latter half of April and well below normal rainfall through May allowed the Upper Mississippi River to steadily recede, dropping below minor flood stage at sites along the Mississippi River in Iowa in the middle of May.",Significant upstream runoff from the combination of heavy rainfall and rapidly melting snow resulted in the third highest crest on record at the Guttenberg Dam towards the end of April. Subsequent dry conditions allowed the Mississippi River to slowly recede and drop below minor flood stage at the Guttenberg Dam on May 11th.,CSV
2023-05-14 22:00:00,2023-05-16 23:15:00,2 days 01:15:00,180705_0,202305,14,2200,202305,15,930,180705,1100497,IOWA,19,2023,May,Flood,C,131,MITCHELL,ARX,2023-05-14 22:00:00,CST-6,2023-05-15 09:30:00,0,0,0,0,0.00K,0.00K,Official NWS Observations,Heavy Rain,3.61,SSW,NEW HAVEN,3.74,SSW,NEW HAVEN,43.2293,-92.6677,43.2256,-92.6692,"Four consecutive days of light to heavy rainfall events during the middle of May resulted in near 1.5 inches and some minor flooding along the more narrow, shallow rivers in northeast Iowa. Initial light to moderate rainfall on May 12th quenched soils from a drier than normal spring, while subsequent storms over the weekend of May 13th-14th resulted in rapid runoff and minor flooding along the Little Cedar and Turkey Rivers. Along the Little Cedar River, the highest realized height above flood stage occurred in Nashua (Chickasaw County) on May 16th with 0.94 feet. Along the Turkey River, the river gauge in Cresco (Howard County) crested 0.57 feet above flood stage on May 15th.","Significant runoff from heavy rainfall upstream resulted in a rapid rise of water and minor flooding along the Little Cedar River near Orchard on May 15th. Minor flooding was initially realized late on May 14th, with the river cresting 0.51 feet above flood stage of 1081.5 feet above sea level during the early morning of May 15th. It then fell below flood stage later that morning.",CSV
2023-05-14 22:00:00,2023-05-16 23:15:00,2 days 01:15:00,180705_0,202305,14,2200,202305,15,930,180705,1100492,IOWA,19,2023,May,Flood,C,89,HOWARD,ARX,2023-05-14 22:00:00,CST-6,2023-05-15 09:30:00,0,0,0,0,0.00K,0.00K,Official NWS Observations,Heavy Rain,3.32,ESE,VERNON SPGS,2.93,SE,CRESCO MUNI ARPT,43.3324,-92.0885,43.3292,-92.0807,"Four consecutive days of light to heavy rainfall events during the middle of May resulted in near 1.5 inches and some minor flooding along the more narrow, shallow rivers in northeast Iowa. Initial light to moderate rainfall on May 12th quenched soils from a drier than normal spring, while subsequent storms over the weekend of May 13th-14th resulted in rapid runoff and minor flooding along the Little Cedar and Turkey Rivers. Along the Little Cedar River, the highest realized height above flood stage occurred in Nashua (Chickasaw County) on May 16th with 0.94 feet. Along the Turkey River, the river gauge in Cresco (Howard County) crested 0.57 feet above flood stage on May 15th.","Volunteer observers in Howard County reported 0.97 inches of rainfall near Cresco on May 12th as well as minor flooding in low lying areas near Davis Corners on May 14th. As a result of the heavy rain, the Turkey River in Cresco rapidly rose on May 14th, cresting 0.57 feet above minor flood stage of 1128.5 feet above sea level late that night. It then fell below flood stage during the early morning of May 15th.",CSV
2023-05-14 22:00:00,2023-05-16 23:15:00,2 days 01:15:00,180705_0,202305,15,815,202305,15,1630,180705,1100493,IOWA,19,2023,May,Flood,C,191,WINNESHIEK,ARX,2023-05-15 08:15:00,CST-6,2023-05-15 16:30:00,0,0,0,0,0.00K,0.00K,Official NWS Observations,Heavy Rain,7.24,E,PROTIVIN,7.55,E,PROTIVIN,43.2095,-91.957,43.2102,-91.9558,"Four consecutive days of light to heavy rainfall events during the middle of May resulted in near 1.5 inches and some minor flooding along the more narrow, shallow rivers in northeast Iowa. Initial light to moderate rainfall on May 12th quenched soils from a drier than normal spring, while subsequent storms over the weekend of May 13th-14th resulted in rapid runoff and minor flooding along the Little Cedar and Turkey Rivers. Along the Little Cedar River, the highest realized height above flood stage occurred in Nashua (Chickasaw County) on May 16th with 0.94 feet. Along the Turkey River, the river gauge in Cresco (Howard County) crested 0.57 feet above flood stage on May 15th.","Significant runoff from heavy rainfall upstream resulted in rapid rises and minor flooding along the Turkey River in Spillville on May 15th. Minor flooding was initially realized the morning of May 15th, with the river cresting 0.48 feet above flood stage of 9.0 feet during the afternoon of May 15th. It then fell below flood stage that evening.",CSV
2023-05-14 22:00:00,2023-05-16 23:15:00,2 days 01:15:00,180705_0,202305,15,2315,202305,16,1215,180705,1100501,IOWA,19,2023,May,Flood,C,37,CHICKASAW,ARX,2023-05-15 23:15:00,CST-6,2023-05-16 12:15:00,0,0,0,0,0.00K,0.00K,Official NWS Observations,Heavy Rain,0.76,NW,CHICKASAW,0.48,NNW,CHICKASAW,43.0391,-92.5084,43.037,-92.506,"Four consecutive days of light to heavy rainfall events during the middle of May resulted in near 1.5 inches and some minor flooding along the more narrow, shallow rivers in northeast Iowa. Initial light to moderate rainfall on May 12th quenched soils from a drier than normal spring, while subsequent storms over the weekend of May 13th-14th resulted in rapid runoff and minor flooding along the Little Cedar and Turkey Rivers. Along the Little Cedar River, the highest realized height above flood stage occurred in Nashua (Chickasaw County) on May 16th with 0.94 feet. Along the Turkey River, the river gauge in Cresco (Howard County) crested 0.57 feet above flood stage on May 15th.","Significant runoff from heavy rainfall upstream resulted in rapid rises and minor flooding along the Little Cedar River near Ionia on May 16th. Minor flooding was initially realized late on May 15th, with the river cresting 0.68 feet above flood stage of 10.0 feet during the early morning of May 16th. It then fell below flood stage that afternoon.",CSV
2023-05-14 22:00:00,2023-05-16 23:15:00,2 days 01:15:00,180705_0,202305,16,500,202305,16,2315,180705,1100502,IOWA,19,2023,May,Flood,C,37,CHICKASAW,ARX,2023-05-16 05:00:00,CST-6,2023-05-16 23:15:00,0,0,0,0,0.00K,0.00K,Official NWS Observations,Heavy Rain,0.34,SE,NASHUA,0.18,SW,BRADFORD,42.9468,-92.5248,42.9612,-92.5162,"Four consecutive days of light to heavy rainfall events during the middle of May resulted in near 1.5 inches and some minor flooding along the more narrow, shallow rivers in northeast Iowa. Initial light to moderate rainfall on May 12th quenched soils from a drier than normal spring, while subsequent storms over the weekend of May 13th-14th resulted in rapid runoff and minor flooding along the Little Cedar and Turkey Rivers. Along the Little Cedar River, the highest realized height above flood stage occurred in Nashua (Chickasaw County) on May 16th with 0.94 feet. Along the Turkey River, the river gauge in Cresco (Howard County) crested 0.57 feet above flood stage on May 15th.","Significant runoff from heavy rainfall upstream resulted in a rapid rise of water and minor flooding along the Little Cedar River near Nashua on May 16th. Minor flooding was initially realized during the early morning of May 16th, with the river cresting 0.94 feet above flood stage of 954.5 feet above sea level on the afternoon of May 16th. It then fell below flood stage late that night.",CSV
2023-05-13 16:00:00,2023-05-13 18:00:00,0 days 02:00:00,180948_0,202305,13,1600,202305,13,1800,180948,1102014,IOWA,19,2023,May,Flash Flood,C,21,BUENA VISTA,FSD,2023-05-13 16:00:00,CST-6,2023-05-13 18:00:00,0,0,0,0,0.00K,466.00K,Emergency Manager,Heavy Rain,1.67,WSW,ALBERT CITY,1.33,SSW,ALBERT CITY,42.7673,-94.9781,42.6985,-94.9822,"A weakening upper level low pressure area moved into far southeast South Dakota by early evening. Slow moving thunderstorms developed within a very narrow axis which nosed into Buena Vista County, where the environment featured maximized and collocated 0-3km shear and 0-3km CAPE, and resulted in a few brief tornadoes connected with storm development phase.  In addition, very efficient thermodynamic profiles resulted in extremely heavy rainfall rates, with observed rates up to 2 to 3 inches per hour.",Multiple rural roads south of Albert City were inundated by water.,CSV
2023-05-13 16:00:00,2023-05-13 18:00:00,0 days 02:00:00,180948_0,202305,13,1600,202305,13,1700,180948,1102029,IOWA,19,2023,May,Flash Flood,C,21,BUENA VISTA,FSD,2023-05-13 16:00:00,CST-6,2023-05-13 17:00:00,0,0,0,0,0.00K,0.00K,Emergency Manager,Heavy Rain,0.33,S,ALBERT CITY,0.09,SSE,ALBERT CITY,42.7753,-94.9502,42.7768,-94.9477,"A weakening upper level low pressure area moved into far southeast South Dakota by early evening. Slow moving thunderstorms developed within a very narrow axis which nosed into Buena Vista County, where the environment featured maximized and collocated 0-3km shear and 0-3km CAPE, and resulted in a few brief tornadoes connected with storm development phase.  In addition, very efficient thermodynamic profiles resulted in extremely heavy rainfall rates, with observed rates up to 2 to 3 inches per hour.",Water encroached into several basements around Albert City.,CSV
2023-05-13 16:00:00,2023-05-13 18:00:00,0 days 02:00:00,180948_0,202305,13,1630,202305,13,1800,180948,1102030,IOWA,19,2023,May,Flash Flood,C,21,BUENA VISTA,FSD,2023-05-13 16:30:00,CST-6,2023-05-13 18:00:00,0,0,0,0,10.00K,0.00K,Emergency Manager,Heavy Rain,1.29,NW,MARATHON,1.13,NW,MARATHON,42.8635,-94.9876,42.8632,-94.9854,"A weakening upper level low pressure area moved into far southeast South Dakota by early evening. Slow moving thunderstorms developed within a very narrow axis which nosed into Buena Vista County, where the environment featured maximized and collocated 0-3km shear and 0-3km CAPE, and resulted in a few brief tornadoes connected with storm development phase.  In addition, very efficient thermodynamic profiles resulted in extremely heavy rainfall rates, with observed rates up to 2 to 3 inches per hour.",A basement wall collapsed due to heavy rainfall and resultant flooding. Property damage costs are a rough estimate.,CSV
2023-07-12 07:15:00,2023-07-12 10:15:00,0 days 03:00:00,181954_0,202307,12,715,202307,12,1015,181954,1109656,IOWA,19,2023,July,Flash Flood,C,15,BOONE,DMX,2023-07-12 07:15:00,CST-6,2023-07-12 10:15:00,0,0,0,0,0.00K,0.00K,Trained Spotter,Heavy Rain,2.07,SW,BOONE MUNI ARPT,1.83,SW,BOONE MUNI ARPT,42.03,-93.88,42.0302,-93.8728,"Two rounds of convection moved across Iowa in quick succession beginning in the pre-dawn hours of July 12th. This first was an area of convection that developed along an elevated boundary into northwest Iowa. While this area of storms mainly remained sub-severe, severe hail did fall across central Iowa near 6 am. At the same time a MCS moved out of the Dakotas and into western Iowa, moving quickly and eventually merging with the first area of storms. This second round developed into a line of storms with winds gusting up to 70 mph, fueled by the low level jet. Orientation of 0-3 km shear was favorable for quick spin-ups and two weaker tornadoes did form in Cass county that morning. With deep warm cloud layers over 4000 meters and precipitable water nearing 2, areas that received rain in both rounds received two to four inches by the time storms ended late in the morning. An isolated pocket of four to six inches fell in Greene and Boone counties, creating flash flooding in the area.",Water flowing through the grounds of Boone Speedway.,CSV
2023-08-05 02:15:00,2023-08-08 02:15:00,3 days 00:00:00,184498_0,202308,5,215,202308,30,1030,184498,1129569,IOWA,19,2023,August,Flash Flood,C,111,LEE,DVN,2023-08-05 02:15:00,CST-6,2023-08-30 10:30:00,0,0,0,0,0.00K,0.00K,Law Enforcement,Heavy Rain,1.26,WNW,KEOKUK,2.33,WNW,KEOKUK,40.41,-91.4,40.4055,-91.4014,"A significant rain event occurred late Friday into Saturday across extreme southeast Iowa.  A slow moving mesoscale convective vortex (MCV) tracked over eastern Lee and Des Moines Counties and brought very heavy rain in a short amount of time.  Rainfall amounts between 3 and 9 inches fell in less than 6 hours, which caused many stalled vehicles and several water rescues in Keokuk, Iowa.  Other towns that received heavy rain were Fort Madison, Iowa and Burlington, Iowa.||A new daily rainfall record of 6.14 of rain occurred in Burlington, which broke the previous record of 2.03 back in 1903.  This record also is the second highest daily rainfall on any given day in Burlington.  The wettest day was 6.28 on June 29th, 1933.",Law Enforcement reported several stalled vehicles and water rescues by first responders in town in the past 2 to 3 hours. There was 4 to 5 feet of water reported on many roads and streets.,CSV
2023-08-05 02:15:00,2023-08-08 02:15:00,3 days 00:00:00,184498_0,202308,5,530,202308,5,1030,184498,1129570,IOWA,19,2023,August,Flash Flood,C,111,LEE,DVN,2023-08-05 05:30:00,CST-6,2023-08-05 10:30:00,0,0,0,0,0.00K,0.00K,Emergency Manager,Heavy Rain,0.87,SW,WEVER,0.58,SW,WEVER,40.71,-91.24,40.709,-91.2507,"A significant rain event occurred late Friday into Saturday across extreme southeast Iowa.  A slow moving mesoscale convective vortex (MCV) tracked over eastern Lee and Des Moines Counties and brought very heavy rain in a short amount of time.  Rainfall amounts between 3 and 9 inches fell in less than 6 hours, which caused many stalled vehicles and several water rescues in Keokuk, Iowa.  Other towns that received heavy rain were Fort Madison, Iowa and Burlington, Iowa.||A new daily rainfall record of 6.14 of rain occurred in Burlington, which broke the previous record of 2.03 back in 1903.  This record also is the second highest daily rainfall on any given day in Burlington.  The wettest day was 6.28 on June 29th, 1933.","The Emergency Manager reported that a drainage ditch was out of its banks, causing flooding. The time of the event was when the picture was taken.",CSV
2023-08-05 11:02:00,2023-08-05 18:30:00,0 days 07:28:00,184558_0,202308,5,1102,202308,5,1200,184558,1129838,IOWA,19,2023,August,Flood,C,141,O'BRIEN,FSD,2023-08-05 11:02:00,CST-6,2023-08-05 12:00:00,0,0,0,0,0.00K,0.00K,Public,Heavy Rain,0.24,ENE,SANBORN,1.42,SSE,SANBORN,43.181,-95.6655,43.1755,-95.6662,"An outflow boundary from earlier day convection focused a gradient of instability and storm development with additional destabilization from heating by early afternoon. Boundary interactions from sluggish storms led to training of heavy rainfall cores, as well as a couple brief tornadoes. Extensive flooding resulted in a state disaster declaration for Sioux County.",Several yards flooded due to a small creek overflowing.,CSV
2023-08-05 11:02:00,2023-08-05 18:30:00,0 days 07:28:00,184558_0,202308,5,1421,202308,5,1730,184558,1129822,IOWA,19,2023,August,Flash Flood,C,167,SIOUX,FSD,2023-08-05 14:21:00,CST-6,2023-08-05 17:30:00,0,0,0,0,100.00K,0.00K,Law Enforcement,Heavy Rain,0.36,ENE,SIOUX CENTER,0.98,SSE,SIOUX CENTER,43.0814,-96.173,43.0747,-96.1779,"An outflow boundary from earlier day convection focused a gradient of instability and storm development with additional destabilization from heating by early afternoon. Boundary interactions from sluggish storms led to training of heavy rainfall cores, as well as a couple brief tornadoes. Extensive flooding resulted in a state disaster declaration for Sioux County.","A no travel advised order was put out with numerous roads under significant flowing water up to mid-vehicle depth, including 2nd Avenue SE near New Age Church and 4th Avenue SE near Children's Park. Property damage costs are rough estimates.",CSV
2023-08-05 11:02:00,2023-08-05 18:30:00,0 days 07:28:00,184558_0,202308,5,1432,202308,5,1700,184558,1129823,IOWA,19,2023,August,Flash Flood,C,167,SIOUX,FSD,2023-08-05 14:32:00,CST-6,2023-08-05 17:00:00,0,0,0,0,5.00K,0.00K,Law Enforcement,Heavy Rain,0.51,NNW,ROCK VLY,0.39,NW,ROCK VLY,43.2071,-96.3027,43.2033,-96.3054,"An outflow boundary from earlier day convection focused a gradient of instability and storm development with additional destabilization from heating by early afternoon. Boundary interactions from sluggish storms led to training of heavy rainfall cores, as well as a couple brief tornadoes. Extensive flooding resulted in a state disaster declaration for Sioux County.","Significant water was ponded or flowing on Main Street by 12th Street, and also along 14th Street from 10th Avenue to 12th Avenue. Property damage costs are rough estimates.",CSV
2023-08-05 11:02:00,2023-08-05 18:30:00,0 days 07:28:00,184558_0,202308,5,1440,202308,5,1640,184558,1129826,IOWA,19,2023,August,Flash Flood,C,167,SIOUX,FSD,2023-08-05 14:40:00,CST-6,2023-08-05 16:40:00,0,0,0,0,0.00K,0.00K,Department of Highways,Heavy Rain,1.43,NNW,SIOUX CENTER,1.48,S,SIOUX CENTER,43.0999,-96.1879,43.0389,-96.1858,"An outflow boundary from earlier day convection focused a gradient of instability and storm development with additional destabilization from heating by early afternoon. Boundary interactions from sluggish storms led to training of heavy rainfall cores, as well as a couple brief tornadoes. Extensive flooding resulted in a state disaster declaration for Sioux County.",U.S. Highway 75 was blocked in both directions due to significant standing water between County Road B30 and County Road B46.,CSV
2023-08-05 11:02:00,2023-08-05 18:30:00,0 days 07:28:00,184558_0,202308,5,1449,202308,5,1630,184558,1129830,IOWA,19,2023,August,Flash Flood,C,167,SIOUX,FSD,2023-08-05 14:49:00,CST-6,2023-08-05 16:30:00,0,0,0,0,1.50M,0.00K,Law Enforcement,Heavy Rain,0.74,NW,SIOUX CENTER,0.35,W,SIOUX CENTER,43.0886,-96.1886,43.0807,-96.1866,"An outflow boundary from earlier day convection focused a gradient of instability and storm development with additional destabilization from heating by early afternoon. Boundary interactions from sluggish storms led to training of heavy rainfall cores, as well as a couple brief tornadoes. Extensive flooding resulted in a state disaster declaration for Sioux County.",Water ponding in the area of Central Park overflowed roadways and entered the Sioux Center Fire Department building. Two homes suffered the collapse of basement walls from the high water. Water also inundated a transformer which cut off power to seven homes in the northwest part of town. Seven trailers were evacuated due to high water in Westbrook Village on the northwest edge of town. More than two dozen vehicles were stranded in high water. Damage costs are rough estimates.,CSV
2023-08-05 11:02:00,2023-08-05 18:30:00,0 days 07:28:00,184558_0,202308,5,1449,202308,5,1630,184558,1129831,IOWA,19,2023,August,Flash Flood,C,167,SIOUX,FSD,2023-08-05 14:49:00,CST-6,2023-08-05 16:30:00,0,0,0,0,0.00K,0.00K,Law Enforcement,Heavy Rain,0.54,N,ROCK VLY,0.74,W,ROCK VLY,43.2078,-96.3001,43.1995,-96.3065,"An outflow boundary from earlier day convection focused a gradient of instability and storm development with additional destabilization from heating by early afternoon. Boundary interactions from sluggish storms led to training of heavy rainfall cores, as well as a couple brief tornadoes. Extensive flooding resulted in a state disaster declaration for Sioux County.",Numerous roads impassible around Rock Valley due to very high water.,CSV
2023-08-05 11:02:00,2023-08-05 18:30:00,0 days 07:28:00,184558_0,202308,5,1615,202308,5,1800,184558,1129833,IOWA,19,2023,August,Flash Flood,C,167,SIOUX,FSD,2023-08-05 16:15:00,CST-6,2023-08-05 18:00:00,0,0,0,0,0.00K,0.00K,Public,Heavy Rain,0.92,NNW,BOYDEN,0.97,NW,BOYDEN,43.1929,-96.0048,43.189,-96.011,"An outflow boundary from earlier day convection focused a gradient of instability and storm development with additional destabilization from heating by early afternoon. Boundary interactions from sluggish storms led to training of heavy rainfall cores, as well as a couple brief tornadoes. Extensive flooding resulted in a state disaster declaration for Sioux County.",Rainfall up to seven inches in around 2 hours produced significant street flooding around town.,CSV
2023-08-05 11:02:00,2023-08-05 18:30:00,0 days 07:28:00,184558_0,202308,5,1638,202308,5,1830,184558,1129835,IOWA,19,2023,August,Flash Flood,C,167,SIOUX,FSD,2023-08-05 16:38:00,CST-6,2023-08-05 18:30:00,0,0,0,0,0.00K,0.00K,Department of Highways,Heavy Rain,0.56,NNE,BOYDEN,0.4,WNW,BOYDEN,43.1878,-95.9971,43.1895,-96.0443,"An outflow boundary from earlier day convection focused a gradient of instability and storm development with additional destabilization from heating by early afternoon. Boundary interactions from sluggish storms led to training of heavy rainfall cores, as well as a couple brief tornadoes. Extensive flooding resulted in a state disaster declaration for Sioux County.",U.S. Highway 18 was closed in both directions between County Road K64 and County Road L14 due to significant standing water over the highway.,CSV
2024-04-30 19:00:00,2024-04-30 23:59:00,0 days 04:59:00,189673_0,202404,30,1900,202404,30,2359,189673,1166181,IOWA,19,2024,April,Flood,C,41,CLAY,FSD,2024-04-30 19:00:00,CST-6,2024-04-30 23:59:00,0,0,0,0,0.00K,0.00K,River/Stream Gage,Heavy Rain,4.79,W,FOSTORIA,0.6,NE,EVERLY,43.2554,-95.2648,43.21,-95.28,A wet last week of April resulted in saturated conditions and rising stream levels across portions of northwest Iowa. This helped push the Upper Little Sioux River between Milford and Spencer into Minor flood stage at the end of the month.,"The Little Sioux River near Milford, IA rose above flood stage on the evening of April 30th with minor flooding continuing into May.",CSV
2024-04-30 19:00:00,2024-04-30 23:59:00,0 days 04:59:00,189673_0,202404,30,1900,202404,30,2359,189673,1166182,IOWA,19,2024,April,Flood,C,59,DICKINSON,FSD,2024-04-30 19:00:00,CST-6,2024-04-30 23:59:00,0,0,0,0,0.00K,0.00K,River/Stream Gage,Heavy Rain,3.77,WSW,MONTGOMERY,1.47,SW,FULLER FLD ARPT,43.41,-95.27,43.2594,-95.25,A wet last week of April resulted in saturated conditions and rising stream levels across portions of northwest Iowa. This helped push the Upper Little Sioux River between Milford and Spencer into Minor flood stage at the end of the month.,"The Little Sioux River near Milford, IA rose above flood stage on the evening of April 30th with minor flooding continuing into May.",CSV
2024-04-30 19:00:00,2024-04-30 23:59:00,0 days 04:59:00,189673_0,202404,30,2100,202404,30,2359,189673,1166183,IOWA,19,2024,April,Flood,C,41,CLAY,FSD,2024-04-30 21:00:00,CST-6,2024-04-30 23:59:00,0,0,0,0,0.00K,0.00K,River/Stream Gage,Heavy Rain,1.51,W,SPENCER,1.71,WSW,DICKENS,43.15,-95.18,43.1,-95.1,A wet last week of April resulted in saturated conditions and rising stream levels across portions of northwest Iowa. This helped push the Upper Little Sioux River between Milford and Spencer into Minor flood stage at the end of the month.,"The Little Sioux River at Spencer, IA rose above flood stage on the evening of April 30th with minor flooding continuing into May.",CSV
2024-05-21 14:00:00,2024-05-21 23:00:00,0 days 09:00:00,190075_0,202405,21,1400,202405,21,2300,190075,1168813,IOWA,19,2024,May,Flood,C,21,BUENA VISTA,FSD,2024-05-21 14:00:00,CST-6,2024-05-21 23:00:00,0,0,0,0,85.00K,0.00K,Emergency Manager,Heavy Rain,4.96,WNW,LINN GROVE,1.68,WSW,LINN GROVE,42.8956,-95.3455,42.8641,-95.3438,"Multiple rounds of thunderstorms during the May 19th through 21st timeframe produced areas of heavy rainfall across the region. As much as 2 to 4 inches of rain fell during the 3 day period. Ponding of water in fields and low lying areas was common with largely saturated soils already in place prior to the additional rainfall. Some gravel roads were also inundated, mainly across northern Buena Vista County. Rises along waterways through the Little Sioux River Basin also occurred.","Multiple rounds of thunderstorms, along with already saturated ground, resulted in significant ponding of water in fields and low lying areas. A few county gravel roads were also briefly inundated after the heaviest rain the afternoon of May 21st requiring minor repair to the gravel surface. Water was also reported in some basements in the Linn Grove area due to a high water table. No reports of damage or impacts to structures from surface water flooding were received. Property damage costs are a rough estimate.",CSV
2024-05-31 17:00:00,2024-05-31 23:00:00,0 days 06:00:00,190511_0,202405,31,1700,202405,31,2300,190511,1171084,IOWA,19,2024,May,Flood,C,141,O'BRIEN,FSD,2024-05-31 17:00:00,CST-6,2024-05-31 23:00:00,0,0,0,0,0.00K,0.00K,Emergency Manager,Heavy Rain,4.98,NNW,RITTER,10.19,WSW,SHELDON,43.3121,-95.8803,43.1768,-95.8858,"Scattered thunderstorms during the afternoon and evening hours produced pockets of heavy rainfall and very efficient rainfall rates. This resulted in localized flash flooding reports across far southeast South Dakota, far northeast Nebraska, and northwest Iowa. Even after the heaviest rainfall rates had ended, a stripe of prolonged moderate rainfall resulted in excessive ponding and some minor flooding of rural roads.","A period of thunderstorms, followed by multiple hours of persistent moderate rainfall, resulted in excessive ponding of water in fields and rural roads. This included water over the road near the intersection of Nest Ave and 310th St. Rainfall totals through the entire event were reported between 2 to 4.5 inches.",CSV
2024-05-01 00:00:00,2024-05-04 00:00:00,3 days 00:00:00,190777_0,202405,1,0,202405,17,1300,190777,1173362,IOWA,19,2024,May,Flood,C,41,CLAY,FSD,2024-05-01 00:00:00,CST-6,2024-05-17 13:00:00,0,0,0,0,0.00K,0.00K,River/Stream Gage,Heavy Rain,1.51,W,SPENCER,1.71,WSW,DICKENS,43.15,-95.18,43.1,-95.1,A wet last week of April resulted in saturated conditions and rising stream levels across portions of northwest Iowa. This helped push the Upper Little Sioux River between Milford and Spencer into Minor flood stage at the end of April which continued into May. These high flows translated downstream toward Linn Grove and Cherokee into the first week of May.,"Flooding on the Little Sioux River near Spencer continued from late April, cresting around 3.34 feet above flood stage (13.34 feet) on May 10th. The river then briefly fell below flood stage the afternoon of May 17th.",CSV
2024-05-01 00:00:00,2024-05-04 00:00:00,3 days 00:00:00,190777_0,202405,1,0,202405,15,100,190777,1173361,IOWA,19,2024,May,Flood,C,41,CLAY,FSD,2024-05-01 00:00:00,CST-6,2024-05-15 01:00:00,0,0,0,0,0.00K,0.00K,River/Stream Gage,Heavy Rain,4.79,W,FOSTORIA,0.6,NE,EVERLY,43.2554,-95.2648,43.21,-95.28,A wet last week of April resulted in saturated conditions and rising stream levels across portions of northwest Iowa. This helped push the Upper Little Sioux River between Milford and Spencer into Minor flood stage at the end of April which continued into May. These high flows translated downstream toward Linn Grove and Cherokee into the first week of May.,"Flooding on the Little Sioux River near Milford continued from late April, cresting around 2.28 feet above flood stage (14.28 feet) on May 9th. This crest is in the Moderate Stage. The river then fell below flood stage during the early morning of May 15th.",CSV
2024-05-01 00:00:00,2024-05-04 00:00:00,3 days 00:00:00,190777_0,202405,1,0,202405,15,100,190777,1173360,IOWA,19,2024,May,Flood,C,59,DICKINSON,FSD,2024-05-01 00:00:00,CST-6,2024-05-15 01:00:00,0,0,0,0,0.00K,0.00K,River/Stream Gage,Heavy Rain,3.77,WSW,MONTGOMERY,1.47,SW,FULLER FLD ARPT,43.41,-95.27,43.2554,-95.2648,A wet last week of April resulted in saturated conditions and rising stream levels across portions of northwest Iowa. This helped push the Upper Little Sioux River between Milford and Spencer into Minor flood stage at the end of April which continued into May. These high flows translated downstream toward Linn Grove and Cherokee into the first week of May.,"Flooding on the Little Sioux River near Milford continued from late April, cresting around 2.28 feet above flood stage (14.28 feet) on May 9th. This crest is in the Moderate Stage. The river then fell below flood stage during the early morning of May 15th.",CSV
2024-05-01 00:00:00,2024-05-04 00:00:00,3 days 00:00:00,190777_0,202405,2,700,202405,12,2100,190777,1173367,IOWA,19,2024,May,Flood,C,41,CLAY,FSD,2024-05-02 07:00:00,CST-6,2024-05-12 21:00:00,0,0,0,0,0.00K,0.00K,River/Stream Gage,Heavy Rain,3.42,SE,EVERLY,3.02,SW,SPENCER,43.13,-95.29,43.11,-95.2,A wet last week of April resulted in saturated conditions and rising stream levels across portions of northwest Iowa. This helped push the Upper Little Sioux River between Milford and Spencer into Minor flood stage at the end of April which continued into May. These high flows translated downstream toward Linn Grove and Cherokee into the first week of May.,"The Ocheyedan River near Spencer rose above flood stage the morning of May 2nd, cresting around 2.16 feet above flood stage (10.16 feet) on May 9th. This crest is in the Moderate Stage. The river then fell below flood stage on the evening of May 12th.",CSV
2024-05-01 00:00:00,2024-05-04 00:00:00,3 days 00:00:00,190777_0,202405,2,1200,202405,14,1300,190777,1173363,IOWA,19,2024,May,Flood,C,41,CLAY,FSD,2024-05-02 12:00:00,CST-6,2024-05-14 13:00:00,0,0,0,0,0.00K,0.00K,River/Stream Gage,Heavy Rain,0.78,WNW,FOSTORIA,2.76,W,FOSTORIA,43.255,-95.184,43.255,-95.2764,A wet last week of April resulted in saturated conditions and rising stream levels across portions of northwest Iowa. This helped push the Upper Little Sioux River between Milford and Spencer into Minor flood stage at the end of April which continued into May. These high flows translated downstream toward Linn Grove and Cherokee into the first week of May.,"The Little Sioux River rose above Spencer rose above flood stage midday on May 2nd, cresting around 1.38 feet above flood stage (1323.38 feet) on May 9th. The river then fell below flood stage on the afternoon of May 14th.",CSV
2024-05-01 00:00:00,2024-05-04 00:00:00,3 days 00:00:00,190777_0,202405,2,1800,202405,15,1500,190777,1173364,IOWA,19,2024,May,Flood,C,35,CHEROKEE,FSD,2024-05-02 18:00:00,CST-6,2024-05-15 15:00:00,0,0,0,0,0.00K,0.00K,River/Stream Gage,Heavy Rain,4.11,NE,LARRABEE,7.61,SE,MARY HILL,42.91,-95.47,42.7,-95.64,A wet last week of April resulted in saturated conditions and rising stream levels across portions of northwest Iowa. This helped push the Upper Little Sioux River between Milford and Spencer into Minor flood stage at the end of April which continued into May. These high flows translated downstream toward Linn Grove and Cherokee into the first week of May.,"The Little Sioux River near Cherokee rose above flood stage the evening of May 2nd, cresting around 3.98 feet above flood stage (20.98 feet) on May 10th. The river then fell below flood stage on the afternoon of May 15th.",CSV
2024-05-01 00:00:00,2024-05-04 00:00:00,3 days 00:00:00,190777_0,202405,2,1800,202405,15,1500,190777,1173365,IOWA,19,2024,May,Flood,C,141,O'BRIEN,FSD,2024-05-02 18:00:00,CST-6,2024-05-15 15:00:00,0,0,0,0,0.00K,0.00K,River/Stream Gage,Heavy Rain,3.61,E,SUTHERLAND,6.94,SE,SUTHERLAND,42.96,-95.43,42.9365,-95.439,A wet last week of April resulted in saturated conditions and rising stream levels across portions of northwest Iowa. This helped push the Upper Little Sioux River between Milford and Spencer into Minor flood stage at the end of April which continued into May. These high flows translated downstream toward Linn Grove and Cherokee into the first week of May.,"The Little Sioux River near Cherokee rose above flood stage the evening of May 2nd, cresting around 3.98 feet above flood stage (20.98 feet) on May 10th. The river then fell below flood stage on the afternoon of May 15th.",CSV
2024-05-21 14:00:00,2024-05-24 14:00:00,3 days 00:00:00,191512_0,202405,21,1400,202405,31,2359,191512,1179174,IOWA,19,2024,May,Flood,C,41,CLAY,FSD,2024-05-21 14:00:00,CST-6,2024-05-31 23:59:00,0,0,0,0,0.00K,0.00K,River/Stream Gage,Heavy Rain,1.51,W,SPENCER,1.71,WSW,DICKENS,43.15,-95.18,43.1,-95.1,Another wet period during the mid to later part of May drove portions of the upper and middle Little Sioux Basin back above flood stage after only briefly falling below flood stage just a handful of days early.,"The Little Sioux River at Spencer rose above flood stage the afternoon of May 21st, cresting around 2.06 feet above flood stage (12.06 feet) on May 24th. The river remained above flood stage into the month of June.",CSV
2024-05-21 14:00:00,2024-05-24 14:00:00,3 days 00:00:00,191512_0,202405,21,1800,202405,22,300,191512,1179177,IOWA,19,2024,May,Flood,C,41,CLAY,FSD,2024-05-21 18:00:00,CST-6,2024-05-22 03:00:00,0,0,0,0,0.00K,0.00K,River/Stream Gage,Heavy Rain,2.05,SW,ROSSIE,2.05,SSW,ROSSIE,43.0,-95.21,42.98,-95.2,Another wet period during the mid to later part of May drove portions of the upper and middle Little Sioux Basin back above flood stage after only briefly falling below flood stage just a handful of days early.,"Willow Creek near Cornell rose above flood stage the evening of May 21st, cresting around 1.70 feet above flood stage (91.7 feet) on May 22nd. The river then fell below flood stage on the morning of May 22nd.",CSV
2024-05-21 14:00:00,2024-05-24 14:00:00,3 days 00:00:00,191512_0,202405,22,200,202405,28,300,191512,1179170,IOWA,19,2024,May,Flood,C,35,CHEROKEE,FSD,2024-05-22 02:00:00,CST-6,2024-05-28 03:00:00,0,0,0,0,0.00K,0.00K,River/Stream Gage,Heavy Rain,4.11,NE,LARRABEE,7.61,SE,MARY HILL,42.91,-95.47,42.7,-95.64,Another wet period during the mid to later part of May drove portions of the upper and middle Little Sioux Basin back above flood stage after only briefly falling below flood stage just a handful of days early.,"The Little Sioux River at Cherokee rose above flood stage the morning of May 22nd, cresting around 1.38 feet above flood stage (18.38 feet) on May 22nd. The river then fell below flood stage on the morning of May 28th.",CSV
2024-05-21 14:00:00,2024-05-24 14:00:00,3 days 00:00:00,191512_0,202405,22,200,202405,28,300,191512,1179172,IOWA,19,2024,May,Flood,C,141,O'BRIEN,FSD,2024-05-22 02:00:00,CST-6,2024-05-28 03:00:00,0,0,0,0,0.00K,0.00K,River/Stream Gage,Heavy Rain,3.61,E,SUTHERLAND,6.94,SE,SUTHERLAND,42.96,-95.43,42.9365,-95.439,Another wet period during the mid to later part of May drove portions of the upper and middle Little Sioux Basin back above flood stage after only briefly falling below flood stage just a handful of days early.,"The Little Sioux River at Cherokee rose above flood stage the morning of May 22nd, cresting around 1.38 feet above flood stage (18.38 feet) on May 22nd. The river then fell below flood stage on the morning of May 28th.",CSV
2024-05-21 14:00:00,2024-05-24 14:00:00,3 days 00:00:00,191512_0,202405,22,200,202405,26,1800,191512,1179169,IOWA,19,2024,May,Flood,C,41,CLAY,FSD,2024-05-22 02:00:00,CST-6,2024-05-26 18:00:00,0,0,0,0,0.00K,0.00K,River/Stream Gage,Heavy Rain,3.42,SE,EVERLY,3.02,SW,SPENCER,43.13,-95.29,43.11,-95.2,Another wet period during the mid to later part of May drove portions of the upper and middle Little Sioux Basin back above flood stage after only briefly falling below flood stage just a handful of days early.,"The Ocheyedan River near Spencer rose above flood stage the morning of May 22nd, cresting around 1.3 feet above flood stage (9.30 feet) on May 24th. The river then fell below flood stage on the evening of May 26th.",CSV
2024-05-21 14:00:00,2024-05-24 14:00:00,3 days 00:00:00,191512_0,202405,24,300,202405,31,2359,191512,1179166,IOWA,19,2024,May,Flood,C,59,DICKINSON,FSD,2024-05-24 03:00:00,CST-6,2024-05-31 23:59:00,0,0,0,0,0.00K,0.00K,River/Stream Gage,Heavy Rain,3.77,WSW,MONTGOMERY,1.47,SW,FULLER FLD ARPT,43.41,-95.27,43.2554,-95.2648,Another wet period during the mid to later part of May drove portions of the upper and middle Little Sioux Basin back above flood stage after only briefly falling below flood stage just a handful of days early.,"The Little Sioux River near Milford rose above flood stage the morning of May 24th, and continued to rise into early June.",CSV
2024-05-21 14:00:00,2024-05-24 14:00:00,3 days 00:00:00,191512_0,202405,24,300,202405,31,2359,191512,1179167,IOWA,19,2024,May,Flood,C,41,CLAY,FSD,2024-05-24 03:00:00,CST-6,2024-05-31 23:59:00,0,0,0,0,0.00K,0.00K,River/Stream Gage,Heavy Rain,4.79,W,FOSTORIA,0.59,NE,EVERLY,43.2554,-95.2648,43.21,-95.28,Another wet period during the mid to later part of May drove portions of the upper and middle Little Sioux Basin back above flood stage after only briefly falling below flood stage just a handful of days early.,"The Little Sioux River near Milford rose above flood stage the morning of May 24th, and continued to rise into early June.",CSV
2024-05-24 17:00:00,2024-05-27 17:00:00,3 days 00:00:00,191512_1,202405,24,1700,202405,31,2359,191512,1179168,IOWA,19,2024,May,Flood,C,41,CLAY,FSD,2024-05-24 17:00:00,CST-6,2024-05-31 23:59:00,0,0,0,0,0.00K,0.00K,River/Stream Gage,Heavy Rain,0.78,WNW,FOSTORIA,2.76,W,FOSTORIA,43.255,-95.184,43.255,-95.2764,Another wet period during the mid to later part of May drove portions of the upper and middle Little Sioux Basin back above flood stage after only briefly falling below flood stage just a handful of days early.,"The Little Sioux River above Spencer near Hwy 18 rose above flood stage the afternoon of May 24th, and continued to rise into early June.",CSV
2024-05-21 05:30:00,2024-05-21 07:00:00,0 days 01:30:00,191714_0,202405,21,530,202405,21,700,191714,1181065,IOWA,19,2024,May,Flash Flood,C,155,POTTAWATTAMIE,OAX,2024-05-21 05:30:00,CST-6,2024-05-21 07:00:00,0,0,0,0,75.00K,10.00K,Emergency Manager,Heavy Rain,0.29,NNE,MINDEN,0.63,ENE,MINDEN,41.4741,-95.5486,41.474,-95.5348,"Troughing over the western CONUS brought southwesterly flow aloft over the central and northern Plains for the duration of this event. In the couple of days leading up to May 21st, the upper-level flow pattern amplified as a trough deepened over the northern Rockies. This trough then ejected out into the central Plains on the 21st. At the surface, a stationary front developed and stretched across central Nebraska and southern Iowa by the evening of the 19th. Elevated convection that morning north of the developing surface boundary resulted in isolated instances of severe hail and wind across southeast Nebraska. Additional scattered strong to severe thunderstorms developed along this frontal boundary as it slowly lifted north, with a 64 miles per hour wind gust measured in Lancaster County and golf ball sized hail falling in Clarinda Iowa.|A weak low-pressure system developed the morning of the 20th in response to a shortwave rounding the base of the main trough out west, resulting in a cold front that pushed southeast across South Dakota and central Nebraska that afternoon. This front, however, stalled out across eastern Nebraska and western Iowa that evening, remaining draped across the region that night and into the morning of the 21st. Numerous rounds of strong and severe thunderstorms that night brought widespread severe weather and flash flooding, primarily across east-central Nebraska and southwest Iowa, though some elevated supercells in northeast Nebraska brought small hail to the area. After 10 UTC, an intense line of severe thunderstorms moved across eastern Nebraska and western Iowa bringing wind gusts ranging from 60 to 95 miles per hour, in addition to several spin-up tornadoes.  |As the primary upper level disturbance ejected out over the Great Plains, intense surface cyclogenesis was noted over eastern Nebraska. This resulted in the frontal boundary that had been draped across eastern Nebraska and western Iowa that night prior to be forced northward. By 18 UTC, a strong cold front pushed through southeast Nebraska and into Iowa that afternoon. Scattered supercell thunderstorms developed along this cold front and moved across southeast Nebraska and western Iowa. These supercells became tornadic after crossing the Missouri River into Iowa, with several long-track significant tornadoes being confirmed across the state. In the OAX CWA, the strongest tornado damage confirmed was that consistent of an EF-2 in Montgomery County. This tornado continued into the DMX CWA where it caused EF-3 damage. Another tornado developed in Page County shortly before 3 PM that afternoon. This tornado went on to produce EF-4 damage in the DMX CWA. All in all, over this three-day event, 10 tornadoes were confirmed across the OAX CWA.",The Pottawattamie Emergency Manager reported street flooding throughout the town of Minden. Sewer systems in the city were completely inundated with water flowing over roads at 340th Street between southeast Minden and the Keg Creek Bridge.,CSV
2024-05-20 23:00:00,2024-05-22 20:00:00,1 days 21:00:00,191762_0,202405,20,2300,202405,21,400,191762,1183845,IOWA,19,2024,May,Flash Flood,C,109,KOSSUTH,DMX,2024-05-20 23:00:00,CST-6,2024-05-21 04:00:00,0,0,0,0,0.00K,0.00K,Emergency Manager,Heavy Rain,0.0,N,WESLEY,0.38,N,WESLEY,43.08,-94.0,43.1026,-94.0014,"PLEASE NOTE, for tornadoes, please see separate Storm Data entry for May 21st. ||Multiple rounds of thunderstorms brought torrential rainfall, damaging winds, hail and destructive tornadoes to the state. These thunderstorms were the result of a low pressure system which lifted north into the area on the night of May 20th, 2024, producing slow moving storms that dropped 2 to 4 inches of rainfall. This resulted in flash flooding over portions of northern and central Iowa through the morning of May 21st, 2024. State level damage estimates to public infrastructure exceeded 7 million dollars due to the morning flooding.||Following the heavy rainfall through the morning, skies cleared out ahead of an approaching cold front. By the afternoon hours of May 21st, 2024, this cold front produced a line of strong thunderstorms which produced multiple strong tornadoes throughout the state, including one which led to significant damage in the town of Greenfield, IA, among other locations. This line of storms also produced damaging winds, leading to widespread tree damage and power outages throughout the forecast area.",Significant flash flooding beginning in Wesley.,CSV
2024-05-20 23:00:00,2024-05-22 20:00:00,1 days 21:00:00,191762_0,202405,21,300,202405,21,1015,191762,1183263,IOWA,19,2024,May,Flash Flood,C,77,GUTHRIE,DMX,2024-05-21 03:00:00,CST-6,2024-05-21 10:15:00,0,0,0,0,0.00K,0.00K,Emergency Manager,Heavy Rain,2.14,NNW,FANSLERS,1.94,N,FANSLERS,41.78,-94.48,41.7732,-94.4642,"PLEASE NOTE, for tornadoes, please see separate Storm Data entry for May 21st. ||Multiple rounds of thunderstorms brought torrential rainfall, damaging winds, hail and destructive tornadoes to the state. These thunderstorms were the result of a low pressure system which lifted north into the area on the night of May 20th, 2024, producing slow moving storms that dropped 2 to 4 inches of rainfall. This resulted in flash flooding over portions of northern and central Iowa through the morning of May 21st, 2024. State level damage estimates to public infrastructure exceeded 7 million dollars due to the morning flooding.||Following the heavy rainfall through the morning, skies cleared out ahead of an approaching cold front. By the afternoon hours of May 21st, 2024, this cold front produced a line of strong thunderstorms which produced multiple strong tornadoes throughout the state, including one which led to significant damage in the town of Greenfield, IA, among other locations. This line of storms also produced damaging winds, leading to widespread tree damage and power outages throughout the forecast area.",Emergency manager reports 160th St in the Springbrook State Park area is closed due to water over the road.,CSV
2024-05-20 23:00:00,2024-05-22 20:00:00,1 days 21:00:00,191762_0,202405,21,300,202405,21,1015,191762,1183260,IOWA,19,2024,May,Flash Flood,C,77,GUTHRIE,DMX,2024-05-21 03:00:00,CST-6,2024-05-21 10:15:00,0,0,0,0,0.00K,0.00K,Emergency Manager,Heavy Rain,5.56,ESE,FANSLERS,7.5,ESE,WICHITA,41.72,-94.37,41.7176,-94.5824,"PLEASE NOTE, for tornadoes, please see separate Storm Data entry for May 21st. ||Multiple rounds of thunderstorms brought torrential rainfall, damaging winds, hail and destructive tornadoes to the state. These thunderstorms were the result of a low pressure system which lifted north into the area on the night of May 20th, 2024, producing slow moving storms that dropped 2 to 4 inches of rainfall. This resulted in flash flooding over portions of northern and central Iowa through the morning of May 21st, 2024. State level damage estimates to public infrastructure exceeded 7 million dollars due to the morning flooding.||Following the heavy rainfall through the morning, skies cleared out ahead of an approaching cold front. By the afternoon hours of May 21st, 2024, this cold front produced a line of strong thunderstorms which produced multiple strong tornadoes throughout the state, including one which led to significant damage in the town of Greenfield, IA, among other locations. This line of storms also produced damaging winds, leading to widespread tree damage and power outages throughout the forecast area.",Washed out gravel roads and road closures due to water over the road in the area.,CSV
2024-05-20 23:00:00,2024-05-22 20:00:00,1 days 21:00:00,191762_0,202405,21,400,202405,21,1000,191762,1183243,IOWA,19,2024,May,Flash Flood,C,15,BOONE,DMX,2024-05-21 04:00:00,CST-6,2024-05-21 10:00:00,0,0,0,0,0.00K,0.00K,Law Enforcement,Heavy Rain,2.99,SE,MOINGONA,2.67,SE,MOINGONA,41.9905,-93.8875,41.9933,-93.8801,"PLEASE NOTE, for tornadoes, please see separate Storm Data entry for May 21st. ||Multiple rounds of thunderstorms brought torrential rainfall, damaging winds, hail and destructive tornadoes to the state. These thunderstorms were the result of a low pressure system which lifted north into the area on the night of May 20th, 2024, producing slow moving storms that dropped 2 to 4 inches of rainfall. This resulted in flash flooding over portions of northern and central Iowa through the morning of May 21st, 2024. State level damage estimates to public infrastructure exceeded 7 million dollars due to the morning flooding.||Following the heavy rainfall through the morning, skies cleared out ahead of an approaching cold front. By the afternoon hours of May 21st, 2024, this cold front produced a line of strong thunderstorms which produced multiple strong tornadoes throughout the state, including one which led to significant damage in the town of Greenfield, IA, among other locations. This line of storms also produced damaging winds, leading to widespread tree damage and power outages throughout the forecast area.",Canyon road impassable due to water over the road.,CSV
2024-05-20 23:00:00,2024-05-22 20:00:00,1 days 21:00:00,191762_0,202405,21,400,202405,21,1015,191762,1183313,IOWA,19,2024,May,Flash Flood,C,99,JASPER,DMX,2024-05-21 04:00:00,CST-6,2024-05-21 10:15:00,0,0,0,0,0.00K,0.00K,Emergency Manager,Heavy Rain,0.8,W,BAXTER,1.19,ESE,BAXTER,41.8189,-93.1655,41.8183,-93.1415,"PLEASE NOTE, for tornadoes, please see separate Storm Data entry for May 21st. ||Multiple rounds of thunderstorms brought torrential rainfall, damaging winds, hail and destructive tornadoes to the state. These thunderstorms were the result of a low pressure system which lifted north into the area on the night of May 20th, 2024, producing slow moving storms that dropped 2 to 4 inches of rainfall. This resulted in flash flooding over portions of northern and central Iowa through the morning of May 21st, 2024. State level damage estimates to public infrastructure exceeded 7 million dollars due to the morning flooding.||Following the heavy rainfall through the morning, skies cleared out ahead of an approaching cold front. By the afternoon hours of May 21st, 2024, this cold front produced a line of strong thunderstorms which produced multiple strong tornadoes throughout the state, including one which led to significant damage in the town of Greenfield, IA, among other locations. This line of storms also produced damaging winds, leading to widespread tree damage and power outages throughout the forecast area.",Considerable flash flooding in Baxter. Water flooding roads and buildings.,CSV
2024-05-20 23:00:00,2024-05-22 20:00:00,1 days 21:00:00,191762_0,202405,21,400,202405,21,1015,191762,1183312,IOWA,19,2024,May,Flash Flood,C,99,JASPER,DMX,2024-05-21 04:00:00,CST-6,2024-05-21 10:15:00,0,0,0,0,0.00K,0.00K,Emergency Manager,Heavy Rain,0.52,E,KELLOGG,0.19,E,KELLOGG,41.72,-92.91,41.719,-92.896,"PLEASE NOTE, for tornadoes, please see separate Storm Data entry for May 21st. ||Multiple rounds of thunderstorms brought torrential rainfall, damaging winds, hail and destructive tornadoes to the state. These thunderstorms were the result of a low pressure system which lifted north into the area on the night of May 20th, 2024, producing slow moving storms that dropped 2 to 4 inches of rainfall. This resulted in flash flooding over portions of northern and central Iowa through the morning of May 21st, 2024. State level damage estimates to public infrastructure exceeded 7 million dollars due to the morning flooding.||Following the heavy rainfall through the morning, skies cleared out ahead of an approaching cold front. By the afternoon hours of May 21st, 2024, this cold front produced a line of strong thunderstorms which produced multiple strong tornadoes throughout the state, including one which led to significant damage in the town of Greenfield, IA, among other locations. This line of storms also produced damaging winds, leading to widespread tree damage and power outages throughout the forecast area.",Considerable flash flooding in Kellogg. Water flooding roads and buildings.,CSV
2024-05-20 23:00:00,2024-05-22 20:00:00,1 days 21:00:00,191762_0,202405,21,410,202405,22,700,191762,1183305,IOWA,19,2024,May,Flood,C,109,KOSSUTH,DMX,2024-05-21 04:10:00,CST-6,2024-05-22 07:00:00,0,0,0,0,0.00K,0.00K,Emergency Manager,Heavy Rain,0.88,N,WESLEY,0.32,N,WESLEY,43.0926,-94.0025,43.1023,-94.0024,"PLEASE NOTE, for tornadoes, please see separate Storm Data entry for May 21st. ||Multiple rounds of thunderstorms brought torrential rainfall, damaging winds, hail and destructive tornadoes to the state. These thunderstorms were the result of a low pressure system which lifted north into the area on the night of May 20th, 2024, producing slow moving storms that dropped 2 to 4 inches of rainfall. This resulted in flash flooding over portions of northern and central Iowa through the morning of May 21st, 2024. State level damage estimates to public infrastructure exceeded 7 million dollars due to the morning flooding.||Following the heavy rainfall through the morning, skies cleared out ahead of an approaching cold front. By the afternoon hours of May 21st, 2024, this cold front produced a line of strong thunderstorms which produced multiple strong tornadoes throughout the state, including one which led to significant damage in the town of Greenfield, IA, among other locations. This line of storms also produced damaging winds, leading to widespread tree damage and power outages throughout the forecast area.",Several blocks of flooded roads and homes in Wesley.,CSV
2024-05-20 23:00:00,2024-05-22 20:00:00,1 days 21:00:00,191762_0,202405,21,500,202405,22,800,191762,1183247,IOWA,19,2024,May,Flood,C,81,HANCOCK,DMX,2024-05-21 05:00:00,CST-6,2024-05-22 08:00:00,0,0,0,0,0.00K,0.00K,Public,Heavy Rain,1.47,SSE,BRITT,1.12,SE,BRITT,43.08,-93.81,43.0812,-93.8005,"PLEASE NOTE, for tornadoes, please see separate Storm Data entry for May 21st. ||Multiple rounds of thunderstorms brought torrential rainfall, damaging winds, hail and destructive tornadoes to the state. These thunderstorms were the result of a low pressure system which lifted north into the area on the night of May 20th, 2024, producing slow moving storms that dropped 2 to 4 inches of rainfall. This resulted in flash flooding over portions of northern and central Iowa through the morning of May 21st, 2024. State level damage estimates to public infrastructure exceeded 7 million dollars due to the morning flooding.||Following the heavy rainfall through the morning, skies cleared out ahead of an approaching cold front. By the afternoon hours of May 21st, 2024, this cold front produced a line of strong thunderstorms which produced multiple strong tornadoes throughout the state, including one which led to significant damage in the town of Greenfield, IA, among other locations. This line of storms also produced damaging winds, leading to widespread tree damage and power outages throughout the forecast area.",Water on the road on 220th Street south Britt.,CSV
2024-05-20 23:00:00,2024-05-22 20:00:00,1 days 21:00:00,191762_0,202405,21,500,202405,21,1000,191762,1183267,IOWA,19,2024,May,Flash Flood,C,99,JASPER,DMX,2024-05-21 05:00:00,CST-6,2024-05-21 10:00:00,0,0,0,0,0.00K,0.00K,Emergency Manager,Heavy Rain,1.54,NNE,NEWTON,1.77,NNE,NEWTON,41.7193,-93.0351,41.7243,-93.0359,"PLEASE NOTE, for tornadoes, please see separate Storm Data entry for May 21st. ||Multiple rounds of thunderstorms brought torrential rainfall, damaging winds, hail and destructive tornadoes to the state. These thunderstorms were the result of a low pressure system which lifted north into the area on the night of May 20th, 2024, producing slow moving storms that dropped 2 to 4 inches of rainfall. This resulted in flash flooding over portions of northern and central Iowa through the morning of May 21st, 2024. State level damage estimates to public infrastructure exceeded 7 million dollars due to the morning flooding.||Following the heavy rainfall through the morning, skies cleared out ahead of an approaching cold front. By the afternoon hours of May 21st, 2024, this cold front produced a line of strong thunderstorms which produced multiple strong tornadoes throughout the state, including one which led to significant damage in the town of Greenfield, IA, among other locations. This line of storms also produced damaging winds, leading to widespread tree damage and power outages throughout the forecast area.",Considerable flooding ongoing in trailer park.,CSV
2024-05-20 23:00:00,2024-05-22 20:00:00,1 days 21:00:00,191762_0,202405,21,600,202405,21,1015,191762,1183310,IOWA,19,2024,May,Flash Flood,C,171,TAMA,DMX,2024-05-21 06:00:00,CST-6,2024-05-21 10:15:00,0,0,0,0,0.00K,0.00K,Law Enforcement,Heavy Rain,2.57,W,TAMA,2.41,WSW,TOLEDO,41.97,-92.63,41.9917,-92.6345,"PLEASE NOTE, for tornadoes, please see separate Storm Data entry for May 21st. ||Multiple rounds of thunderstorms brought torrential rainfall, damaging winds, hail and destructive tornadoes to the state. These thunderstorms were the result of a low pressure system which lifted north into the area on the night of May 20th, 2024, producing slow moving storms that dropped 2 to 4 inches of rainfall. This resulted in flash flooding over portions of northern and central Iowa through the morning of May 21st, 2024. State level damage estimates to public infrastructure exceeded 7 million dollars due to the morning flooding.||Following the heavy rainfall through the morning, skies cleared out ahead of an approaching cold front. By the afternoon hours of May 21st, 2024, this cold front produced a line of strong thunderstorms which produced multiple strong tornadoes throughout the state, including one which led to significant damage in the town of Greenfield, IA, among other locations. This line of storms also produced damaging winds, leading to widespread tree damage and power outages throughout the forecast area.","Water running over roads and vehicles stranded in flood waters across portions of the Meskwaki Nation Settlement including Battleground Rd near the PowWow Grounds, Meskwaki Rd at Battleground Rd and G Ave South. Reported by the Meskwaki Nation Police Department via social media.",CSV
2024-05-20 23:00:00,2024-05-22 20:00:00,1 days 21:00:00,191762_0,202405,21,600,202405,21,1015,191762,1183300,IOWA,19,2024,May,Flash Flood,C,99,JASPER,DMX,2024-05-21 06:00:00,CST-6,2024-05-21 10:15:00,0,0,0,0,0.00K,0.00K,Public,Heavy Rain,1.03,E,KELLOGG,0.71,ENE,KELLOGG,41.72,-92.9,41.7235,-92.9005,"PLEASE NOTE, for tornadoes, please see separate Storm Data entry for May 21st. ||Multiple rounds of thunderstorms brought torrential rainfall, damaging winds, hail and destructive tornadoes to the state. These thunderstorms were the result of a low pressure system which lifted north into the area on the night of May 20th, 2024, producing slow moving storms that dropped 2 to 4 inches of rainfall. This resulted in flash flooding over portions of northern and central Iowa through the morning of May 21st, 2024. State level damage estimates to public infrastructure exceeded 7 million dollars due to the morning flooding.||Following the heavy rainfall through the morning, skies cleared out ahead of an approaching cold front. By the afternoon hours of May 21st, 2024, this cold front produced a line of strong thunderstorms which produced multiple strong tornadoes throughout the state, including one which led to significant damage in the town of Greenfield, IA, among other locations. This line of storms also produced damaging winds, leading to widespread tree damage and power outages throughout the forecast area.",Water over the road on IA 224 just north of Kellogg.,CSV
2024-05-20 23:00:00,2024-05-22 20:00:00,1 days 21:00:00,191762_0,202405,21,600,202405,21,1015,191762,1183307,IOWA,19,2024,May,Flash Flood,C,171,TAMA,DMX,2024-05-21 06:00:00,CST-6,2024-05-21 10:15:00,0,0,0,0,0.00K,0.00K,Emergency Manager,Heavy Rain,2.58,SW,MONTOUR,2.81,SSW,MONTOUR,41.94,-92.75,41.9392,-92.743,"PLEASE NOTE, for tornadoes, please see separate Storm Data entry for May 21st. ||Multiple rounds of thunderstorms brought torrential rainfall, damaging winds, hail and destructive tornadoes to the state. These thunderstorms were the result of a low pressure system which lifted north into the area on the night of May 20th, 2024, producing slow moving storms that dropped 2 to 4 inches of rainfall. This resulted in flash flooding over portions of northern and central Iowa through the morning of May 21st, 2024. State level damage estimates to public infrastructure exceeded 7 million dollars due to the morning flooding.||Following the heavy rainfall through the morning, skies cleared out ahead of an approaching cold front. By the afternoon hours of May 21st, 2024, this cold front produced a line of strong thunderstorms which produced multiple strong tornadoes throughout the state, including one which led to significant damage in the town of Greenfield, IA, among other locations. This line of storms also produced damaging winds, leading to widespread tree damage and power outages throughout the forecast area.",Water flowing over B Ave south of 340th St due to flooding from Raven Creek.,CSV
2024-05-20 23:00:00,2024-05-22 20:00:00,1 days 21:00:00,191762_0,202405,21,600,202405,21,1015,191762,1183308,IOWA,19,2024,May,Flash Flood,C,171,TAMA,DMX,2024-05-21 06:00:00,CST-6,2024-05-21 10:15:00,0,0,0,0,0.00K,0.00K,Law Enforcement,Heavy Rain,2.07,S,TAMA ARPT,3.62,W,IRVING,41.92,-92.58,41.9279,-92.3508,"PLEASE NOTE, for tornadoes, please see separate Storm Data entry for May 21st. ||Multiple rounds of thunderstorms brought torrential rainfall, damaging winds, hail and destructive tornadoes to the state. These thunderstorms were the result of a low pressure system which lifted north into the area on the night of May 20th, 2024, producing slow moving storms that dropped 2 to 4 inches of rainfall. This resulted in flash flooding over portions of northern and central Iowa through the morning of May 21st, 2024. State level damage estimates to public infrastructure exceeded 7 million dollars due to the morning flooding.||Following the heavy rainfall through the morning, skies cleared out ahead of an approaching cold front. By the afternoon hours of May 21st, 2024, this cold front produced a line of strong thunderstorms which produced multiple strong tornadoes throughout the state, including one which led to significant damage in the town of Greenfield, IA, among other locations. This line of storms also produced damaging winds, leading to widespread tree damage and power outages throughout the forecast area.",Multiple reports of water over road in southern part of the county.,CSV
2024-05-20 23:00:00,2024-05-22 20:00:00,1 days 21:00:00,191762_0,202405,21,700,202405,21,1015,191762,1183332,IOWA,19,2024,May,Flash Flood,C,171,TAMA,DMX,2024-05-21 07:00:00,CST-6,2024-05-21 10:15:00,0,0,0,0,0.00K,0.00K,Emergency Manager,Heavy Rain,1.47,SSE,MONTOUR,0.43,S,MONTOUR,41.95,-92.71,41.9394,-92.7131,"PLEASE NOTE, for tornadoes, please see separate Storm Data entry for May 21st. ||Multiple rounds of thunderstorms brought torrential rainfall, damaging winds, hail and destructive tornadoes to the state. These thunderstorms were the result of a low pressure system which lifted north into the area on the night of May 20th, 2024, producing slow moving storms that dropped 2 to 4 inches of rainfall. This resulted in flash flooding over portions of northern and central Iowa through the morning of May 21st, 2024. State level damage estimates to public infrastructure exceeded 7 million dollars due to the morning flooding.||Following the heavy rainfall through the morning, skies cleared out ahead of an approaching cold front. By the afternoon hours of May 21st, 2024, this cold front produced a line of strong thunderstorms which produced multiple strong tornadoes throughout the state, including one which led to significant damage in the town of Greenfield, IA, among other locations. This line of storms also produced damaging winds, leading to widespread tree damage and power outages throughout the forecast area.",Hwy T47 closed south of Montour due to water flowing over the road.,CSV
2024-05-20 23:00:00,2024-05-22 20:00:00,1 days 21:00:00,191762_0,202405,21,700,202405,21,1015,191762,1183328,IOWA,19,2024,May,Flash Flood,C,171,TAMA,DMX,2024-05-21 07:00:00,CST-6,2024-05-21 10:15:00,0,0,0,0,0.00K,0.00K,Department of Highways,Heavy Rain,2.76,N,MONTOUR,2.86,N,MONTOUR,42.01,-92.72,42.0085,-92.7215,"PLEASE NOTE, for tornadoes, please see separate Storm Data entry for May 21st. ||Multiple rounds of thunderstorms brought torrential rainfall, damaging winds, hail and destructive tornadoes to the state. These thunderstorms were the result of a low pressure system which lifted north into the area on the night of May 20th, 2024, producing slow moving storms that dropped 2 to 4 inches of rainfall. This resulted in flash flooding over portions of northern and central Iowa through the morning of May 21st, 2024. State level damage estimates to public infrastructure exceeded 7 million dollars due to the morning flooding.||Following the heavy rainfall through the morning, skies cleared out ahead of an approaching cold front. By the afternoon hours of May 21st, 2024, this cold front produced a line of strong thunderstorms which produced multiple strong tornadoes throughout the state, including one which led to significant damage in the town of Greenfield, IA, among other locations. This line of storms also produced damaging winds, leading to widespread tree damage and power outages throughout the forecast area.",C Ave north of US 30 closed due to flooding. Reported by Tama County Engineer via social media.,CSV
2024-05-20 23:00:00,2024-05-22 20:00:00,1 days 21:00:00,191762_0,202405,21,700,202405,21,1015,191762,1183329,IOWA,19,2024,May,Flash Flood,C,171,TAMA,DMX,2024-05-21 07:00:00,CST-6,2024-05-21 10:15:00,0,0,0,0,0.00K,0.00K,Department of Highways,Heavy Rain,1.47,NNW,TRAER,2.17,N,TRAER,42.22,-92.48,42.2207,-92.4725,"PLEASE NOTE, for tornadoes, please see separate Storm Data entry for May 21st. ||Multiple rounds of thunderstorms brought torrential rainfall, damaging winds, hail and destructive tornadoes to the state. These thunderstorms were the result of a low pressure system which lifted north into the area on the night of May 20th, 2024, producing slow moving storms that dropped 2 to 4 inches of rainfall. This resulted in flash flooding over portions of northern and central Iowa through the morning of May 21st, 2024. State level damage estimates to public infrastructure exceeded 7 million dollars due to the morning flooding.||Following the heavy rainfall through the morning, skies cleared out ahead of an approaching cold front. By the afternoon hours of May 21st, 2024, this cold front produced a line of strong thunderstorms which produced multiple strong tornadoes throughout the state, including one which led to significant damage in the town of Greenfield, IA, among other locations. This line of storms also produced damaging winds, leading to widespread tree damage and power outages throughout the forecast area.",P Ave closed from 145th to 155th St due to flooding. Reported by Tama County Engineer via social media.,CSV
2024-05-20 23:00:00,2024-05-22 20:00:00,1 days 21:00:00,191762_0,202405,21,806,202405,21,1000,191762,1183335,IOWA,19,2024,May,Flash Flood,C,83,HARDIN,DMX,2024-05-21 08:06:00,CST-6,2024-05-21 10:00:00,0,0,0,0,0.00K,0.00K,Emergency Manager,Heavy Rain,5.6,W,IOWA FALLS,5.26,W,IOWA FALLS,42.52,-93.38,42.5258,-93.3889,"PLEASE NOTE, for tornadoes, please see separate Storm Data entry for May 21st. ||Multiple rounds of thunderstorms brought torrential rainfall, damaging winds, hail and destructive tornadoes to the state. These thunderstorms were the result of a low pressure system which lifted north into the area on the night of May 20th, 2024, producing slow moving storms that dropped 2 to 4 inches of rainfall. This resulted in flash flooding over portions of northern and central Iowa through the morning of May 21st, 2024. State level damage estimates to public infrastructure exceeded 7 million dollars due to the morning flooding.||Following the heavy rainfall through the morning, skies cleared out ahead of an approaching cold front. By the afternoon hours of May 21st, 2024, this cold front produced a line of strong thunderstorms which produced multiple strong tornadoes throughout the state, including one which led to significant damage in the town of Greenfield, IA, among other locations. This line of storms also produced damaging winds, leading to widespread tree damage and power outages throughout the forecast area.",Road closed due to water flowing over the road.,CSV
2024-05-20 23:00:00,2024-05-22 20:00:00,1 days 21:00:00,191762_0,202405,21,830,202405,21,1015,191762,1183337,IOWA,19,2024,May,Flash Flood,C,99,JASPER,DMX,2024-05-21 08:30:00,CST-6,2024-05-21 10:15:00,0,0,0,0,0.00K,0.00K,Trained Spotter,Heavy Rain,2.06,E,GREEN CASTLE,1.82,NNW,GODDARD,41.75,-93.23,41.7447,-93.23,"PLEASE NOTE, for tornadoes, please see separate Storm Data entry for May 21st. ||Multiple rounds of thunderstorms brought torrential rainfall, damaging winds, hail and destructive tornadoes to the state. These thunderstorms were the result of a low pressure system which lifted north into the area on the night of May 20th, 2024, producing slow moving storms that dropped 2 to 4 inches of rainfall. This resulted in flash flooding over portions of northern and central Iowa through the morning of May 21st, 2024. State level damage estimates to public infrastructure exceeded 7 million dollars due to the morning flooding.||Following the heavy rainfall through the morning, skies cleared out ahead of an approaching cold front. By the afternoon hours of May 21st, 2024, this cold front produced a line of strong thunderstorms which produced multiple strong tornadoes throughout the state, including one which led to significant damage in the town of Greenfield, IA, among other locations. This line of storms also produced damaging winds, leading to widespread tree damage and power outages throughout the forecast area.",Water over gravel road intersection of N 51st Ave and W 100th St. N.,CSV
2024-05-20 23:00:00,2024-05-22 20:00:00,1 days 21:00:00,191762_0,202405,21,831,202405,21,1000,191762,1183339,IOWA,19,2024,May,Flash Flood,C,83,HARDIN,DMX,2024-05-21 08:31:00,CST-6,2024-05-21 10:00:00,0,0,0,0,0.00K,0.00K,Emergency Manager,Heavy Rain,1.45,ESE,IOWA FALLS,1.42,ESE,IOWA FALLS,42.5139,-93.2426,42.5132,-93.2306,"PLEASE NOTE, for tornadoes, please see separate Storm Data entry for May 21st. ||Multiple rounds of thunderstorms brought torrential rainfall, damaging winds, hail and destructive tornadoes to the state. These thunderstorms were the result of a low pressure system which lifted north into the area on the night of May 20th, 2024, producing slow moving storms that dropped 2 to 4 inches of rainfall. This resulted in flash flooding over portions of northern and central Iowa through the morning of May 21st, 2024. State level damage estimates to public infrastructure exceeded 7 million dollars due to the morning flooding.||Following the heavy rainfall through the morning, skies cleared out ahead of an approaching cold front. By the afternoon hours of May 21st, 2024, this cold front produced a line of strong thunderstorms which produced multiple strong tornadoes throughout the state, including one which led to significant damage in the town of Greenfield, IA, among other locations. This line of storms also produced damaging winds, leading to widespread tree damage and power outages throughout the forecast area.",Water is covering 130th Street east of town.,CSV
2024-05-20 23:00:00,2024-05-22 20:00:00,1 days 21:00:00,191762_0,202405,21,903,202405,21,1015,191762,1183342,IOWA,19,2024,May,Flash Flood,C,75,GRUNDY,DMX,2024-05-21 09:03:00,CST-6,2024-05-21 10:15:00,0,0,0,0,0.00K,0.00K,Emergency Manager,Heavy Rain,5.04,NW,WELLSBURG,2.96,NNE,FREDSVILLE,42.4864,-92.9828,42.5128,-92.5687,"PLEASE NOTE, for tornadoes, please see separate Storm Data entry for May 21st. ||Multiple rounds of thunderstorms brought torrential rainfall, damaging winds, hail and destructive tornadoes to the state. These thunderstorms were the result of a low pressure system which lifted north into the area on the night of May 20th, 2024, producing slow moving storms that dropped 2 to 4 inches of rainfall. This resulted in flash flooding over portions of northern and central Iowa through the morning of May 21st, 2024. State level damage estimates to public infrastructure exceeded 7 million dollars due to the morning flooding.||Following the heavy rainfall through the morning, skies cleared out ahead of an approaching cold front. By the afternoon hours of May 21st, 2024, this cold front produced a line of strong thunderstorms which produced multiple strong tornadoes throughout the state, including one which led to significant damage in the town of Greenfield, IA, among other locations. This line of storms also produced damaging winds, leading to widespread tree damage and power outages throughout the forecast area.",An increasing number of county roads across the county are becoming impassable due to flash flooding.,CSV
2024-05-20 23:00:00,2024-05-22 20:00:00,1 days 21:00:00,191762_0,202405,21,916,202405,21,1015,191762,1183343,IOWA,19,2024,May,Flash Flood,C,23,BUTLER,DMX,2024-05-21 09:16:00,CST-6,2024-05-21 10:15:00,0,0,0,0,0.00K,0.00K,Department of Highways,Heavy Rain,1.72,E,APLINGTON,1.84,E,AUSTINVILLE,42.5754,-92.8468,42.5809,-92.9437,"PLEASE NOTE, for tornadoes, please see separate Storm Data entry for May 21st. ||Multiple rounds of thunderstorms brought torrential rainfall, damaging winds, hail and destructive tornadoes to the state. These thunderstorms were the result of a low pressure system which lifted north into the area on the night of May 20th, 2024, producing slow moving storms that dropped 2 to 4 inches of rainfall. This resulted in flash flooding over portions of northern and central Iowa through the morning of May 21st, 2024. State level damage estimates to public infrastructure exceeded 7 million dollars due to the morning flooding.||Following the heavy rainfall through the morning, skies cleared out ahead of an approaching cold front. By the afternoon hours of May 21st, 2024, this cold front produced a line of strong thunderstorms which produced multiple strong tornadoes throughout the state, including one which led to significant damage in the town of Greenfield, IA, among other locations. This line of storms also produced damaging winds, leading to widespread tree damage and power outages throughout the forecast area.",IA 57 closed between Co Hwy T19 and T25 due to water over the road.,CSV
2024-05-20 23:00:00,2024-05-22 20:00:00,1 days 21:00:00,191762_0,202405,21,919,202405,21,1015,191762,1183345,IOWA,19,2024,May,Flash Flood,C,23,BUTLER,DMX,2024-05-21 09:19:00,CST-6,2024-05-21 10:15:00,0,0,0,0,0.00K,0.00K,Emergency Manager,Heavy Rain,0.24,WSW,NEW HARTFORD,0.38,ESE,NEW HARTFORD,42.5682,-92.6241,42.5688,-92.6163,"PLEASE NOTE, for tornadoes, please see separate Storm Data entry for May 21st. ||Multiple rounds of thunderstorms brought torrential rainfall, damaging winds, hail and destructive tornadoes to the state. These thunderstorms were the result of a low pressure system which lifted north into the area on the night of May 20th, 2024, producing slow moving storms that dropped 2 to 4 inches of rainfall. This resulted in flash flooding over portions of northern and central Iowa through the morning of May 21st, 2024. State level damage estimates to public infrastructure exceeded 7 million dollars due to the morning flooding.||Following the heavy rainfall through the morning, skies cleared out ahead of an approaching cold front. By the afternoon hours of May 21st, 2024, this cold front produced a line of strong thunderstorms which produced multiple strong tornadoes throughout the state, including one which led to significant damage in the town of Greenfield, IA, among other locations. This line of storms also produced damaging winds, leading to widespread tree damage and power outages throughout the forecast area.",Main Street is covered with water.,CSV
2024-05-20 23:00:00,2024-05-22 20:00:00,1 days 21:00:00,191762_0,202405,21,939,202405,21,1015,191762,1183347,IOWA,19,2024,May,Flash Flood,C,75,GRUNDY,DMX,2024-05-21 09:39:00,CST-6,2024-05-21 10:15:00,0,0,0,0,0.00K,0.00K,Emergency Manager,Heavy Rain,4.87,NNW,WELLSBURG,5.1,NNW,WELLSBURG,42.49,-92.97,42.4899,-92.9645,"PLEASE NOTE, for tornadoes, please see separate Storm Data entry for May 21st. ||Multiple rounds of thunderstorms brought torrential rainfall, damaging winds, hail and destructive tornadoes to the state. These thunderstorms were the result of a low pressure system which lifted north into the area on the night of May 20th, 2024, producing slow moving storms that dropped 2 to 4 inches of rainfall. This resulted in flash flooding over portions of northern and central Iowa through the morning of May 21st, 2024. State level damage estimates to public infrastructure exceeded 7 million dollars due to the morning flooding.||Following the heavy rainfall through the morning, skies cleared out ahead of an approaching cold front. By the afternoon hours of May 21st, 2024, this cold front produced a line of strong thunderstorms which produced multiple strong tornadoes throughout the state, including one which led to significant damage in the town of Greenfield, IA, among other locations. This line of storms also produced damaging winds, leading to widespread tree damage and power outages throughout the forecast area.",Flooding on the roadway with field debris piling up.,CSV
2024-05-20 23:00:00,2024-05-22 20:00:00,1 days 21:00:00,191762_0,202405,21,950,202405,21,1015,191762,1183372,IOWA,19,2024,May,Flash Flood,C,99,JASPER,DMX,2024-05-21 09:50:00,CST-6,2024-05-21 10:15:00,0,0,0,0,0.00K,0.00K,Emergency Manager,Heavy Rain,0.65,SSE,KELLOGG,1.42,NE,KELLOGG,41.7114,-92.9152,41.7219,-92.9175,"PLEASE NOTE, for tornadoes, please see separate Storm Data entry for May 21st. ||Multiple rounds of thunderstorms brought torrential rainfall, damaging winds, hail and destructive tornadoes to the state. These thunderstorms were the result of a low pressure system which lifted north into the area on the night of May 20th, 2024, producing slow moving storms that dropped 2 to 4 inches of rainfall. This resulted in flash flooding over portions of northern and central Iowa through the morning of May 21st, 2024. State level damage estimates to public infrastructure exceeded 7 million dollars due to the morning flooding.||Following the heavy rainfall through the morning, skies cleared out ahead of an approaching cold front. By the afternoon hours of May 21st, 2024, this cold front produced a line of strong thunderstorms which produced multiple strong tornadoes throughout the state, including one which led to significant damage in the town of Greenfield, IA, among other locations. This line of storms also produced damaging winds, leading to widespread tree damage and power outages throughout the forecast area.",Sandbagging taking place due to rising waters.,CSV
2024-05-20 23:00:00,2024-05-22 20:00:00,1 days 21:00:00,191762_0,202405,21,954,202405,22,800,191762,1183830,IOWA,19,2024,May,Flood,C,13,BLACK HAWK,DMX,2024-05-21 09:54:00,CST-6,2024-05-22 08:00:00,0,0,0,0,0.00K,0.00K,Emergency Manager,Heavy Rain,1.06,WNW,CEDAR FALLS,1.38,E,CEDAR FALLS ISLEY AR,42.5235,-92.4702,42.5235,-92.492,"PLEASE NOTE, for tornadoes, please see separate Storm Data entry for May 21st. ||Multiple rounds of thunderstorms brought torrential rainfall, damaging winds, hail and destructive tornadoes to the state. These thunderstorms were the result of a low pressure system which lifted north into the area on the night of May 20th, 2024, producing slow moving storms that dropped 2 to 4 inches of rainfall. This resulted in flash flooding over portions of northern and central Iowa through the morning of May 21st, 2024. State level damage estimates to public infrastructure exceeded 7 million dollars due to the morning flooding.||Following the heavy rainfall through the morning, skies cleared out ahead of an approaching cold front. By the afternoon hours of May 21st, 2024, this cold front produced a line of strong thunderstorms which produced multiple strong tornadoes throughout the state, including one which led to significant damage in the town of Greenfield, IA, among other locations. This line of storms also produced damaging winds, leading to widespread tree damage and power outages throughout the forecast area.",Sandbagging taking place due to rising waters.,CSV
2024-05-20 23:00:00,2024-05-22 20:00:00,1 days 21:00:00,191762_0,202405,21,1035,202405,22,700,191762,1183833,IOWA,19,2024,May,Flood,C,127,MARSHALL,DMX,2024-05-21 10:35:00,CST-6,2024-05-22 07:00:00,0,0,0,0,0.00K,0.00K,Department of Highways,Heavy Rain,1.74,ESE,LA MOILLE,2.13,ESE,LA MOILLE,42.024,-92.9971,42.023,-93.0026,"PLEASE NOTE, for tornadoes, please see separate Storm Data entry for May 21st. ||Multiple rounds of thunderstorms brought torrential rainfall, damaging winds, hail and destructive tornadoes to the state. These thunderstorms were the result of a low pressure system which lifted north into the area on the night of May 20th, 2024, producing slow moving storms that dropped 2 to 4 inches of rainfall. This resulted in flash flooding over portions of northern and central Iowa through the morning of May 21st, 2024. State level damage estimates to public infrastructure exceeded 7 million dollars due to the morning flooding.||Following the heavy rainfall through the morning, skies cleared out ahead of an approaching cold front. By the afternoon hours of May 21st, 2024, this cold front produced a line of strong thunderstorms which produced multiple strong tornadoes throughout the state, including one which led to significant damage in the town of Greenfield, IA, among other locations. This line of storms also produced damaging winds, leading to widespread tree damage and power outages throughout the forecast area.",The road is blocked due to flooding.,CSV
2024-05-20 23:00:00,2024-05-22 20:00:00,1 days 21:00:00,191762_0,202405,21,1035,202405,22,700,191762,1183380,IOWA,19,2024,May,Flood,C,17,BREMER,DMX,2024-05-21 10:35:00,CST-6,2024-05-22 07:00:00,0,0,0,0,0.00K,0.00K,COOP Observer,Heavy Rain,2.15,WSW,KLINGER,2.54,WSW,KLINGER,42.64,-92.26,42.6392,-92.2542,"PLEASE NOTE, for tornadoes, please see separate Storm Data entry for May 21st. ||Multiple rounds of thunderstorms brought torrential rainfall, damaging winds, hail and destructive tornadoes to the state. These thunderstorms were the result of a low pressure system which lifted north into the area on the night of May 20th, 2024, producing slow moving storms that dropped 2 to 4 inches of rainfall. This resulted in flash flooding over portions of northern and central Iowa through the morning of May 21st, 2024. State level damage estimates to public infrastructure exceeded 7 million dollars due to the morning flooding.||Following the heavy rainfall through the morning, skies cleared out ahead of an approaching cold front. By the afternoon hours of May 21st, 2024, this cold front produced a line of strong thunderstorms which produced multiple strong tornadoes throughout the state, including one which led to significant damage in the town of Greenfield, IA, among other locations. This line of storms also produced damaging winds, leading to widespread tree damage and power outages throughout the forecast area.",Water is flowing over the road.,CSV
2024-05-20 23:00:00,2024-05-22 20:00:00,1 days 21:00:00,191762_0,202405,21,1035,202405,22,2000,191762,1183383,IOWA,19,2024,May,Flood,C,23,BUTLER,DMX,2024-05-21 10:35:00,CST-6,2024-05-22 20:00:00,0,0,0,0,0.00K,0.00K,Emergency Manager,Heavy Rain,3.93,W,KESLEY,3.36,SSW,SHELL ROCK,42.6771,-92.9968,42.6639,-92.609,"PLEASE NOTE, for tornadoes, please see separate Storm Data entry for May 21st. ||Multiple rounds of thunderstorms brought torrential rainfall, damaging winds, hail and destructive tornadoes to the state. These thunderstorms were the result of a low pressure system which lifted north into the area on the night of May 20th, 2024, producing slow moving storms that dropped 2 to 4 inches of rainfall. This resulted in flash flooding over portions of northern and central Iowa through the morning of May 21st, 2024. State level damage estimates to public infrastructure exceeded 7 million dollars due to the morning flooding.||Following the heavy rainfall through the morning, skies cleared out ahead of an approaching cold front. By the afternoon hours of May 21st, 2024, this cold front produced a line of strong thunderstorms which produced multiple strong tornadoes throughout the state, including one which led to significant damage in the town of Greenfield, IA, among other locations. This line of storms also produced damaging winds, leading to widespread tree damage and power outages throughout the forecast area.",County emergency management reports 17 road closures across southern Butler county due to water over roadways.,CSV
2024-05-20 23:00:00,2024-05-22 20:00:00,1 days 21:00:00,191762_0,202405,21,1040,202405,22,500,191762,1183385,IOWA,19,2024,May,Flood,C,99,JASPER,DMX,2024-05-21 10:40:00,CST-6,2024-05-22 05:00:00,0,0,0,0,0.00K,0.00K,Trained Spotter,Heavy Rain,2.93,NW,METZ,1.67,WNW,METZ,41.7,-93.17,41.6804,-93.1616,"PLEASE NOTE, for tornadoes, please see separate Storm Data entry for May 21st. ||Multiple rounds of thunderstorms brought torrential rainfall, damaging winds, hail and destructive tornadoes to the state. These thunderstorms were the result of a low pressure system which lifted north into the area on the night of May 20th, 2024, producing slow moving storms that dropped 2 to 4 inches of rainfall. This resulted in flash flooding over portions of northern and central Iowa through the morning of May 21st, 2024. State level damage estimates to public infrastructure exceeded 7 million dollars due to the morning flooding.||Following the heavy rainfall through the morning, skies cleared out ahead of an approaching cold front. By the afternoon hours of May 21st, 2024, this cold front produced a line of strong thunderstorms which produced multiple strong tornadoes throughout the state, including one which led to significant damage in the town of Greenfield, IA, among other locations. This line of storms also produced damaging winds, leading to widespread tree damage and power outages throughout the forecast area.",Road closed due to two feet of water flowing over the road. Flood waters also entering homes and businesses.,CSV
2024-05-20 23:00:00,2024-05-22 20:00:00,1 days 21:00:00,191762_0,202405,21,1049,202405,22,500,191762,1183388,IOWA,19,2024,May,Flood,C,127,MARSHALL,DMX,2024-05-21 10:49:00,CST-6,2024-05-22 05:00:00,0,0,0,0,0.00K,0.00K,Department of Highways,Heavy Rain,1.36,E,LA MOILLE,1.43,E,LA MOILLE,42.0309,-93.0034,42.0308,-92.9969,"PLEASE NOTE, for tornadoes, please see separate Storm Data entry for May 21st. ||Multiple rounds of thunderstorms brought torrential rainfall, damaging winds, hail and destructive tornadoes to the state. These thunderstorms were the result of a low pressure system which lifted north into the area on the night of May 20th, 2024, producing slow moving storms that dropped 2 to 4 inches of rainfall. This resulted in flash flooding over portions of northern and central Iowa through the morning of May 21st, 2024. State level damage estimates to public infrastructure exceeded 7 million dollars due to the morning flooding.||Following the heavy rainfall through the morning, skies cleared out ahead of an approaching cold front. By the afternoon hours of May 21st, 2024, this cold front produced a line of strong thunderstorms which produced multiple strong tornadoes throughout the state, including one which led to significant damage in the town of Greenfield, IA, among other locations. This line of storms also produced damaging winds, leading to widespread tree damage and power outages throughout the forecast area.",Iowa 300 closed at County Highway E41 dues to water over the road.,CSV
2024-05-20 23:00:00,2024-05-22 20:00:00,1 days 21:00:00,191762_0,202405,21,1051,202405,22,700,191762,1183838,IOWA,19,2024,May,Flood,C,13,BLACK HAWK,DMX,2024-05-21 10:51:00,CST-6,2024-05-22 07:00:00,0,0,0,0,0.00K,0.00K,Public,Heavy Rain,1.38,N,CEDAR FALLS JCT,1.74,NNE,CEDAR FALLS JCT,42.4499,-92.4178,42.4478,-92.4117,"PLEASE NOTE, for tornadoes, please see separate Storm Data entry for May 21st. ||Multiple rounds of thunderstorms brought torrential rainfall, damaging winds, hail and destructive tornadoes to the state. These thunderstorms were the result of a low pressure system which lifted north into the area on the night of May 20th, 2024, producing slow moving storms that dropped 2 to 4 inches of rainfall. This resulted in flash flooding over portions of northern and central Iowa through the morning of May 21st, 2024. State level damage estimates to public infrastructure exceeded 7 million dollars due to the morning flooding.||Following the heavy rainfall through the morning, skies cleared out ahead of an approaching cold front. By the afternoon hours of May 21st, 2024, this cold front produced a line of strong thunderstorms which produced multiple strong tornadoes throughout the state, including one which led to significant damage in the town of Greenfield, IA, among other locations. This line of storms also produced damaging winds, leading to widespread tree damage and power outages throughout the forecast area.",Report of street flooding and road closed with stranded vehicles.,CSV
2024-05-20 23:00:00,2024-05-22 20:00:00,1 days 21:00:00,191762_0,202405,21,1108,202405,22,500,191762,1183839,IOWA,19,2024,May,Flood,C,157,POWESHIEK,DMX,2024-05-21 11:08:00,CST-6,2024-05-22 05:00:00,0,0,0,0,0.00K,0.00K,Public,Heavy Rain,2.89,SSW,CARNFORTH,2.4,NNW,GUERNSEY,41.6918,-92.3527,41.692,-92.3658,"PLEASE NOTE, for tornadoes, please see separate Storm Data entry for May 21st. ||Multiple rounds of thunderstorms brought torrential rainfall, damaging winds, hail and destructive tornadoes to the state. These thunderstorms were the result of a low pressure system which lifted north into the area on the night of May 20th, 2024, producing slow moving storms that dropped 2 to 4 inches of rainfall. This resulted in flash flooding over portions of northern and central Iowa through the morning of May 21st, 2024. State level damage estimates to public infrastructure exceeded 7 million dollars due to the morning flooding.||Following the heavy rainfall through the morning, skies cleared out ahead of an approaching cold front. By the afternoon hours of May 21st, 2024, this cold front produced a line of strong thunderstorms which produced multiple strong tornadoes throughout the state, including one which led to significant damage in the town of Greenfield, IA, among other locations. This line of storms also produced damaging winds, leading to widespread tree damage and power outages throughout the forecast area.",Report of flooding via mping.,CSV
2024-05-20 23:00:00,2024-05-22 20:00:00,1 days 21:00:00,191762_0,202405,21,1121,202405,22,1800,191762,1183396,IOWA,19,2024,May,Flood,C,23,BUTLER,DMX,2024-05-21 11:21:00,CST-6,2024-05-22 18:00:00,0,0,0,0,0.00K,0.00K,Emergency Manager,Heavy Rain,1.71,ESE,APLINGTON,1.34,ENE,APLINGTON,42.5699,-92.8492,42.5915,-92.8498,"PLEASE NOTE, for tornadoes, please see separate Storm Data entry for May 21st. ||Multiple rounds of thunderstorms brought torrential rainfall, damaging winds, hail and destructive tornadoes to the state. These thunderstorms were the result of a low pressure system which lifted north into the area on the night of May 20th, 2024, producing slow moving storms that dropped 2 to 4 inches of rainfall. This resulted in flash flooding over portions of northern and central Iowa through the morning of May 21st, 2024. State level damage estimates to public infrastructure exceeded 7 million dollars due to the morning flooding.||Following the heavy rainfall through the morning, skies cleared out ahead of an approaching cold front. By the afternoon hours of May 21st, 2024, this cold front produced a line of strong thunderstorms which produced multiple strong tornadoes throughout the state, including one which led to significant damage in the town of Greenfield, IA, among other locations. This line of storms also produced damaging winds, leading to widespread tree damage and power outages throughout the forecast area.",Water covering the roadway.,CSV
2024-05-20 23:00:00,2024-05-22 20:00:00,1 days 21:00:00,191762_0,202405,21,1140,202405,22,500,191762,1183397,IOWA,19,2024,May,Flood,C,169,STORY,DMX,2024-05-21 11:40:00,CST-6,2024-05-22 05:00:00,0,0,0,0,0.00K,0.00K,Emergency Manager,Heavy Rain,2.22,WNW,COLLINS,2.41,NE,COLLINS,41.9105,-93.3409,41.9115,-93.2792,"PLEASE NOTE, for tornadoes, please see separate Storm Data entry for May 21st. ||Multiple rounds of thunderstorms brought torrential rainfall, damaging winds, hail and destructive tornadoes to the state. These thunderstorms were the result of a low pressure system which lifted north into the area on the night of May 20th, 2024, producing slow moving storms that dropped 2 to 4 inches of rainfall. This resulted in flash flooding over portions of northern and central Iowa through the morning of May 21st, 2024. State level damage estimates to public infrastructure exceeded 7 million dollars due to the morning flooding.||Following the heavy rainfall through the morning, skies cleared out ahead of an approaching cold front. By the afternoon hours of May 21st, 2024, this cold front produced a line of strong thunderstorms which produced multiple strong tornadoes throughout the state, including one which led to significant damage in the town of Greenfield, IA, among other locations. This line of storms also produced damaging winds, leading to widespread tree damage and power outages throughout the forecast area.",Water over streets in town with fields draining of water. Many gravel roads flooding.,CSV
2024-05-20 23:00:00,2024-05-22 20:00:00,1 days 21:00:00,191762_0,202405,21,1149,202405,22,1800,191762,1183399,IOWA,19,2024,May,Flood,C,23,BUTLER,DMX,2024-05-21 11:49:00,CST-6,2024-05-22 18:00:00,0,0,0,0,0.00K,0.00K,Emergency Manager,Heavy Rain,1.37,NW,PARKERSBURG,1.0,NE,PARKERSBURG,42.5841,-92.7989,42.5856,-92.7591,"PLEASE NOTE, for tornadoes, please see separate Storm Data entry for May 21st. ||Multiple rounds of thunderstorms brought torrential rainfall, damaging winds, hail and destructive tornadoes to the state. These thunderstorms were the result of a low pressure system which lifted north into the area on the night of May 20th, 2024, producing slow moving storms that dropped 2 to 4 inches of rainfall. This resulted in flash flooding over portions of northern and central Iowa through the morning of May 21st, 2024. State level damage estimates to public infrastructure exceeded 7 million dollars due to the morning flooding.||Following the heavy rainfall through the morning, skies cleared out ahead of an approaching cold front. By the afternoon hours of May 21st, 2024, this cold front produced a line of strong thunderstorms which produced multiple strong tornadoes throughout the state, including one which led to significant damage in the town of Greenfield, IA, among other locations. This line of storms also produced damaging winds, leading to widespread tree damage and power outages throughout the forecast area.",Sandbagging is in progress.,CSV
2024-05-20 23:00:00,2024-05-22 20:00:00,1 days 21:00:00,191762_0,202405,21,1218,202405,22,500,191762,1183400,IOWA,19,2024,May,Flood,C,81,HANCOCK,DMX,2024-05-21 12:18:00,CST-6,2024-05-22 05:00:00,0,0,0,0,0.00K,0.00K,Emergency Manager,Heavy Rain,0.85,SW,WODEN,1.57,ESE,WODEN,43.22,-93.93,43.2206,-93.8845,"PLEASE NOTE, for tornadoes, please see separate Storm Data entry for May 21st. ||Multiple rounds of thunderstorms brought torrential rainfall, damaging winds, hail and destructive tornadoes to the state. These thunderstorms were the result of a low pressure system which lifted north into the area on the night of May 20th, 2024, producing slow moving storms that dropped 2 to 4 inches of rainfall. This resulted in flash flooding over portions of northern and central Iowa through the morning of May 21st, 2024. State level damage estimates to public infrastructure exceeded 7 million dollars due to the morning flooding.||Following the heavy rainfall through the morning, skies cleared out ahead of an approaching cold front. By the afternoon hours of May 21st, 2024, this cold front produced a line of strong thunderstorms which produced multiple strong tornadoes throughout the state, including one which led to significant damage in the town of Greenfield, IA, among other locations. This line of storms also produced damaging winds, leading to widespread tree damage and power outages throughout the forecast area.",Road closed due to water over the roads along with washouts on gravel roads.,CSV
2024-05-20 23:00:00,2024-05-22 20:00:00,1 days 21:00:00,191762_0,202405,21,1226,202405,22,700,191762,1183401,IOWA,19,2024,May,Flood,C,109,KOSSUTH,DMX,2024-05-21 12:26:00,CST-6,2024-05-22 07:00:00,0,0,0,0,0.00K,0.00K,Emergency Manager,Heavy Rain,1.82,NNW,WESLEY,0.97,N,WESLEY ARPT,43.1035,-94.0164,43.1037,-93.972,"PLEASE NOTE, for tornadoes, please see separate Storm Data entry for May 21st. ||Multiple rounds of thunderstorms brought torrential rainfall, damaging winds, hail and destructive tornadoes to the state. These thunderstorms were the result of a low pressure system which lifted north into the area on the night of May 20th, 2024, producing slow moving storms that dropped 2 to 4 inches of rainfall. This resulted in flash flooding over portions of northern and central Iowa through the morning of May 21st, 2024. State level damage estimates to public infrastructure exceeded 7 million dollars due to the morning flooding.||Following the heavy rainfall through the morning, skies cleared out ahead of an approaching cold front. By the afternoon hours of May 21st, 2024, this cold front produced a line of strong thunderstorms which produced multiple strong tornadoes throughout the state, including one which led to significant damage in the town of Greenfield, IA, among other locations. This line of storms also produced damaging winds, leading to widespread tree damage and power outages throughout the forecast area.","Several roads, homes, and buildings flooded. Many roads closed.",CSV
2024-05-20 23:00:00,2024-05-22 20:00:00,1 days 21:00:00,191762_0,202405,21,1227,202405,22,700,191762,1183403,IOWA,19,2024,May,Flood,C,109,KOSSUTH,DMX,2024-05-21 12:27:00,CST-6,2024-05-22 07:00:00,0,0,0,0,0.00K,0.00K,Emergency Manager,Heavy Rain,3.05,NNE,WHITTEMORE,9.51,SE,TITONKA,43.1131,-94.4071,43.2116,-94.0284,"PLEASE NOTE, for tornadoes, please see separate Storm Data entry for May 21st. ||Multiple rounds of thunderstorms brought torrential rainfall, damaging winds, hail and destructive tornadoes to the state. These thunderstorms were the result of a low pressure system which lifted north into the area on the night of May 20th, 2024, producing slow moving storms that dropped 2 to 4 inches of rainfall. This resulted in flash flooding over portions of northern and central Iowa through the morning of May 21st, 2024. State level damage estimates to public infrastructure exceeded 7 million dollars due to the morning flooding.||Following the heavy rainfall through the morning, skies cleared out ahead of an approaching cold front. By the afternoon hours of May 21st, 2024, this cold front produced a line of strong thunderstorms which produced multiple strong tornadoes throughout the state, including one which led to significant damage in the town of Greenfield, IA, among other locations. This line of storms also produced damaging winds, leading to widespread tree damage and power outages throughout the forecast area.",Approximately 20 secondary roads closed in the county due to water over the road.,CSV
2024-05-20 23:00:00,2024-05-22 20:00:00,1 days 21:00:00,191762_0,202405,21,1247,202405,22,500,191762,1183406,IOWA,19,2024,May,Flood,C,99,JASPER,DMX,2024-05-21 12:47:00,CST-6,2024-05-22 05:00:00,0,0,0,0,0.00K,0.00K,Public,Heavy Rain,2.67,SSE,GODDARD,2.85,SE,GODDARD,41.6875,-93.1919,41.6961,-93.1803,"PLEASE NOTE, for tornadoes, please see separate Storm Data entry for May 21st. ||Multiple rounds of thunderstorms brought torrential rainfall, damaging winds, hail and destructive tornadoes to the state. These thunderstorms were the result of a low pressure system which lifted north into the area on the night of May 20th, 2024, producing slow moving storms that dropped 2 to 4 inches of rainfall. This resulted in flash flooding over portions of northern and central Iowa through the morning of May 21st, 2024. State level damage estimates to public infrastructure exceeded 7 million dollars due to the morning flooding.||Following the heavy rainfall through the morning, skies cleared out ahead of an approaching cold front. By the afternoon hours of May 21st, 2024, this cold front produced a line of strong thunderstorms which produced multiple strong tornadoes throughout the state, including one which led to significant damage in the town of Greenfield, IA, among other locations. This line of storms also produced damaging winds, leading to widespread tree damage and power outages throughout the forecast area.",Report via mping of river overflowing and cropland flooding.,CSV
2024-05-20 23:00:00,2024-05-22 20:00:00,1 days 21:00:00,191762_0,202405,21,1328,202405,22,500,191762,1183415,IOWA,19,2024,May,Flood,C,157,POWESHIEK,DMX,2024-05-21 13:28:00,CST-6,2024-05-22 05:00:00,0,0,0,0,0.00K,0.00K,Emergency Manager,Heavy Rain,0.65,E,CARNFORTH,2.02,WSW,GRINNELL ARPT,41.7313,-92.3175,41.7123,-92.7154,"PLEASE NOTE, for tornadoes, please see separate Storm Data entry for May 21st. ||Multiple rounds of thunderstorms brought torrential rainfall, damaging winds, hail and destructive tornadoes to the state. These thunderstorms were the result of a low pressure system which lifted north into the area on the night of May 20th, 2024, producing slow moving storms that dropped 2 to 4 inches of rainfall. This resulted in flash flooding over portions of northern and central Iowa through the morning of May 21st, 2024. State level damage estimates to public infrastructure exceeded 7 million dollars due to the morning flooding.||Following the heavy rainfall through the morning, skies cleared out ahead of an approaching cold front. By the afternoon hours of May 21st, 2024, this cold front produced a line of strong thunderstorms which produced multiple strong tornadoes throughout the state, including one which led to significant damage in the town of Greenfield, IA, among other locations. This line of storms also produced damaging winds, leading to widespread tree damage and power outages throughout the forecast area.",Approximately 10 secondary road closures due to water over the road in northern parts of the county.,CSV
2024-05-20 23:00:00,2024-05-22 20:00:00,1 days 21:00:00,191762_0,202405,21,1344,202405,22,500,191762,1183416,IOWA,19,2024,May,Flood,C,13,BLACK HAWK,DMX,2024-05-21 13:44:00,CST-6,2024-05-22 05:00:00,0,0,0,0,0.00K,0.00K,Public,Heavy Rain,1.17,SSE,DUNKERTON DAVIS ARPT,1.72,SE,DUNKERTON DAVIS ARPT,42.6036,-92.2143,42.603,-92.2001,"PLEASE NOTE, for tornadoes, please see separate Storm Data entry for May 21st. ||Multiple rounds of thunderstorms brought torrential rainfall, damaging winds, hail and destructive tornadoes to the state. These thunderstorms were the result of a low pressure system which lifted north into the area on the night of May 20th, 2024, producing slow moving storms that dropped 2 to 4 inches of rainfall. This resulted in flash flooding over portions of northern and central Iowa through the morning of May 21st, 2024. State level damage estimates to public infrastructure exceeded 7 million dollars due to the morning flooding.||Following the heavy rainfall through the morning, skies cleared out ahead of an approaching cold front. By the afternoon hours of May 21st, 2024, this cold front produced a line of strong thunderstorms which produced multiple strong tornadoes throughout the state, including one which led to significant damage in the town of Greenfield, IA, among other locations. This line of storms also produced damaging winds, leading to widespread tree damage and power outages throughout the forecast area.",Report of river overflowing and cropland flooding from mping.,CSV
2024-05-20 23:00:00,2024-05-22 20:00:00,1 days 21:00:00,191762_0,202405,21,1507,202405,22,500,191762,1183418,IOWA,19,2024,May,Flood,C,127,MARSHALL,DMX,2024-05-21 15:07:00,CST-6,2024-05-22 05:00:00,0,0,0,0,0.00K,0.00K,Emergency Manager,Heavy Rain,1.21,NNE,FERGUSON,0.75,NNE,MARSHALLTOWN ARPT,41.946,-92.8705,42.1821,-92.8655,"PLEASE NOTE, for tornadoes, please see separate Storm Data entry for May 21st. ||Multiple rounds of thunderstorms brought torrential rainfall, damaging winds, hail and destructive tornadoes to the state. These thunderstorms were the result of a low pressure system which lifted north into the area on the night of May 20th, 2024, producing slow moving storms that dropped 2 to 4 inches of rainfall. This resulted in flash flooding over portions of northern and central Iowa through the morning of May 21st, 2024. State level damage estimates to public infrastructure exceeded 7 million dollars due to the morning flooding.||Following the heavy rainfall through the morning, skies cleared out ahead of an approaching cold front. By the afternoon hours of May 21st, 2024, this cold front produced a line of strong thunderstorms which produced multiple strong tornadoes throughout the state, including one which led to significant damage in the town of Greenfield, IA, among other locations. This line of storms also produced damaging winds, leading to widespread tree damage and power outages throughout the forecast area.",Several roads closed due to water over the roads. Several bridges impassable and a couple landslides due to the flooding.,CSV
2024-05-20 23:00:00,2024-05-22 20:00:00,1 days 21:00:00,191762_0,202405,21,1657,202405,22,500,191762,1183419,IOWA,19,2024,May,Flood,C,69,FRANKLIN,DMX,2024-05-21 16:57:00,CST-6,2024-05-22 05:00:00,0,0,0,0,0.00K,0.00K,Public,Heavy Rain,0.69,NNE,HAMPTON MUNI ARPT,1.05,NE,HAMPTON MUNI ARPT,42.7391,-93.2243,42.7402,-93.2189,"PLEASE NOTE, for tornadoes, please see separate Storm Data entry for May 21st. ||Multiple rounds of thunderstorms brought torrential rainfall, damaging winds, hail and destructive tornadoes to the state. These thunderstorms were the result of a low pressure system which lifted north into the area on the night of May 20th, 2024, producing slow moving storms that dropped 2 to 4 inches of rainfall. This resulted in flash flooding over portions of northern and central Iowa through the morning of May 21st, 2024. State level damage estimates to public infrastructure exceeded 7 million dollars due to the morning flooding.||Following the heavy rainfall through the morning, skies cleared out ahead of an approaching cold front. By the afternoon hours of May 21st, 2024, this cold front produced a line of strong thunderstorms which produced multiple strong tornadoes throughout the state, including one which led to significant damage in the town of Greenfield, IA, among other locations. This line of storms also produced damaging winds, leading to widespread tree damage and power outages throughout the forecast area.",Report of flooding from mping.,CSV
2024-05-20 23:00:00,2024-05-22 20:00:00,1 days 21:00:00,191762_0,202405,22,54,202405,22,500,191762,1183420,IOWA,19,2024,May,Flood,C,23,BUTLER,DMX,2024-05-22 00:54:00,CST-6,2024-05-22 05:00:00,0,0,0,0,0.00K,0.00K,Department of Highways,Heavy Rain,1.23,NW,PARKERSBURG,1.66,W,PARKERSBURG,42.58,-92.8,42.5685,-92.801,"PLEASE NOTE, for tornadoes, please see separate Storm Data entry for May 21st. ||Multiple rounds of thunderstorms brought torrential rainfall, damaging winds, hail and destructive tornadoes to the state. These thunderstorms were the result of a low pressure system which lifted north into the area on the night of May 20th, 2024, producing slow moving storms that dropped 2 to 4 inches of rainfall. This resulted in flash flooding over portions of northern and central Iowa through the morning of May 21st, 2024. State level damage estimates to public infrastructure exceeded 7 million dollars due to the morning flooding.||Following the heavy rainfall through the morning, skies cleared out ahead of an approaching cold front. By the afternoon hours of May 21st, 2024, this cold front produced a line of strong thunderstorms which produced multiple strong tornadoes throughout the state, including one which led to significant damage in the town of Greenfield, IA, among other locations. This line of storms also produced damaging winds, leading to widespread tree damage and power outages throughout the forecast area.",Iowa DOT reports IA 57 east bound at IA 14 closed due to water over the road.,CSV
2024-06-01 00:00:00,2024-06-04 00:00:00,3 days 00:00:00,191893_0,202406,1,0,202406,11,1600,191893,1182230,IOWA,19,2024,June,Flood,C,41,CLAY,FSD,2024-06-01 00:00:00,CST-6,2024-06-11 16:00:00,0,0,0,0,0.00K,0.00K,River/Stream Gage,Heavy Rain,4.79,W,FOSTORIA,0.59,NE,EVERLY,43.2554,-95.2648,43.21,-95.28,Elevated river levels along portions of the Little Sioux and Ocheyedan River Basins continued from May into early June due to ongoing wet and rainy conditions.,"The Little Sioux River near Milford continued above flood stage from May, cresting around 3.67 ft above flood stage (15.67 ft) on June 4th. This crest is in the Moderate Stage. The river then fell below flood stage on the afternoon of June 11th.",CSV
2024-06-01 00:00:00,2024-06-04 00:00:00,3 days 00:00:00,191893_0,202406,1,0,202406,12,1300,191893,1182231,IOWA,19,2024,June,Flood,C,41,CLAY,FSD,2024-06-01 00:00:00,CST-6,2024-06-12 13:00:00,0,0,0,0,0.00K,0.00K,River/Stream Gage,Heavy Rain,0.78,WNW,FOSTORIA,2.76,W,FOSTORIA,43.255,-95.184,43.255,-95.2764,Elevated river levels along portions of the Little Sioux and Ocheyedan River Basins continued from May into early June due to ongoing wet and rainy conditions.,"The Little Sioux River above Spencer at Hwy 18 continued above flood stage from May, cresting around 1.99 ft above flood stage (1323.99 ft) on June 6th. The river then fell below flood stage on the afternoon of June 12th.",CSV
2024-06-01 00:00:00,2024-06-04 00:00:00,3 days 00:00:00,191893_0,202406,1,0,202406,14,2200,191893,1182234,IOWA,19,2024,June,Flood,C,41,CLAY,FSD,2024-06-01 00:00:00,CST-6,2024-06-14 22:00:00,0,0,0,0,0.00K,0.00K,River/Stream Gage,Heavy Rain,1.51,W,SPENCER,1.71,WSW,DICKENS,43.15,-95.18,43.1,-95.1,Elevated river levels along portions of the Little Sioux and Ocheyedan River Basins continued from May into early June due to ongoing wet and rainy conditions.,"The Little Sioux River at Spencer continued above flood stage from May, cresting around 2.17 ft above flood stage (10.17 ft) on June 2nd. This crest is in the Moderate Stage. The river then fell below flood stage on the evening of June 14th.",CSV
2024-06-01 00:00:00,2024-06-04 00:00:00,3 days 00:00:00,191893_0,202406,1,0,202406,11,1600,191893,1182229,IOWA,19,2024,June,Flood,C,59,DICKINSON,FSD,2024-06-01 00:00:00,CST-6,2024-06-11 16:00:00,0,0,0,0,0.00K,0.00K,River/Stream Gage,Heavy Rain,3.77,WSW,MONTGOMERY,1.47,SW,FULLER FLD ARPT,43.41,-95.27,43.2554,-95.2648,Elevated river levels along portions of the Little Sioux and Ocheyedan River Basins continued from May into early June due to ongoing wet and rainy conditions.,"The Little Sioux River near Milford continued above flood stage from May, cresting around 3.67 ft above flood stage (15.67 ft) on June 4th. This crest is in the Moderate Stage. The river then fell below flood stage on the afternoon of June 11th.",CSV
2024-06-01 00:00:00,2024-06-04 00:00:00,3 days 00:00:00,191893_0,202406,1,1100,202406,7,1900,191893,1182226,IOWA,19,2024,June,Flood,C,41,CLAY,FSD,2024-06-01 11:00:00,CST-6,2024-06-07 19:00:00,0,0,0,0,0.00K,0.00K,River/Stream Gage,Heavy Rain,3.42,SE,EVERLY,3.02,SW,SPENCER,43.13,-95.29,43.11,-95.2,Elevated river levels along portions of the Little Sioux and Ocheyedan River Basins continued from May into early June due to ongoing wet and rainy conditions.,"The Ocheyedan River near Spencer rose above flood stage the morning of June 1st, cresting around 2.21 feet above flood stage (10.21 feet) on June 2nd. This crest is in the Moderate Stage. The river then fell below flood stage on the evening of June 7th.",CSV
2024-06-20 15:45:00,2024-06-23 15:45:00,3 days 00:00:00,191899_0,202406,20,1545,202406,25,1300,191899,1195603,IOWA,19,2024,June,Flood,C,119,LYON,FSD,2024-06-20 15:45:00,CST-6,2024-06-25 13:00:00,0,0,0,0,13.20M,0.00K,Emergency Manager,Heavy Rain,2.86,ESE,BELOIT,3.14,SE,GEORGE SUDENGA ARPT,43.2669,-96.5661,43.2617,-95.8664,"A multi-day significant heavy rainfall event from June 20-22 resulted in widespread rain totals between 5 and 10 inches across portions of southeast South Dakota, northwest Iowa, and southwest Minnesota. As rainfall reached area streams and rivers, major to record flooding was observed, devastating several towns and communities. Extensive overland flooding also resulted in significant impacts and damages. All river crest information is preliminary until made official by the gauge owner.||A Presidential Disaster Declaration was signed for Buena Vista, Cherokee, Clay, Dickinson, Lyon, Plymouth, O'Brien, Osceola, Sioux, and Woodbury Counties.","Rainfall amounts across Lyon County from June 20-22 ranged from 7 to 12 inches. Widespread overland flooding ensued with additional major to record flooding along the Big Sioux, Rock, and Little Rock Rivers, and Mud Creek. ||At the peak of flooding, approximately 50 people were evacuated from Rock Rapids, Doon, and Alvord. In Rock Rapids, there were 12 swift water rescues when flood waters overwhelmed the city. County-wide 605 homes were impacted by flood waters, 15 of which were declared a total loss. In addition, six businesses were declared a total loss. Reported damage to individual property is estimated to cost 2.7 million dollars. ||County infrastructure was also severely impacted. Nearly all gravel roads had some type of washout and 12 county bridges were impacted by flood waters. Preliminary damage assessments estimate damage to public infrastructure to be 10.5 million dollars.   ||The majority of overland flooding subsided by June 25, but river flooding continued through the end of the month. For additional information on river flooding, please see other flood entries for Lyon County.",CSV
2024-06-20 15:45:00,2024-06-23 15:45:00,3 days 00:00:00,191899_0,202406,20,1545,202406,25,1300,191899,1195645,IOWA,19,2024,June,Flood,C,167,SIOUX,FSD,2024-06-20 15:45:00,CST-6,2024-06-25 13:00:00,0,0,1,0,6.50M,0.00K,Emergency Manager,Heavy Rain,1.33,W,CHATSWORTH,2.33,SE,GRANVILLE,42.9171,-96.5259,42.9126,-95.8644,"A multi-day significant heavy rainfall event from June 20-22 resulted in widespread rain totals between 5 and 10 inches across portions of southeast South Dakota, northwest Iowa, and southwest Minnesota. As rainfall reached area streams and rivers, major to record flooding was observed, devastating several towns and communities. Extensive overland flooding also resulted in significant impacts and damages. All river crest information is preliminary until made official by the gauge owner.||A Presidential Disaster Declaration was signed for Buena Vista, Cherokee, Clay, Dickinson, Lyon, Plymouth, O'Brien, Osceola, Sioux, and Woodbury Counties.","Rainfall amounts across Sioux County from June 20-22 ranged from 2 to 7 inches, with the highest amounts across the northern half of the county. Farther north and upstream, up to 12 inches of rain fell across portions of southeast South Dakota and northwest Iowa. This rainfall resulted in extensive overland flooding and major to record flooding along the Big Sioux, Rock, West Branch Floyd, and Floyd Rivers, and Burr Oak Creek. ||Large sections of Rock Valley and Hawarden were evacuated as flood waters inundated both cities. An estimated 200 people were rescued during the peak of the flooding. An estimated 60 businesses were impacted by flood water in Rock Valley and Hawarden. County-wide, 700 to 800 housing units were impacted by flood water, 150 of which were declared a total loss. Rock Valley Public and Christian Schools were also flooded and sustained severe damage.  ||Countless county roads and bridges were covered in water and damaged. Preliminary damage assessments estimate loss to public infrastructure to be 6.5 million dollars. ||One direct fatality occurred in Rock Valley when a man was pinned by debris from a collapsed foundation and subsequently drowned when water filled the basement.  ||The majority of overland flooding subsided by June 25, but river flooding continued through the end of the month. For additional information on river flooding, please see other flood entries for Sioux County.",CSV
2024-06-20 15:45:00,2024-06-23 15:45:00,3 days 00:00:00,191899_0,202406,20,1700,202406,25,1300,191899,1195623,IOWA,19,2024,June,Flood,C,143,OSCEOLA,FSD,2024-06-20 17:00:00,CST-6,2024-06-25 13:00:00,0,0,0,0,2.15M,0.00K,Emergency Manager,Heavy Rain,5.2,SW,ASHTON,8.22,SSW,MELVIN,43.2589,-95.8603,43.26,-95.6259,"A multi-day significant heavy rainfall event from June 20-22 resulted in widespread rain totals between 5 and 10 inches across portions of southeast South Dakota, northwest Iowa, and southwest Minnesota. As rainfall reached area streams and rivers, major to record flooding was observed, devastating several towns and communities. Extensive overland flooding also resulted in significant impacts and damages. All river crest information is preliminary until made official by the gauge owner.||A Presidential Disaster Declaration was signed for Buena Vista, Cherokee, Clay, Dickinson, Lyon, Plymouth, O'Brien, Osceola, Sioux, and Woodbury Counties.","Rainfall amounts across Osceola County from June 20-22 ranged from 7 to 9 inches. This rain resulted in widespread overland flooding across the county. ||A shelter in Sibley was opened after approximately 25 homes were evacuated due to flood waters. There was at least one swift water rescue. No homes or businesses were destroyed, but there were many reports of water up to the first level with significant water damage in basements. ||Numerous roads were damaged across the county. Two pump motors were destroyed at the Sibley Wastewater Treatment Plant. The May City water wells were contaminated. The Ashton water main from rural water was destroyed and a rural bridge near Ashton was also destroyed. Preliminary damage assessments estimate loss to public infrastructure across the county to be 2.15 million dollars.",CSV
2024-06-20 15:45:00,2024-06-23 15:45:00,3 days 00:00:00,191899_0,202406,20,2200,202406,30,2359,191899,1193369,IOWA,19,2024,June,Flood,C,59,DICKINSON,FSD,2024-06-20 22:00:00,CST-6,2024-06-30 23:59:00,0,0,0,0,0.00K,0.00K,River/Stream Gage,Heavy Rain,5.02,NNW,MONTGOMERY,4.32,SE,LAKE PARK,43.501,-95.2208,43.43,-95.28,"A multi-day significant heavy rainfall event from June 20-22 resulted in widespread rain totals between 5 and 10 inches across portions of southeast South Dakota, northwest Iowa, and southwest Minnesota. As rainfall reached area streams and rivers, major to record flooding was observed, devastating several towns and communities. Extensive overland flooding also resulted in significant impacts and damages. All river crest information is preliminary until made official by the gauge owner.||A Presidential Disaster Declaration was signed for Buena Vista, Cherokee, Clay, Dickinson, Lyon, Plymouth, O'Brien, Osceola, Sioux, and Woodbury Counties.","The Little Sioux River near Montgomery rose above flood stage the evening of June 20th, cresting around 4.9 feet above flood stage (1395.9 feet) on June 23rd.  This crest is in the Major Stage and broke the previous record. The river stayed above flood stage into July. For a more comprehensive description of flood damage, please see other entries for Dickinson County.",CSV
2024-06-20 15:45:00,2024-06-23 15:45:00,3 days 00:00:00,191899_0,202406,20,2300,202406,30,2359,191899,1182849,IOWA,19,2024,June,Flood,C,167,SIOUX,FSD,2024-06-20 23:00:00,CST-6,2024-06-30 23:59:00,0,0,0,0,0.00K,0.00K,River/Stream Gage,Heavy Rain,4.48,WSW,LEBANON,3.42,NW,HAWARDEN,43.08,-96.4545,43.0451,-96.5121,"A multi-day significant heavy rainfall event from June 20-22 resulted in widespread rain totals between 5 and 10 inches across portions of southeast South Dakota, northwest Iowa, and southwest Minnesota. As rainfall reached area streams and rivers, major to record flooding was observed, devastating several towns and communities. Extensive overland flooding also resulted in significant impacts and damages. All river crest information is preliminary until made official by the gauge owner.||A Presidential Disaster Declaration was signed for Buena Vista, Cherokee, Clay, Dickinson, Lyon, Plymouth, O'Brien, Osceola, Sioux, and Woodbury Counties.","The Big Sioux River above Hawarden rose above flood stage the evening of June 20th, cresting around 19.42 feet above flood stage (39.92 feet) on June 22nd.  This crest is in the Major Stage and broke the previous record. Significant flooding was observed within the town of Hawarden itself. The river stayed above flood stage into July. For a more comprehensive description of flood damage, please see other entries for Sioux County.",CSV
2024-06-20 15:45:00,2024-06-23 15:45:00,3 days 00:00:00,191899_0,202406,21,100,202406,30,2359,191899,1195690,IOWA,19,2024,June,Flood,C,35,CHEROKEE,FSD,2024-06-21 01:00:00,CST-6,2024-06-30 23:59:00,0,0,0,0,1.02M,0.00K,Emergency Manager,Heavy Rain,7.12,W,WASHTA,6.81,S,AURELIA,42.5615,-95.8594,42.563,-95.3894,"A multi-day significant heavy rainfall event from June 20-22 resulted in widespread rain totals between 5 and 10 inches across portions of southeast South Dakota, northwest Iowa, and southwest Minnesota. As rainfall reached area streams and rivers, major to record flooding was observed, devastating several towns and communities. Extensive overland flooding also resulted in significant impacts and damages. All river crest information is preliminary until made official by the gauge owner.||A Presidential Disaster Declaration was signed for Buena Vista, Cherokee, Clay, Dickinson, Lyon, Plymouth, O'Brien, Osceola, Sioux, and Woodbury Counties.","Rainfall amounts across Cherokee County from June 20-22 ranged from around a quarter of an inch across southern areas to around 2 inches across northern areas. Farther north and upstream, 5 to 10 inches of rain fell across portions of northwest Iowa. This rainfall resulted in moderate to record flooding along the Little Sioux River and Mill Creek and overland flooding along the adjoining flood plain.||The majority of flood damage occurred in or around the city of Cherokee. A total of 140 residences were impacted by flood water. Of those, 45 received major damage while 22 were completely destroyed. There were also 10 businesses that received major damage or were destroyed. Spring Lake Park was severely damaged, including a washed out road, washed out campgrounds, and a flooded yacht club. At one point, 8 bridges around Cherokee were closed and other county roads and bridges were temporarily closed. Preliminary damage assessments estimate loss to public infrastructure to be 1.02 million dollars.||For additional information on river flooding, please see other flood entries for Cherokee County.",CSV
2024-06-20 15:45:00,2024-06-23 15:45:00,3 days 00:00:00,191899_0,202406,21,100,202406,30,1300,191899,1182845,IOWA,19,2024,June,Flood,C,119,LYON,FSD,2024-06-21 01:00:00,CST-6,2024-06-30 13:00:00,0,0,0,0,0.00K,0.00K,River/Stream Gage,Heavy Rain,0.38,NNE,KLONDIKE,1.5,WSW,INWOOD,43.385,-96.527,43.2971,-96.5305,"A multi-day significant heavy rainfall event from June 20-22 resulted in widespread rain totals between 5 and 10 inches across portions of southeast South Dakota, northwest Iowa, and southwest Minnesota. As rainfall reached area streams and rivers, major to record flooding was observed, devastating several towns and communities. Extensive overland flooding also resulted in significant impacts and damages. All river crest information is preliminary until made official by the gauge owner.||A Presidential Disaster Declaration was signed for Buena Vista, Cherokee, Clay, Dickinson, Lyon, Plymouth, O'Brien, Osceola, Sioux, and Woodbury Counties.","The Big Sioux River above Canton rose above flood stage the morning of June 21st, cresting around 13.35 feet above flood stage (1248.35 feet) on June 22nd.  This crest is in the Major Stage and broke the previous record. The river then fell below flood stage on the afternoon of June 30th. For a more comprehensive description of flood damage, please see other entries for Lyon County.",CSV
2024-06-20 15:45:00,2024-06-23 15:45:00,3 days 00:00:00,191899_0,202406,21,100,202406,30,1300,191899,1182846,IOWA,19,2024,June,Flood,C,167,SIOUX,FSD,2024-06-21 01:00:00,CST-6,2024-06-30 13:00:00,0,0,0,0,0.00K,0.00K,River/Stream Gage,Heavy Rain,3.46,NW,FAIRVIEW,2.28,WNW,FAIRVIEW,43.2601,-96.5549,43.2472,-96.5493,"A multi-day significant heavy rainfall event from June 20-22 resulted in widespread rain totals between 5 and 10 inches across portions of southeast South Dakota, northwest Iowa, and southwest Minnesota. As rainfall reached area streams and rivers, major to record flooding was observed, devastating several towns and communities. Extensive overland flooding also resulted in significant impacts and damages. All river crest information is preliminary until made official by the gauge owner.||A Presidential Disaster Declaration was signed for Buena Vista, Cherokee, Clay, Dickinson, Lyon, Plymouth, O'Brien, Osceola, Sioux, and Woodbury Counties.","The Big Sioux River above Canton rose above flood stage the morning of June 21st, cresting around 13.35 feet above flood stage (1248.35 feet) on June 22nd.  This crest is in the Major Stage and broke the previous record. The river then fell below flood stage on the afternoon of June 30th. For a more comprehensive description of flood damage, please see other entries for Sioux County.",CSV
2024-06-20 15:45:00,2024-06-23 15:45:00,3 days 00:00:00,191899_0,202406,21,100,202406,30,2359,191899,1193375,IOWA,19,2024,June,Flood,C,141,O'BRIEN,FSD,2024-06-21 01:00:00,CST-6,2024-06-30 23:59:00,0,0,0,0,0.00K,0.00K,River/Stream Gage,Heavy Rain,3.61,E,SUTHERLAND,6.94,SE,SUTHERLAND,42.96,-95.43,42.9365,-95.439,"A multi-day significant heavy rainfall event from June 20-22 resulted in widespread rain totals between 5 and 10 inches across portions of southeast South Dakota, northwest Iowa, and southwest Minnesota. As rainfall reached area streams and rivers, major to record flooding was observed, devastating several towns and communities. Extensive overland flooding also resulted in significant impacts and damages. All river crest information is preliminary until made official by the gauge owner.||A Presidential Disaster Declaration was signed for Buena Vista, Cherokee, Clay, Dickinson, Lyon, Plymouth, O'Brien, Osceola, Sioux, and Woodbury Counties.","The Little Sioux River at Cherokee rose above flood stage the morning of June 21st, cresting around 16.47 feet above flood stage (33.47 feet) on June 24th. The crest value was determined using a high water mark due to a river gauge outage. This crest is in the Major Stage and broke the previous record. The river stayed above flood stage into July. For a more comprehensive description of flood damage, please see other entries for O'Brien County.",CSV
2024-06-20 15:45:00,2024-06-23 15:45:00,3 days 00:00:00,191899_0,202406,21,100,202406,30,2359,191899,1193374,IOWA,19,2024,June,Flood,C,35,CHEROKEE,FSD,2024-06-21 01:00:00,CST-6,2024-06-30 23:59:00,0,0,0,0,0.00K,0.00K,River/Stream Gage,Heavy Rain,4.11,NE,LARRABEE,7.61,SE,MARY HILL,42.91,-95.47,42.7,-95.64,"A multi-day significant heavy rainfall event from June 20-22 resulted in widespread rain totals between 5 and 10 inches across portions of southeast South Dakota, northwest Iowa, and southwest Minnesota. As rainfall reached area streams and rivers, major to record flooding was observed, devastating several towns and communities. Extensive overland flooding also resulted in significant impacts and damages. All river crest information is preliminary until made official by the gauge owner.||A Presidential Disaster Declaration was signed for Buena Vista, Cherokee, Clay, Dickinson, Lyon, Plymouth, O'Brien, Osceola, Sioux, and Woodbury Counties.","The Little Sioux River at Cherokee rose above flood stage the morning of June 21st, cresting around 16.47 feet above flood stage (33.47 feet) on June 24th. The crest value was determined using a high water mark due to a river gauge outage.  This crest is in the Major Stage and broke the previous record. Significant flooding was observed within the city of Cherokee itself. The river stayed above flood stage into July. For a more comprehensive description of flood damage, please see other entries for Cherokee County.",CSV
2024-06-20 15:45:00,2024-06-23 15:45:00,3 days 00:00:00,191899_0,202406,21,130,202406,30,2359,191899,1195684,IOWA,19,2024,June,Flood,C,149,PLYMOUTH,FSD,2024-06-21 01:30:00,CST-6,2024-06-30 23:59:00,0,0,0,0,1.58M,0.00K,Emergency Manager,Heavy Rain,7.51,W,JAMES,0.16,ESE,KINGSLEY,42.5677,-96.4667,42.5624,-95.8622,"A multi-day significant heavy rainfall event from June 20-22 resulted in widespread rain totals between 5 and 10 inches across portions of southeast South Dakota, northwest Iowa, and southwest Minnesota. As rainfall reached area streams and rivers, major to record flooding was observed, devastating several towns and communities. Extensive overland flooding also resulted in significant impacts and damages. All river crest information is preliminary until made official by the gauge owner.||A Presidential Disaster Declaration was signed for Buena Vista, Cherokee, Clay, Dickinson, Lyon, Plymouth, O'Brien, Osceola, Sioux, and Woodbury Counties.","Rainfall amounts across Plymouth County from June 20-22 ranged from only a few hundredths across southern areas to around 2 inches across northern areas. Farther north and upstream, 6 to 10 inches of rain fell across portions of southeast South Dakota and northwest Iowa, with locally higher amounts near 12 inches. This rainfall resulted in major to record flooding along the Big Sioux and Floyd Rivers and extensive overland flooding along the adjoining flood plain. ||During peak flooding, areas between the Big Sioux River and Iowa Highway 12 were evacuated. The Willow Creek Campground in Le Mars was also evacuated. There were at least two water rescues, including 14 individuals. County-wide, 47 individual households reported flood damage at an estimated cost of 275 thousand dollars.   ||Numerous county roads were impacted by flood waters and closed; the most significant being Iowa Highway 12 and the bridge outside of Akron that crosses the Big Sioux River into South Dakota. The communities of Westfield and Le Mars experienced the greatest impacts with damages to their wastewater treatment plants. Preliminary damage assessments estimate loss to public infrastructure to be 1.3 million dollars.||For additional information on river flooding, please see other flood entries for Plymouth County.",CSV
2024-06-20 15:45:00,2024-06-23 15:45:00,3 days 00:00:00,191899_0,202406,21,130,202406,30,2359,191899,1195707,IOWA,19,2024,June,Flood,C,21,BUENA VISTA,FSD,2024-06-21 01:30:00,CST-6,2024-06-30 23:59:00,0,0,0,0,2.44M,0.00K,Emergency Manager,Heavy Rain,2.4,S,HANOVER,6.98,ESE,NEWELL,42.5654,-95.3846,42.5618,-94.9168,"A multi-day significant heavy rainfall event from June 20-22 resulted in widespread rain totals between 5 and 10 inches across portions of southeast South Dakota, northwest Iowa, and southwest Minnesota. As rainfall reached area streams and rivers, major to record flooding was observed, devastating several towns and communities. Extensive overland flooding also resulted in significant impacts and damages. All river crest information is preliminary until made official by the gauge owner.||A Presidential Disaster Declaration was signed for Buena Vista, Cherokee, Clay, Dickinson, Lyon, Plymouth, O'Brien, Osceola, Sioux, and Woodbury Counties.","Rainfall amounts across Buena Vista County from June 20-22 ranged from around a quarter of an inch across southern areas to nearly 3 inches across northern areas. Farther north and upstream, 3 to 7 inches of rain fell across portions of northwest Iowa. This rainfall resulted in major to record flooding along the Little Sioux River and overland flooding along the adjoining flood plain. ||The majority of flood impacts occurred across the far northern portion of the county, including the communities of Sioux Rapids and Linn Grove. Several area homes were proactively evacuated. Most of the business district in Sioux Rapids flooded with some buildings collapsing. Approximately 80 homes and 30 businesses were damaged by flood waters.||Infrastructure was also severely impacted. The U.S. Highway 71 bridge north of Sioux Rapids was under water and closed. The Sioux Rapids water wells and wastewater treatment plant were inundated with water and the Linn Grove water system was also inundated. Preliminary damage assessments estimate loss to public infrastructure to be 2.44 million dollars.  ||For additional information on river flooding, please see other flood entries for Buena Vista County.",CSV
2024-06-20 15:45:00,2024-06-23 15:45:00,3 days 00:00:00,191899_0,202406,21,200,202406,24,100,191899,1190085,IOWA,19,2024,June,Flood,C,167,SIOUX,FSD,2024-06-21 02:00:00,CST-6,2024-06-24 01:00:00,0,0,0,0,0.00K,0.00K,River/Stream Gage,Heavy Rain,1.8,NNE,SHELDON,1.91,W,NEWKIRK,43.2054,-95.8622,43.07,-95.96,"A multi-day significant heavy rainfall event from June 20-22 resulted in widespread rain totals between 5 and 10 inches across portions of southeast South Dakota, northwest Iowa, and southwest Minnesota. As rainfall reached area streams and rivers, major to record flooding was observed, devastating several towns and communities. Extensive overland flooding also resulted in significant impacts and damages. All river crest information is preliminary until made official by the gauge owner.||A Presidential Disaster Declaration was signed for Buena Vista, Cherokee, Clay, Dickinson, Lyon, Plymouth, O'Brien, Osceola, Sioux, and Woodbury Counties.","The Floyd River at Sheldon rose above flood stage the morning of June 21st, cresting around 5.7 feet above flood stage (17.7 feet) on June 22nd.  This crest is in the Major Stage. The river then fell below flood stage on the morning of June 24th. For a more comprehensive description of flood damage, please see other entries for Sioux County.",CSV
2024-06-20 15:45:00,2024-06-23 15:45:00,3 days 00:00:00,191899_0,202406,21,200,202406,24,100,191899,1190084,IOWA,19,2024,June,Flood,C,141,O'BRIEN,FSD,2024-06-21 02:00:00,CST-6,2024-06-24 01:00:00,0,0,0,0,0.00K,0.00K,River/Stream Gage,Heavy Rain,0.5,W,RITTER,5.55,NNE,SHELDON,43.25,-95.84,43.2054,-95.8622,"A multi-day significant heavy rainfall event from June 20-22 resulted in widespread rain totals between 5 and 10 inches across portions of southeast South Dakota, northwest Iowa, and southwest Minnesota. As rainfall reached area streams and rivers, major to record flooding was observed, devastating several towns and communities. Extensive overland flooding also resulted in significant impacts and damages. All river crest information is preliminary until made official by the gauge owner.||A Presidential Disaster Declaration was signed for Buena Vista, Cherokee, Clay, Dickinson, Lyon, Plymouth, O'Brien, Osceola, Sioux, and Woodbury Counties.","The Floyd River at Sheldon rose above flood stage the morning of June 21st, cresting around 5.7 feet above flood stage (17.7 feet) on June 22nd.  This crest is in the Major Stage. The river then fell below flood stage on the morning of June 24th. For a more comprehensive description of flood damage, please see other entries for O'Brien County.",CSV
2024-06-20 15:45:00,2024-06-23 15:45:00,3 days 00:00:00,191899_0,202406,21,200,202406,30,2359,191899,1182844,IOWA,19,2024,June,Flood,C,119,LYON,FSD,2024-06-21 02:00:00,CST-6,2024-06-30 23:59:00,0,0,0,0,0.00K,0.00K,River/Stream Gage,Heavy Rain,2.52,NW,GRANITE,2.1,NW,GRANITE,43.5,-96.5986,43.4825,-96.5849,"A multi-day significant heavy rainfall event from June 20-22 resulted in widespread rain totals between 5 and 10 inches across portions of southeast South Dakota, northwest Iowa, and southwest Minnesota. As rainfall reached area streams and rivers, major to record flooding was observed, devastating several towns and communities. Extensive overland flooding also resulted in significant impacts and damages. All river crest information is preliminary until made official by the gauge owner.||A Presidential Disaster Declaration was signed for Buena Vista, Cherokee, Clay, Dickinson, Lyon, Plymouth, O'Brien, Osceola, Sioux, and Woodbury Counties.","The Big Sioux River near Brandon rose above flood stage the morning of June 21st, cresting around 8.32 feet above flood stage (1312.32 feet) on June 22nd.  This crest is in the Major Stage. The river stayed above flood stage into July. For a more comprehensive description of flood damage, please see other entries for Lyon County.",CSV
2024-06-20 15:45:00,2024-06-23 15:45:00,3 days 00:00:00,191899_0,202406,21,315,202406,25,1300,191899,1195677,IOWA,19,2024,June,Flood,C,141,O'BRIEN,FSD,2024-06-21 03:15:00,CST-6,2024-06-25 13:00:00,0,0,0,0,2.25M,0.00K,Emergency Manager,Heavy Rain,4.71,SW,GERMANTOWN,1.6,SE,SUTHERLAND,42.9117,-95.8571,42.9118,-95.3902,"A multi-day significant heavy rainfall event from June 20-22 resulted in widespread rain totals between 5 and 10 inches across portions of southeast South Dakota, northwest Iowa, and southwest Minnesota. As rainfall reached area streams and rivers, major to record flooding was observed, devastating several towns and communities. Extensive overland flooding also resulted in significant impacts and damages. All river crest information is preliminary until made official by the gauge owner.||A Presidential Disaster Declaration was signed for Buena Vista, Cherokee, Clay, Dickinson, Lyon, Plymouth, O'Brien, Osceola, Sioux, and Woodbury Counties.","Rainfall amounts across O'Brien County from June 20-22 ranged from 5 to 9 inches, with the highest amounts across the northern half of the county. Widespread overland flooding ensued with additional minor to major flooding along the Floyd and Little Floyd Rivers, and Waterman Creek. ||County-wide, there were five water rescues during peak flooding, involving 18 individuals. An estimated 700 to 1,000 homes were impacted by flood waters with a majority of the residential property damage reported in Hartley and Sheldon. Some homes became islands and required residents to shelter in place until the water receded, while at least two homes needed to be evacuated. An apartment complex in Hartley was also impacted by flood waters.||Numerous county roads were damaged by flood waters with extensive washouts in four different locations. In addition, 12 bridges and 6 culverts were damaged. A water main was damaged west of Sheldon along with lift stations within city limits. Osceola Rural Water was impacted due to a water breach at the well building. Preliminary damage assessments estimate loss to public  infrastructure to be 2.25 million dollars.||The majority of overland flooding subsided by June 25, but river flooding continued through the end of the month. For additional information on river flooding, please see other flood entries for O'Brien County.",CSV
2024-06-20 15:45:00,2024-06-23 15:45:00,3 days 00:00:00,191899_0,202406,21,400,202406,30,2359,191899,1195673,IOWA,19,2024,June,Flood,C,141,O'BRIEN,FSD,2024-06-21 04:00:00,CST-6,2024-06-30 23:59:00,0,0,0,0,0.00K,0.00K,River/Stream Gage,Heavy Rain,4.1,NE,SUTHERLAND,5.76,ENE,SUTHERLAND,43.01,-95.44,42.99,-95.45,"A multi-day significant heavy rainfall event from June 20-22 resulted in widespread rain totals between 5 and 10 inches across portions of southeast South Dakota, northwest Iowa, and southwest Minnesota. As rainfall reached area streams and rivers, major to record flooding was observed, devastating several towns and communities. Extensive overland flooding also resulted in significant impacts and damages. All river crest information is preliminary until made official by the gauge owner.||A Presidential Disaster Declaration was signed for Buena Vista, Cherokee, Clay, Dickinson, Lyon, Plymouth, O'Brien, Osceola, Sioux, and Woodbury Counties.","Waterman Creek near Sutherland rose above flood stage the morning of June 21st, cresting around 6.97 feet above flood stage (1241.97 feet) on June 22nd. This crest is in the Major Stage. The creek stayed above flood stage into July. For a more comprehensive description of flood damage, please see other entries for O'Brien County.",CSV
2024-06-20 15:45:00,2024-06-23 15:45:00,3 days 00:00:00,191899_0,202406,21,600,202406,22,700,191899,1190083,IOWA,19,2024,June,Flood,C,167,SIOUX,FSD,2024-06-21 06:00:00,CST-6,2024-06-22 07:00:00,0,0,0,0,0.00K,0.00K,River/Stream Gage,Heavy Rain,0.83,SSE,SHELDON,3.32,S,SHELDON,43.1697,-95.8615,43.1467,-95.8615,"A multi-day significant heavy rainfall event from June 20-22 resulted in widespread rain totals between 5 and 10 inches across portions of southeast South Dakota, northwest Iowa, and southwest Minnesota. As rainfall reached area streams and rivers, major to record flooding was observed, devastating several towns and communities. Extensive overland flooding also resulted in significant impacts and damages. All river crest information is preliminary until made official by the gauge owner.||A Presidential Disaster Declaration was signed for Buena Vista, Cherokee, Clay, Dickinson, Lyon, Plymouth, O'Brien, Osceola, Sioux, and Woodbury Counties.","The Little Floyd River near Sanborn rose above flood stage the morning of June 21st, cresting around 3.55 feet above flood stage (90.55 feet) on June 22nd.  The river then fell below flood stage on the morning of June 22nd. For a more comprehensive description of flood damage, please see other entries for Sioux County.",CSV
2024-06-20 15:45:00,2024-06-23 15:45:00,3 days 00:00:00,191899_0,202406,21,600,202406,23,1800,191899,1183375,IOWA,19,2024,June,Flood,C,119,LYON,FSD,2024-06-21 06:00:00,CST-6,2024-06-23 18:00:00,0,0,0,0,0.00K,0.00K,River/Stream Gage,Heavy Rain,0.68,N,GEORGE,3.22,ESE,LAKEWOOD,43.3597,-95.9976,43.3344,-96.1202,"A multi-day significant heavy rainfall event from June 20-22 resulted in widespread rain totals between 5 and 10 inches across portions of southeast South Dakota, northwest Iowa, and southwest Minnesota. As rainfall reached area streams and rivers, major to record flooding was observed, devastating several towns and communities. Extensive overland flooding also resulted in significant impacts and damages. All river crest information is preliminary until made official by the gauge owner.||A Presidential Disaster Declaration was signed for Buena Vista, Cherokee, Clay, Dickinson, Lyon, Plymouth, O'Brien, Osceola, Sioux, and Woodbury Counties.","The Little Rock River near George rose above flood stage the morning of June 21st, cresting around 7.13 feet above flood stage (1318.63 feet) on June 22nd.  This crest is in the Major Stage. The river then fell below flood stage on the evening of June 23rd. For a more comprehensive description of flood damage, please see other entries for Lyon County.",CSV
2024-06-20 15:45:00,2024-06-23 15:45:00,3 days 00:00:00,191899_0,202406,21,615,202406,25,1300,191899,1195634,IOWA,19,2024,June,Flood,C,59,DICKINSON,FSD,2024-06-21 06:15:00,CST-6,2024-06-25 13:00:00,0,0,0,0,1.90M,0.00K,Emergency Manager,Heavy Rain,12.65,WSW,WEST OKOBOJI,3.9,SE,TERRIL,43.2566,-95.3864,43.2568,-94.9153,"A multi-day significant heavy rainfall event from June 20-22 resulted in widespread rain totals between 5 and 10 inches across portions of southeast South Dakota, northwest Iowa, and southwest Minnesota. As rainfall reached area streams and rivers, major to record flooding was observed, devastating several towns and communities. Extensive overland flooding also resulted in significant impacts and damages. All river crest information is preliminary until made official by the gauge owner.||A Presidential Disaster Declaration was signed for Buena Vista, Cherokee, Clay, Dickinson, Lyon, Plymouth, O'Brien, Osceola, Sioux, and Woodbury Counties.","Rainfall amounts across Dickinson County from June 20-22 ranged from 5 to 10 inches. Widespread overland flooding ensued with additional major to record flooding along the West Fork Little Sioux and Little Sioux Rivers. Lakeshore flooding was also observed across the Iowa Great Lakes. ||There were over 550 locations across the county where water crossed the road or there was severe gravel wash. Three bridges were also damaged and closed. Preliminary damage assessments estimate loss to public infrastructure to be 1.9 million dollars. ||County-wide, hundreds of homes reported flood damage with water or sewage in their basements. There were approximately 25 lakeshore homes with water onto the first floor, which required the temporary relocation of some residents. There were also flood damages to area businesses.  Dozens of bank collapses were reported along East Okoboji, West Okoboji, Big Spirit, and Silver Lakes with nearly 3,000 ft of shoreline lost. West Okoboji Lake crested about six inches below the record set in 1993. ||The majority of overland flooding subsided by June 25, but river flooding continued through the end of the month. For additional information on river flooding, please see other flood entries for Dickinson County.",CSV
2024-06-20 15:45:00,2024-06-23 15:45:00,3 days 00:00:00,191899_0,202406,21,615,202406,25,1300,191899,1197156,IOWA,19,2024,June,Flood,C,41,CLAY,FSD,2024-06-21 06:15:00,CST-6,2024-06-25 13:00:00,0,0,1,0,25.59M,0.00K,Emergency Manager,Heavy Rain,1.94,WSW,PETERSON,6.53,ESE,WEBB,42.912,-95.3867,42.9139,-94.9161,"A multi-day significant heavy rainfall event from June 20-22 resulted in widespread rain totals between 5 and 10 inches across portions of southeast South Dakota, northwest Iowa, and southwest Minnesota. As rainfall reached area streams and rivers, major to record flooding was observed, devastating several towns and communities. Extensive overland flooding also resulted in significant impacts and damages. All river crest information is preliminary until made official by the gauge owner.||A Presidential Disaster Declaration was signed for Buena Vista, Cherokee, Clay, Dickinson, Lyon, Plymouth, O'Brien, Osceola, Sioux, and Woodbury Counties.","Rainfall amounts across Clay County from June 20-22 ranged from 3 to 7 inches. Farther north and upstream, up to 10 inches of rain fell across portions of northwest Iowa. This rainfall resulted in extensive overland flooding and record flooding along the Little Sioux and Ocheyedan Rivers. ||The city of Spencer experienced catastrophic flooding when waters from the Little Sioux and Ocheyedan Rivers overtopped the city's berm system. At peak flooding, approximately 383 people were rescued, leaving hundreds of residents displaced. Eighty homes had collapsed or caved-in foundations and roughly 2,100 structures of the 5,100 throughout the city were damaged by flood waters. Numerous others had sewage backup into their basements. ||Many other residences outside of Spencer were also impacted by flood water. County-wide, over 2,400 households were approved for federal disaster assistance, at a cost of over 22 million dollars. Widespread overland flooding also resulted in numerous township, county, and state roads inundated with water and closed. Preliminary damage assessments estimate loss to public infrastructure to be 3.59 million dollars.||One direct fatality occurred on June 22 when a man drowned after attempting to drive across a flooded road with rapidly flowing water. The vehicle was swept off the roadway and moved downstream before coming to rest along a tree line. ||The majority of overland flooding subsided by June 25, but river flooding continued through the end of the month. For additional information on river flooding, please see other entries for Clay County.",CSV
2024-06-20 15:45:00,2024-06-23 15:45:00,3 days 00:00:00,191899_0,202406,21,700,202406,30,2359,191899,1193373,IOWA,19,2024,June,Flood,C,141,O'BRIEN,FSD,2024-06-21 07:00:00,CST-6,2024-06-30 23:59:00,0,0,0,0,0.00K,0.00K,River/Stream Gage,Heavy Rain,3.61,E,SUTHERLAND,5.76,ESE,SUTHERLAND,42.96,-95.43,42.9394,-95.4123,"A multi-day significant heavy rainfall event from June 20-22 resulted in widespread rain totals between 5 and 10 inches across portions of southeast South Dakota, northwest Iowa, and southwest Minnesota. As rainfall reached area streams and rivers, major to record flooding was observed, devastating several towns and communities. Extensive overland flooding also resulted in significant impacts and damages. All river crest information is preliminary until made official by the gauge owner.||A Presidential Disaster Declaration was signed for Buena Vista, Cherokee, Clay, Dickinson, Lyon, Plymouth, O'Brien, Osceola, Sioux, and Woodbury Counties.","The Little Sioux River at Linn Grove rose above flood stage the morning of June 21st, cresting around 11.97 feet above flood stage (29.97 feet) on June 23rd.  This crest is in the Major Stage and broke the previous record. The river stayed above flood stage into July. For a more comprehensive description of flood damage, please see other entries for O'Brien County.",CSV
2024-06-20 15:45:00,2024-06-23 15:45:00,3 days 00:00:00,191899_0,202406,21,700,202406,30,2359,191899,1193371,IOWA,19,2024,June,Flood,C,21,BUENA VISTA,FSD,2024-06-21 07:00:00,CST-6,2024-06-30 23:59:00,0,0,0,0,0.00K,0.00K,River/Stream Gage,Heavy Rain,3.66,NE,SIOUX RAPIDS,1.67,WNW,LINN GROVE,42.9098,-95.0902,42.9099,-95.386,"A multi-day significant heavy rainfall event from June 20-22 resulted in widespread rain totals between 5 and 10 inches across portions of southeast South Dakota, northwest Iowa, and southwest Minnesota. As rainfall reached area streams and rivers, major to record flooding was observed, devastating several towns and communities. Extensive overland flooding also resulted in significant impacts and damages. All river crest information is preliminary until made official by the gauge owner.||A Presidential Disaster Declaration was signed for Buena Vista, Cherokee, Clay, Dickinson, Lyon, Plymouth, O'Brien, Osceola, Sioux, and Woodbury Counties.","The Little Sioux River at Linn Grove rose above flood stage the morning of June 21st, cresting around 11.97 feet above flood stage (29.97 feet) on June 23rd.  This crest is in the Major Stage and broke the previous record. The river stayed above flood stage into July. For a more comprehensive description of flood damage, please see other entries for Buena Vista County.",CSV
2024-06-20 15:45:00,2024-06-23 15:45:00,3 days 00:00:00,191899_0,202406,21,700,202406,30,2359,191899,1193370,IOWA,19,2024,June,Flood,C,41,CLAY,FSD,2024-06-21 07:00:00,CST-6,2024-06-30 23:59:00,0,0,0,0,0.00K,0.00K,River/Stream Gage,Heavy Rain,2.53,E,GREENVILLE,2.07,WSW,CORNELL,43.02,-95.1,42.93,-95.2,"A multi-day significant heavy rainfall event from June 20-22 resulted in widespread rain totals between 5 and 10 inches across portions of southeast South Dakota, northwest Iowa, and southwest Minnesota. As rainfall reached area streams and rivers, major to record flooding was observed, devastating several towns and communities. Extensive overland flooding also resulted in significant impacts and damages. All river crest information is preliminary until made official by the gauge owner.||A Presidential Disaster Declaration was signed for Buena Vista, Cherokee, Clay, Dickinson, Lyon, Plymouth, O'Brien, Osceola, Sioux, and Woodbury Counties.","The Little Sioux River at Linn Grove rose above flood stage the morning of June 21st, cresting around 11.97 feet above flood stage (29.97 feet) on June 23rd.  This crest is in the Major Stage and broke the previous record. The river stayed above flood stage into July. For a more comprehensive description of flood damage, please see other entries for Clay County.",CSV
2024-06-20 15:45:00,2024-06-23 15:45:00,3 days 00:00:00,191899_0,202406,21,800,202406,26,2200,191899,1183331,IOWA,19,2024,June,Flood,C,167,SIOUX,FSD,2024-06-21 08:00:00,CST-6,2024-06-26 22:00:00,0,0,0,0,0.00K,0.00K,River/Stream Gage,Heavy Rain,5.59,NW,ROCK VLY,5.33,NW,ROCK VLY,43.2581,-96.3774,43.25,-96.39,"A multi-day significant heavy rainfall event from June 20-22 resulted in widespread rain totals between 5 and 10 inches across portions of southeast South Dakota, northwest Iowa, and southwest Minnesota. As rainfall reached area streams and rivers, major to record flooding was observed, devastating several towns and communities. Extensive overland flooding also resulted in significant impacts and damages. All river crest information is preliminary until made official by the gauge owner.||A Presidential Disaster Declaration was signed for Buena Vista, Cherokee, Clay, Dickinson, Lyon, Plymouth, O'Brien, Osceola, Sioux, and Woodbury Counties.","The Rock River at Rock Valley rose above flood stage the morning of June 21st, cresting around 12.40 feet above flood stage (28.40 feet) on June 22nd.  This crest is in the Major Stage and broke the previous record. This resulted in significant flooding to the town of Rock Valley. The river then fell below flood stage on the evening of June 26th. For a more comprehensive description of flood damage, please see other entries for Sioux County.",CSV
2024-06-20 15:45:00,2024-06-23 15:45:00,3 days 00:00:00,191899_0,202406,21,800,202406,26,2200,191899,1183327,IOWA,19,2024,June,Flood,C,119,LYON,FSD,2024-06-21 08:00:00,CST-6,2024-06-26 22:00:00,0,0,0,0,0.00K,0.00K,River/Stream Gage,Heavy Rain,3.58,E,ALVORD,2.81,SE,INWOOD,43.34,-96.25,43.2581,-96.3774,"A multi-day significant heavy rainfall event from June 20-22 resulted in widespread rain totals between 5 and 10 inches across portions of southeast South Dakota, northwest Iowa, and southwest Minnesota. As rainfall reached area streams and rivers, major to record flooding was observed, devastating several towns and communities. Extensive overland flooding also resulted in significant impacts and damages. All river crest information is preliminary until made official by the gauge owner.||A Presidential Disaster Declaration was signed for Buena Vista, Cherokee, Clay, Dickinson, Lyon, Plymouth, O'Brien, Osceola, Sioux, and Woodbury Counties.","The Rock River at Rock Valley rose above flood stage the morning of June 21st, cresting around 12.40 feet above flood stage (28.40 feet) on June 22nd.  This crest is in the Major Stage and broke the previous record. The river then fell below flood stage on the evening of June 26th. For a more comprehensive description of flood damage, please see other entries for Lyon County.",CSV
2024-06-20 15:45:00,2024-06-23 15:45:00,3 days 00:00:00,191899_0,202406,21,800,202406,25,900,191899,1190155,IOWA,19,2024,June,Flood,C,41,CLAY,FSD,2024-06-21 08:00:00,CST-6,2024-06-25 09:00:00,0,0,0,0,0.00K,0.00K,River/Stream Gage,Heavy Rain,5.42,NNW,EVERLY,5.24,NNE,MONETA,43.2361,-95.388,43.16,-95.379,"A multi-day significant heavy rainfall event from June 20-22 resulted in widespread rain totals between 5 and 10 inches across portions of southeast South Dakota, northwest Iowa, and southwest Minnesota. As rainfall reached area streams and rivers, major to record flooding was observed, devastating several towns and communities. Extensive overland flooding also resulted in significant impacts and damages. All river crest information is preliminary until made official by the gauge owner.||A Presidential Disaster Declaration was signed for Buena Vista, Cherokee, Clay, Dickinson, Lyon, Plymouth, O'Brien, Osceola, Sioux, and Woodbury Counties.","The Ocheyedan River near Everly rose above flood stage the morning of June 21st, cresting around 4.68 feet above flood stage (1368.68 feet) on June 22nd.  This crest is in the Moderate Stage. The river then fell below flood stage on the morning of June 25th. For a more comprehensive description of flood damage, please see other entries for Clay County.",CSV
2024-06-20 15:45:00,2024-06-23 15:45:00,3 days 00:00:00,191899_0,202406,21,900,202406,30,2359,191899,1182850,IOWA,19,2024,June,Flood,C,149,PLYMOUTH,FSD,2024-06-21 09:00:00,CST-6,2024-06-30 23:59:00,0,0,0,0,0.00K,0.00K,River/Stream Gage,Heavy Rain,5.46,N,AKRON,5.78,WSW,AKRON,42.9085,-96.5382,42.8245,-96.578,"A multi-day significant heavy rainfall event from June 20-22 resulted in widespread rain totals between 5 and 10 inches across portions of southeast South Dakota, northwest Iowa, and southwest Minnesota. As rainfall reached area streams and rivers, major to record flooding was observed, devastating several towns and communities. Extensive overland flooding also resulted in significant impacts and damages. All river crest information is preliminary until made official by the gauge owner.||A Presidential Disaster Declaration was signed for Buena Vista, Cherokee, Clay, Dickinson, Lyon, Plymouth, O'Brien, Osceola, Sioux, and Woodbury Counties.","The Big Sioux River at Akron rose above flood stage the morning of June 21st, cresting around 11.34 feet above flood stage (27.34 feet) on June 23rd.  This crest is in the Major Stage and broke the previous record. Significant flooding was observed within the town of Akron itself. The river stayed above flood stage into July. For a more comprehensive description of flood damage, please see other entries for Plymouth County.",CSV
2024-06-20 15:45:00,2024-06-23 15:45:00,3 days 00:00:00,191899_0,202406,21,1000,202406,22,700,191899,1183336,IOWA,19,2024,June,Flood,C,167,SIOUX,FSD,2024-06-21 10:00:00,CST-6,2024-06-22 07:00:00,0,0,0,0,0.00K,0.00K,River/Stream Gage,Heavy Rain,4.27,NE,ROCK VLY,5.34,NE,ROCK VLY,43.25,-96.25,43.24,-96.25,"A multi-day significant heavy rainfall event from June 20-22 resulted in widespread rain totals between 5 and 10 inches across portions of southeast South Dakota, northwest Iowa, and southwest Minnesota. As rainfall reached area streams and rivers, major to record flooding was observed, devastating several towns and communities. Extensive overland flooding also resulted in significant impacts and damages. All river crest information is preliminary until made official by the gauge owner.||A Presidential Disaster Declaration was signed for Buena Vista, Cherokee, Clay, Dickinson, Lyon, Plymouth, O'Brien, Osceola, Sioux, and Woodbury Counties.","Burr Oak Creek above Perkins rose above flood stage the morning of June 21st, cresting around 7.07 feet above flood stage (23.07 feet) on June 22nd. This crest is in the Major Stage. The river then fell below flood stage on June 22nd. For a more comprehensive description of flood damage, please see other entries for Sioux County.",CSV
2024-06-20 15:45:00,2024-06-23 15:45:00,3 days 00:00:00,191899_0,202406,21,1000,202406,22,700,191899,1183346,IOWA,19,2024,June,Flood,C,119,LYON,FSD,2024-06-21 10:00:00,CST-6,2024-06-22 07:00:00,0,0,0,0,0.00K,0.00K,River/Stream Gage,Heavy Rain,2.3,SSW,DOON,3.26,SSW,DOON,43.25,-96.25,43.24,-96.25,"A multi-day significant heavy rainfall event from June 20-22 resulted in widespread rain totals between 5 and 10 inches across portions of southeast South Dakota, northwest Iowa, and southwest Minnesota. As rainfall reached area streams and rivers, major to record flooding was observed, devastating several towns and communities. Extensive overland flooding also resulted in significant impacts and damages. All river crest information is preliminary until made official by the gauge owner.||A Presidential Disaster Declaration was signed for Buena Vista, Cherokee, Clay, Dickinson, Lyon, Plymouth, O'Brien, Osceola, Sioux, and Woodbury Counties.","Mud Creek near Lester rose above flood stage the morning of June 21st, cresting around 0.84 feet above flood stage (1375.84 feet) on June 21st.  The river then fell below flood stage on the morning of June 22th. For a more comprehensive description of flood damage, please see other entries for Lyon County.",CSV
2024-06-20 15:45:00,2024-06-23 15:45:00,3 days 00:00:00,191899_0,202406,21,1400,202406,30,2359,191899,1190121,IOWA,19,2024,June,Flood,C,59,DICKINSON,FSD,2024-06-21 14:00:00,CST-6,2024-06-30 23:59:00,0,0,0,0,0.00K,0.00K,River/Stream Gage,Heavy Rain,0.0,N,TRIBOJI BEACH,1.0,W,WEST OKOBOJI,43.43,-95.18,43.35,-95.18,"A multi-day significant heavy rainfall event from June 20-22 resulted in widespread rain totals between 5 and 10 inches across portions of southeast South Dakota, northwest Iowa, and southwest Minnesota. As rainfall reached area streams and rivers, major to record flooding was observed, devastating several towns and communities. Extensive overland flooding also resulted in significant impacts and damages. All river crest information is preliminary until made official by the gauge owner.||A Presidential Disaster Declaration was signed for Buena Vista, Cherokee, Clay, Dickinson, Lyon, Plymouth, O'Brien, Osceola, Sioux, and Woodbury Counties.","West Okoboji Lake near Milford rose above flood stage the afternoon of June 21st, cresting around 2.61 feet above flood stage (8.11 feet) on June 25th. The lake remained above flood into July. For a more comprehensive description of flood damage, please see other entries for Dickinson County.",CSV
2024-06-20 15:45:00,2024-06-23 15:45:00,3 days 00:00:00,191899_0,202406,21,1600,202406,30,2359,191899,1182852,IOWA,19,2024,June,Flood,C,149,PLYMOUTH,FSD,2024-06-21 16:00:00,CST-6,2024-06-30 23:59:00,0,0,0,0,0.00K,0.00K,River/Stream Gage,Heavy Rain,2.13,NW,WESTFIELD,1.47,WNW,WESTFIELD,42.7743,-96.6258,42.7551,-96.6188,"A multi-day significant heavy rainfall event from June 20-22 resulted in widespread rain totals between 5 and 10 inches across portions of southeast South Dakota, northwest Iowa, and southwest Minnesota. As rainfall reached area streams and rivers, major to record flooding was observed, devastating several towns and communities. Extensive overland flooding also resulted in significant impacts and damages. All river crest information is preliminary until made official by the gauge owner.||A Presidential Disaster Declaration was signed for Buena Vista, Cherokee, Clay, Dickinson, Lyon, Plymouth, O'Brien, Osceola, Sioux, and Woodbury Counties.","The Big Sioux River near Richland rose above flood stage the afternoon of June 21st, cresting around 11.7 feet above flood stage (1128.7 feet) on June 23rd.  This crest is in the Major Stage and broke the previous record. The river stayed above flood stage into July. For a more comprehensive description of flood damage, please see other entries for Plymouth County.",CSV
2024-06-20 15:45:00,2024-06-23 15:45:00,3 days 00:00:00,191899_0,202406,21,1900,202406,26,2300,191899,1183325,IOWA,19,2024,June,Flood,C,119,LYON,FSD,2024-06-21 19:00:00,CST-6,2024-06-26 23:00:00,0,0,0,0,0.00K,0.00K,River/Stream Gage,Heavy Rain,4.92,NW,ROCK RAPIDS MUNI ARP,3.99,SSW,ROCK RAPIDS,43.5,-96.25,43.41,-96.19,"A multi-day significant heavy rainfall event from June 20-22 resulted in widespread rain totals between 5 and 10 inches across portions of southeast South Dakota, northwest Iowa, and southwest Minnesota. As rainfall reached area streams and rivers, major to record flooding was observed, devastating several towns and communities. Extensive overland flooding also resulted in significant impacts and damages. All river crest information is preliminary until made official by the gauge owner.||A Presidential Disaster Declaration was signed for Buena Vista, Cherokee, Clay, Dickinson, Lyon, Plymouth, O'Brien, Osceola, Sioux, and Woodbury Counties.","The Rock River at Rock Rapids rose above flood stage the evening of June 21st, cresting around 15.65 feet above flood stage (28.65 feet) on June 22nd.  This crest is in the Major Stage and broke the previous record. This resulted in significant flooding to the town of Rock Rapids. The river then fell below flood stage on the evening of June 26th. For a more comprehensive description of flood damage, please see other entries for Lyon County.",CSV
2024-06-20 15:45:00,2024-06-23 15:45:00,3 days 00:00:00,191899_0,202406,21,2000,202406,29,1700,191899,1190130,IOWA,19,2024,June,Flood,C,59,DICKINSON,FSD,2024-06-21 20:00:00,CST-6,2024-06-29 17:00:00,0,0,0,0,0.00K,0.00K,River/Stream Gage,Heavy Rain,3.66,SW,MONTGOMERY,3.77,WSW,MONTGOMERY,43.4,-95.26,43.42,-95.24,"A multi-day significant heavy rainfall event from June 20-22 resulted in widespread rain totals between 5 and 10 inches across portions of southeast South Dakota, northwest Iowa, and southwest Minnesota. As rainfall reached area streams and rivers, major to record flooding was observed, devastating several towns and communities. Extensive overland flooding also resulted in significant impacts and damages. All river crest information is preliminary until made official by the gauge owner.||A Presidential Disaster Declaration was signed for Buena Vista, Cherokee, Clay, Dickinson, Lyon, Plymouth, O'Brien, Osceola, Sioux, and Woodbury Counties.","The West Fork of the Little Sioux River near Lake Park rose above flood stage the evening of June 21st, cresting around 4.00 feet above flood stage (1400.00 feet) on June 22nd.  This crest is in the Major Stage and broke the previous record. The river then fell below flood stage on the afternoon of June 29th. For a more comprehensive description of flood damage, please see other entries for Dickinson County.",CSV
2024-06-20 15:45:00,2024-06-23 15:45:00,3 days 00:00:00,191899_0,202406,21,2200,202406,25,700,191899,1190099,IOWA,19,2024,June,Flood,C,167,SIOUX,FSD,2024-06-21 22:00:00,CST-6,2024-06-25 07:00:00,0,0,0,0,0.00K,0.00K,River/Stream Gage,Heavy Rain,0.5,W,NEWKIRK,0.5,SE,ORANGE CITY,43.07,-95.96,43.0,-96.03,"A multi-day significant heavy rainfall event from June 20-22 resulted in widespread rain totals between 5 and 10 inches across portions of southeast South Dakota, northwest Iowa, and southwest Minnesota. As rainfall reached area streams and rivers, major to record flooding was observed, devastating several towns and communities. Extensive overland flooding also resulted in significant impacts and damages. All river crest information is preliminary until made official by the gauge owner.||A Presidential Disaster Declaration was signed for Buena Vista, Cherokee, Clay, Dickinson, Lyon, Plymouth, O'Brien, Osceola, Sioux, and Woodbury Counties.","The Floyd River at Alton rose above flood stage the evening of June 21st, cresting around 14.81 feet above flood stage (26.81 feet) on June 22nd.  This crest is in the Major Stage and broke the previous record. The river then fell below flood stage on the morning of June 25th. For a more comprehensive description of flood damage, please see other entries for Sioux County.",CSV
2024-06-20 15:45:00,2024-06-23 15:45:00,3 days 00:00:00,191899_0,202406,21,2300,202406,23,800,191899,1193368,IOWA,19,2024,June,Flood,C,41,CLAY,FSD,2024-06-21 23:00:00,CST-6,2024-06-23 08:00:00,0,0,0,0,0.00K,0.00K,River/Stream Gage,Heavy Rain,2.05,SW,ROSSIE,2.05,SSW,ROSSIE,43.0,-95.21,42.98,-95.2,"A multi-day significant heavy rainfall event from June 20-22 resulted in widespread rain totals between 5 and 10 inches across portions of southeast South Dakota, northwest Iowa, and southwest Minnesota. As rainfall reached area streams and rivers, major to record flooding was observed, devastating several towns and communities. Extensive overland flooding also resulted in significant impacts and damages. All river crest information is preliminary until made official by the gauge owner.||A Presidential Disaster Declaration was signed for Buena Vista, Cherokee, Clay, Dickinson, Lyon, Plymouth, O'Brien, Osceola, Sioux, and Woodbury Counties.","Willow Creek near Sutherland rose above flood stage the evening of June 21st, cresting around 3.62 feet above flood stage (93.62 feet) on June 22nd.  This crest is in the Moderate Stage. The river then fell below flood stage on the morning of June 23rd. For a more comprehensive description of flood damage, please see other entries for Clay County.",CSV
2024-06-20 15:45:00,2024-06-23 15:45:00,3 days 00:00:00,191899_0,202406,21,2300,202406,30,2359,191899,1190120,IOWA,19,2024,June,Flood,C,59,DICKINSON,FSD,2024-06-21 23:00:00,CST-6,2024-06-30 23:59:00,0,0,0,0,0.00K,0.00K,River/Stream Gage,Heavy Rain,2.41,NNW,SPIRIT LAKE LAKE,3.19,WSW,SPIRIT LAKE,43.4991,-95.1464,43.4242,-95.1252,"A multi-day significant heavy rainfall event from June 20-22 resulted in widespread rain totals between 5 and 10 inches across portions of southeast South Dakota, northwest Iowa, and southwest Minnesota. As rainfall reached area streams and rivers, major to record flooding was observed, devastating several towns and communities. Extensive overland flooding also resulted in significant impacts and damages. All river crest information is preliminary until made official by the gauge owner.||A Presidential Disaster Declaration was signed for Buena Vista, Cherokee, Clay, Dickinson, Lyon, Plymouth, O'Brien, Osceola, Sioux, and Woodbury Counties.","Spirit Lake near Orleans rose above flood stage the evening of June 21st, cresting around 0.51 feet above flood stage (16.51 feet) on June 25th. The lake remained above flood into July. For a more comprehensive description of flood damage, please see other entries for Dickinson County.",CSV
2024-06-20 15:45:00,2024-06-23 15:45:00,3 days 00:00:00,191899_0,202406,22,200,202406,23,1200,191899,1190071,IOWA,19,2024,June,Flood,C,149,PLYMOUTH,FSD,2024-06-22 02:00:00,CST-6,2024-06-23 12:00:00,0,0,0,0,0.00K,0.00K,River/Stream Gage,Heavy Rain,0.7,NNW,STRUBLE,0.68,N,MERRILL,42.9093,-96.1856,42.7508,-96.2491,"A multi-day significant heavy rainfall event from June 20-22 resulted in widespread rain totals between 5 and 10 inches across portions of southeast South Dakota, northwest Iowa, and southwest Minnesota. As rainfall reached area streams and rivers, major to record flooding was observed, devastating several towns and communities. Extensive overland flooding also resulted in significant impacts and damages. All river crest information is preliminary until made official by the gauge owner.||A Presidential Disaster Declaration was signed for Buena Vista, Cherokee, Clay, Dickinson, Lyon, Plymouth, O'Brien, Osceola, Sioux, and Woodbury Counties.","The West Branch of the Floyd River near Struble rose above flood stage the morning of June 22nd, cresting around 4.19 feet above flood stage (18.19 feet) on June 22nd.  This crest is in the Major Stage and broke the previous record. The river then fell below flood stage on the afternoon of June 23rd. For a more comprehensive description of flood damage, please see other entries for Plymouth County.",CSV
2024-06-20 15:45:00,2024-06-23 15:45:00,3 days 00:00:00,191899_0,202406,22,200,202406,23,1200,191899,1190061,IOWA,19,2024,June,Flood,C,167,SIOUX,FSD,2024-06-22 02:00:00,CST-6,2024-06-23 12:00:00,0,0,0,0,0.00K,0.00K,River/Stream Gage,Heavy Rain,4.2,S,MAURICE,4.2,SSE,MAURICE,42.9093,-96.1754,42.9302,-96.163,"A multi-day significant heavy rainfall event from June 20-22 resulted in widespread rain totals between 5 and 10 inches across portions of southeast South Dakota, northwest Iowa, and southwest Minnesota. As rainfall reached area streams and rivers, major to record flooding was observed, devastating several towns and communities. Extensive overland flooding also resulted in significant impacts and damages. All river crest information is preliminary until made official by the gauge owner.||A Presidential Disaster Declaration was signed for Buena Vista, Cherokee, Clay, Dickinson, Lyon, Plymouth, O'Brien, Osceola, Sioux, and Woodbury Counties.","The West Branch of the Floyd River near Struble rose above flood stage the morning of June 22nd, cresting around 4.19 feet above flood stage (18.19 feet) on June 22nd.  This crest is in the Major Stage and broke the previous record. The river then fell below flood stage on the afternoon of June 23rd. For a more comprehensive description of flood damage, please see other entries for Sioux County.",CSV
2024-06-20 15:45:00,2024-06-23 15:45:00,3 days 00:00:00,191899_0,202406,22,600,202406,23,800,191899,1193364,IOWA,19,2024,June,Flood,C,35,CHEROKEE,FSD,2024-06-22 06:00:00,CST-6,2024-06-23 08:00:00,0,0,0,0,0.00K,0.00K,River/Stream Gage,Heavy Rain,6.4,NNE,CLEGHORN,5.77,N,MERIDEN,42.91,-95.67,42.83,-95.63,"A multi-day significant heavy rainfall event from June 20-22 resulted in widespread rain totals between 5 and 10 inches across portions of southeast South Dakota, northwest Iowa, and southwest Minnesota. As rainfall reached area streams and rivers, major to record flooding was observed, devastating several towns and communities. Extensive overland flooding also resulted in significant impacts and damages. All river crest information is preliminary until made official by the gauge owner.||A Presidential Disaster Declaration was signed for Buena Vista, Cherokee, Clay, Dickinson, Lyon, Plymouth, O'Brien, Osceola, Sioux, and Woodbury Counties.","Mill Creek near Larrabee rose above flood stage the morning of June 22nd, cresting around 9.1 feet above flood stage (1250.1 feet) on June 22nd.  This crest is in the Moderate Stage. The creek then fell below flood stage on the morning of June 23rd. For a more comprehensive description of flood damage, please see other entries for Cherokee County.",CSV
2024-06-20 15:45:00,2024-06-23 15:45:00,3 days 00:00:00,191899_0,202406,22,1400,202406,25,600,191899,1190100,IOWA,19,2024,June,Flood,C,149,PLYMOUTH,FSD,2024-06-22 14:00:00,CST-6,2024-06-25 06:00:00,0,0,0,0,0.00K,0.00K,River/Stream Gage,Heavy Rain,4.11,E,STRUBLE,6.3,N,LE MARS MUNI ARPT,42.91,-96.1,42.82,-96.2,"A multi-day significant heavy rainfall event from June 20-22 resulted in widespread rain totals between 5 and 10 inches across portions of southeast South Dakota, northwest Iowa, and southwest Minnesota. As rainfall reached area streams and rivers, major to record flooding was observed, devastating several towns and communities. Extensive overland flooding also resulted in significant impacts and damages. All river crest information is preliminary until made official by the gauge owner.||A Presidential Disaster Declaration was signed for Buena Vista, Cherokee, Clay, Dickinson, Lyon, Plymouth, O'Brien, Osceola, Sioux, and Woodbury Counties.","The Floyd River at Le Mars rose above flood stage the afternoon of June 22nd, cresting around 7.95 feet above flood stage (27.95 feet) on June 23rd.  This crest is in the Major Stage. The river then fell below flood stage on the morning of June 25th. For a more comprehensive description of flood damage, please see other entries for Plymouth County.",CSV
2024-06-20 15:45:00,2024-06-23 15:45:00,3 days 00:00:00,191899_0,202406,22,1800,202406,24,800,191899,1190101,IOWA,19,2024,June,Flood,C,149,PLYMOUTH,FSD,2024-06-22 18:00:00,CST-6,2024-06-24 08:00:00,0,0,0,0,0.00K,0.00K,River/Stream Gage,Heavy Rain,2.13,SSW,WEST LE MARS,2.13,W,MERRILL,42.75,-96.23,42.72,-96.27,"A multi-day significant heavy rainfall event from June 20-22 resulted in widespread rain totals between 5 and 10 inches across portions of southeast South Dakota, northwest Iowa, and southwest Minnesota. As rainfall reached area streams and rivers, major to record flooding was observed, devastating several towns and communities. Extensive overland flooding also resulted in significant impacts and damages. All river crest information is preliminary until made official by the gauge owner.||A Presidential Disaster Declaration was signed for Buena Vista, Cherokee, Clay, Dickinson, Lyon, Plymouth, O'Brien, Osceola, Sioux, and Woodbury Counties.","The Floyd River near Merrill rose above flood stage the evening of June 22nd, cresting around 8.27 feet above flood stage (20.27 feet) on June 23rd.  This crest is in the Major Stage and broke the previous record. The river then fell below flood stage on the morning of June 24th. For a more comprehensive description of flood damage, please see other entries for Plymouth County.",CSV
2024-06-20 15:45:00,2024-06-23 15:45:00,3 days 00:00:00,191899_0,202406,22,2200,202406,30,2359,191899,1197197,IOWA,19,2024,June,Flood,C,193,WOODBURY,FSD,2024-06-22 22:00:00,CST-6,2024-06-30 23:59:00,0,0,0,0,4.13M,0.00K,Emergency Manager,Heavy Rain,3.52,WSW,SLOAN,2.77,ESE,DANBURY,42.22,-96.2975,42.2131,-95.6728,"A multi-day significant heavy rainfall event from June 20-22 resulted in widespread rain totals between 5 and 10 inches across portions of southeast South Dakota, northwest Iowa, and southwest Minnesota. As rainfall reached area streams and rivers, major to record flooding was observed, devastating several towns and communities. Extensive overland flooding also resulted in significant impacts and damages. All river crest information is preliminary until made official by the gauge owner.||A Presidential Disaster Declaration was signed for Buena Vista, Cherokee, Clay, Dickinson, Lyon, Plymouth, O'Brien, Osceola, Sioux, and Woodbury Counties.","Rainfall amounts across Woodbury County from June 20-22 were generally 1.0 inch or less. Farther north and upstream, 6 to 10 inches fell across portions of northwest Iowa and southeast South Dakota. This rainfall resulted in record flooding along the Big Sioux, Little Sioux, and Floyd Rivers, and extensive overland flooding along the adjoining flood plains. ||Multiple communities were impacted by flood waters. At peak flooding, numerous swift water rescues were conducted. Approximately 1,000 people were evacuated from the Riverside Neighborhood of Sioux City, 500 people were evacuated from Correctionville, and 10 people were evacuated from Smithland. County-wide, there were approximately 300 homes that were damaged and 10 that were destroyed. ||Public infrastructure was also severely impacted. Approximately 50 roads and bridges were closed due to flood waters. The railroad bridge across the Big Sioux River to South Dakota collapsed. The Correctionville energy transfer station and sewage lift station failed, while the fire station and city hall flooded. The Smithland sewage lift station failed and the Sioux City Wastewater Treatment Plant was damaged. Preliminary damage assessments estimate the loss to public infrastructure to be 4.13 million dollars.",CSV
2024-06-20 15:45:00,2024-06-23 15:45:00,3 days 00:00:00,191899_0,202406,23,300,202406,24,1500,191899,1190102,IOWA,19,2024,June,Flood,C,149,PLYMOUTH,FSD,2024-06-23 03:00:00,CST-6,2024-06-24 15:00:00,0,0,0,0,0.00K,0.00K,River/Stream Gage,Heavy Rain,0.51,W,HINTON,1.53,NW,JAMES,42.63,-96.31,42.59,-96.34,"A multi-day significant heavy rainfall event from June 20-22 resulted in widespread rain totals between 5 and 10 inches across portions of southeast South Dakota, northwest Iowa, and southwest Minnesota. As rainfall reached area streams and rivers, major to record flooding was observed, devastating several towns and communities. Extensive overland flooding also resulted in significant impacts and damages. All river crest information is preliminary until made official by the gauge owner.||A Presidential Disaster Declaration was signed for Buena Vista, Cherokee, Clay, Dickinson, Lyon, Plymouth, O'Brien, Osceola, Sioux, and Woodbury Counties.","The Floyd River at James rose above flood stage the morning of June 23rd, cresting around 6.39 feet above flood stage (32.39 feet) on June 23rd.  This crest is in the Major Stage and broke the previous record. The river then fell below flood stage on the afternoon of June 24th. For a more comprehensive description of flood damage, please see other entries for Plymouth County.",CSV
2024-06-20 15:45:00,2024-06-23 15:45:00,3 days 00:00:00,191899_0,202406,23,300,202406,24,1500,191899,1190103,IOWA,19,2024,June,Flood,C,193,WOODBURY,FSD,2024-06-23 03:00:00,CST-6,2024-06-24 15:00:00,0,0,0,0,0.00K,0.00K,River/Stream Gage,Heavy Rain,2.21,N,LEEDS,3.23,WNW,LEEDS,42.5619,-96.373,42.54,-96.4,"A multi-day significant heavy rainfall event from June 20-22 resulted in widespread rain totals between 5 and 10 inches across portions of southeast South Dakota, northwest Iowa, and southwest Minnesota. As rainfall reached area streams and rivers, major to record flooding was observed, devastating several towns and communities. Extensive overland flooding also resulted in significant impacts and damages. All river crest information is preliminary until made official by the gauge owner.||A Presidential Disaster Declaration was signed for Buena Vista, Cherokee, Clay, Dickinson, Lyon, Plymouth, O'Brien, Osceola, Sioux, and Woodbury Counties.","The Floyd River at James rose above flood stage the morning of June 23rd, cresting around 6.39 feet above flood stage (32.39 feet) on June 23rd.  This crest is in the Major Stage and broke the previous record. The river then fell below flood stage on the afternoon of June 24th. For a more comprehensive description of flood damage, please see other entries for Woodbury County.",CSV
2024-06-20 15:45:00,2024-06-23 15:45:00,3 days 00:00:00,191899_0,202406,23,300,202406,29,2200,191899,1182857,IOWA,19,2024,June,Flood,C,149,PLYMOUTH,FSD,2024-06-23 03:00:00,CST-6,2024-06-29 22:00:00,0,0,0,0,0.00K,0.00K,River/Stream Gage,Heavy Rain,2.54,W,MILLNERVILLE,2.29,WSW,MILLNERVILLE,42.68,-96.55,42.6611,-96.542,"A multi-day significant heavy rainfall event from June 20-22 resulted in widespread rain totals between 5 and 10 inches across portions of southeast South Dakota, northwest Iowa, and southwest Minnesota. As rainfall reached area streams and rivers, major to record flooding was observed, devastating several towns and communities. Extensive overland flooding also resulted in significant impacts and damages. All river crest information is preliminary until made official by the gauge owner.||A Presidential Disaster Declaration was signed for Buena Vista, Cherokee, Clay, Dickinson, Lyon, Plymouth, O'Brien, Osceola, Sioux, and Woodbury Counties.","The Big Sioux River near Jefferson rose above flood stage the morning of June 23rd, cresting around 13.47 feet above flood stage (44.47 feet) on June 24th.  This crest is in the Major Stage and broke the previous record. The river then fell below flood stage on the evening of June 29th. For a more comprehensive description of flood damage, please see other entries for Plymouth County.",CSV
2024-06-20 15:45:00,2024-06-23 15:45:00,3 days 00:00:00,191899_0,202406,23,400,202406,30,2359,191899,1193376,IOWA,19,2024,June,Flood,C,93,IDA,FSD,2024-06-23 04:00:00,CST-6,2024-06-30 23:59:00,0,0,0,0,0.00K,0.00K,River/Stream Gage,Heavy Rain,11.22,WNW,HOLSTEIN,9.02,WNW,HOLSTEIN,42.56,-95.7418,42.5314,-95.7416,"A multi-day significant heavy rainfall event from June 20-22 resulted in widespread rain totals between 5 and 10 inches across portions of southeast South Dakota, northwest Iowa, and southwest Minnesota. As rainfall reached area streams and rivers, major to record flooding was observed, devastating several towns and communities. Extensive overland flooding also resulted in significant impacts and damages. All river crest information is preliminary until made official by the gauge owner.||A Presidential Disaster Declaration was signed for Buena Vista, Cherokee, Clay, Dickinson, Lyon, Plymouth, O'Brien, Osceola, Sioux, and Woodbury Counties.","The Little Sioux River near Correctionville rose above flood stage the morning of June 23rd, cresting around 11.92 feet above flood stage (30.92 feet) on June 25th.  This crest is in the Major Stage and broke the previous record. The river stayed above flood stage into July.",CSV
2024-06-20 15:45:00,2024-06-23 15:45:00,3 days 00:00:00,191899_0,202406,23,400,202406,30,2359,191899,1193377,IOWA,19,2024,June,Flood,C,193,WOODBURY,FSD,2024-06-23 04:00:00,CST-6,2024-06-30 23:59:00,0,0,0,0,0.00K,0.00K,River/Stream Gage,Heavy Rain,5.14,E,PIERSON,6.27,SW,ANTHON,42.56,-95.78,42.36,-95.92,"A multi-day significant heavy rainfall event from June 20-22 resulted in widespread rain totals between 5 and 10 inches across portions of southeast South Dakota, northwest Iowa, and southwest Minnesota. As rainfall reached area streams and rivers, major to record flooding was observed, devastating several towns and communities. Extensive overland flooding also resulted in significant impacts and damages. All river crest information is preliminary until made official by the gauge owner.||A Presidential Disaster Declaration was signed for Buena Vista, Cherokee, Clay, Dickinson, Lyon, Plymouth, O'Brien, Osceola, Sioux, and Woodbury Counties.","The Little Sioux River near Correctionville rose above flood stage the morning of June 23rd, cresting around 11.92 feet above flood stage (30.92 feet) on June 25th.  This crest is in the Major Stage and broke the previous record. The river stayed above flood stage into July. For a more comprehensive description of flood damage, please see other entries for Woodbury County.",CSV
2024-06-20 15:45:00,2024-06-23 15:45:00,3 days 00:00:00,191899_0,202406,23,1000,202406,28,600,191899,1182859,IOWA,19,2024,June,Flood,C,193,WOODBURY,FSD,2024-06-23 10:00:00,CST-6,2024-06-28 06:00:00,0,0,0,0,0.00K,0.00K,River/Stream Gage,Heavy Rain,6.89,WNW,LEEDS,5.67,W,SIOUX CITY,42.56,-96.499,42.4916,-96.4764,"A multi-day significant heavy rainfall event from June 20-22 resulted in widespread rain totals between 5 and 10 inches across portions of southeast South Dakota, northwest Iowa, and southwest Minnesota. As rainfall reached area streams and rivers, major to record flooding was observed, devastating several towns and communities. Extensive overland flooding also resulted in significant impacts and damages. All river crest information is preliminary until made official by the gauge owner.||A Presidential Disaster Declaration was signed for Buena Vista, Cherokee, Clay, Dickinson, Lyon, Plymouth, O'Brien, Osceola, Sioux, and Woodbury Counties.","The Big Sioux River at Sioux City rose above flood stage the morning of June 23rd, cresting around 12.84 feet above flood stage (44.84 feet) on June 23rd.  This crest is in the Major Stage and broke the previous record. This resulted in impacts to the Riverside Neighborhood in Sioux City. The river then fell below flood stage on the morning of June 28th. For a more comprehensive description of flood damage, please see other entries for Woodbury County.",CSV
2024-06-24 19:00:00,2024-06-27 01:00:00,2 days 06:00:00,191899_1,202406,24,1900,202406,27,100,191899,1182249,IOWA,19,2024,June,Flood,C,193,WOODBURY,FSD,2024-06-24 19:00:00,CST-6,2024-06-27 01:00:00,0,0,0,0,0.00K,0.00K,River/Stream Gage,Heavy Rain,5.14,WNW,SIOUX CITY,1.23,W,SIOUX CITY,42.5158,-96.4787,42.491,-96.4692,"A multi-day significant heavy rainfall event from June 20-22 resulted in widespread rain totals between 5 and 10 inches across portions of southeast South Dakota, northwest Iowa, and southwest Minnesota. As rainfall reached area streams and rivers, major to record flooding was observed, devastating several towns and communities. Extensive overland flooding also resulted in significant impacts and damages. All river crest information is preliminary until made official by the gauge owner.||A Presidential Disaster Declaration was signed for Buena Vista, Cherokee, Clay, Dickinson, Lyon, Plymouth, O'Brien, Osceola, Sioux, and Woodbury Counties.","The Missouri River at Sioux City rose above flood stage the evening of June 24th, cresting around 2.23 feet above flood stage (32.23 feet) on June 25th. The river then fell below flood stage on the morning of June 27th. For a more comprehensive description of flood damage, please see other entries for Woodbury County.",CSV
2024-05-02 11:30:00,2024-05-03 10:30:00,0 days 23:00:00,191984_0,202405,2,1130,202405,2,1830,191984,1182810,IOWA,19,2024,May,Flash Flood,C,135,MONROE,DMX,2024-05-02 11:30:00,CST-6,2024-05-02 18:30:00,0,0,0,0,0.00K,0.00K,Emergency Manager,Heavy Rain,2.08,W,ALBIA,1.99,W,ALBIA,41.03,-92.86,41.0307,-92.8511,"An embedded shortwave within a larger upper level low swung across the area, bringing showers and thunderstorms to southern Iowa through much of the day.  Repeated rounds of showers and thunderstorms across the area brought 3-4 inches of rain to the area with isolated pockets of over 6 inches of rain reported.",Report of water over old pave US 34 near Albia to a depth of around 4.5 feet.,CSV
2024-05-02 11:30:00,2024-05-03 10:30:00,0 days 23:00:00,191984_0,202405,2,1830,202405,3,1030,191984,1182820,IOWA,19,2024,May,Flood,C,135,MONROE,DMX,2024-05-02 18:30:00,CST-6,2024-05-03 10:30:00,0,0,0,0,0.00K,0.00K,Emergency Manager,Heavy Rain,1.63,SE,LOVILIA,5.96,NE,TYRONE,41.1135,-92.9075,40.9938,-92.8852,"An embedded shortwave within a larger upper level low swung across the area, bringing showers and thunderstorms to southern Iowa through much of the day.  Repeated rounds of showers and thunderstorms across the area brought 3-4 inches of rain to the area with isolated pockets of over 6 inches of rain reported.","Emergency management reported road closures remaining for at least 10 roadways, some gravel and some paved. There were a total of 14 road closures for Monroe county for the day. Roads include Old Highway 34 east of Albia where up to 2 feet of standing water covers the roadway. Water is taking time to recede due to debris collecting at bridge culverts, especially in southeast portions of the county.",CSV
2024-05-21 13:30:00,2024-05-24 13:30:00,3 days 00:00:00,192209_0,202405,21,1330,202405,29,1015,192209,1185180,IOWA,19,2024,May,Flood,C,171,TAMA,DMX,2024-05-21 13:30:00,CST-6,2024-05-29 10:15:00,0,0,0,0,0.00K,0.00K,River/Stream Gage,Heavy Rain,3.3,NW,MONTOUR,5.77,SSE,IRVING,42.0,-92.77,41.86,-92.3,"There were several rounds of rainfall over the period starting around May 20 through around May 25. This is when there were two rounds of heavy rainfall along with severe thunderstorms including tornadoes and straight-line winds, detailed in respective severe entries for the month. 60-hour rainfall totals ending May 21 at 7pm were up to 4 to 6 inches over portions of Marshall, Tama, Poweshiek, and Jasper Counties. This led to flash flooding over these areas and all the rainfall that caused the flash flooding eventually made its way into area streams and caused river flooding on several basins across central Iowa including the Iowa River, Des Moines River, and Cedar River. Flooding during this time was extended by additional rainfall due to severe storms on May 24th.",The Iowa River at Tama Highway E49 crested at 13.69 ft on May 24 at 5:30 am CDT.,CSV
2024-05-21 13:30:00,2024-05-24 13:30:00,3 days 00:00:00,192209_0,202405,21,2200,202405,23,30,192209,1185182,IOWA,19,2024,May,Flood,C,109,KOSSUTH,DMX,2024-05-21 22:00:00,CST-6,2024-05-23 00:30:00,0,0,0,0,0.00K,0.00K,River/Stream Gage,Heavy Rain,4.49,SW,LU VERNE,2.94,E,BURT,42.88,-94.15,43.2,-94.14,"There were several rounds of rainfall over the period starting around May 20 through around May 25. This is when there were two rounds of heavy rainfall along with severe thunderstorms including tornadoes and straight-line winds, detailed in respective severe entries for the month. 60-hour rainfall totals ending May 21 at 7pm were up to 4 to 6 inches over portions of Marshall, Tama, Poweshiek, and Jasper Counties. This led to flash flooding over these areas and all the rainfall that caused the flash flooding eventually made its way into area streams and caused river flooding on several basins across central Iowa including the Iowa River, Des Moines River, and Cedar River. Flooding during this time was extended by additional rainfall due to severe storms on May 24th.",The East Fork Des Moines River at Algona crested at 17.64 ft on May 22 at 9:15 am CDT.,CSV
2024-05-21 13:30:00,2024-05-24 13:30:00,3 days 00:00:00,192209_0,202405,22,230,202405,23,1715,192209,1185183,IOWA,19,2024,May,Flood,C,153,POLK,DMX,2024-05-22 02:30:00,CST-6,2024-05-23 17:15:00,0,0,0,0,0.00K,0.00K,River/Stream Gage,Heavy Rain,2.14,SSE,DES MOINES,2.14,S,DES MOINES,41.57,-93.61,41.59,-93.62,"There were several rounds of rainfall over the period starting around May 20 through around May 25. This is when there were two rounds of heavy rainfall along with severe thunderstorms including tornadoes and straight-line winds, detailed in respective severe entries for the month. 60-hour rainfall totals ending May 21 at 7pm were up to 4 to 6 inches over portions of Marshall, Tama, Poweshiek, and Jasper Counties. This led to flash flooding over these areas and all the rainfall that caused the flash flooding eventually made its way into area streams and caused river flooding on several basins across central Iowa including the Iowa River, Des Moines River, and Cedar River. Flooding during this time was extended by additional rainfall due to severe storms on May 24th.",The Raccoon River at Fleur Drive crested at 14.05 ft on May 22 at 2:00 pm CDT.,CSV
2024-05-21 13:30:00,2024-05-24 13:30:00,3 days 00:00:00,192209_0,202405,22,415,202405,24,915,192209,1185170,IOWA,19,2024,May,Flood,C,13,BLACK HAWK,DMX,2024-05-22 04:15:00,CST-6,2024-05-24 09:15:00,0,0,0,0,0.00K,0.00K,River/Stream Gage,Heavy Rain,0.69,N,EVANSDALE,1.47,NE,CASTLE HILL,42.48,-92.28,42.53,-92.38,"There were several rounds of rainfall over the period starting around May 20 through around May 25. This is when there were two rounds of heavy rainfall along with severe thunderstorms including tornadoes and straight-line winds, detailed in respective severe entries for the month. 60-hour rainfall totals ending May 21 at 7pm were up to 4 to 6 inches over portions of Marshall, Tama, Poweshiek, and Jasper Counties. This led to flash flooding over these areas and all the rainfall that caused the flash flooding eventually made its way into area streams and caused river flooding on several basins across central Iowa including the Iowa River, Des Moines River, and Cedar River. Flooding during this time was extended by additional rainfall due to severe storms on May 24th.",Black Hawk Creek at Hudson crested at 15.54 ft on May 22 at 6:15 pm CDT.,CSV
2024-05-21 13:30:00,2024-05-24 13:30:00,3 days 00:00:00,192209_0,202405,22,430,202405,24,2330,192209,1185610,IOWA,19,2024,May,Flood,C,153,POLK,DMX,2024-05-22 04:30:00,CST-6,2024-05-24 23:30:00,0,0,0,0,0.00K,0.00K,River/Stream Gage,Heavy Rain,1.7,WNW,YOUNGSTOWN,2.07,WSW,DES MOINES,41.59,-93.56,41.59,-93.66,"There were several rounds of rainfall over the period starting around May 20 through around May 25. This is when there were two rounds of heavy rainfall along with severe thunderstorms including tornadoes and straight-line winds, detailed in respective severe entries for the month. 60-hour rainfall totals ending May 21 at 7pm were up to 4 to 6 inches over portions of Marshall, Tama, Poweshiek, and Jasper Counties. This led to flash flooding over these areas and all the rainfall that caused the flash flooding eventually made its way into area streams and caused river flooding on several basins across central Iowa including the Iowa River, Des Moines River, and Cedar River. Flooding during this time was extended by additional rainfall due to severe storms on May 24th.",The Des Moines River at Southeast 6th St crested at 25.22 ft on May 22 at 5:45 pm CDT.,CSV
2024-05-21 13:30:00,2024-05-24 13:30:00,3 days 00:00:00,192209_0,202405,22,845,202405,23,130,192209,1185167,IOWA,19,2024,May,Flood,C,23,BUTLER,DMX,2024-05-22 08:45:00,CST-6,2024-05-23 01:30:00,0,0,0,0,0.00K,0.00K,River/Stream Gage,Heavy Rain,6.65,E,NEW HARTFORD,2.15,E,NEW HARTFORD,42.56,-92.49,42.58,-92.49,"There were several rounds of rainfall over the period starting around May 20 through around May 25. This is when there were two rounds of heavy rainfall along with severe thunderstorms including tornadoes and straight-line winds, detailed in respective severe entries for the month. 60-hour rainfall totals ending May 21 at 7pm were up to 4 to 6 inches over portions of Marshall, Tama, Poweshiek, and Jasper Counties. This led to flash flooding over these areas and all the rainfall that caused the flash flooding eventually made its way into area streams and caused river flooding on several basins across central Iowa including the Iowa River, Des Moines River, and Cedar River. Flooding during this time was extended by additional rainfall due to severe storms on May 24th.",Beaver Creek at New Hartford crested at 12.86 ft on May 22 at 8:45 pm CDT.,CSV
2024-05-21 13:30:00,2024-05-24 13:30:00,3 days 00:00:00,192209_0,202405,22,1230,202405,24,30,192209,1185176,IOWA,19,2024,May,Flood,C,127,MARSHALL,DMX,2024-05-22 12:30:00,CST-6,2024-05-24 00:30:00,0,0,0,0,0.00K,0.00K,River/Stream Gage,Heavy Rain,2.66,WSW,MARSHALLTOWN,0.0,E,LE GRAND,42.04,-92.97,42.0,-92.77,"There were several rounds of rainfall over the period starting around May 20 through around May 25. This is when there were two rounds of heavy rainfall along with severe thunderstorms including tornadoes and straight-line winds, detailed in respective severe entries for the month. 60-hour rainfall totals ending May 21 at 7pm were up to 4 to 6 inches over portions of Marshall, Tama, Poweshiek, and Jasper Counties. This led to flash flooding over these areas and all the rainfall that caused the flash flooding eventually made its way into area streams and caused river flooding on several basins across central Iowa including the Iowa River, Des Moines River, and Cedar River. Flooding during this time was extended by additional rainfall due to severe storms on May 24th.",The Iowa River at Marshalltown crested at 20.0 ft on May 23 at 5:45 am CDT.,CSV
2024-05-21 13:30:00,2024-05-24 13:30:00,3 days 00:00:00,192209_0,202405,22,1530,202405,25,415,192209,1185178,IOWA,19,2024,May,Flood,C,13,BLACK HAWK,DMX,2024-05-22 15:30:00,CST-6,2024-05-25 04:15:00,0,0,0,0,0.00K,0.00K,River/Stream Gage,Heavy Rain,1.23,NE,(ALO)WATERLOO MUNI A,0.69,W,BOIES,42.56,-92.38,42.62,-92.41,"There were several rounds of rainfall over the period starting around May 20 through around May 25. This is when there were two rounds of heavy rainfall along with severe thunderstorms including tornadoes and straight-line winds, detailed in respective severe entries for the month. 60-hour rainfall totals ending May 21 at 7pm were up to 4 to 6 inches over portions of Marshall, Tama, Poweshiek, and Jasper Counties. This led to flash flooding over these areas and all the rainfall that caused the flash flooding eventually made its way into area streams and caused river flooding on several basins across central Iowa including the Iowa River, Des Moines River, and Cedar River. Flooding during this time was extended by additional rainfall due to severe storms on May 24th.",The Cedar River at Cedar Falls crested at 91.16 feet on May 23 at 10:45 am CDT.,CSV
2024-05-21 13:30:00,2024-05-24 13:30:00,3 days 00:00:00,192209_0,202405,23,300,202405,24,1530,192209,1185181,IOWA,19,2024,May,Flood,C,187,WEBSTER,DMX,2024-05-23 03:00:00,CST-6,2024-05-24 15:30:00,0,0,0,0,0.00K,0.00K,River/Stream Gage,Heavy Rain,2.04,W,ROBERTS,5.02,NNE,DAYTON,42.42,-94.21,42.3,-94.05,"There were several rounds of rainfall over the period starting around May 20 through around May 25. This is when there were two rounds of heavy rainfall along with severe thunderstorms including tornadoes and straight-line winds, detailed in respective severe entries for the month. 60-hour rainfall totals ending May 21 at 7pm were up to 4 to 6 inches over portions of Marshall, Tama, Poweshiek, and Jasper Counties. This led to flash flooding over these areas and all the rainfall that caused the flash flooding eventually made its way into area streams and caused river flooding on several basins across central Iowa including the Iowa River, Des Moines River, and Cedar River. Flooding during this time was extended by additional rainfall due to severe storms on May 24th.",The Des Moines River at Fort Dodge crested at 11.02 ft on May 23 at 5:45 pm CDT.,CSV
2024-05-21 13:30:00,2024-05-24 13:30:00,3 days 00:00:00,192209_0,202405,23,815,202405,24,330,192209,1185171,IOWA,19,2024,May,Flood,C,13,BLACK HAWK,DMX,2024-05-23 08:15:00,CST-6,2024-05-24 03:30:00,0,0,0,0,0.00K,0.00K,River/Stream Gage,Heavy Rain,1.23,NE,(ALO)WATERLOO MUNI A,1.53,S,CEDAR FALLS,42.56,-92.38,42.51,-92.45,"There were several rounds of rainfall over the period starting around May 20 through around May 25. This is when there were two rounds of heavy rainfall along with severe thunderstorms including tornadoes and straight-line winds, detailed in respective severe entries for the month. 60-hour rainfall totals ending May 21 at 7pm were up to 4 to 6 inches over portions of Marshall, Tama, Poweshiek, and Jasper Counties. This led to flash flooding over these areas and all the rainfall that caused the flash flooding eventually made its way into area streams and caused river flooding on several basins across central Iowa including the Iowa River, Des Moines River, and Cedar River. Flooding during this time was extended by additional rainfall due to severe storms on May 24th.",The Cedar River at Waterloo crested at 13.34 ft on May 23 at 3:00 pm CDT.,CSV
2024-05-21 13:30:00,2024-05-24 13:30:00,3 days 00:00:00,192209_0,202405,24,600,202405,24,1230,192209,1185184,IOWA,19,2024,May,Flood,C,153,POLK,DMX,2024-05-24 06:00:00,CST-6,2024-05-24 12:30:00,0,0,0,0,0.00K,0.00K,River/Stream Gage,Heavy Rain,2.14,SSE,DES MOINES,2.14,S,DES MOINES,41.57,-93.61,41.59,-93.62,"There were several rounds of rainfall over the period starting around May 20 through around May 25. This is when there were two rounds of heavy rainfall along with severe thunderstorms including tornadoes and straight-line winds, detailed in respective severe entries for the month. 60-hour rainfall totals ending May 21 at 7pm were up to 4 to 6 inches over portions of Marshall, Tama, Poweshiek, and Jasper Counties. This led to flash flooding over these areas and all the rainfall that caused the flash flooding eventually made its way into area streams and caused river flooding on several basins across central Iowa including the Iowa River, Des Moines River, and Cedar River. Flooding during this time was extended by additional rainfall due to severe storms on May 24th.",The Raccoon River at Fleur Drive crested at 12.14 ft on May 24 at 10:00 am CDT.,CSV
2024-05-24 19:45:00,2024-05-25 23:45:00,1 days 04:00:00,192209_1,202405,24,1945,202405,25,2345,192209,1185186,IOWA,19,2024,May,Flood,C,63,EMMET,DMX,2024-05-24 19:45:00,CST-6,2024-05-25 23:45:00,0,0,0,0,0.00K,0.00K,River/Stream Gage,Heavy Rain,4.41,SSW,WELLINGFORD,5.51,SE,WELLINGFORD,43.26,-94.83,43.26,-94.71,"There were several rounds of rainfall over the period starting around May 20 through around May 25. This is when there were two rounds of heavy rainfall along with severe thunderstorms including tornadoes and straight-line winds, detailed in respective severe entries for the month. 60-hour rainfall totals ending May 21 at 7pm were up to 4 to 6 inches over portions of Marshall, Tama, Poweshiek, and Jasper Counties. This led to flash flooding over these areas and all the rainfall that caused the flash flooding eventually made its way into area streams and caused river flooding on several basins across central Iowa including the Iowa River, Des Moines River, and Cedar River. Flooding during this time was extended by additional rainfall due to severe storms on May 24th.",The West Fork Des Moines River at Estherville crested at 10.96 ft on May 25 at 5:45 am CDT.,CSV
2024-06-15 22:00:00,2024-06-18 22:00:00,3 days 00:00:00,192821_0,202406,15,2200,202406,30,2359,192821,1193354,IOWA,19,2024,June,Flood,C,59,DICKINSON,FSD,2024-06-15 22:00:00,CST-6,2024-06-30 23:59:00,0,0,0,0,0.00K,0.00K,River/Stream Gage,Heavy Rain,3.77,WSW,MONTGOMERY,1.47,SW,FULLER FLD ARPT,43.41,-95.27,43.2554,-95.2648,"A wet period allowed for flooding to return to portions of the Little Sioux River. This was capped by a multi-day significant heavy rainfall event between June 20th through June 22nd which brought widespread rain totals between 5 and 10 inches with pockets in excess of 15 inches. As rainfall reached area streams and rivers, major to record flooding was observed, devastating several towns and communities. All river crest information is preliminary until made official by the gauge owner.","The Little Sioux River near Milford rose above flood stage the evening of June 15th, cresting around 8.41 feet above flood stage (20.41 feet) on June 22nd.  This crest is in the Major Stage and broke the previous record. The river stayed above flood stage into July. For a more comprehensive description of flood damage, please see other entries for Dickinson County.",CSV
2024-06-15 22:00:00,2024-06-18 22:00:00,3 days 00:00:00,192821_0,202406,15,2200,202406,30,2359,192821,1193357,IOWA,19,2024,June,Flood,C,41,CLAY,FSD,2024-06-15 22:00:00,CST-6,2024-06-30 23:59:00,0,0,0,0,0.00K,0.00K,River/Stream Gage,Heavy Rain,4.79,W,FOSTORIA,0.6,NE,EVERLY,43.2554,-95.2648,43.21,-95.28,"A wet period allowed for flooding to return to portions of the Little Sioux River. This was capped by a multi-day significant heavy rainfall event between June 20th through June 22nd which brought widespread rain totals between 5 and 10 inches with pockets in excess of 15 inches. As rainfall reached area streams and rivers, major to record flooding was observed, devastating several towns and communities. All river crest information is preliminary until made official by the gauge owner.","The Little Sioux River near Milford rose above flood stage the evening of June 15th, cresting around 8.41 feet above flood stage (20.41 feet) on June 22nd.  This crest is in the Major Stage and broke the previous record. The river stayed above flood stage into July. For a more comprehensive description of flood damage, please see other entries for Clay County.",CSV
2024-06-15 22:00:00,2024-06-18 22:00:00,3 days 00:00:00,192821_0,202406,17,200,202406,30,2359,192821,1193362,IOWA,19,2024,June,Flood,C,41,CLAY,FSD,2024-06-17 02:00:00,CST-6,2024-06-30 23:59:00,0,0,0,0,0.00K,0.00K,River/Stream Gage,Heavy Rain,1.51,W,SPENCER,1.71,WSW,DICKENS,43.15,-95.18,43.1,-95.1,"A wet period allowed for flooding to return to portions of the Little Sioux River. This was capped by a multi-day significant heavy rainfall event between June 20th through June 22nd which brought widespread rain totals between 5 and 10 inches with pockets in excess of 15 inches. As rainfall reached area streams and rivers, major to record flooding was observed, devastating several towns and communities. All river crest information is preliminary until made official by the gauge owner.","The Little Sioux River at Spencer rose above flood stage the morning of June 17th, cresting around 12.2 feet above flood stage (22.2 feet) on June 22nd. The crest value was determined via high water mark due to a river gauge outage.  This crest is in the Major Stage and broke the previous record. Significant flooding was observed within the city of Spencer itself. The river stayed above flood stage into July. For a more comprehensive description of flood damage, please see other entries for Clay County.",CSV
2024-06-15 22:00:00,2024-06-18 22:00:00,3 days 00:00:00,192821_0,202406,17,900,202406,30,2359,192821,1193358,IOWA,19,2024,June,Flood,C,41,CLAY,FSD,2024-06-17 09:00:00,CST-6,2024-06-30 23:59:00,0,0,0,0,0.00K,0.00K,River/Stream Gage,Heavy Rain,0.78,WNW,FOSTORIA,2.76,W,FOSTORIA,43.255,-95.184,43.255,-95.2764,"A wet period allowed for flooding to return to portions of the Little Sioux River. This was capped by a multi-day significant heavy rainfall event between June 20th through June 22nd which brought widespread rain totals between 5 and 10 inches with pockets in excess of 15 inches. As rainfall reached area streams and rivers, major to record flooding was observed, devastating several towns and communities. All river crest information is preliminary until made official by the gauge owner.","The Little Sioux River above Spencer rose above flood stage the morning of June 17th, cresting around 6.1 feet above flood stage (1328.1 feet) on June 22nd.  This crest is in the Major Stage and broke the previous record. The river stayed above flood stage into July. For a more comprehensive description of flood damage, please see other entries for Clay County.",CSV
2024-06-15 22:00:00,2024-06-18 22:00:00,3 days 00:00:00,192821_0,202406,17,1900,202406,30,2359,192821,1190188,IOWA,19,2024,June,Flood,C,41,CLAY,FSD,2024-06-17 19:00:00,CST-6,2024-06-30 23:59:00,0,0,0,0,0.00K,0.00K,River/Stream Gage,Heavy Rain,3.42,SE,EVERLY,3.02,SW,SPENCER,43.13,-95.29,43.11,-95.2,"A wet period allowed for flooding to return to portions of the Little Sioux River. This was capped by a multi-day significant heavy rainfall event between June 20th through June 22nd which brought widespread rain totals between 5 and 10 inches with pockets in excess of 15 inches. As rainfall reached area streams and rivers, major to record flooding was observed, devastating several towns and communities. All river crest information is preliminary until made official by the gauge owner.","The Ocheyedan River near Spencer rose above flood stage the evening of June 17th, cresting around 9.20 feet above flood stage (17.20 feet) on June 22nd.  This crest is in the Major Stage and broke the previous record. The river remained above flood stage into July. For a more comprehensive description of flood damage, please see other entries for Clay County.",CSV
2024-06-03 16:30:00,2024-06-03 16:45:00,0 days 00:15:00,192828_0,202406,3,1630,202406,3,1630,192828,1190574,IOWA,19,2024,June,Flash Flood,C,5,ALLAMAKEE,ARX,2024-06-03 16:30:00,CST-6,2024-06-03 16:30:00,0,0,0,0,10.00K,0.00K,Public,Heavy Rain,1.68,SSE,LANSING,1.67,SSE,LANSING,43.3592,-91.2129,43.3594,-91.213,"During the late afternoon and evening hours of June 3rd, a cluster of thunderstorms produced heavy rain across portions of Allamakee County, leading to a few localized mud slides.",The public reported a mud slide caused a block wall to come down on X52 and the rail track next to it. Mud debris was reported to be on the train track.,CSV
2024-06-03 16:30:00,2024-06-03 16:45:00,0 days 00:15:00,192828_0,202406,3,1645,202406,3,1645,192828,1190575,IOWA,19,2024,June,Flash Flood,C,5,ALLAMAKEE,ARX,2024-06-03 16:45:00,CST-6,2024-06-03 16:45:00,0,0,0,0,1.00K,0.00K,Public,Heavy Rain,1.41,SSW,LANSING,1.48,SSW,LANSING,43.3605,-91.2384,43.359,-91.2382,"During the late afternoon and evening hours of June 3rd, a cluster of thunderstorms produced heavy rain across portions of Allamakee County, leading to a few localized mud slides.",A couple of small mudslides were reported near Lansing. Clear Creek was also reported to be out of its banks.,CSV
2024-06-04 16:35:00,2024-06-04 19:30:00,0 days 02:55:00,192874_0,202406,4,1635,202406,4,1930,192874,1193469,IOWA,19,2024,June,Flash Flood,C,109,KOSSUTH,DMX,2024-06-04 16:35:00,CST-6,2024-06-04 19:30:00,0,0,0,0,0.00K,0.00K,Emergency Manager,Heavy Rain,1.68,NE,ALGONA MUNI ARPT,1.06,NNE,ALGONA,43.0902,-94.2514,43.0909,-94.2167,"An MCV lifting into eastern Iowa into the early afternoon, with favorable conditions led to funnel cloud formation in eastern Iowa, particularly near the Tama/Poweshiek county border. Following this activity, an upper level trough and associated cold front entered western Iowa into the afternoon and pushed across the state, with 1000-2000 J/kg of MLCAPE and shear around 20-30 kts allowing for some storms to become severe. This led to some damaging winds and hail to occur in portions of central Iowa, as well as heavy rain in central and northern Iowa given the slow-moving nature of the storms.  A brief tornado occurred with thunderstorms northwest of Fort Dodge.",Reports of road closures in town due to flooding and standing water. Water over Highways 18 and 169.,CSV
2024-06-15 20:24:00,2024-06-15 22:45:00,0 days 02:21:00,192935_0,202406,15,2024,202406,15,2230,192935,1190940,IOWA,19,2024,June,Flash Flood,C,59,DICKINSON,FSD,2024-06-15 20:24:00,CST-6,2024-06-15 22:30:00,0,0,0,0,0.00K,0.00K,Emergency Manager,Heavy Rain,0.91,SW,SPIRIT LAKE,0.68,SW,SPIRIT LAKE,43.4207,-95.1129,43.4179,-95.1119,"In the wake of a morning mesoscale convective system (MCS) across Nebraska, storms refired during the evening hours across northwest Iowa within fairly weak deep-layer shear and up to 2000 J/kg MUCAPE. Storms produced locally damaging wind as cores collapsed, and training of storms resulted in locally heavy rainfall of 2 to 3 inches around the Iowa Great Lakes in the matter of an hour or two.",Significant street flooding was reported in Spirit Lake.,CSV
2024-06-15 20:24:00,2024-06-15 22:45:00,0 days 02:21:00,192935_0,202406,15,2046,202406,15,2245,192935,1190941,IOWA,19,2024,June,Flash Flood,C,59,DICKINSON,FSD,2024-06-15 20:46:00,CST-6,2024-06-15 22:45:00,0,0,0,0,0.00K,0.00K,Emergency Manager,Heavy Rain,0.64,SW,SPIRIT LAKE,0.55,SW,SPIRIT LAKE,43.4229,-95.1082,43.4214,-95.1122,"In the wake of a morning mesoscale convective system (MCS) across Nebraska, storms refired during the evening hours across northwest Iowa within fairly weak deep-layer shear and up to 2000 J/kg MUCAPE. Storms produced locally damaging wind as cores collapsed, and training of storms resulted in locally heavy rainfall of 2 to 3 inches around the Iowa Great Lakes in the matter of an hour or two.",Three cars stalled in high water ponded in city streets.,CSV
2024-07-15 16:40:00,2024-07-15 23:00:00,0 days 06:20:00,192939_0,202407,15,1640,202407,15,2300,192939,1204766,IOWA,19,2024,July,Flash Flood,C,13,BLACK HAWK,DMX,2024-07-15 16:40:00,CST-6,2024-07-15 23:00:00,0,0,0,0,0.00K,0.00K,Emergency Manager,Heavy Rain,1.47,WSW,WATERLOO RANCH ARPT,1.48,WSW,WATERLOO RANCH ARPT,42.4949,-92.3081,42.4949,-92.3077,"Convection from a passing upper level trough and associated MCS in the morning brought an initial round of non-severe storms mainly in Minnesota into the far reaches of northern Iowa. However, severe weather potential increased by the afternoon as the aforementioned trough and surface boundary made its way into Iowa. Conditions ahead of the boundary included 40-50 knot values of 0-6 km bulk shear, along with 3000-4000J/kg of instability, 25-30 knots of 0-3 km bulk shear and DCAPE values around 1000-1500 J/kg. As a result, a line of showers and storms developed in the afternoon and passed over central Iowa into the evening, with a handful of hail reports in central Iowa generally from penny-size to 2 inches, while the greater majority of reports involved severe wind gusts of 55-70+ mph and associated damage. Tornadic activity within the line of storms did occur, with a tornado developing in the Des Moines Metro area, causing primarily significant tree damage, as well as some structural and power-pole damage in the area as well. Heavy rain given plenty of warm and moist air over the area also resulted in isolated flash flooding, specifically over Black Hawk county.",Flash flooding at the intersection of French Street and Idaho Street.,CSV
2024-06-03 14:20:00,2024-06-03 16:00:00,0 days 01:40:00,192942_0,202406,3,1420,202406,3,1600,192942,1191064,IOWA,19,2024,June,Flash Flood,C,61,DUBUQUE,DVN,2024-06-03 14:20:00,CST-6,2024-06-03 16:00:00,0,0,0,0,0.00K,0.00K,Trained Spotter,Heavy Rain,1.01,SW,ASBURY,0.93,SW,ASBURY,42.5097,-90.7642,42.51,-90.7647,"An unorganized line of strong to severe thunderstorms developed in eastern Iowa on the afternoon of June 3. This line of thunderstorms continued into northwest Illinois, with thunderstorms capable of severe winds and heavy rain. A quick 1-3 inches of rainfall fell for some, which resulted in localized flash flooding.","Area estimated from report received, where the creeks and streams between Asbury and Durango were out of their banks. No impacts were noted to houses along the streams.",CSV
2024-06-03 14:20:00,2024-06-03 16:00:00,0 days 01:40:00,192942_0,202406,3,1420,202406,3,1600,192942,1191065,IOWA,19,2024,June,Flash Flood,C,61,DUBUQUE,DVN,2024-06-03 14:20:00,CST-6,2024-06-03 16:00:00,0,0,0,0,0.00K,0.00K,Trained Spotter,Heavy Rain,1.53,N,CENTER GROVE,1.56,N,CENTER GROVE,42.5222,-90.7006,42.5198,-90.7014,"An unorganized line of strong to severe thunderstorms developed in eastern Iowa on the afternoon of June 3. This line of thunderstorms continued into northwest Illinois, with thunderstorms capable of severe winds and heavy rain. A quick 1-3 inches of rainfall fell for some, which resulted in localized flash flooding.",Reports of basement flooding in the neighborhood.,CSV
2024-06-03 14:20:00,2024-06-03 16:00:00,0 days 01:40:00,192942_0,202406,3,1420,202406,3,1600,192942,1191066,IOWA,19,2024,June,Flash Flood,C,61,DUBUQUE,DVN,2024-06-03 14:20:00,CST-6,2024-06-03 16:00:00,0,0,0,0,0.00K,0.00K,Public,Heavy Rain,2.09,SE,SAGEVILLE,2.11,SE,SAGEVILLE,42.5463,-90.6944,42.5561,-90.707,"An unorganized line of strong to severe thunderstorms developed in eastern Iowa on the afternoon of June 3. This line of thunderstorms continued into northwest Illinois, with thunderstorms capable of severe winds and heavy rain. A quick 1-3 inches of rainfall fell for some, which resulted in localized flash flooding.",Heavy rainfall resulted in flash flooding of the roadways.,CSV
2024-06-03 14:20:00,2024-06-03 16:00:00,0 days 01:40:00,192942_0,202406,3,1420,202406,3,1600,192942,1191067,IOWA,19,2024,June,Flash Flood,C,61,DUBUQUE,DVN,2024-06-03 14:20:00,CST-6,2024-06-03 16:00:00,0,0,0,0,0.00K,0.00K,Public,Heavy Rain,0.5,NE,DUBUQUE,0.91,NE,DUBUQUE,42.5043,-90.6621,42.5061,-90.6584,"An unorganized line of strong to severe thunderstorms developed in eastern Iowa on the afternoon of June 3. This line of thunderstorms continued into northwest Illinois, with thunderstorms capable of severe winds and heavy rain. A quick 1-3 inches of rainfall fell for some, which resulted in localized flash flooding.","Report gathered from mping indicating street flooding, with road closures and vehicles stranded in the water.",CSV
2024-06-03 14:20:00,2024-06-03 16:00:00,0 days 01:40:00,192942_0,202406,3,1420,202406,3,1600,192942,1191068,IOWA,19,2024,June,Flash Flood,C,61,DUBUQUE,DVN,2024-06-03 14:20:00,CST-6,2024-06-03 16:00:00,0,0,0,0,0.00K,0.00K,Public,Heavy Rain,0.88,NNW,KEY WEST,0.92,NNW,KEY WEST,42.4625,-90.6836,42.4593,-90.6833,"An unorganized line of strong to severe thunderstorms developed in eastern Iowa on the afternoon of June 3. This line of thunderstorms continued into northwest Illinois, with thunderstorms capable of severe winds and heavy rain. A quick 1-3 inches of rainfall fell for some, which resulted in localized flash flooding.","Report gathered from mping indicating flash flooding over the roads, resulting in road closures and stranded vehicles.",CSV
2024-06-22 00:30:00,2024-06-22 21:00:00,0 days 20:30:00,193225_0,202406,22,30,202406,22,500,193225,1198803,IOWA,19,2024,June,Flash Flood,C,195,WORTH,DMX,2024-06-22 00:30:00,CST-6,2024-06-22 05:00:00,0,0,0,0,0.00K,0.00K,Emergency Manager,Heavy Rain,1.75,WNW,FERTILE,3.88,ESE,MANLY,43.2767,-93.4635,43.2736,-93.1828,"Heavy rain began late on June 21 and continued into the morning of June 22 as storms persisted along a stalled war front over northern Iowa. A widespread 3-4 inches of rain fell in northern Iowa, resulting in a few road closures across the area. This heavy rain also pushed rivers in northwest Iowa even higher, the catalyst for what would be in some cases catastrophic river flooding in the days to come.",Emergency manager reported many areas in western Worth county where water scoured gravel roads during the overnight hours.,CSV
2024-06-22 00:30:00,2024-06-22 21:00:00,0 days 20:30:00,193225_0,202406,22,630,202406,22,2100,193225,1194824,IOWA,19,2024,June,Flood,C,147,PALO ALTO,DMX,2024-06-22 06:30:00,CST-6,2024-06-22 21:00:00,0,0,0,0,0.00K,0.00K,Department of Highways,Heavy Rain,1.72,E,CYLINDER,1.81,ENE,CYLINDER,43.0825,-94.5361,43.0841,-94.5428,"Heavy rain began late on June 21 and continued into the morning of June 22 as storms persisted along a stalled war front over northern Iowa. A widespread 3-4 inches of rain fell in northern Iowa, resulting in a few road closures across the area. This heavy rain also pushed rivers in northwest Iowa even higher, the catalyst for what would be in some cases catastrophic river flooding in the days to come.","US-18 eastbound, Between County Road N60 and IA 15 (1 mile east of the Cylinder area). The road is blocked because of flooding.",CSV
2024-06-22 00:30:00,2024-06-22 21:00:00,0 days 20:30:00,193225_0,202406,22,630,202406,22,2100,193225,1194825,IOWA,19,2024,June,Flood,C,147,PALO ALTO,DMX,2024-06-22 06:30:00,CST-6,2024-06-22 21:00:00,0,0,0,0,0.00K,0.00K,Department of Highways,Heavy Rain,3.48,WNW,CYLINDER,3.67,ENE,EMMETSBURG ARPT,43.1067,-94.6284,43.1096,-94.6527,"Heavy rain began late on June 21 and continued into the morning of June 22 as storms persisted along a stalled war front over northern Iowa. A widespread 3-4 inches of rain fell in northern Iowa, resulting in a few road closures across the area. This heavy rain also pushed rivers in northwest Iowa even higher, the catalyst for what would be in some cases catastrophic river flooding in the days to come.","US-18 eastbound, Between IA 4 and County Road N60 (near Emmetsburg). The road is blocked because of flooding.",CSV
2024-06-22 00:30:00,2024-06-22 21:00:00,0 days 20:30:00,193225_0,202406,22,730,202406,22,2100,193225,1194826,IOWA,19,2024,June,Flood,C,63,EMMET,DMX,2024-06-22 07:30:00,CST-6,2024-06-22 21:00:00,0,0,0,0,0.00K,0.00K,Department of Highways,Heavy Rain,2.09,NNE,WALLINGFORD,2.99,SSE,ESTHERVILLE,43.3593,-94.8197,43.3889,-94.8412,"Heavy rain began late on June 21 and continued into the morning of June 22 as storms persisted along a stalled war front over northern Iowa. A widespread 3-4 inches of rain fell in northern Iowa, resulting in a few road closures across the area. This heavy rain also pushed rivers in northwest Iowa even higher, the catalyst for what would be in some cases catastrophic river flooding in the days to come.","IA-4 northbound, Between County Road B14 and IA 9 (1 mile north of the Wallingford area). The road is blocked because of flooding.",CSV
2024-06-22 00:30:00,2024-06-22 21:00:00,0 days 20:30:00,193225_0,202406,22,830,202406,22,1100,193225,1194827,IOWA,19,2024,June,Flood,C,109,KOSSUTH,DMX,2024-06-22 08:30:00,CST-6,2024-06-22 11:00:00,0,0,0,0,0.00K,0.00K,Department of Highways,Heavy Rain,2.79,NNW,BANCROFT,2.82,W,GERLED,43.3182,-94.2377,43.3755,-94.2354,"Heavy rain began late on June 21 and continued into the morning of June 22 as storms persisted along a stalled war front over northern Iowa. A widespread 3-4 inches of rain fell in northern Iowa, resulting in a few road closures across the area. This heavy rain also pushed rivers in northwest Iowa even higher, the catalyst for what would be in some cases catastrophic river flooding in the days to come.","US-169 northbound, Between County Road A38 and County Road P40 (2 to 3 miles north of the Bancroft area), areas of water over the road.",CSV
2024-06-21 07:15:00,2024-06-24 07:15:00,3 days 00:00:00,193311_0,202406,21,715,202406,30,2359,193311,1194208,IOWA,19,2024,June,Flood,C,63,EMMET,DMX,2024-06-21 07:15:00,CST-6,2024-06-30 23:59:00,0,0,0,0,10.00M,0.00K,River/Stream Gage,Heavy Rain,4.41,SSW,WELLINGFORD,0.85,SE,WELLINGFORD,43.26,-94.83,43.26,-94.71,"Heavy rain fell over portions of northern Iowa, especially northwestern Iowa and bordering states later on June 20 through early on June 21. This rainfall caused flash flooding in portions of northwest Iowa and also aided in saturating the soil. As another round of heavy rain fell later on June 21 into the night and morning of June 22, this rainfall led to renewed flash flooding. This rainfall made its way into streams and rivers resulting in significant and record river flooding in northwest Iowa including the West Fork of the Des Moines River. Flooding resulted in massive sandbagging efforts, prolonged road closures and damages, and impacts to home and businesses.||Note: damage estimates are taken from Iowa Homeland Security and Emergency Management Department and represent total flood damages for the entire county for the month of June. Damages are estimated to have surpassed $12 million in June.",The West Fork of the Des Moines at Estherville crested at 18.1 ft on June 24 at 09:00 am CDT. The river remained in flood through the end of the month and into July. Preliminary information indicates this is the new flood of record for the point.,CSV
2024-06-21 07:15:00,2024-06-24 07:15:00,3 days 00:00:00,193311_0,202406,21,2315,202406,30,2359,193311,1194818,IOWA,19,2024,June,Flood,C,147,PALO ALTO,DMX,2024-06-21 23:15:00,CST-6,2024-06-30 23:59:00,0,0,0,0,721.00K,0.00K,River/Stream Gage,Heavy Rain,2.62,WSW,EMMETSBURG ARPT,3.66,S,WEST BEND,43.09,-94.75,42.79,-94.44,"Heavy rain fell over portions of northern Iowa, especially northwestern Iowa and bordering states later on June 20 through early on June 21. This rainfall caused flash flooding in portions of northwest Iowa and also aided in saturating the soil. As another round of heavy rain fell later on June 21 into the night and morning of June 22, this rainfall led to renewed flash flooding. This rainfall made its way into streams and rivers resulting in significant and record river flooding in northwest Iowa including the West Fork of the Des Moines River. Flooding resulted in massive sandbagging efforts, prolonged road closures and damages, and impacts to home and businesses.||Note: damage estimates are taken from Iowa Homeland Security and Emergency Management Department and represent total flood damages for the entire county for the month of June. Damages are estimated to have surpassed $12 million in June.",The West Fork of the Des Moines at Emmetsburg crested at 15.47 ft on June 24 at 01:15 pm CDT. The river remained in flood through the end of the month and into July. Preliminary information indicates this is the new flood of record for the point.,CSV
2024-06-21 07:15:00,2024-06-24 07:15:00,3 days 00:00:00,193311_0,202406,22,0,202406,30,2359,193311,1194195,IOWA,19,2024,June,Flood,C,187,WEBSTER,DMX,2024-06-22 00:00:00,CST-6,2024-06-30 23:59:00,0,0,0,0,0.00K,0.00K,River/Stream Gage,Heavy Rain,2.04,W,ROBERTS,1.23,NNE,DAYTON,42.42,-94.21,42.3,-94.06,"Heavy rain fell over portions of northern Iowa, especially northwestern Iowa and bordering states later on June 20 through early on June 21. This rainfall caused flash flooding in portions of northwest Iowa and also aided in saturating the soil. As another round of heavy rain fell later on June 21 into the night and morning of June 22, this rainfall led to renewed flash flooding. This rainfall made its way into streams and rivers resulting in significant and record river flooding in northwest Iowa including the West Fork of the Des Moines River. Flooding resulted in massive sandbagging efforts, prolonged road closures and damages, and impacts to home and businesses.||Note: damage estimates are taken from Iowa Homeland Security and Emergency Management Department and represent total flood damages for the entire county for the month of June. Damages are estimated to have surpassed $12 million in June.",The Des Moines at Fort Dodge crested at 17.12 ft on June 27 at 04:30 am CDT. The river remained in flood through the end of the month and into July.,CSV
2024-06-21 07:15:00,2024-06-24 07:15:00,3 days 00:00:00,193311_0,202406,22,600,202406,30,2359,193311,1194209,IOWA,19,2024,June,Flood,C,91,HUMBOLDT,DMX,2024-06-22 06:00:00,CST-6,2024-06-30 23:59:00,0,0,0,0,88.00K,0.00K,River/Stream Gage,Heavy Rain,5.72,SSE,DAKOTA CITY,4.94,E,DAKOTA CITY,42.65,-94.16,42.72,-94.2,"Heavy rain fell over portions of northern Iowa, especially northwestern Iowa and bordering states later on June 20 through early on June 21. This rainfall caused flash flooding in portions of northwest Iowa and also aided in saturating the soil. As another round of heavy rain fell later on June 21 into the night and morning of June 22, this rainfall led to renewed flash flooding. This rainfall made its way into streams and rivers resulting in significant and record river flooding in northwest Iowa including the West Fork of the Des Moines River. Flooding resulted in massive sandbagging efforts, prolonged road closures and damages, and impacts to home and businesses.||Note: damage estimates are taken from Iowa Homeland Security and Emergency Management Department and represent total flood damages for the entire county for the month of June. Damages are estimated to have surpassed $12 million in June.",The West Fork of the Des Moines at Humboldt crested at 16.99 ft on June 27 at 02:15 am CDT. The river remained in flood through the end of the month and into July. Preliminary information indicates this is the new flood of record for the point.,CSV
2024-06-21 07:15:00,2024-06-24 07:15:00,3 days 00:00:00,193311_0,202406,22,700,202406,30,2359,193311,1194200,IOWA,19,2024,June,Flood,C,109,KOSSUTH,DMX,2024-06-22 07:00:00,CST-6,2024-06-30 23:59:00,0,0,0,0,128.00K,0.00K,River/Stream Gage,Heavy Rain,3.75,SW,LU VERNE,2.94,NE,IRVINGTON,42.88,-94.13,43.05,-94.15,"Heavy rain fell over portions of northern Iowa, especially northwestern Iowa and bordering states later on June 20 through early on June 21. This rainfall caused flash flooding in portions of northwest Iowa and also aided in saturating the soil. As another round of heavy rain fell later on June 21 into the night and morning of June 22, this rainfall led to renewed flash flooding. This rainfall made its way into streams and rivers resulting in significant and record river flooding in northwest Iowa including the West Fork of the Des Moines River. Flooding resulted in massive sandbagging efforts, prolonged road closures and damages, and impacts to home and businesses.||Note: damage estimates are taken from Iowa Homeland Security and Emergency Management Department and represent total flood damages for the entire county for the month of June. Damages are estimated to have surpassed $12 million in June.",The East Fork of the Des Moines at Algona crested at 20.73 ft on June 23 at 05:15 am CDT. The river remained in flood through the end of the month and into July.,CSV
2024-06-21 07:15:00,2024-06-24 07:15:00,3 days 00:00:00,193311_0,202406,22,845,202406,25,2200,193311,1194194,IOWA,19,2024,June,Flood,C,33,CERRO GORDO,DMX,2024-06-22 08:45:00,CST-6,2024-06-25 22:00:00,0,0,0,0,0.00K,0.00K,River/Stream Gage,Heavy Rain,8.0,NW,FREEMAN,11.96,NNW,CLEAR LAKE LAKE,43.31,-93.3,43.26,-93.5,"Heavy rain fell over portions of northern Iowa, especially northwestern Iowa and bordering states later on June 20 through early on June 21. This rainfall caused flash flooding in portions of northwest Iowa and also aided in saturating the soil. As another round of heavy rain fell later on June 21 into the night and morning of June 22, this rainfall led to renewed flash flooding. This rainfall made its way into streams and rivers resulting in significant and record river flooding in northwest Iowa including the West Fork of the Des Moines River. Flooding resulted in massive sandbagging efforts, prolonged road closures and damages, and impacts to home and businesses.||Note: damage estimates are taken from Iowa Homeland Security and Emergency Management Department and represent total flood damages for the entire county for the month of June. Damages are estimated to have surpassed $12 million in June.",The Winnebago River at Mason City crested at 10.96 ft on June 22 at 09:45 pm CDT.,CSV
2024-06-21 07:15:00,2024-06-24 07:15:00,3 days 00:00:00,193311_0,202406,22,1345,202406,27,230,193311,1194201,IOWA,19,2024,June,Flood,C,91,HUMBOLDT,DMX,2024-06-22 13:45:00,CST-6,2024-06-27 02:30:00,0,0,0,0,0.00K,0.00K,River/Stream Gage,Heavy Rain,1.67,ENE,BODE,2.62,SSW,DAKOTA CITY,42.88,-94.25,42.66,-94.25,"Heavy rain fell over portions of northern Iowa, especially northwestern Iowa and bordering states later on June 20 through early on June 21. This rainfall caused flash flooding in portions of northwest Iowa and also aided in saturating the soil. As another round of heavy rain fell later on June 21 into the night and morning of June 22, this rainfall led to renewed flash flooding. This rainfall made its way into streams and rivers resulting in significant and record river flooding in northwest Iowa including the West Fork of the Des Moines River. Flooding resulted in massive sandbagging efforts, prolonged road closures and damages, and impacts to home and businesses.||Note: damage estimates are taken from Iowa Homeland Security and Emergency Management Department and represent total flood damages for the entire county for the month of June. Damages are estimated to have surpassed $12 million in June.",The East Fork of the Des Moines at Dakota City crested at 21.65 ft on June 24 at 01:30 pm CDT.,CSV
2024-06-21 07:15:00,2024-06-24 07:15:00,3 days 00:00:00,193311_0,202406,23,930,202406,27,1600,193311,1194180,IOWA,19,2024,June,Flood,C,23,BUTLER,DMX,2024-06-23 09:30:00,CST-6,2024-06-27 16:00:00,0,0,0,0,0.00K,0.00K,River/Stream Gage,Heavy Rain,7.17,ENE,NEW HARTFORD,5.07,ESE,SHELL ROCK,42.61,-92.49,42.69,-92.49,"Heavy rain fell over portions of northern Iowa, especially northwestern Iowa and bordering states later on June 20 through early on June 21. This rainfall caused flash flooding in portions of northwest Iowa and also aided in saturating the soil. As another round of heavy rain fell later on June 21 into the night and morning of June 22, this rainfall led to renewed flash flooding. This rainfall made its way into streams and rivers resulting in significant and record river flooding in northwest Iowa including the West Fork of the Des Moines River. Flooding resulted in massive sandbagging efforts, prolonged road closures and damages, and impacts to home and businesses.||Note: damage estimates are taken from Iowa Homeland Security and Emergency Management Department and represent total flood damages for the entire county for the month of June. Damages are estimated to have surpassed $12 million in June.",The Shell Rock River at Shell Rock crested at 12.94 ft on June 24 at 12:30 pm CDT.,CSV
2024-06-21 07:15:00,2024-06-24 07:15:00,3 days 00:00:00,193311_0,202406,24,500,202406,30,2359,193311,1194197,IOWA,19,2024,June,Flood,C,187,WEBSTER,DMX,2024-06-24 05:00:00,CST-6,2024-06-30 23:59:00,0,0,0,0,0.00K,0.00K,River/Stream Gage,Heavy Rain,13.46,SE,LANYON,2.13,SSE,LANYON,42.07,-94.03,41.87,-93.94,"Heavy rain fell over portions of northern Iowa, especially northwestern Iowa and bordering states later on June 20 through early on June 21. This rainfall caused flash flooding in portions of northwest Iowa and also aided in saturating the soil. As another round of heavy rain fell later on June 21 into the night and morning of June 22, this rainfall led to renewed flash flooding. This rainfall made its way into streams and rivers resulting in significant and record river flooding in northwest Iowa including the West Fork of the Des Moines River. Flooding resulted in massive sandbagging efforts, prolonged road closures and damages, and impacts to home and businesses.||Note: damage estimates are taken from Iowa Homeland Security and Emergency Management Department and represent total flood damages for the entire county for the month of June. Damages are estimated to have surpassed $12 million in June.",The Des Moines at Stratford crested at 21.56 ft on June 27 at 08:15 pm CDT. The river remained in flood through the end of the month and into July.,CSV
2024-06-21 07:15:00,2024-06-24 07:15:00,3 days 00:00:00,193311_0,202406,24,600,202406,28,1815,193311,1194178,IOWA,19,2024,June,Flood,C,13,BLACK HAWK,DMX,2024-06-24 06:00:00,CST-6,2024-06-28 18:15:00,0,0,0,0,0.00K,0.00K,River/Stream Gage,Heavy Rain,1.23,NE,(ALO)WATERLOO MUNI A,1.47,W,BOIES,42.56,-92.38,42.62,-92.41,"Heavy rain fell over portions of northern Iowa, especially northwestern Iowa and bordering states later on June 20 through early on June 21. This rainfall caused flash flooding in portions of northwest Iowa and also aided in saturating the soil. As another round of heavy rain fell later on June 21 into the night and morning of June 22, this rainfall led to renewed flash flooding. This rainfall made its way into streams and rivers resulting in significant and record river flooding in northwest Iowa including the West Fork of the Des Moines River. Flooding resulted in massive sandbagging efforts, prolonged road closures and damages, and impacts to home and businesses.||Note: damage estimates are taken from Iowa Homeland Security and Emergency Management Department and represent total flood damages for the entire county for the month of June. Damages are estimated to have surpassed $12 million in June.",The Cedar River at Cedar Falls crested at 93.73 ft on June 26 at 03:30 am CDT.,CSV
2024-06-24 11:00:00,2024-06-27 11:00:00,3 days 00:00:00,193311_1,202406,24,1100,202406,27,630,193311,1194179,IOWA,19,2024,June,Flood,C,13,BLACK HAWK,DMX,2024-06-24 11:00:00,CST-6,2024-06-27 06:30:00,0,0,0,0,0.00K,0.00K,River/Stream Gage,Heavy Rain,6.3,N,BOIES,1.53,NNE,FINCHFORD,42.71,-92.4,42.71,-92.52,"Heavy rain fell over portions of northern Iowa, especially northwestern Iowa and bordering states later on June 20 through early on June 21. This rainfall caused flash flooding in portions of northwest Iowa and also aided in saturating the soil. As another round of heavy rain fell later on June 21 into the night and morning of June 22, this rainfall led to renewed flash flooding. This rainfall made its way into streams and rivers resulting in significant and record river flooding in northwest Iowa including the West Fork of the Des Moines River. Flooding resulted in massive sandbagging efforts, prolonged road closures and damages, and impacts to home and businesses.||Note: damage estimates are taken from Iowa Homeland Security and Emergency Management Department and represent total flood damages for the entire county for the month of June. Damages are estimated to have surpassed $12 million in June.",The Cedar River at Janesville crested at 14.36 ft on June 25 at 05:45 pm CDT.,CSV
2024-06-24 11:00:00,2024-06-27 11:00:00,3 days 00:00:00,193311_1,202406,25,730,202406,27,1645,193311,1194177,IOWA,19,2024,June,Flood,C,13,BLACK HAWK,DMX,2024-06-25 07:30:00,CST-6,2024-06-27 16:45:00,0,0,0,0,0.00K,0.00K,River/Stream Gage,Heavy Rain,1.23,NE,(ALO)WATERLOO MUNI A,1.53,NNE,CEDAR FALLS ARPT,42.56,-92.38,42.49,-92.47,"Heavy rain fell over portions of northern Iowa, especially northwestern Iowa and bordering states later on June 20 through early on June 21. This rainfall caused flash flooding in portions of northwest Iowa and also aided in saturating the soil. As another round of heavy rain fell later on June 21 into the night and morning of June 22, this rainfall led to renewed flash flooding. This rainfall made its way into streams and rivers resulting in significant and record river flooding in northwest Iowa including the West Fork of the Des Moines River. Flooding resulted in massive sandbagging efforts, prolonged road closures and damages, and impacts to home and businesses.||Note: damage estimates are taken from Iowa Homeland Security and Emergency Management Department and represent total flood damages for the entire county for the month of June. Damages are estimated to have surpassed $12 million in June.",The Cedar River at Waterloo crested at 15.69 ft on June 26 at 11:15 am CDT.,CSV
2024-06-22 08:51:00,2024-06-22 17:10:00,0 days 08:19:00,193340_0,202406,22,851,202406,22,851,193340,1194400,IOWA,19,2024,June,Flash Flood,C,65,FAYETTE,ARX,2024-06-22 08:51:00,CST-6,2024-06-22 08:51:00,0,0,0,0,10.00K,0.00K,Trained Spotter,Heavy Rain,1.59,NW,HAWKEYE,2.03,NNW,HAWKEYE,42.9441,-91.9547,42.9723,-91.952,"On June 22nd, an initial round of thunderstorms produced localized flash flooding in Fayette County. A secondary round of storms moved through northeast Iowa during the afternoon, producing localized flooding and wind damage in Allamakee County.",Trained spotters reported flash flooding from near Hawkeye to West Union with numerous roads under water.,CSV
2024-06-22 08:51:00,2024-06-22 17:10:00,0 days 08:19:00,193340_0,202406,22,1710,202406,22,1710,193340,1194401,IOWA,19,2024,June,Flash Flood,C,5,ALLAMAKEE,ARX,2024-06-22 17:10:00,CST-6,2024-06-22 17:10:00,0,0,0,0,5.00K,0.00K,Emergency Manager,Heavy Rain,0.69,S,LANSING,0.65,WNW,LANSING,43.37,-91.23,43.3877,-91.2467,"On June 22nd, an initial round of thunderstorms produced localized flash flooding in Fayette County. A secondary round of storms moved through northeast Iowa during the afternoon, producing localized flooding and wind damage in Allamakee County.",Emergency management reported mudslides along Highway 26 outside of Lansing.,CSV
2024-06-22 01:00:00,2024-06-25 01:00:00,3 days 00:00:00,193360_0,202406,22,100,202406,24,1530,193360,1196392,IOWA,19,2024,June,Flood,C,131,MITCHELL,ARX,2024-06-22 01:00:00,CST-6,2024-06-24 15:30:00,0,0,0,0,0.00K,0.00K,River/Stream Gage,Heavy Rain,2.15,SSE,ST ANSGAR,2.09,S,ST ANSGAR,43.35,-92.9185,43.3528,-92.9234,"Above normal rainfall over the course of June, combined with a robust rainfall event between June 20th and 22nd, led to widespread river flooding across portions of northeast Iowa. Rainfall amounts upwards of 5 inches between the 20th and 22nd allowed the Mississippi River, Cedar River and many other river basins in northeast Iowa to enter flood stage towards the end of June. Flooding along the Mississippi River mainstem continued into July.",Significant rainfall at the end of June pushed the Cedar River at St. Ansgar into flood stage on June 22nd. The river stage crested during the late afternoon on June 23rd at 1109.48 ft.,CSV
2024-06-22 01:00:00,2024-06-25 01:00:00,3 days 00:00:00,193360_0,202406,22,1745,202406,24,330,193360,1195825,IOWA,19,2024,June,Flood,C,89,HOWARD,ARX,2024-06-22 17:45:00,CST-6,2024-06-24 03:30:00,0,0,0,0,40.00K,10.00K,River/Stream Gage,Heavy Rain,1.43,NW,LIME SPGS,1.37,NW,LIME SPGS,43.4644,-92.3006,43.4637,-92.3003,"Above normal rainfall over the course of June, combined with a robust rainfall event between June 20th and 22nd, led to widespread river flooding across portions of northeast Iowa. Rainfall amounts upwards of 5 inches between the 20th and 22nd allowed the Mississippi River, Cedar River and many other river basins in northeast Iowa to enter flood stage towards the end of June. Flooding along the Mississippi River mainstem continued into July.",Significant rainfall later into June pushed the Upper Iowa River at Lime Springs into flood stage on June 27th. The river stage crested during the early morning on June 23rd in major flood stage at 16.40 ft. This was a new record high river stage for the site.,CSV
2024-06-22 01:00:00,2024-06-25 01:00:00,3 days 00:00:00,193360_0,202406,22,2230,202406,25,1715,193360,1195815,IOWA,19,2024,June,Flood,C,67,FLOYD,ARX,2024-06-22 22:30:00,CST-6,2024-06-25 17:15:00,0,0,0,0,172.00K,5.00K,River/Stream Gage,Heavy Rain,0.79,E,CHARLES CITY,1.67,ENE,CHARLES CITY,43.0691,-92.6844,43.0725,-92.6835,"Above normal rainfall over the course of June, combined with a robust rainfall event between June 20th and 22nd, led to widespread river flooding across portions of northeast Iowa. Rainfall amounts upwards of 5 inches between the 20th and 22nd allowed the Mississippi River, Cedar River and many other river basins in northeast Iowa to enter flood stage towards the end of June. Flooding along the Mississippi River mainstem continued into July.",Significant rainfall later in June pushed the Cedar River at Charles City into flood stage late on June 22nd. The river stage crested during the morning on June 24th in major flood stage at 21.57 ft.,CSV
2024-06-22 01:00:00,2024-06-25 01:00:00,3 days 00:00:00,193360_0,202406,23,630,202406,24,930,193360,1195827,IOWA,19,2024,June,Flood,C,191,WINNESHIEK,ARX,2024-06-23 06:30:00,CST-6,2024-06-24 09:30:00,0,0,0,0,108.00K,10.00K,River/Stream Gage,Heavy Rain,1.06,NW,KENDALLVILLE,0.76,NNW,KENDALLVILLE,43.4427,-92.0418,43.4433,-92.0399,"Above normal rainfall over the course of June, combined with a robust rainfall event between June 20th and 22nd, led to widespread river flooding across portions of northeast Iowa. Rainfall amounts upwards of 5 inches between the 20th and 22nd allowed the Mississippi River, Cedar River and many other river basins in northeast Iowa to enter flood stage towards the end of June. Flooding along the Mississippi River mainstem continued into July.",Significant rainfall later into June pushed the Upper Iowa River at Kendallville into flood stage on June 23rd. The river stage crested during the evening on the same day in major flood stage at 15.51 ft. This was a new record high river stage for the site.,CSV
2024-06-22 01:00:00,2024-06-25 01:00:00,3 days 00:00:00,193360_0,202406,23,1200,202406,24,1545,193360,1195819,IOWA,19,2024,June,Flood,C,131,MITCHELL,ARX,2024-06-23 12:00:00,CST-6,2024-06-24 15:45:00,0,0,0,0,0.00K,0.00K,River/Stream Gage,Heavy Rain,3.61,SSW,NEW HAVEN,3.74,SSW,NEW HAVEN,43.2293,-92.6677,43.2256,-92.6692,"Above normal rainfall over the course of June, combined with a robust rainfall event between June 20th and 22nd, led to widespread river flooding across portions of northeast Iowa. Rainfall amounts upwards of 5 inches between the 20th and 22nd allowed the Mississippi River, Cedar River and many other river basins in northeast Iowa to enter flood stage towards the end of June. Flooding along the Mississippi River mainstem continued into July.",Significant rainfall later into June pushed the Little Cedar River at Orchard into flood stage on June 23th. The river stage crested during the evening on the same day in at 1081.5 ft.,CSV
2024-06-22 01:00:00,2024-06-25 01:00:00,3 days 00:00:00,193360_0,202406,23,1500,202406,26,730,193360,1195824,IOWA,19,2024,June,Flood,C,37,CHICKASAW,ARX,2024-06-23 15:00:00,CST-6,2024-06-26 07:30:00,0,0,0,0,45.00K,10.00K,River/Stream Gage,Heavy Rain,0.16,ENE,NASHUA,0.4,E,NASHUA,42.9508,-92.527,42.9492,-92.5227,"Above normal rainfall over the course of June, combined with a robust rainfall event between June 20th and 22nd, led to widespread river flooding across portions of northeast Iowa. Rainfall amounts upwards of 5 inches between the 20th and 22nd allowed the Mississippi River, Cedar River and many other river basins in northeast Iowa to enter flood stage towards the end of June. Flooding along the Mississippi River mainstem continued into July.",Significant rainfall later into June pushed the Little Cedar River at Nashua into flood stage on June 24th. The river stage crested during the early morning on June 25th in major flood stage at 959.94 ft.,CSV
2024-06-22 01:00:00,2024-06-25 01:00:00,3 days 00:00:00,193360_0,202406,24,1215,202406,25,2115,193360,1195822,IOWA,19,2024,June,Flood,C,5,ALLAMAKEE,ARX,2024-06-24 12:15:00,CST-6,2024-06-25 21:15:00,0,0,0,0,35.00K,20.00K,River/Stream Gage,Heavy Rain,46.78,W,POSTVILLE,46.92,W,POSTVILLE,43.0335,-92.5045,43.0369,-92.5016,"Above normal rainfall over the course of June, combined with a robust rainfall event between June 20th and 22nd, led to widespread river flooding across portions of northeast Iowa. Rainfall amounts upwards of 5 inches between the 20th and 22nd allowed the Mississippi River, Cedar River and many other river basins in northeast Iowa to enter flood stage towards the end of June. Flooding along the Mississippi River mainstem continued into July.",Significant rainfall later into June pushed the Little Cedar River at Ionia into flood stage on June 24th. The river stage crested around midnight on June 25th in minor flood stage at 17.26 ft.,CSV
2024-06-22 01:00:00,2024-06-25 01:00:00,3 days 00:00:00,193360_0,202406,24,1230,202406,30,2359,193360,1195807,IOWA,19,2024,June,Flood,C,43,CLAYTON,ARX,2024-06-24 12:30:00,CST-6,2024-06-30 23:59:00,0,0,0,0,0.00K,0.00K,River/Stream Gage,Heavy Rain,0.74,NNE,MC GREGOR,0.48,SSE,MARQUETTE,43.0296,-91.1737,43.0405,-91.1769,"Above normal rainfall over the course of June, combined with a robust rainfall event between June 20th and 22nd, led to widespread river flooding across portions of northeast Iowa. Rainfall amounts upwards of 5 inches between the 20th and 22nd allowed the Mississippi River, Cedar River and many other river basins in northeast Iowa to enter flood stage towards the end of June. Flooding along the Mississippi River mainstem continued into July.",Significant rainfall throughout June pushed the Mississippi River at McGregor into flood stage at 16.0ft on June 24th. The river stage continued to rise through the end of the month increasing from minor to moderate flood stage on June 28th.,CSV
2024-06-22 01:00:00,2024-06-25 01:00:00,3 days 00:00:00,193360_0,202406,24,1415,202406,25,530,193360,1195832,IOWA,19,2024,June,Flood,C,5,ALLAMAKEE,ARX,2024-06-24 14:15:00,CST-6,2024-06-25 05:30:00,0,0,0,0,25.00K,10.00K,River/Stream Gage,Heavy Rain,3.38,S,CHESTER,2.98,S,CHESTER,43.422,-91.5073,43.4266,-91.5194,"Above normal rainfall over the course of June, combined with a robust rainfall event between June 20th and 22nd, led to widespread river flooding across portions of northeast Iowa. Rainfall amounts upwards of 5 inches between the 20th and 22nd allowed the Mississippi River, Cedar River and many other river basins in northeast Iowa to enter flood stage towards the end of June. Flooding along the Mississippi River mainstem continued into July.",Significant rainfall throughout June pushed the Upper Iowa River at Dorchester into flood stage on June 24th. The river stage crested during the early morning on June 25th in minor flood stage at 14.97 ft.,CSV
2024-06-26 06:00:00,2024-06-29 06:00:00,3 days 00:00:00,193362_0,202406,26,600,202406,30,2359,193362,1194669,IOWA,19,2024,June,Flood,C,43,CLAYTON,ARX,2024-06-26 06:00:00,CST-6,2024-06-30 23:59:00,0,0,0,0,0.00K,0.00K,River/Stream Gage,Heavy Rain,0.21,W,GUTTENBERG ARPT,0.4,ENE,GUTTENBERG ARPT,42.8205,-91.104,42.8264,-91.0825,Well above average rainfall throughout June in conjunction with late-month heavy rainfall contributed to additional rises into flood stage along the Mississippi River. River gauges at both Guttenberg and Lansing reached minor flood stage before the end of the month and observed rising river levels into July.,Significant rainfall throughout June pushed the Mississippi River at Guttenberg into flood stage on June 26th. The river stage continued to rise through the end of the month while remaining in minor flood stage.,CSV
2024-06-30 05:00:00,2024-06-30 23:59:00,0 days 18:59:00,193362_1,202406,30,500,202406,30,2359,193362,1194667,IOWA,19,2024,June,Flood,C,5,ALLAMAKEE,ARX,2024-06-30 05:00:00,CST-6,2024-06-30 23:59:00,0,0,0,0,0.00K,0.00K,River/Stream Gage,Heavy Rain,3.01,SE,LANSING,2.56,SE,LANSING,43.3477,-91.1897,43.3459,-91.1961,Well above average rainfall throughout June in conjunction with late-month heavy rainfall contributed to additional rises into flood stage along the Mississippi River. River gauges at both Guttenberg and Lansing reached minor flood stage before the end of the month and observed rising river levels into July.,Significant rainfall throughout June pushed the Mississippi River at Lansing into flood stage on June 30th. The river stage continued to rise through the end of the month while remaining in minor flood stage.,CSV
2024-06-20 18:00:00,2024-06-21 08:30:00,0 days 14:30:00,193882_0,202406,20,1800,202406,20,1915,193882,1197879,IOWA,19,2024,June,Flash Flood,C,119,LYON,FSD,2024-06-20 18:00:00,CST-6,2024-06-20 19:15:00,0,0,0,0,0.00K,0.00K,Social Media,Heavy Rain,2.0,NNE,GEORGE,1.39,SSW,GEORGE,43.3784,-95.9917,43.3063,-96.0307,"Clusters of thunderstorms with very high rainfall rates from 2 to 4 inches per hour developed by midday on June 20, and despite being transient, continued to redevelop through the evening and into the overnight hours. The primary focus occurred between Iowa Highway 9 and U.S. Highway 18 as the effective cold pool boundary collapsed southward and locked in place through the night. The final 24 hour rainfall totals reached 6 to 12 inches by daybreak across and near Lyon and northern Sioux counties.","Rainfall reached just shy of 4 inches during the late afternoon and early evening and resulted in numerous streets under water in George and flooding of areas small creeks. For a more comprehensive description of flood damage, please see other entries for areal and river flooding for Lyon County.",CSV
2024-06-20 18:00:00,2024-06-21 08:30:00,0 days 14:30:00,193882_0,202406,21,230,202406,21,830,193882,1197872,IOWA,19,2024,June,Flash Flood,C,167,SIOUX,FSD,2024-06-21 02:30:00,CST-6,2024-06-21 08:30:00,0,0,0,0,0.00K,0.00K,Law Enforcement,Heavy Rain,2.58,N,HULL,2.56,NNE,PERKINS,43.2168,-96.1791,43.2067,-96.1878,"Clusters of thunderstorms with very high rainfall rates from 2 to 4 inches per hour developed by midday on June 20, and despite being transient, continued to redevelop through the evening and into the overnight hours. The primary focus occurred between Iowa Highway 9 and U.S. Highway 18 as the effective cold pool boundary collapsed southward and locked in place through the night. The final 24 hour rainfall totals reached 6 to 12 inches by daybreak across and near Lyon and northern Sioux counties.","Another 3 to 5 inches of rainfall on top of a similar amount from the earlier afternoon resulted in water flowing across U.S. Highway 75 north of the junction of U.S. Highway 18. For a more comprehensive description of flood damage, please see other entries for areal and river flooding for Sioux County.",CSV
2024-06-20 18:00:00,2024-06-21 08:30:00,0 days 14:30:00,193882_0,202406,21,300,202406,21,815,193882,1197876,IOWA,19,2024,June,Flash Flood,C,119,LYON,FSD,2024-06-21 03:00:00,CST-6,2024-06-21 08:15:00,0,0,0,0,0.00K,0.00K,Emergency Manager,Heavy Rain,0.77,NE,ROCK RAPIDS,0.81,E,ROCK RAPIDS MUNI ARP,43.4376,-96.1687,43.4498,-96.1752,"Clusters of thunderstorms with very high rainfall rates from 2 to 4 inches per hour developed by midday on June 20, and despite being transient, continued to redevelop through the evening and into the overnight hours. The primary focus occurred between Iowa Highway 9 and U.S. Highway 18 as the effective cold pool boundary collapsed southward and locked in place through the night. The final 24 hour rainfall totals reached 6 to 12 inches by daybreak across and near Lyon and northern Sioux counties.","Flooding of Moon Creek on the west edge of Rock Rapids resulted in evacuations. For a more comprehensive description of flood damage, please see other entries for areal and river flooding for Lyon County.",CSV
2024-06-20 18:00:00,2024-06-21 08:30:00,0 days 14:30:00,193882_0,202406,21,400,202406,21,830,193882,1197877,IOWA,19,2024,June,Flash Flood,C,167,SIOUX,FSD,2024-06-21 04:00:00,CST-6,2024-06-21 08:30:00,0,0,0,0,0.00K,0.00K,Law Enforcement,Heavy Rain,1.12,WNW,MATLOCK,0.87,W,MATLOCK,43.2541,-95.9416,43.258,-96.0071,"Clusters of thunderstorms with very high rainfall rates from 2 to 4 inches per hour developed by midday on June 20, and despite being transient, continued to redevelop through the evening and into the overnight hours. The primary focus occurred between Iowa Highway 9 and U.S. Highway 18 as the effective cold pool boundary collapsed southward and locked in place through the night. The final 24 hour rainfall totals reached 6 to 12 inches by daybreak across and near Lyon and northern Sioux counties.","An estimated 3 to 4 inches of rainfall between 1 and 4 am CST resulted in significant flooding of creeks and streets near Boyden and Matlock. For a more comprehensive description of flood damage, please see other entries for areal and river flooding for Sioux County.",CSV
2024-07-01 00:00:00,2024-07-04 00:00:00,3 days 00:00:00,193888_0,202407,1,0,202407,10,200,193888,1204187,IOWA,19,2024,July,Flood,C,5,ALLAMAKEE,ARX,2024-07-01 00:00:00,CST-6,2024-07-10 02:00:00,0,0,0,0,31.00K,10.00K,River/Stream Gage,Heavy Rain,3.01,SE,LANSING,2.56,SE,LANSING,43.3477,-91.1897,43.3459,-91.1961,"Heavy rainfall throughout June led to many locations along the Mississippi River in northeast Iowa to enter flood stage which persisted into July. During the first week of July many points along the Mississippi River observed their maximum river stage in minor to moderate flooding. As relatively drier conditions took hold through the first half of July, river stages fell below flood stage into the middle of the month.",Significant rainfall throughout June pushed the Mississippi River at Lansing into flood stage in June and continued into July. The river stage crested during the early morning on July 5th in minor flood stage at 18.06 ft.,CSV
2024-07-01 00:00:00,2024-07-04 00:00:00,3 days 00:00:00,193888_0,202407,1,0,202407,17,2315,193888,1204189,IOWA,19,2024,July,Flood,C,43,CLAYTON,ARX,2024-07-01 00:00:00,CST-6,2024-07-17 23:15:00,0,0,0,0,0.00K,0.00K,River/Stream Gage,Heavy Rain,0.74,NNE,MC GREGOR,0.48,SSE,MARQUETTE,43.0296,-91.1737,43.0405,-91.1769,"Heavy rainfall throughout June led to many locations along the Mississippi River in northeast Iowa to enter flood stage which persisted into July. During the first week of July many points along the Mississippi River observed their maximum river stage in minor to moderate flooding. As relatively drier conditions took hold through the first half of July, river stages fell below flood stage into the middle of the month.",Significant rainfall throughout June pushed the Mississippi River at McGregor into flood stage on June 27th and continued into July. The river stage crested during the evening on July 5th in moderate flood stage at 649.72 ft.,CSV
2024-07-01 00:00:00,2024-07-04 00:00:00,3 days 00:00:00,193888_0,202407,1,0,202407,16,2200,193888,1204190,IOWA,19,2024,July,Flood,C,43,CLAYTON,ARX,2024-07-01 00:00:00,CST-6,2024-07-16 22:00:00,0,0,0,0,0.00K,0.00K,River/Stream Gage,Heavy Rain,0.21,W,GUTTENBERG ARPT,0.4,ENE,GUTTENBERG ARPT,42.8205,-91.104,42.8264,-91.0825,"Heavy rainfall throughout June led to many locations along the Mississippi River in northeast Iowa to enter flood stage which persisted into July. During the first week of July many points along the Mississippi River observed their maximum river stage in minor to moderate flooding. As relatively drier conditions took hold through the first half of July, river stages fell below flood stage into the middle of the month.",Significant rainfall throughout June pushed the Mississippi River at Guttenberg into flood stage in June and continued into July. The river stage crested during the late evening on July 5th in moderate flood stage at 18.98 ft.,CSV
2024-06-12 19:15:00,2024-06-12 21:00:00,0 days 01:45:00,193917_0,202406,12,1915,202406,12,2100,193917,1198302,IOWA,19,2024,June,Flash Flood,C,85,HARRISON,OAX,2024-06-12 19:15:00,CST-6,2024-06-12 21:00:00,0,0,0,0,25.00K,15.00K,Emergency Manager,Heavy Rain,2.26,N,CALIFORNIA JCT,1.19,NNW,CALIFORNIA JCT,41.8525,-95.9742,41.8508,-95.989,"On June 12th, a low-amplitude shortwave embedded in northwesterly flow aloft ejected out into the central Great Plains. At the surface, a surface low-pressure was noted in North Dakota with a cold front extending south into South Dakota. Ahead of this cold front, a surface trough extended from south-central Nebraska into northeast Nebraska. Isolated thunderstorms developed on this surface trough late in the afternoon across far northeast Nebraska. These storms quickly intensified and dove south-southeast along the Missouri River. While a brief tornado was observed near Decatur, Nebraska, the more impactful hazard from these storms were the large hail they produced. Long swaths of golf ball to baseball sized hail fell along and just west of the Missouri River during the evening hours with these storms, including in the Omaha metro where baseball sized hail fell from downtown south into Bellevue.","Emergency Management relayed a delayed report of severe crop damage and crop fields washed out. Additionally, several county roads along with Easton Trail Road had around a foot of flowing water over them by the time the rain stopped falling. Department of Secondary Roads had crews out the following day fixing damage to county roads from the flood.",CSV
2024-06-24 00:00:00,2024-06-27 00:00:00,3 days 00:00:00,193922_0,202406,24,0,202406,30,2359,193922,1198875,IOWA,19,2024,June,Flood,C,71,FREMONT,OAX,2024-06-24 00:00:00,CST-6,2024-06-30 23:59:00,0,0,0,0,0.00K,0.00K,River/Stream Gage,Heavy Rain,6.75,SSW,PAYNE,5.96,WNW,HAMBURG REIDS ARPT,40.586,-95.8156,40.5857,-95.6779,"A series of shortwave troughs traversing the northern CONUS brought unsettled weather to the area for the end of June. On the 21st, a stationary front was draped across northeast Nebraska into Iowa. Ahead of one of the aforementioned shortwave troughs, several rounds of strong thunderstorms developed near this frontal zone and moved across northeast Nebraska. At 8 pm on the 21st, radar imagery showed training thunderstorms had set up across central Nebraska. These storms moved into east-central Nebraska dropping 2 to 6 inches of rain across the Platte River Basin. As a result, minor flooding was observed along the Platte River in Dodge, Saunders, Douglas and Sarpy Counties. Further north in Knox County, additional rounds of thunderstorms brought flooding to the Ponca Creek, prompting emergency management to deploy sand bags. Flooding in these locations continued for several days before subsiding the 23rd.||Behind this first shortwave, a shortwave ridge moved out into the central Plains accompanied by a surface high pressure system. Afternoon high temperatures in the 90s and dew points in the mid and upper 70s brought excessive heat to much of eastern Nebraska and western Iowa the afternoons of the 24th and the 25th. Excessive heat was most widespread on the 24th, with heat indices across the entire WFO ranging from 107 to 120 degrees. Afternoon thunderstorms on the 25th mitigated excessive heat, though heat indices did hit 110 in far southwest Iowa.||On the 25th, another shortwave trough brought more unsettled weather to the region. A surface front was draped across eastern Nebraska and western Iowa when the first convection initiated over downtown Omaha. This storm quickly became intense, producing multiple instances of 3 to 4 inch hail in the Omaha metro. As this storm weakened over eastern Sarpy County, additional strong to severe thunderstorms developed across northeast Nebraska. While the most widespread hazard was large hail up to the size of golf balls, two tornadoes were confirmed in Madison County. Later that evening, a bow echo developed and moved through the northern Omaha Metro, bringing wind gusts up to 90 miles per hour at Eppley Airfield and into northern Pottawattamie County. An additional line of storms developed after dark that night across southeast Nebraska and produced scattered damaging wind gusts, the highest of which was an 83 mph wind gust measured by emergency management in Jefferson County.||The unsettled weather at the end of June brought widespread excessive rain to much of southeast South Dakota and Northwest Iowa. Rainfall estimated from these storms showed a swath of 4 to 8 inches of rain that fell between Sioux Falls and Sioux City. The result of this rain and additional rain across eastern Nebraska and western Iowa was river flooding along the Missouri and Little Sioux the last week of June and into July. Flooding during this time frame resulted in numerous road closures, including I-29 between Council Bluffs and Missouri Valley. This stretch of the interstate was closed beginning midnight the night of the 25th, and remained closed through the end of the month. Levee breaches in Monona County on the 25th prompted several evacuations, as resultant flash flooding inundated multiple county roads and homesteads. No injuries or fatalities were reported from this. While flooding subsided in and north of the Omaha metro by the end of the month, river flooding along the Missouri persisted into the first week of July.","Excessive rainfall across much of eastern South Dakota resulted in river flooding along the Missouri River at the end of June. Moderate flood stage was observed along the Missouri, with the river gauge in Nebraska City cresting at 24.35 feet on 6/30. Flood stage at this river gauge is 18.0 feet. The county did not report any damages to the State of Iowa, so have left damages at zero.",CSV
2024-06-24 00:00:00,2024-06-27 00:00:00,3 days 00:00:00,193922_0,202406,24,435,202406,28,1845,193922,1198870,IOWA,19,2024,June,Flood,C,133,MONONA,OAX,2024-06-24 04:35:00,CST-6,2024-06-28 18:45:00,0,0,0,0,1.00M,298.60K,River/Stream Gage,Heavy Rain,4.36,WNW,ALBATON,8.35,NNW,ALBATON,42.2118,-96.3736,42.2089,-96.3194,"A series of shortwave troughs traversing the northern CONUS brought unsettled weather to the area for the end of June. On the 21st, a stationary front was draped across northeast Nebraska into Iowa. Ahead of one of the aforementioned shortwave troughs, several rounds of strong thunderstorms developed near this frontal zone and moved across northeast Nebraska. At 8 pm on the 21st, radar imagery showed training thunderstorms had set up across central Nebraska. These storms moved into east-central Nebraska dropping 2 to 6 inches of rain across the Platte River Basin. As a result, minor flooding was observed along the Platte River in Dodge, Saunders, Douglas and Sarpy Counties. Further north in Knox County, additional rounds of thunderstorms brought flooding to the Ponca Creek, prompting emergency management to deploy sand bags. Flooding in these locations continued for several days before subsiding the 23rd.||Behind this first shortwave, a shortwave ridge moved out into the central Plains accompanied by a surface high pressure system. Afternoon high temperatures in the 90s and dew points in the mid and upper 70s brought excessive heat to much of eastern Nebraska and western Iowa the afternoons of the 24th and the 25th. Excessive heat was most widespread on the 24th, with heat indices across the entire WFO ranging from 107 to 120 degrees. Afternoon thunderstorms on the 25th mitigated excessive heat, though heat indices did hit 110 in far southwest Iowa.||On the 25th, another shortwave trough brought more unsettled weather to the region. A surface front was draped across eastern Nebraska and western Iowa when the first convection initiated over downtown Omaha. This storm quickly became intense, producing multiple instances of 3 to 4 inch hail in the Omaha metro. As this storm weakened over eastern Sarpy County, additional strong to severe thunderstorms developed across northeast Nebraska. While the most widespread hazard was large hail up to the size of golf balls, two tornadoes were confirmed in Madison County. Later that evening, a bow echo developed and moved through the northern Omaha Metro, bringing wind gusts up to 90 miles per hour at Eppley Airfield and into northern Pottawattamie County. An additional line of storms developed after dark that night across southeast Nebraska and produced scattered damaging wind gusts, the highest of which was an 83 mph wind gust measured by emergency management in Jefferson County.||The unsettled weather at the end of June brought widespread excessive rain to much of southeast South Dakota and Northwest Iowa. Rainfall estimated from these storms showed a swath of 4 to 8 inches of rain that fell between Sioux Falls and Sioux City. The result of this rain and additional rain across eastern Nebraska and western Iowa was river flooding along the Missouri and Little Sioux the last week of June and into July. Flooding during this time frame resulted in numerous road closures, including I-29 between Council Bluffs and Missouri Valley. This stretch of the interstate was closed beginning midnight the night of the 25th, and remained closed through the end of the month. Levee breaches in Monona County on the 25th prompted several evacuations, as resultant flash flooding inundated multiple county roads and homesteads. No injuries or fatalities were reported from this. While flooding subsided in and north of the Omaha metro by the end of the month, river flooding along the Missouri persisted into the first week of July.","River flooding from upstream excessive rain impacted the region, bringing the Missouri River to moderate flood stage. The Missouri River crested at 37.55 feet at the Decatur gauge at 03:45 CDT on 6/26. Flood stage at this gauge is 35.0 feet. Additional flooding for the same reason was observed on Little Sioux River between 6/24 and 6/28. The Little Sioux river crested at 27.33 feet. Flood stage for this river in Monona County is 25.0 feet. At 04:56 am CDT on the 25th, law enforcement reported that a levee on the Little Sioux River failed 600 yards south of Highway 141 resulting in flash flooding in the surrounding areas. Later that same day shortly after 04:00 pm CDT, law enforcement reported a second levee breach near Rodney. By this point, water had breached the levee system on both sides of the river, resulting in several road closures and evacuations of nearby homesteads. Damage to this county from the flood was estimated to be $1,298,600.00.",CSV
2024-06-24 00:00:00,2024-06-27 00:00:00,3 days 00:00:00,193922_0,202406,24,1000,202406,30,2359,193922,1198872,IOWA,19,2024,June,Flood,C,85,HARRISON,OAX,2024-06-24 10:00:00,CST-6,2024-06-30 23:59:00,0,0,0,0,200.00K,16.95K,River/Stream Gage,Heavy Rain,3.54,N,CALIFORNIA JCT,2.26,NW,RIVER SIOUX,41.8713,-95.9789,41.8679,-96.1587,"A series of shortwave troughs traversing the northern CONUS brought unsettled weather to the area for the end of June. On the 21st, a stationary front was draped across northeast Nebraska into Iowa. Ahead of one of the aforementioned shortwave troughs, several rounds of strong thunderstorms developed near this frontal zone and moved across northeast Nebraska. At 8 pm on the 21st, radar imagery showed training thunderstorms had set up across central Nebraska. These storms moved into east-central Nebraska dropping 2 to 6 inches of rain across the Platte River Basin. As a result, minor flooding was observed along the Platte River in Dodge, Saunders, Douglas and Sarpy Counties. Further north in Knox County, additional rounds of thunderstorms brought flooding to the Ponca Creek, prompting emergency management to deploy sand bags. Flooding in these locations continued for several days before subsiding the 23rd.||Behind this first shortwave, a shortwave ridge moved out into the central Plains accompanied by a surface high pressure system. Afternoon high temperatures in the 90s and dew points in the mid and upper 70s brought excessive heat to much of eastern Nebraska and western Iowa the afternoons of the 24th and the 25th. Excessive heat was most widespread on the 24th, with heat indices across the entire WFO ranging from 107 to 120 degrees. Afternoon thunderstorms on the 25th mitigated excessive heat, though heat indices did hit 110 in far southwest Iowa.||On the 25th, another shortwave trough brought more unsettled weather to the region. A surface front was draped across eastern Nebraska and western Iowa when the first convection initiated over downtown Omaha. This storm quickly became intense, producing multiple instances of 3 to 4 inch hail in the Omaha metro. As this storm weakened over eastern Sarpy County, additional strong to severe thunderstorms developed across northeast Nebraska. While the most widespread hazard was large hail up to the size of golf balls, two tornadoes were confirmed in Madison County. Later that evening, a bow echo developed and moved through the northern Omaha Metro, bringing wind gusts up to 90 miles per hour at Eppley Airfield and into northern Pottawattamie County. An additional line of storms developed after dark that night across southeast Nebraska and produced scattered damaging wind gusts, the highest of which was an 83 mph wind gust measured by emergency management in Jefferson County.||The unsettled weather at the end of June brought widespread excessive rain to much of southeast South Dakota and Northwest Iowa. Rainfall estimated from these storms showed a swath of 4 to 8 inches of rain that fell between Sioux Falls and Sioux City. The result of this rain and additional rain across eastern Nebraska and western Iowa was river flooding along the Missouri and Little Sioux the last week of June and into July. Flooding during this time frame resulted in numerous road closures, including I-29 between Council Bluffs and Missouri Valley. This stretch of the interstate was closed beginning midnight the night of the 25th, and remained closed through the end of the month. Levee breaches in Monona County on the 25th prompted several evacuations, as resultant flash flooding inundated multiple county roads and homesteads. No injuries or fatalities were reported from this. While flooding subsided in and north of the Omaha metro by the end of the month, river flooding along the Missouri persisted into the first week of July.","Excessive rainfall across much of eastern South Dakota resulted in river flooding along the Missouri River at the end of June. Moderate flood stage was observed along the Missouri, with the Blair river gauge cresting at 32.3 feet at 14:30 CDT on 6/27. Flood stage for this river gauge is 26.5 feet. Damage in this county from the flood was estimated at $216,950.00.",CSV
2024-06-24 00:00:00,2024-06-27 00:00:00,3 days 00:00:00,193922_0,202406,24,1323,202406,30,2359,193922,1198874,IOWA,19,2024,June,Flood,C,129,MILLS,OAX,2024-06-24 13:23:00,CST-6,2024-06-30 23:59:00,0,0,0,0,0.00K,0.00K,River/Stream Gage,Heavy Rain,5.92,NW,FOLSOM,4.23,W,PACIFIC CITY,41.1603,-95.9008,41.0571,-95.8899,"A series of shortwave troughs traversing the northern CONUS brought unsettled weather to the area for the end of June. On the 21st, a stationary front was draped across northeast Nebraska into Iowa. Ahead of one of the aforementioned shortwave troughs, several rounds of strong thunderstorms developed near this frontal zone and moved across northeast Nebraska. At 8 pm on the 21st, radar imagery showed training thunderstorms had set up across central Nebraska. These storms moved into east-central Nebraska dropping 2 to 6 inches of rain across the Platte River Basin. As a result, minor flooding was observed along the Platte River in Dodge, Saunders, Douglas and Sarpy Counties. Further north in Knox County, additional rounds of thunderstorms brought flooding to the Ponca Creek, prompting emergency management to deploy sand bags. Flooding in these locations continued for several days before subsiding the 23rd.||Behind this first shortwave, a shortwave ridge moved out into the central Plains accompanied by a surface high pressure system. Afternoon high temperatures in the 90s and dew points in the mid and upper 70s brought excessive heat to much of eastern Nebraska and western Iowa the afternoons of the 24th and the 25th. Excessive heat was most widespread on the 24th, with heat indices across the entire WFO ranging from 107 to 120 degrees. Afternoon thunderstorms on the 25th mitigated excessive heat, though heat indices did hit 110 in far southwest Iowa.||On the 25th, another shortwave trough brought more unsettled weather to the region. A surface front was draped across eastern Nebraska and western Iowa when the first convection initiated over downtown Omaha. This storm quickly became intense, producing multiple instances of 3 to 4 inch hail in the Omaha metro. As this storm weakened over eastern Sarpy County, additional strong to severe thunderstorms developed across northeast Nebraska. While the most widespread hazard was large hail up to the size of golf balls, two tornadoes were confirmed in Madison County. Later that evening, a bow echo developed and moved through the northern Omaha Metro, bringing wind gusts up to 90 miles per hour at Eppley Airfield and into northern Pottawattamie County. An additional line of storms developed after dark that night across southeast Nebraska and produced scattered damaging wind gusts, the highest of which was an 83 mph wind gust measured by emergency management in Jefferson County.||The unsettled weather at the end of June brought widespread excessive rain to much of southeast South Dakota and Northwest Iowa. Rainfall estimated from these storms showed a swath of 4 to 8 inches of rain that fell between Sioux Falls and Sioux City. The result of this rain and additional rain across eastern Nebraska and western Iowa was river flooding along the Missouri and Little Sioux the last week of June and into July. Flooding during this time frame resulted in numerous road closures, including I-29 between Council Bluffs and Missouri Valley. This stretch of the interstate was closed beginning midnight the night of the 25th, and remained closed through the end of the month. Levee breaches in Monona County on the 25th prompted several evacuations, as resultant flash flooding inundated multiple county roads and homesteads. No injuries or fatalities were reported from this. While flooding subsided in and north of the Omaha metro by the end of the month, river flooding along the Missouri persisted into the first week of July.","Excessive rainfall across much of eastern South Dakota resulted in river flooding along the Missouri River at the end of June. Moderate flood stage was observed along the Missouri, with the river gauge in Bellevue cresting at 33.84 feet on 6/29. Flood stage at this river gauge is at 30.0 feet. The crest further south across the river from Plattsmouth was the same day but at 31.75 feet. Flood stage at this gauge is 26.0 feet. The county did not report any damages to the State of Iowa from this flooding event, so have left as zero.",CSV
2024-06-24 00:00:00,2024-06-27 00:00:00,3 days 00:00:00,193922_0,202406,24,1609,202406,30,2359,193922,1198873,IOWA,19,2024,June,Flood,C,155,POTTAWATTAMIE,OAX,2024-06-24 16:09:00,CST-6,2024-06-30 23:59:00,0,0,0,0,550.00K,87.25K,River/Stream Gage,Heavy Rain,0.86,NE,LOVELAND,0.86,WNW,GRABLE,41.51,-95.89,41.51,-96.02,"A series of shortwave troughs traversing the northern CONUS brought unsettled weather to the area for the end of June. On the 21st, a stationary front was draped across northeast Nebraska into Iowa. Ahead of one of the aforementioned shortwave troughs, several rounds of strong thunderstorms developed near this frontal zone and moved across northeast Nebraska. At 8 pm on the 21st, radar imagery showed training thunderstorms had set up across central Nebraska. These storms moved into east-central Nebraska dropping 2 to 6 inches of rain across the Platte River Basin. As a result, minor flooding was observed along the Platte River in Dodge, Saunders, Douglas and Sarpy Counties. Further north in Knox County, additional rounds of thunderstorms brought flooding to the Ponca Creek, prompting emergency management to deploy sand bags. Flooding in these locations continued for several days before subsiding the 23rd.||Behind this first shortwave, a shortwave ridge moved out into the central Plains accompanied by a surface high pressure system. Afternoon high temperatures in the 90s and dew points in the mid and upper 70s brought excessive heat to much of eastern Nebraska and western Iowa the afternoons of the 24th and the 25th. Excessive heat was most widespread on the 24th, with heat indices across the entire WFO ranging from 107 to 120 degrees. Afternoon thunderstorms on the 25th mitigated excessive heat, though heat indices did hit 110 in far southwest Iowa.||On the 25th, another shortwave trough brought more unsettled weather to the region. A surface front was draped across eastern Nebraska and western Iowa when the first convection initiated over downtown Omaha. This storm quickly became intense, producing multiple instances of 3 to 4 inch hail in the Omaha metro. As this storm weakened over eastern Sarpy County, additional strong to severe thunderstorms developed across northeast Nebraska. While the most widespread hazard was large hail up to the size of golf balls, two tornadoes were confirmed in Madison County. Later that evening, a bow echo developed and moved through the northern Omaha Metro, bringing wind gusts up to 90 miles per hour at Eppley Airfield and into northern Pottawattamie County. An additional line of storms developed after dark that night across southeast Nebraska and produced scattered damaging wind gusts, the highest of which was an 83 mph wind gust measured by emergency management in Jefferson County.||The unsettled weather at the end of June brought widespread excessive rain to much of southeast South Dakota and Northwest Iowa. Rainfall estimated from these storms showed a swath of 4 to 8 inches of rain that fell between Sioux Falls and Sioux City. The result of this rain and additional rain across eastern Nebraska and western Iowa was river flooding along the Missouri and Little Sioux the last week of June and into July. Flooding during this time frame resulted in numerous road closures, including I-29 between Council Bluffs and Missouri Valley. This stretch of the interstate was closed beginning midnight the night of the 25th, and remained closed through the end of the month. Levee breaches in Monona County on the 25th prompted several evacuations, as resultant flash flooding inundated multiple county roads and homesteads. No injuries or fatalities were reported from this. While flooding subsided in and north of the Omaha metro by the end of the month, river flooding along the Missouri persisted into the first week of July.","Excessive rainfall across much of eastern South Dakota resulted in river flooding along the Missouri River at the end of June. Moderate flood stage was observed along the Missouri, with two Omaha river gauges cresting between 32.5 and 33.0 feet. Flood stage for this stretch of the Missouri ranges from 27.0 to 27.5 feet. At 3 pm, emergency management closed down Gifford Road in Council Bluffs as flood waters had reached the edge of the travel portion of the roadway. At 5:52 pm CDT on 6/25, Iowa Department of Transportation closed the I-680 Exit 1 westbound off-ramp as it became impassible due to flooding. By noon on 6/26, water was observed flowing over portions of the interstate and over lowlands into nearby farm fields. Later into the evening of the 26th, Iowa Department of Transportation reported numerous agricultural and local levee breaches west of Interstate 29 and north of Interstate 680 resulting in the rapid submerging of roads in this area. By 10:00 pm CDT, emergency management reported water to the shoulder of Interstate 29. By the morning of the 27th, water was observed on traffic cameras as covering segments of Interstate 29, primarily around mile marker 67.2 and north of Honey Creek. At 7:47 am CDT on the 29th, emergency management sent drone photos of I-29 completely submerged at and north of the I-680 interchange. Multiple ramps at the interchange were also submerged. At 3:30 pm CDT on the 29th, emergency management reported the waters had begun to recede, partially uncovering previously flooded stretches of Interstate 29. Damage in this county from the flood was estimated to be $637,250.00.",CSV
2024-06-24 00:00:00,2024-06-27 00:00:00,3 days 00:00:00,193922_0,202406,25,356,202406,25,900,193922,1198871,IOWA,19,2024,June,Flash Flood,C,133,MONONA,OAX,2024-06-25 03:56:00,CST-6,2024-06-25 09:00:00,0,0,0,0,100.00K,100.00K,Law Enforcement,Dam / Levee Break,2.72,ESE,RODNEY,2.43,ESE,RODNEY,42.2114,-95.9282,42.2114,-95.942,"A series of shortwave troughs traversing the northern CONUS brought unsettled weather to the area for the end of June. On the 21st, a stationary front was draped across northeast Nebraska into Iowa. Ahead of one of the aforementioned shortwave troughs, several rounds of strong thunderstorms developed near this frontal zone and moved across northeast Nebraska. At 8 pm on the 21st, radar imagery showed training thunderstorms had set up across central Nebraska. These storms moved into east-central Nebraska dropping 2 to 6 inches of rain across the Platte River Basin. As a result, minor flooding was observed along the Platte River in Dodge, Saunders, Douglas and Sarpy Counties. Further north in Knox County, additional rounds of thunderstorms brought flooding to the Ponca Creek, prompting emergency management to deploy sand bags. Flooding in these locations continued for several days before subsiding the 23rd.||Behind this first shortwave, a shortwave ridge moved out into the central Plains accompanied by a surface high pressure system. Afternoon high temperatures in the 90s and dew points in the mid and upper 70s brought excessive heat to much of eastern Nebraska and western Iowa the afternoons of the 24th and the 25th. Excessive heat was most widespread on the 24th, with heat indices across the entire WFO ranging from 107 to 120 degrees. Afternoon thunderstorms on the 25th mitigated excessive heat, though heat indices did hit 110 in far southwest Iowa.||On the 25th, another shortwave trough brought more unsettled weather to the region. A surface front was draped across eastern Nebraska and western Iowa when the first convection initiated over downtown Omaha. This storm quickly became intense, producing multiple instances of 3 to 4 inch hail in the Omaha metro. As this storm weakened over eastern Sarpy County, additional strong to severe thunderstorms developed across northeast Nebraska. While the most widespread hazard was large hail up to the size of golf balls, two tornadoes were confirmed in Madison County. Later that evening, a bow echo developed and moved through the northern Omaha Metro, bringing wind gusts up to 90 miles per hour at Eppley Airfield and into northern Pottawattamie County. An additional line of storms developed after dark that night across southeast Nebraska and produced scattered damaging wind gusts, the highest of which was an 83 mph wind gust measured by emergency management in Jefferson County.||The unsettled weather at the end of June brought widespread excessive rain to much of southeast South Dakota and Northwest Iowa. Rainfall estimated from these storms showed a swath of 4 to 8 inches of rain that fell between Sioux Falls and Sioux City. The result of this rain and additional rain across eastern Nebraska and western Iowa was river flooding along the Missouri and Little Sioux the last week of June and into July. Flooding during this time frame resulted in numerous road closures, including I-29 between Council Bluffs and Missouri Valley. This stretch of the interstate was closed beginning midnight the night of the 25th, and remained closed through the end of the month. Levee breaches in Monona County on the 25th prompted several evacuations, as resultant flash flooding inundated multiple county roads and homesteads. No injuries or fatalities were reported from this. While flooding subsided in and north of the Omaha metro by the end of the month, river flooding along the Missouri persisted into the first week of July.","At 04:56 am CDT on the 25th, law enforcement reported that a levee on the Little Sioux River failed 600 yards south of Highway 141 resulting in flash flooding in the surrounding areas. Since this event was tied to the river flooding at the end of this month, the damage estimates for the Flood event for Monona County has the damage estimates for this levee break included in it.",CSV
2024-06-21 21:29:00,2024-06-22 01:30:00,0 days 04:01:00,193924_0,202406,21,2129,202406,22,30,193924,1198335,IOWA,19,2024,June,Flash Flood,C,167,SIOUX,FSD,2024-06-21 21:29:00,CST-6,2024-06-22 00:30:00,0,0,0,0,0.00K,0.00K,Public,Heavy Rain,0.9,N,SIOUX CENTER,1.25,SW,SIOUX CENTER,43.0929,-96.1783,43.0755,-96.1843,"More isolated afternoon and early evening storms erupted just north of a frontal boundary across northeast Nebraska and western Iowa, which produced up to quarter size hail and damaging wind gusts of 60 to 75 mph. Storms became more widespread during the evening given a mid-level impulse and increase in the low-level jet across the frontal boundary. The rain regenerated in many of the same areas as the previous night's excessive rainfall and brought two-day totals to as high as 8 to 16 inches setting several records. Widespread flash flooding developed during the evening and overnight hours with catastrophic damage in Rock Valley.","Significant street flooding was reported in several locations in Sioux Center. For a more comprehensive description of flood damage, please see other entries for areal and river flooding for Sioux County.",CSV
2024-06-21 21:29:00,2024-06-22 01:30:00,0 days 04:01:00,193924_0,202406,21,2130,202406,21,2330,193924,1198338,IOWA,19,2024,June,Flash Flood,C,143,OSCEOLA,FSD,2024-06-21 21:30:00,CST-6,2024-06-21 23:30:00,0,0,0,0,0.00K,0.00K,Emergency Manager,Heavy Rain,2.14,E,SIBLEY,1.3,ENE,SIBLEY,43.4006,-95.7274,43.4123,-95.7305,"More isolated afternoon and early evening storms erupted just north of a frontal boundary across northeast Nebraska and western Iowa, which produced up to quarter size hail and damaging wind gusts of 60 to 75 mph. Storms became more widespread during the evening given a mid-level impulse and increase in the low-level jet across the frontal boundary. The rain regenerated in many of the same areas as the previous night's excessive rainfall and brought two-day totals to as high as 8 to 16 inches setting several records. Widespread flash flooding developed during the evening and overnight hours with catastrophic damage in Rock Valley.","Torrential rainfall of up to 3 to 5 inches in 3 hours early evening resulted in rising water around Sibley that required some homes to be evacuated and residents to be sheltered. For a more comprehensive description of flood damage, please see other entries for areal and river flooding for Osceola County.",CSV
2024-06-21 21:29:00,2024-06-22 01:30:00,0 days 04:01:00,193924_0,202406,21,2130,202406,22,130,193924,1198337,IOWA,19,2024,June,Flash Flood,C,59,DICKINSON,FSD,2024-06-21 21:30:00,CST-6,2024-06-22 01:30:00,0,0,0,0,0.00K,0.00K,Emergency Manager,Heavy Rain,1.05,SW,ARNOLDS PARK,0.72,NNW,FULLER FLD ARPT,43.3603,-95.1461,43.3401,-95.1532,"More isolated afternoon and early evening storms erupted just north of a frontal boundary across northeast Nebraska and western Iowa, which produced up to quarter size hail and damaging wind gusts of 60 to 75 mph. Storms became more widespread during the evening given a mid-level impulse and increase in the low-level jet across the frontal boundary. The rain regenerated in many of the same areas as the previous night's excessive rainfall and brought two-day totals to as high as 8 to 16 inches setting several records. Widespread flash flooding developed during the evening and overnight hours with catastrophic damage in Rock Valley.","Heavy rainfall during the mid-evening from 2 to 4 inches in a brief time resulted in street flooding in numerous locations from near Spirit Lake to Milford.  One car stalled in high water on U.S. Highway 71 in Arnolds Park. For a more comprehensive description of flood damage, please see other entries for areal and river flooding for Dickinson County.",CSV
2024-06-21 21:29:00,2024-06-22 01:30:00,0 days 04:01:00,193924_0,202406,21,2143,202406,21,2315,193924,1198341,IOWA,19,2024,June,Flash Flood,C,167,SIOUX,FSD,2024-06-21 21:43:00,CST-6,2024-06-21 23:15:00,0,0,0,0,0.00K,0.00K,Public,Heavy Rain,1.63,SSE,HULL,1.72,SSW,HULL,43.1575,-96.1601,43.1644,-96.1786,"More isolated afternoon and early evening storms erupted just north of a frontal boundary across northeast Nebraska and western Iowa, which produced up to quarter size hail and damaging wind gusts of 60 to 75 mph. Storms became more widespread during the evening given a mid-level impulse and increase in the low-level jet across the frontal boundary. The rain regenerated in many of the same areas as the previous night's excessive rainfall and brought two-day totals to as high as 8 to 16 inches setting several records. Widespread flash flooding developed during the evening and overnight hours with catastrophic damage in Rock Valley.","Water was reported over roads with vehicles stranded. For a more comprehensive description of flood damage, please see other entries for areal and river flooding for Sioux County.",CSV
2024-06-21 21:29:00,2024-06-22 01:30:00,0 days 04:01:00,193924_0,202406,21,2200,202406,21,2315,193924,1198346,IOWA,19,2024,June,Flash Flood,C,59,DICKINSON,FSD,2024-06-21 22:00:00,CST-6,2024-06-21 23:15:00,0,0,0,0,0.00K,0.00K,Emergency Manager,Heavy Rain,0.41,NW,SPIRIT LAKE,0.47,W,SPIRIT LAKE,43.4339,-95.1062,43.429,-95.1229,"More isolated afternoon and early evening storms erupted just north of a frontal boundary across northeast Nebraska and western Iowa, which produced up to quarter size hail and damaging wind gusts of 60 to 75 mph. Storms became more widespread during the evening given a mid-level impulse and increase in the low-level jet across the frontal boundary. The rain regenerated in many of the same areas as the previous night's excessive rainfall and brought two-day totals to as high as 8 to 16 inches setting several records. Widespread flash flooding developed during the evening and overnight hours with catastrophic damage in Rock Valley.","After 2 to 4 inches of rain over a couple hours, flooding of roads resulted in multiple stalled vehicles in Spirit Lake and Okoboji. For a more comprehensive description of flood damage, please see other entries for areal and river flooding for Dickinson County.",CSV
2024-06-21 21:29:00,2024-06-22 01:30:00,0 days 04:01:00,193924_0,202406,21,2236,202406,22,30,193924,1198356,IOWA,19,2024,June,Flash Flood,C,141,O'BRIEN,FSD,2024-06-21 22:36:00,CST-6,2024-06-22 00:30:00,0,0,0,0,0.00K,0.00K,Public,Heavy Rain,0.85,NNE,SANBORN,1.61,ENE,SANBORN,43.1918,-95.6651,43.1812,-95.666,"More isolated afternoon and early evening storms erupted just north of a frontal boundary across northeast Nebraska and western Iowa, which produced up to quarter size hail and damaging wind gusts of 60 to 75 mph. Storms became more widespread during the evening given a mid-level impulse and increase in the low-level jet across the frontal boundary. The rain regenerated in many of the same areas as the previous night's excessive rainfall and brought two-day totals to as high as 8 to 16 inches setting several records. Widespread flash flooding developed during the evening and overnight hours with catastrophic damage in Rock Valley.","Heavy rainfall from 3 to 5 inches resulted in significant street flooding with several stalled vehicles. For a more comprehensive description of flood damage, please see other entries for areal and river flooding for O'Brien County.",CSV
2024-06-21 21:29:00,2024-06-22 01:30:00,0 days 04:01:00,193924_0,202406,21,2325,202406,22,30,193924,1198367,IOWA,19,2024,June,Flash Flood,C,141,O'BRIEN,FSD,2024-06-21 23:25:00,CST-6,2024-06-22 00:30:00,0,0,0,0,0.00K,0.00K,Emergency Manager,Heavy Rain,1.64,NE,HARTLEY,1.24,SE,SHELDON MUNI ARPT,43.1951,-95.4549,43.1912,-95.7841,"More isolated afternoon and early evening storms erupted just north of a frontal boundary across northeast Nebraska and western Iowa, which produced up to quarter size hail and damaging wind gusts of 60 to 75 mph. Storms became more widespread during the evening given a mid-level impulse and increase in the low-level jet across the frontal boundary. The rain regenerated in many of the same areas as the previous night's excessive rainfall and brought two-day totals to as high as 8 to 16 inches setting several records. Widespread flash flooding developed during the evening and overnight hours with catastrophic damage in Rock Valley.","Three to five inches of rain late evening resulted in flash flooding. U.S. Highway 18 was inundated and impassible in multiple locations between Sheldon and Hartley. Multiple vehicles were submerged with at least one water rescue performed. For a more comprehensive description of flood damage, please see other entries for areal and river flooding for O'Brien County.",CSV
2024-07-02 15:39:00,2024-07-02 22:45:00,0 days 07:06:00,194055_0,202407,2,1539,202407,2,2130,194055,1199293,IOWA,19,2024,July,Flash Flood,C,125,MARION,DMX,2024-07-02 15:39:00,CST-6,2024-07-02 21:30:00,0,0,0,0,0.00K,0.00K,Broadcast Media,Heavy Rain,2.83,E,PELLA,1.39,SE,PELLA,41.4269,-92.8762,41.3841,-92.8842,"An area of low pressure with an associated warm front tracked over northern Iowa along with another warm front that lifted into near western/southern Iowa during the morning hours, which resulted in moderate to heavy rainfall over portions of the state. Scattered showers and storms continued across much of Iowa throughout the day, with PWATS around 2-2.5 inches, a present LLJ and deeper warm cloud depths, leading to continued heavy rain. Rainfall totals up to 5 inches were noted primarily in Warren County, though Flash Flooding occurred in Marion and Mahaska counties into the early evening. Severe weather also was possible with damaging winds, hail and a low tornado potential over southern Iowa, though no severe reports were received.","Car stranded in water on the road, with water over halfway up vehicles wheels. Estimated height of around 12 inches of water.",CSV
2024-07-02 15:39:00,2024-07-02 22:45:00,0 days 07:06:00,194055_0,202407,2,1612,202407,2,2130,194055,1199295,IOWA,19,2024,July,Flash Flood,C,125,MARION,DMX,2024-07-02 16:12:00,CST-6,2024-07-02 21:30:00,0,0,0,0,0.00K,0.00K,Broadcast Media,Heavy Rain,3.0,ENE,PELLA,1.46,SE,PELLA,41.4298,-92.8735,41.3814,-92.8825,"An area of low pressure with an associated warm front tracked over northern Iowa along with another warm front that lifted into near western/southern Iowa during the morning hours, which resulted in moderate to heavy rainfall over portions of the state. Scattered showers and storms continued across much of Iowa throughout the day, with PWATS around 2-2.5 inches, a present LLJ and deeper warm cloud depths, leading to continued heavy rain. Rainfall totals up to 5 inches were noted primarily in Warren County, though Flash Flooding occurred in Marion and Mahaska counties into the early evening. Severe weather also was possible with damaging winds, hail and a low tornado potential over southern Iowa, though no severe reports were received.","Multiple intersections flooded throughout town, some of which that do not typically flood. Cars with water up to the midpoint of the wheels in some areas.",CSV
2024-07-02 15:39:00,2024-07-02 22:45:00,0 days 07:06:00,194055_0,202407,2,1730,202407,2,2245,194055,1199299,IOWA,19,2024,July,Flash Flood,C,123,MAHASKA,DMX,2024-07-02 17:30:00,CST-6,2024-07-02 22:45:00,0,0,0,0,0.00K,0.00K,Broadcast Media,Heavy Rain,1.16,SE,NEW SHARON,1.17,SE,NEW SHARON,41.46,-92.6521,41.46,-92.6512,"An area of low pressure with an associated warm front tracked over northern Iowa along with another warm front that lifted into near western/southern Iowa during the morning hours, which resulted in moderate to heavy rainfall over portions of the state. Scattered showers and storms continued across much of Iowa throughout the day, with PWATS around 2-2.5 inches, a present LLJ and deeper warm cloud depths, leading to continued heavy rain. Rainfall totals up to 5 inches were noted primarily in Warren County, though Flash Flooding occurred in Marion and Mahaska counties into the early evening. Severe weather also was possible with damaging winds, hail and a low tornado potential over southern Iowa, though no severe reports were received.","Video posted to social media of roughly 3 to 6 inches of water rushing over the intersection of highway 63 and 135th street, with ditches full of water.",CSV
2024-07-01 00:00:00,2024-07-04 00:00:00,3 days 00:00:00,194087_0,202407,1,0,202407,1,1915,194087,1199457,IOWA,19,2024,July,Flood,C,187,WEBSTER,DMX,2024-07-01 00:00:00,CST-6,2024-07-01 19:15:00,0,0,0,0,0.00K,0.00K,River/Stream Gage,Heavy Rain,13.46,SE,LANYON,2.13,SSE,LANYON,42.07,-94.03,41.87,-93.94,"Significant, and at times record, river flooding in northwest Iowa continued from June into July. Flooding resulted in massive sandbagging efforts, prolonged road closures and damages, and impacts to home and businesses. Continued heavy rain in early July kept some locations in flood through the middle of the month.",The Des Moines River at Stratford remained in flood from a peak crest in June 2024.,CSV
2024-07-01 00:00:00,2024-07-04 00:00:00,3 days 00:00:00,194087_0,202407,1,0,202407,1,1100,194087,1199458,IOWA,19,2024,July,Flood,C,109,KOSSUTH,DMX,2024-07-01 00:00:00,CST-6,2024-07-01 11:00:00,0,0,0,0,0.00K,0.00K,River/Stream Gage,Heavy Rain,3.75,SW,LU VERNE,2.94,NE,IRVINGTON,42.88,-94.13,43.05,-94.15,"Significant, and at times record, river flooding in northwest Iowa continued from June into July. Flooding resulted in massive sandbagging efforts, prolonged road closures and damages, and impacts to home and businesses. Continued heavy rain in early July kept some locations in flood through the middle of the month.",The East Fork of the Des Moines River at Algona remained in flood from a peak crest in June 2024.,CSV
2024-07-01 00:00:00,2024-07-04 00:00:00,3 days 00:00:00,194087_0,202407,1,0,202407,12,215,194087,1199459,IOWA,19,2024,July,Flood,C,147,PALO ALTO,DMX,2024-07-01 00:00:00,CST-6,2024-07-12 02:15:00,0,0,0,0,0.00K,0.00K,River/Stream Gage,Heavy Rain,2.62,WSW,EMMETSBURG ARPT,3.66,S,WEST BEND,43.09,-94.75,42.79,-94.44,"Significant, and at times record, river flooding in northwest Iowa continued from June into July. Flooding resulted in massive sandbagging efforts, prolonged road closures and damages, and impacts to home and businesses. Continued heavy rain in early July kept some locations in flood through the middle of the month.",The West Fork of the Des Moines River at Emmetsburg remained in flood from a peak crest in June 2024.,CSV
2024-07-01 00:00:00,2024-07-04 00:00:00,3 days 00:00:00,194087_0,202407,1,0,202407,13,1230,194087,1199460,IOWA,19,2024,July,Flood,C,63,EMMET,DMX,2024-07-01 00:00:00,CST-6,2024-07-13 12:30:00,0,0,0,0,0.00K,0.00K,River/Stream Gage,Heavy Rain,4.41,SSW,WELLINGFORD,5.51,SE,WELLINGFORD,43.26,-94.83,43.26,-94.71,"Significant, and at times record, river flooding in northwest Iowa continued from June into July. Flooding resulted in massive sandbagging efforts, prolonged road closures and damages, and impacts to home and businesses. Continued heavy rain in early July kept some locations in flood through the middle of the month.",The West Fork of the Des Moines River at Estherville remained in flood from a peak crest in June 2024.,CSV
2024-07-01 00:00:00,2024-07-04 00:00:00,3 days 00:00:00,194087_0,202407,1,0,202407,15,15,194087,1199461,IOWA,19,2024,July,Flood,C,91,HUMBOLDT,DMX,2024-07-01 00:00:00,CST-6,2024-07-15 00:15:00,0,0,0,0,0.00K,0.00K,River/Stream Gage,Heavy Rain,5.72,SSE,DAKOTA CITY,4.94,E,DAKOTA CITY,42.65,-94.16,42.72,-94.2,"Significant, and at times record, river flooding in northwest Iowa continued from June into July. Flooding resulted in massive sandbagging efforts, prolonged road closures and damages, and impacts to home and businesses. Continued heavy rain in early July kept some locations in flood through the middle of the month.",The West Fork of the Des Moines River at Humboldt remained in flood from a peak crest in June 2024.,CSV
2024-07-01 00:00:00,2024-07-04 00:00:00,3 days 00:00:00,194087_0,202407,1,0,202407,11,645,194087,1199456,IOWA,19,2024,July,Flood,C,187,WEBSTER,DMX,2024-07-01 00:00:00,CST-6,2024-07-11 06:45:00,0,0,0,0,0.00K,0.00K,River/Stream Gage,Heavy Rain,2.04,W,ROBERTS,1.23,NNE,DAYTON,42.42,-94.21,42.3,-94.06,"Significant, and at times record, river flooding in northwest Iowa continued from June into July. Flooding resulted in massive sandbagging efforts, prolonged road closures and damages, and impacts to home and businesses. Continued heavy rain in early July kept some locations in flood through the middle of the month.",The Des Moines River at Fort Dodge remained in flood from a peak crest in June 2024.,CSV
2024-07-07 18:40:00,2024-07-08 01:00:00,0 days 06:20:00,194088_0,202407,7,1840,202407,8,100,194088,1199467,IOWA,19,2024,July,Flash Flood,C,197,WRIGHT,DMX,2024-07-07 18:40:00,CST-6,2024-07-08 01:00:00,0,0,0,0,0.00K,0.00K,Law Enforcement,Heavy Rain,3.51,S,EAGLE GROVE,2.71,E,CLARION,42.6196,-93.8905,42.733,-93.6886,"Following showers and thunderstorms over Iowa during the morning hours with a passing shortwave, an additional shortwave arriving in the Central Plains with the aid of increased lift and MUCAPE values around 1000 J/kg overhead brought another round of scattered showers and storms into the afternoon and evening hours. These multiple rounds of convection, along with the slow-moving nature of some storms led to heavy rainfall and eventually flash flooding, particularly over Wright county. Reports of flooded roads and rainfall totals averaging between 3-5 inches were common. Severe wind was also reported in Adair county.",Report of water over the road on Highway 17 near Eagle Grove. Local city roads in Eagle Grove as well as Clarion are reportedly flooded. Time of occurrence estimated.,CSV
2024-07-07 18:40:00,2024-07-08 01:00:00,0 days 06:20:00,194088_0,202407,7,1847,202407,8,100,194088,1199469,IOWA,19,2024,July,Flash Flood,C,197,WRIGHT,DMX,2024-07-07 18:47:00,CST-6,2024-07-08 01:00:00,0,0,0,0,0.00K,0.00K,Public,Heavy Rain,0.84,W,CLARION ARPT,1.55,N,CLARION ARPT,42.7311,-93.7664,42.7561,-93.7491,"Following showers and thunderstorms over Iowa during the morning hours with a passing shortwave, an additional shortwave arriving in the Central Plains with the aid of increased lift and MUCAPE values around 1000 J/kg overhead brought another round of scattered showers and storms into the afternoon and evening hours. These multiple rounds of convection, along with the slow-moving nature of some storms led to heavy rainfall and eventually flash flooding, particularly over Wright county. Reports of flooded roads and rainfall totals averaging between 3-5 inches were common. Severe wind was also reported in Adair county.",Video of car driving into water that was up to rear bumper and at least half hubcap depth.,CSV
2024-07-07 18:40:00,2024-07-08 01:00:00,0 days 06:20:00,194088_0,202407,7,1906,202407,8,100,194088,1199476,IOWA,19,2024,July,Flash Flood,C,197,WRIGHT,DMX,2024-07-07 19:06:00,CST-6,2024-07-08 01:00:00,0,0,0,0,0.00K,0.00K,Law Enforcement,Heavy Rain,1.23,NE,CLARION,1.12,ENE,CLARION,42.74,-93.71,42.74,-93.7031,"Following showers and thunderstorms over Iowa during the morning hours with a passing shortwave, an additional shortwave arriving in the Central Plains with the aid of increased lift and MUCAPE values around 1000 J/kg overhead brought another round of scattered showers and storms into the afternoon and evening hours. These multiple rounds of convection, along with the slow-moving nature of some storms led to heavy rainfall and eventually flash flooding, particularly over Wright county. Reports of flooded roads and rainfall totals averaging between 3-5 inches were common. Severe wind was also reported in Adair county.",Estimated three to four inches of water and rising over Nelson Avenue north of Highway 3 and east of Clarion.,CSV
2024-07-07 18:40:00,2024-07-08 01:00:00,0 days 06:20:00,194088_0,202407,7,1918,202407,8,100,194088,1199478,IOWA,19,2024,July,Flash Flood,C,197,WRIGHT,DMX,2024-07-07 19:18:00,CST-6,2024-07-08 01:00:00,0,0,0,0,0.00K,0.00K,Law Enforcement,Heavy Rain,1.38,S,EAGLE GROVE,1.37,S,EAGLE GROVE,42.65,-93.9,42.6469,-93.9005,"Following showers and thunderstorms over Iowa during the morning hours with a passing shortwave, an additional shortwave arriving in the Central Plains with the aid of increased lift and MUCAPE values around 1000 J/kg overhead brought another round of scattered showers and storms into the afternoon and evening hours. These multiple rounds of convection, along with the slow-moving nature of some storms led to heavy rainfall and eventually flash flooding, particularly over Wright county. Reports of flooded roads and rainfall totals averaging between 3-5 inches were common. Severe wind was also reported in Adair county.",Highway 17 just south of Eagle Grove with an estimated 3 feet of water depth based on water up to the grill of a sheriff truck.,CSV
2024-07-01 00:00:00,2024-07-04 00:00:00,3 days 00:00:00,194192_0,202407,1,0,202407,4,1600,194192,1199928,IOWA,19,2024,July,Flood,C,59,DICKINSON,FSD,2024-07-01 00:00:00,CST-6,2024-07-04 16:00:00,0,0,0,0,0.00K,0.00K,River/Stream Gage,Heavy Rain,1.71,NW,SPIRIT LAKE LAKE,3.31,SW,SPIRIT LAKE,43.49,-95.14,43.41,-95.13,"River levels from the historic June flooding remained above flood stage for some locations into July, although continued a declining trend.","Flooding continued from June on Spirit Lake near Orleans, with declining lake levels. The lake fell below flood stage on the afternoon of July 4th.",CSV
2024-07-01 00:00:00,2024-07-04 00:00:00,3 days 00:00:00,194192_0,202407,1,0,202407,14,1800,194192,1199929,IOWA,19,2024,July,Flood,C,59,DICKINSON,FSD,2024-07-01 00:00:00,CST-6,2024-07-14 18:00:00,0,0,0,0,0.00K,0.00K,River/Stream Gage,Heavy Rain,0.0,N,TRIBOJI BEACH,1.0,W,WEST OKOBOJI,43.43,-95.18,43.35,-95.18,"River levels from the historic June flooding remained above flood stage for some locations into July, although continued a declining trend.","Flooding continued from June on West Okoboji Lake near Milford, with declining lake levels. The lake fell below flood stage on the evening of July 14th.",CSV
2024-07-01 00:00:00,2024-07-04 00:00:00,3 days 00:00:00,194192_0,202407,1,0,202407,1,2000,194192,1199931,IOWA,19,2024,July,Flood,C,41,CLAY,FSD,2024-07-01 00:00:00,CST-6,2024-07-01 20:00:00,0,0,0,0,0.00K,0.00K,River/Stream Gage,Heavy Rain,3.42,SE,EVERLY,3.02,SW,SPENCER,43.13,-95.29,43.11,-95.2,"River levels from the historic June flooding remained above flood stage for some locations into July, although continued a declining trend.","Flooding continued from June on the Ocheyedan River near Spencer, with declining river levels. The river fell below flood stage on the evening of July 1st.",CSV
2024-07-01 00:00:00,2024-07-04 00:00:00,3 days 00:00:00,194192_0,202407,1,0,202407,2,1300,194192,1199932,IOWA,19,2024,July,Flood,C,59,DICKINSON,FSD,2024-07-01 00:00:00,CST-6,2024-07-02 13:00:00,0,0,0,0,0.00K,0.00K,River/Stream Gage,Heavy Rain,5.02,NNW,MONTGOMERY,4.32,SE,LAKE PARK,43.501,-95.2208,43.43,-95.28,"River levels from the historic June flooding remained above flood stage for some locations into July, although continued a declining trend.","Flooding continued from June on the Little Sioux River near Montgomery, with declining river levels. The river fell below flood stage on the afternoon of July 2nd.",CSV
2024-07-01 00:00:00,2024-07-04 00:00:00,3 days 00:00:00,194192_0,202407,1,0,202407,8,1100,194192,1199933,IOWA,19,2024,July,Flood,C,59,DICKINSON,FSD,2024-07-01 00:00:00,CST-6,2024-07-08 11:00:00,0,0,0,0,0.00K,0.00K,River/Stream Gage,Heavy Rain,3.77,WSW,MONTGOMERY,1.47,SW,FULLER FLD ARPT,43.41,-95.27,43.2554,-95.2648,"River levels from the historic June flooding remained above flood stage for some locations into July, although continued a declining trend.","Flooding continued from June on the Little Sioux River near Milford, with declining river levels. The river fell below flood stage on the morning of July 8th.",CSV
2024-07-01 00:00:00,2024-07-04 00:00:00,3 days 00:00:00,194192_0,202407,1,0,202407,8,1100,194192,1199934,IOWA,19,2024,July,Flood,C,41,CLAY,FSD,2024-07-01 00:00:00,CST-6,2024-07-08 11:00:00,0,0,0,0,0.00K,0.00K,River/Stream Gage,Heavy Rain,4.79,W,FOSTORIA,0.6,NE,EVERLY,43.2554,-95.2648,43.21,-95.28,"River levels from the historic June flooding remained above flood stage for some locations into July, although continued a declining trend.","Flooding continued from June on the Little Sioux River near Milford, with declining river levels. The river fell below flood stage on the morning of July 8th.",CSV
2024-07-01 00:00:00,2024-07-04 00:00:00,3 days 00:00:00,194192_0,202407,1,0,202407,17,1400,194192,1199935,IOWA,19,2024,July,Flood,C,41,CLAY,FSD,2024-07-01 00:00:00,CST-6,2024-07-17 14:00:00,0,0,0,0,0.00K,0.00K,River/Stream Gage,Heavy Rain,0.78,WNW,FOSTORIA,2.76,W,FOSTORIA,43.255,-95.184,43.255,-95.2764,"River levels from the historic June flooding remained above flood stage for some locations into July, although continued a declining trend.","Flooding continued from June on the Little Sioux River above Spencer, with declining river levels. The river fell below flood stage on the afternoon of July 17th.",CSV
2024-07-01 00:00:00,2024-07-04 00:00:00,3 days 00:00:00,194192_0,202407,1,0,202407,18,700,194192,1199936,IOWA,19,2024,July,Flood,C,41,CLAY,FSD,2024-07-01 00:00:00,CST-6,2024-07-18 07:00:00,0,0,0,0,0.00K,0.00K,River/Stream Gage,Heavy Rain,1.51,W,SPENCER,1.71,WSW,DICKENS,43.15,-95.18,43.1,-95.1,"River levels from the historic June flooding remained above flood stage for some locations into July, although continued a declining trend.","Flooding continued from June on the Little Sioux River at Spencer, with declining river levels. The river fell below flood stage on the morning of July 18th.",CSV
2024-07-01 00:00:00,2024-07-04 00:00:00,3 days 00:00:00,194192_0,202407,1,0,202407,2,1200,194192,1199938,IOWA,19,2024,July,Flood,C,41,CLAY,FSD,2024-07-01 00:00:00,CST-6,2024-07-02 12:00:00,0,0,0,0,0.00K,0.00K,River/Stream Gage,Heavy Rain,2.53,E,GREENVILLE,2.07,WSW,CORNELL,43.02,-95.1,42.93,-95.2,"River levels from the historic June flooding remained above flood stage for some locations into July, although continued a declining trend.","Flooding continued from June on the Little Sioux River at Linn Grove, with declining river levels. The river fell below flood stage on the afternoon of July 2nd.",CSV
2024-07-01 00:00:00,2024-07-04 00:00:00,3 days 00:00:00,194192_0,202407,1,0,202407,2,1200,194192,1199939,IOWA,19,2024,July,Flood,C,21,BUENA VISTA,FSD,2024-07-01 00:00:00,CST-6,2024-07-02 12:00:00,0,0,0,0,0.00K,0.00K,River/Stream Gage,Heavy Rain,3.66,NE,SIOUX RAPIDS,1.67,WNW,LINN GROVE,42.9098,-95.0902,42.9099,-95.386,"River levels from the historic June flooding remained above flood stage for some locations into July, although continued a declining trend.","Flooding continued from June on the Little Sioux River at Linn Grove, with declining river levels. The river fell below flood stage on the afternoon of July 2nd.",CSV
2024-07-01 00:00:00,2024-07-04 00:00:00,3 days 00:00:00,194192_0,202407,1,0,202407,7,1400,194192,1199940,IOWA,19,2024,July,Flood,C,35,CHEROKEE,FSD,2024-07-01 00:00:00,CST-6,2024-07-07 14:00:00,0,0,0,0,0.00K,0.00K,River/Stream Gage,Heavy Rain,4.11,NE,LARRABEE,7.61,SE,MARY HILL,42.91,-95.47,42.7,-95.64,"River levels from the historic June flooding remained above flood stage for some locations into July, although continued a declining trend.","Flooding continued from June on the Little Sioux River at Cherokee, with declining river levels. The river fell below flood stage on the afternoon of July 7th.",CSV
2024-07-01 00:00:00,2024-07-04 00:00:00,3 days 00:00:00,194192_0,202407,1,0,202407,7,1400,194192,1199941,IOWA,19,2024,July,Flood,C,141,O'BRIEN,FSD,2024-07-01 00:00:00,CST-6,2024-07-07 14:00:00,0,0,0,0,0.00K,0.00K,River/Stream Gage,Heavy Rain,3.61,E,SUTHERLAND,6.94,SE,SUTHERLAND,42.96,-95.43,42.9365,-95.439,"River levels from the historic June flooding remained above flood stage for some locations into July, although continued a declining trend.","Flooding continued from June on the Little Sioux River at Cherokee, with declining river levels. The river fell below flood stage on the afternoon of July 7th.",CSV
2024-07-01 00:00:00,2024-07-04 00:00:00,3 days 00:00:00,194192_0,202407,1,0,202407,5,100,194192,1199943,IOWA,19,2024,July,Flood,C,167,SIOUX,FSD,2024-07-01 00:00:00,CST-6,2024-07-05 01:00:00,0,0,0,0,0.00K,0.00K,River/Stream Gage,Heavy Rain,4.48,WSW,LEBANON,3.42,NW,HAWARDEN,43.08,-96.4545,43.0451,-96.5121,"River levels from the historic June flooding remained above flood stage for some locations into July, although continued a declining trend.","Flooding continued from June on the Big Sioux River at Hawarden, with declining river levels. The river fell below flood stage on the morning of July 5th.",CSV
2024-07-01 00:00:00,2024-07-04 00:00:00,3 days 00:00:00,194192_0,202407,1,0,202407,6,900,194192,1199944,IOWA,19,2024,July,Flood,C,149,PLYMOUTH,FSD,2024-07-01 00:00:00,CST-6,2024-07-06 09:00:00,0,0,0,0,0.00K,0.00K,River/Stream Gage,Heavy Rain,5.46,N,AKRON,5.78,WSW,AKRON,42.9085,-96.5382,42.8245,-96.578,"River levels from the historic June flooding remained above flood stage for some locations into July, although continued a declining trend.","Flooding continued from June on the Big Sioux River at Akron, with declining river levels. The river fell below flood stage on the morning of July 6th.",CSV
2024-07-01 00:00:00,2024-07-04 00:00:00,3 days 00:00:00,194192_0,202407,1,0,202407,7,900,194192,1199945,IOWA,19,2024,July,Flood,C,149,PLYMOUTH,FSD,2024-07-01 00:00:00,CST-6,2024-07-07 09:00:00,0,0,0,0,0.00K,0.00K,River/Stream Gage,Heavy Rain,2.13,NW,WESTFIELD,1.47,WNW,WESTFIELD,42.7743,-96.6258,42.7551,-96.6188,"River levels from the historic June flooding remained above flood stage for some locations into July, although continued a declining trend.","Flooding continued from June on the Big Sioux River near Richland, with declining river levels. The river fell below flood stage on the morning of July 7th.",CSV
2024-07-01 00:00:00,2024-07-04 00:00:00,3 days 00:00:00,194192_0,202407,1,0,202407,4,400,194192,1199942,IOWA,19,2024,July,Flood,C,119,LYON,FSD,2024-07-01 00:00:00,CST-6,2024-07-04 04:00:00,0,0,0,0,0.00K,0.00K,River/Stream Gage,Heavy Rain,2.52,NW,GRANITE,2.1,NW,GRANITE,43.5,-96.5986,43.4825,-96.5849,"River levels from the historic June flooding remained above flood stage for some locations into July, although continued a declining trend.","Flooding continued from June on the Big Sioux River near Brandon, with declining river levels. The river fell below flood stage on the morning of July 4th.",CSV
2024-07-02 17:10:00,2024-07-02 21:00:00,0 days 03:50:00,194228_0,202407,2,1710,202407,2,2010,194228,1200183,IOWA,19,2024,July,Flash Flood,C,107,KEOKUK,DVN,2024-07-02 17:10:00,CST-6,2024-07-02 20:10:00,0,0,0,0,0.00K,0.00K,Law Enforcement,Heavy Rain,2.07,W,THORNBURG,2.12,NE,COAL CREEK,41.45,-92.37,41.4481,-92.3786,"A line of organized storms surged into eastern Iowa late in the day and produced severe winds and heavy rainfall. The strongest storms occurred in a swath just south of Interstate 80, including near Iowa City, producing thunderstorm wind gusts of 60 to 80 MPH. There were rainfall amounts of 2 to 3.50 inches.",Law Enforcement reported water flowing over a gravel road between What Cheer and Gibson. The time of the event was estimated using radar.,CSV
2024-07-02 17:10:00,2024-07-02 21:00:00,0 days 03:50:00,194228_0,202407,2,1712,202407,2,2012,194228,1200193,IOWA,19,2024,July,Flash Flood,C,103,JOHNSON,DVN,2024-07-02 17:12:00,CST-6,2024-07-02 20:12:00,0,0,0,0,0.00K,0.00K,Public,Heavy Rain,0.0,N,CORALVILLE,0.03,S,CORALVILLE,41.68,-91.58,41.6798,-91.58,"A line of organized storms surged into eastern Iowa late in the day and produced severe winds and heavy rainfall. The strongest storms occurred in a swath just south of Interstate 80, including near Iowa City, producing thunderstorm wind gusts of 60 to 80 MPH. There were rainfall amounts of 2 to 3.50 inches.",A public report of street flooding.,CSV
2024-07-02 17:10:00,2024-07-02 21:00:00,0 days 03:50:00,194228_0,202407,2,1720,202407,2,2020,194228,1200194,IOWA,19,2024,July,Flash Flood,C,103,JOHNSON,DVN,2024-07-02 17:20:00,CST-6,2024-07-02 20:20:00,0,0,0,0,0.00K,0.00K,Trained Spotter,Heavy Rain,0.0,N,IOWA CITY,0.03,E,IOWA CITY,41.67,-91.55,41.6699,-91.5494,"A line of organized storms surged into eastern Iowa late in the day and produced severe winds and heavy rainfall. The strongest storms occurred in a swath just south of Interstate 80, including near Iowa City, producing thunderstorm wind gusts of 60 to 80 MPH. There were rainfall amounts of 2 to 3.50 inches.",A trained spotter reported around 8 to 10 inches of water completely covering the roadway between West Park Road and Rocky Shore Drive.,CSV
2024-07-02 17:10:00,2024-07-02 21:00:00,0 days 03:50:00,194228_0,202407,2,1855,202407,2,2100,194228,1200196,IOWA,19,2024,July,Flash Flood,C,103,JOHNSON,DVN,2024-07-02 18:55:00,CST-6,2024-07-02 21:00:00,0,0,0,0,0.00K,0.00K,Public,Heavy Rain,1.24,SE,IOWA CITY,1.26,SE,IOWA CITY,41.66,-91.53,41.66,-91.5303,"A line of organized storms surged into eastern Iowa late in the day and produced severe winds and heavy rainfall. The strongest storms occurred in a swath just south of Interstate 80, including near Iowa City, producing thunderstorm wind gusts of 60 to 80 MPH. There were rainfall amounts of 2 to 3.50 inches.",A public report via social media of roadway inundated with water as well as flood waters up against a few homes.,CSV
2024-07-10 16:48:00,2024-07-10 20:00:00,0 days 03:12:00,194242_0,202407,10,1648,202407,10,2000,194242,1200298,IOWA,19,2024,July,Flash Flood,C,103,JOHNSON,DVN,2024-07-10 16:48:00,CST-6,2024-07-10 20:00:00,0,0,0,0,0.00K,0.00K,Law Enforcement,Heavy Rain,0.86,NW,CORALVILLE,0.85,NW,CORALVILLE,41.69,-91.59,41.6901,-91.5899,Thunderstorms developed in central Iowa and moved across eastern Iowa during the late afternoon and evening hours of July 10th. These storms produced damaging winds and heavy rainfall across the area. Heavy rain led to flash flooding as the storms moved into the Iowa City metropolitan area.,Dispatch Center reported knee depth water on 20th Avenue. The time of the event was estimated using radar.,CSV
2024-07-10 16:48:00,2024-07-10 20:00:00,0 days 03:12:00,194242_0,202407,10,1655,202407,10,1955,194242,1200299,IOWA,19,2024,July,Flash Flood,C,103,JOHNSON,DVN,2024-07-10 16:55:00,CST-6,2024-07-10 19:55:00,0,0,0,0,0.00K,0.00K,Law Enforcement,Heavy Rain,1.24,SE,IOWA CITY,1.23,SE,IOWA CITY,41.66,-91.53,41.6599,-91.5305,Thunderstorms developed in central Iowa and moved across eastern Iowa during the late afternoon and evening hours of July 10th. These storms produced damaging winds and heavy rainfall across the area. Heavy rain led to flash flooding as the storms moved into the Iowa City metropolitan area.,Dispatch Center reported knee deep water on Johnson Street in downtown Iowa City. The time of the event was estimated using radar.,CSV
2024-07-15 17:00:00,2024-07-15 21:00:00,0 days 04:00:00,194324_0,202407,15,1700,202407,15,2030,194324,1204617,IOWA,19,2024,July,Flash Flood,C,61,DUBUQUE,DVN,2024-07-15 17:00:00,CST-6,2024-07-15 20:30:00,0,0,0,0,0.00K,0.00K,Emergency Manager,Heavy Rain,0.69,N,NEW VIENNA,1.38,N,NEW VIENNA,42.56,-91.12,42.5575,-91.1202,"Thunderstorms rapidly developed over northern Iowa during the afternoon and organized into a powerful line of wind producing storms that surged through the Quad Cities and into northern and central Illinois through the evening hours.  These storms brought widespread damaging winds up to 100 mph for many locations, extending across eastern Iowa, much of Illinois, and into Indiana.  The Storm Prediction Center has classified this event as a Derecho which by definition is a swath of wind damage at least 400 miles long and at least 60 miles wide including several well-separated significant wind gusts over 75 mph.  Corridors of significant wind damage occurred along Highway 20. 10 tornadoes also occurred with these storms in the NWS Quad Cities service area.  ||In addition to the wind, very heavy rainfall fell in a short amount of time with many locations seeing over an inch. Flash flooding was reported in Cedar Rapids as well as in parts of Dubuque County.",The Emergency Manager reported flooding on roads west of New Vienna.,CSV
2024-07-15 17:00:00,2024-07-15 21:00:00,0 days 04:00:00,194324_0,202407,15,1719,202407,15,2100,194324,1204620,IOWA,19,2024,July,Flash Flood,C,113,LINN,DVN,2024-07-15 17:19:00,CST-6,2024-07-15 21:00:00,0,0,0,0,0.00K,0.00K,Trained Spotter,Heavy Rain,0.69,S,CEDAR RAPIDS,0.73,S,CEDAR RAPIDS,41.99,-91.65,41.9894,-91.6506,"Thunderstorms rapidly developed over northern Iowa during the afternoon and organized into a powerful line of wind producing storms that surged through the Quad Cities and into northern and central Illinois through the evening hours.  These storms brought widespread damaging winds up to 100 mph for many locations, extending across eastern Iowa, much of Illinois, and into Indiana.  The Storm Prediction Center has classified this event as a Derecho which by definition is a swath of wind damage at least 400 miles long and at least 60 miles wide including several well-separated significant wind gusts over 75 mph.  Corridors of significant wind damage occurred along Highway 20. 10 tornadoes also occurred with these storms in the NWS Quad Cities service area.  ||In addition to the wind, very heavy rainfall fell in a short amount of time with many locations seeing over an inch. Flash flooding was reported in Cedar Rapids as well as in parts of Dubuque County.",A trained spotter reported water over 1st Avenue. Trucks are having trouble navigating the road.,CSV
2024-07-15 17:00:00,2024-07-15 21:00:00,0 days 04:00:00,194324_0,202407,15,1730,202407,15,1730,194324,1204622,IOWA,19,2024,July,Flash Flood,C,61,DUBUQUE,DVN,2024-07-15 17:30:00,CST-6,2024-07-15 17:30:00,0,0,0,0,0.00K,0.00K,Fire Department/Rescue,Heavy Rain,0.0,N,ZWINGLE,0.19,W,ZWINGLE,42.3,-90.68,42.3001,-90.6871,"Thunderstorms rapidly developed over northern Iowa during the afternoon and organized into a powerful line of wind producing storms that surged through the Quad Cities and into northern and central Illinois through the evening hours.  These storms brought widespread damaging winds up to 100 mph for many locations, extending across eastern Iowa, much of Illinois, and into Indiana.  The Storm Prediction Center has classified this event as a Derecho which by definition is a swath of wind damage at least 400 miles long and at least 60 miles wide including several well-separated significant wind gusts over 75 mph.  Corridors of significant wind damage occurred along Highway 20. 10 tornadoes also occurred with these storms in the NWS Quad Cities service area.  ||In addition to the wind, very heavy rainfall fell in a short amount of time with many locations seeing over an inch. Flash flooding was reported in Cedar Rapids as well as in parts of Dubuque County.",The Fire Department reported that flash flooding was occurring over US 61 near Zwingle.,CSV
2024-07-31 06:00:00,2024-07-31 20:00:00,0 days 14:00:00,194668_0,202407,31,600,202407,31,1125,194668,1203687,IOWA,19,2024,July,Flash Flood,C,125,MARION,DMX,2024-07-31 06:00:00,CST-6,2024-07-31 11:25:00,0,0,0,0,0.00K,0.00K,State Official,Heavy Rain,2.44,WNW,DALLAS,2.64,W,ATTICA,41.242,-93.2942,41.2335,-93.0699,"Storms lined up across central Iowa on the 850 mb moisture gradient early in the morning of July 31, producing up to quarter sized hail and gusts over 50 mph in isolated downbursts. Storms shifted into southeast Iowa through the morning and remained strong, producing hail and strong winds. As storms shifted southeast the orientation shifted to allow for training storms will heavy rain of 3-6 inches in some locations. This area also received heavier rain the previous day when multiple rounds of storms moved across the area, so soils were less able to handle the additional rain. Areas of flash flooding resulting in road closures were reported. After a break in the afternoon and early evening, a bowing line of storms passed across central to southern Iowa. This brough another round of strong winds of 55 to 65 mph and isolated hail up to quarter sized.",Numerous flash flooding reports across Marion County. Dubuque between elk horn and 160th. 25th place south of HWY 92. McKimber between 60th and 70th. Quebec Dr. between 30th and 40th. Elk Horn Dr. between Dubuque Dr. and Park Hills subdivision. 30th Place south of Highway 92.,CSV
2024-07-31 06:00:00,2024-07-31 20:00:00,0 days 14:00:00,194668_0,202407,31,800,202407,31,1125,194668,1203908,IOWA,19,2024,July,Flash Flood,C,135,MONROE,DMX,2024-07-31 08:00:00,CST-6,2024-07-31 11:25:00,0,0,0,0,0.00K,0.00K,Law Enforcement,Heavy Rain,3.95,E,LOVILIA,1.35,ENE,AVERY,41.1245,-92.8544,41.1305,-92.5201,"Storms lined up across central Iowa on the 850 mb moisture gradient early in the morning of July 31, producing up to quarter sized hail and gusts over 50 mph in isolated downbursts. Storms shifted into southeast Iowa through the morning and remained strong, producing hail and strong winds. As storms shifted southeast the orientation shifted to allow for training storms will heavy rain of 3-6 inches in some locations. This area also received heavier rain the previous day when multiple rounds of storms moved across the area, so soils were less able to handle the additional rain. Areas of flash flooding resulting in road closures were reported. After a break in the afternoon and early evening, a bowing line of storms passed across central to southern Iowa. This brough another round of strong winds of 55 to 65 mph and isolated hail up to quarter sized.",Local law enforcement reported several road closures in eastern Monroe County and into Wapello County.,CSV
2024-07-31 06:00:00,2024-07-31 20:00:00,0 days 14:00:00,194668_0,202407,31,1125,202407,31,2000,194668,1203916,IOWA,19,2024,July,Flood,C,125,MARION,DMX,2024-07-31 11:25:00,CST-6,2024-07-31 20:00:00,0,0,0,0,0.00K,0.00K,Emergency Manager,Heavy Rain,10.44,ESE,TRACY,2.94,ESE,TRACY,41.2467,-92.6839,41.1923,-92.5373,"Storms lined up across central Iowa on the 850 mb moisture gradient early in the morning of July 31, producing up to quarter sized hail and gusts over 50 mph in isolated downbursts. Storms shifted into southeast Iowa through the morning and remained strong, producing hail and strong winds. As storms shifted southeast the orientation shifted to allow for training storms will heavy rain of 3-6 inches in some locations. This area also received heavier rain the previous day when multiple rounds of storms moved across the area, so soils were less able to handle the additional rain. Areas of flash flooding resulting in road closures were reported. After a break in the afternoon and early evening, a bowing line of storms passed across central to southern Iowa. This brough another round of strong winds of 55 to 65 mph and isolated hail up to quarter sized.",Flooding continued across the area through the afternoon and evening with lingering road closures.,CSV
2024-07-25 07:20:00,2024-07-25 10:20:00,0 days 03:00:00,194837_0,202407,25,720,202407,25,1020,194837,1204664,IOWA,19,2024,July,Flash Flood,C,111,LEE,DVN,2024-07-25 07:20:00,CST-6,2024-07-25 10:20:00,0,0,0,0,0.00K,0.00K,Emergency Manager,Heavy Rain,0.0,N,MONTROSE,0.47,NE,MONTROSE,40.53,-91.42,40.5327,-91.4173,"Slow moving thunderstorms developed during the morning hours on July 25th and produced heavy rainfall across Lee County, Iowa. There were reports of 3 to 4 inches of rain that led to flash flooding in Montrose.",The Emergency Manager reported that creeks were flooding in Montrose.,CSV
2024-07-22 18:00:00,2024-07-22 21:00:00,0 days 03:00:00,194840_0,202407,22,1800,202407,22,2100,194840,1204669,IOWA,19,2024,July,Flash Flood,C,163,SCOTT,DVN,2024-07-22 18:00:00,CST-6,2024-07-22 21:00:00,0,0,0,0,0.00K,0.00K,Public,Heavy Rain,4.18,S,PRINCETON,3.89,S,PRINCETON,41.61,-90.36,41.6141,-90.3614,Slow moving thunderstorms developed during the late afternoon and early evening hours and produced heavy rainfall across eastern Scott County.  This lead to flash flooding that damage roads near LeClaire Iowa.,A public report of McCarty Creek  overflowed its banks and caused huge ruts along Territorial Road. The time of the event was estimated using radar.,CSV
2024-07-01 23:00:00,2024-07-04 23:00:00,3 days 00:00:00,194931_0,202407,1,2300,202407,22,2200,194931,1205147,IOWA,19,2024,July,Flood,C,57,DES MOINES,DVN,2024-07-01 23:00:00,CST-6,2024-07-22 22:00:00,0,0,0,0,0.00K,0.00K,River/Stream Gage,Heavy Rain,1.69,ENE,BURLINGTON ARPT,1.55,SW,BURLINGTON,40.7926,-91.0924,40.8108,-91.097,"Rain that fell during the month of June across Minnesota and Wisconsin caused rises on the Mississippi River along the Iowa and Illinois border. Additionally, heavy rain that fell locally in July helped to prolong the crest and delay the river falling below flood stage, especially south of the Wapsipinicon, Rock, and Iowa Rivers.",The Mississippi River at Burlington rose above its major flood stage of 18.0 feet around 11 PM on July 1st and crested at 20.48 feet on July 12th. The river fell back below its major flood stage around 10 PM on July 22nd.,CSV
2024-07-01 23:00:00,2024-07-04 23:00:00,3 days 00:00:00,194931_0,202407,2,1700,202407,20,1500,194931,1205140,IOWA,19,2024,July,Flood,C,115,LOUISA,DVN,2024-07-02 17:00:00,CST-6,2024-07-20 15:00:00,0,0,0,0,0.00K,0.00K,River/Stream Gage,Heavy Rain,4.32,E,TOOLESBORO,3.82,NE,TOOLESBORO,41.1518,-90.987,41.1674,-91.0425,"Rain that fell during the month of June across Minnesota and Wisconsin caused rises on the Mississippi River along the Iowa and Illinois border. Additionally, heavy rain that fell locally in July helped to prolong the crest and delay the river falling below flood stage, especially south of the Wapsipinicon, Rock, and Iowa Rivers.",The Mississippi River at New Boston rose above its major flood stage of 18.5 feet around 5 PM on July 2 and crested at 20.82 feet on July 11th.  The river fell back below flood stage 3 Pm on July 20th.,CSV
2024-07-01 23:00:00,2024-07-04 23:00:00,3 days 00:00:00,194931_0,202407,3,100,202407,10,1800,194931,1205106,IOWA,19,2024,July,Flood,C,61,DUBUQUE,DVN,2024-07-03 01:00:00,CST-6,2024-07-10 18:00:00,0,0,0,0,0.00K,0.00K,River/Stream Gage,Heavy Rain,1.14,SSE,DUBUQUE,1.24,ENE,DUBUQUE,42.4845,-90.6624,42.5024,-90.6588,"Rain that fell during the month of June across Minnesota and Wisconsin caused rises on the Mississippi River along the Iowa and Illinois border. Additionally, heavy rain that fell locally in July helped to prolong the crest and delay the river falling below flood stage, especially south of the Wapsipinicon, Rock, and Iowa Rivers.",The Mississippi River at the Dubuque Railroad Bridge rose above its major flood stage of 21.5 feet around 1 AM on July 3 and crested at 22.30 feet on the 6th.  The river fell back below flood stage around 6 PM on July 10.,CSV
2024-07-01 23:00:00,2024-07-04 23:00:00,3 days 00:00:00,194931_0,202407,4,1700,202407,9,100,194931,1205099,IOWA,19,2024,July,Flood,C,61,DUBUQUE,DVN,2024-07-04 17:00:00,CST-6,2024-07-09 01:00:00,0,0,0,0,0.00K,0.00K,River/Stream Gage,Heavy Rain,2.73,ESE,SAGEVILLE,3.54,ENE,SHERRILL,42.5494,-90.6742,42.6281,-90.7214,"Rain that fell during the month of June across Minnesota and Wisconsin caused rises on the Mississippi River along the Iowa and Illinois border. Additionally, heavy rain that fell locally in July helped to prolong the crest and delay the river falling below flood stage, especially south of the Wapsipinicon, Rock, and Iowa Rivers.",The Mississippi River gage at Dubuque Lock and Dam rose above its major flood stage of 20.5 feet around 6 PM CST on July 4 and crested at 20.85 feet on July 6.  The river fell back below major flood stage around 1 AM  CST on July 9.,CSV
2024-07-01 23:00:00,2024-07-04 23:00:00,3 days 00:00:00,194931_0,202407,4,1800,202407,17,1600,194931,1205137,IOWA,19,2024,July,Flood,C,139,MUSCATINE,DVN,2024-07-04 18:00:00,CST-6,2024-07-17 16:00:00,0,0,0,0,0.00K,0.00K,River/Stream Gage,Heavy Rain,3.35,S,MUSCATINE,0.55,SSW,MUSCATINE,41.3724,-91.0624,41.3753,-91.0655,"Rain that fell during the month of June across Minnesota and Wisconsin caused rises on the Mississippi River along the Iowa and Illinois border. Additionally, heavy rain that fell locally in July helped to prolong the crest and delay the river falling below flood stage, especially south of the Wapsipinicon, Rock, and Iowa Rivers.",The Mississippi River at Muscatine rose above its major flood stage of 20 feet around 6 PM on July 4th and crested at 21.48 feet on July 11th. The river fell back below flood stage on July 17th around 7 PM.,CSV
2024-07-05 00:00:00,2024-07-08 00:00:00,3 days 00:00:00,194931_1,202407,5,0,202407,13,1200,194931,1205123,IOWA,19,2024,July,Flood,C,45,CLINTON,DVN,2024-07-05 00:00:00,CST-6,2024-07-13 12:00:00,0,0,0,0,0.00K,0.00K,River/Stream Gage,Heavy Rain,3.23,SSE,LOW MOOR,1.32,SSE,LOW MOOR,41.7776,-90.2536,41.7831,-90.2533,"Rain that fell during the month of June across Minnesota and Wisconsin caused rises on the Mississippi River along the Iowa and Illinois border. Additionally, heavy rain that fell locally in July helped to prolong the crest and delay the river falling below flood stage, especially south of the Wapsipinicon, Rock, and Iowa Rivers.",The Mississippi River at Camanche rose above its major flood stage of 20.5 feet around midnight on July 5 and crested at 21.42 feet on July 9. The river fell back below major flood stage around noon on July 13th.,CSV
2024-07-05 00:00:00,2024-07-08 00:00:00,3 days 00:00:00,194931_1,202407,5,200,202407,14,500,194931,1205128,IOWA,19,2024,July,Flood,C,163,SCOTT,DVN,2024-07-05 02:00:00,CST-6,2024-07-14 05:00:00,0,0,0,0,0.00K,0.00K,River/Stream Gage,Heavy Rain,1.03,ESE,PLEASANT VLY,0.74,WSW,LE CLAIRE,41.5664,-90.4108,41.5837,-90.3521,"Rain that fell during the month of June across Minnesota and Wisconsin caused rises on the Mississippi River along the Iowa and Illinois border. Additionally, heavy rain that fell locally in July helped to prolong the crest and delay the river falling below flood stage, especially south of the Wapsipinicon, Rock, and Iowa Rivers.",The Mississippi River at Leclaire Lock and Dam 14 rose above its major flood stage of 13.5 feet around 2 AM on July 5th and crested at 14.42 feet on July 9. The river fell below major flood stage around 5 AM on the 14th.,CSV
2024-07-05 00:00:00,2024-07-08 00:00:00,3 days 00:00:00,194931_1,202407,5,1200,202407,9,200,194931,1205118,IOWA,19,2024,July,Flood,C,97,JACKSON,DVN,2024-07-05 12:00:00,CST-6,2024-07-09 02:00:00,0,0,0,0,0.00K,0.00K,River/Stream Gage,Heavy Rain,2.88,W,BELLEVUE,2.78,WSW,BELLEVUE,42.2664,-90.426,42.2537,-90.4207,"Rain that fell during the month of June across Minnesota and Wisconsin caused rises on the Mississippi River along the Iowa and Illinois border. Additionally, heavy rain that fell locally in July helped to prolong the crest and delay the river falling below flood stage, especially south of the Wapsipinicon, Rock, and Iowa Rivers.",The Mississippi River Lock and Dam 12 in Bellevue rose above its major flood stage of 20.0 feet around noon on July 5th and at 20.17 feet on July 7. The river fell back below flood stage around 2 AM on July 9.,CSV
2024-07-28 14:40:00,2024-07-28 17:00:00,0 days 02:20:00,195054_0,202407,28,1440,202407,28,1640,195054,1205753,IOWA,19,2024,July,Flash Flood,C,193,WOODBURY,FSD,2024-07-28 14:40:00,CST-6,2024-07-28 16:40:00,0,0,0,0,0.00K,0.00K,Law Enforcement,Heavy Rain,2.57,WSW,SIOUX CITY,1.17,SSW,SIOUX CITY,42.4905,-96.4288,42.4866,-96.3902,"Storms developed along a weak surface boundary within a moisture-rich environment with weak mean-layer flow. Slow moving storms produced rainfall rates of 3 to 4 inches per hour, with amounts of 3.09 inches reported by a cooperative weather observer near Wakefield and personal automated gauges and radar estimates up to 4 inches over portions of the Sioux City metro area.",Numerous manhole covers were displaced throughout the city from overwhelmed storm drain systems and the outpouring of water.,CSV
2024-07-28 14:40:00,2024-07-28 17:00:00,0 days 02:20:00,195054_0,202407,28,1500,202407,28,1700,195054,1205756,IOWA,19,2024,July,Flash Flood,C,193,WOODBURY,FSD,2024-07-28 15:00:00,CST-6,2024-07-28 17:00:00,0,0,0,0,0.00K,0.00K,Public,Heavy Rain,2.29,W,LEEDS,2.12,E,SIOUX CITY,42.5278,-96.4148,42.5016,-96.3568,"Storms developed along a weak surface boundary within a moisture-rich environment with weak mean-layer flow. Slow moving storms produced rainfall rates of 3 to 4 inches per hour, with amounts of 3.09 inches reported by a cooperative weather observer near Wakefield and personal automated gauges and radar estimates up to 4 inches over portions of the Sioux City metro area.","Several streets were flooded around the city with water ranging from curb depth to as high as the tops of tires at numerous locations. The worst flooded locations included Nicollet Street, East 23rd Street, Garretson Avenue, Hennepin Street, and Jackson Street.  Pulaski Park was also flooded.",CSV
2024-08-29 15:30:00,2024-08-29 17:00:00,0 days 01:30:00,195125_0,202408,29,1530,202408,29,1700,195125,1206192,IOWA,19,2024,August,Flash Flood,C,193,WOODBURY,FSD,2024-08-29 15:30:00,CST-6,2024-08-29 17:00:00,0,0,0,0,0.00K,0.00K,Emergency Manager,Heavy Rain,2.53,WNW,SIOUX CITY,1.32,W,SIOUX CITY,42.5191,-96.4225,42.4968,-96.4128,"Very efficient thermal profiles with a deep warm cloud layer allowed thunderstorms to produce heavy rainfall during the mid-afternoon hours.  Gauge reports from one to two inches of rain were common over the urban center of Sioux City, most of which fell within an hour.","Water was flowing 7 to 8 inches deep across roadways, disrupting travel.",CSV
2024-07-01 00:00:00,2024-07-04 00:00:00,3 days 00:00:00,195173_0,202407,1,0,202407,1,1756,195173,1206365,IOWA,19,2024,July,Flood,C,85,HARRISON,OAX,2024-07-01 00:00:00,CST-6,2024-07-01 17:56:00,0,0,0,0,0.00K,0.00K,River/Stream Gage,Heavy Rain,5.45,WNW,MONDAMIN,5.73,WNW,RIVER SIOUX,41.7411,-96.122,41.8046,-96.0653,"At the beginning of July, river flooding was still ongoing along portions of the Missouri River extending from east-central Nebraska/southwest Iowa to the southern Nebraska border. Most of the length of the river crested at the end of June, so the greatest impacts are addressed in June StormData. However, sections of I-29 and the I-29/I680 junction remained closed through the first week of July as flood waters receded. There were also riverfront properties in far southeast Nebraska that were flooded this first week of July as well.||On the morning of July 1st, a trough positioned over the Rockies ejected out into the central Plains. At the surface, a low pressure developed in the central High Plains in response to this upper level feature, with a quasi-stationary warm front draped from central Nebraska southeast into the lower Mississippi River Valley. Widespread showers and thunderstorms developed along and north of this frontal zone by the evening hours, resulting in widespread heavy rain across much of southeast Nebraska into southwest Iowa. Sporadic severe weather also occurred, primarily focused in Lincoln and surrounding areas. This included an EF-0 in Saline County and an EF-1 just southwest of Lincoln. Training thunderstorms produced flash flooding across much of the I-80 corridor between Lincoln and Omaha. A Flash Flood Emergency was issued for locations around Horseshoe Lake in Cass County due to water rapidly rising and trapping multiple people in their homes.","This is a continuation of river flooding from the end of June. River levels crested along this stretch of the Missouri at the end of June, hence flood waters were receding by this time. As such, the greatest impacts were felt in June (and discussed in the June entry for StormData). For the first part of July while flood waters continued to recede, continued impacts were felt in the form of residual flooding in low-lying areas of roads, trails, and riverfront properties. Any property damages associated with this event are in June StormData to coincide with when the river crested. As such, have set damages for this entry to zero.",CSV
2024-07-01 00:00:00,2024-07-04 00:00:00,3 days 00:00:00,195173_0,202407,1,0,202407,3,1401,195173,1206367,IOWA,19,2024,July,Flood,C,155,POTTAWATTAMIE,OAX,2024-07-01 00:00:00,CST-6,2024-07-03 14:01:00,0,0,0,0,0.00K,0.00K,River/Stream Gage,Heavy Rain,6.42,WNW,GRABLE,5.53,NW,GRABLE,41.4976,-96.0384,41.5051,-95.9642,"At the beginning of July, river flooding was still ongoing along portions of the Missouri River extending from east-central Nebraska/southwest Iowa to the southern Nebraska border. Most of the length of the river crested at the end of June, so the greatest impacts are addressed in June StormData. However, sections of I-29 and the I-29/I680 junction remained closed through the first week of July as flood waters receded. There were also riverfront properties in far southeast Nebraska that were flooded this first week of July as well.||On the morning of July 1st, a trough positioned over the Rockies ejected out into the central Plains. At the surface, a low pressure developed in the central High Plains in response to this upper level feature, with a quasi-stationary warm front draped from central Nebraska southeast into the lower Mississippi River Valley. Widespread showers and thunderstorms developed along and north of this frontal zone by the evening hours, resulting in widespread heavy rain across much of southeast Nebraska into southwest Iowa. Sporadic severe weather also occurred, primarily focused in Lincoln and surrounding areas. This included an EF-0 in Saline County and an EF-1 just southwest of Lincoln. Training thunderstorms produced flash flooding across much of the I-80 corridor between Lincoln and Omaha. A Flash Flood Emergency was issued for locations around Horseshoe Lake in Cass County due to water rapidly rising and trapping multiple people in their homes.","This is a continuation of river flooding from the end of June. River levels crested along this stretch of the Missouri at the end of June, hence flood waters were receding by this time. As such, the greatest impacts were felt in June (and discussed in the June entry for StormData). For the first part of July while flood waters continued to recede, continued impacts were felt in the form of residual flooding in low-lying areas of roads, trails, and riverfront properties. Large stretches of Interstate 29 and I-680 were reopened at 2 pm CDT on 7/3 by the Iowa DOT. Damage amounts can be found in June StormData.",CSV
2024-07-01 00:00:00,2024-07-04 00:00:00,3 days 00:00:00,195173_0,202407,1,0,202407,5,107,195173,1206372,IOWA,19,2024,July,Flood,C,129,MILLS,OAX,2024-07-01 00:00:00,CST-6,2024-07-05 01:07:00,0,0,0,0,0.00K,0.00K,River/Stream Gage,Heavy Rain,5.75,NW,FOLSOM,3.98,NNW,FOLSOM,41.16,-95.8966,41.1584,-95.8516,"At the beginning of July, river flooding was still ongoing along portions of the Missouri River extending from east-central Nebraska/southwest Iowa to the southern Nebraska border. Most of the length of the river crested at the end of June, so the greatest impacts are addressed in June StormData. However, sections of I-29 and the I-29/I680 junction remained closed through the first week of July as flood waters receded. There were also riverfront properties in far southeast Nebraska that were flooded this first week of July as well.||On the morning of July 1st, a trough positioned over the Rockies ejected out into the central Plains. At the surface, a low pressure developed in the central High Plains in response to this upper level feature, with a quasi-stationary warm front draped from central Nebraska southeast into the lower Mississippi River Valley. Widespread showers and thunderstorms developed along and north of this frontal zone by the evening hours, resulting in widespread heavy rain across much of southeast Nebraska into southwest Iowa. Sporadic severe weather also occurred, primarily focused in Lincoln and surrounding areas. This included an EF-0 in Saline County and an EF-1 just southwest of Lincoln. Training thunderstorms produced flash flooding across much of the I-80 corridor between Lincoln and Omaha. A Flash Flood Emergency was issued for locations around Horseshoe Lake in Cass County due to water rapidly rising and trapping multiple people in their homes.","This is a continuation of river flooding from the end of June. River levels crested along this stretch of the Missouri at the end of June, hence flood waters were receding by this time. As such, the greatest impacts were felt in June (and discussed in the June entry for StormData). For the first part of July while flood waters continued to recede, continued impacts were felt in the form of residual flooding in low-lying areas of roads, trails, and riverfront properties. Damage amounts can be found in June StormData.",CSV
2024-07-01 00:00:00,2024-07-04 00:00:00,3 days 00:00:00,195173_0,202407,1,0,202407,6,800,195173,1206377,IOWA,19,2024,July,Flood,C,71,FREMONT,OAX,2024-07-01 00:00:00,CST-6,2024-07-06 08:00:00,0,0,0,0,0.00K,0.00K,River/Stream Gage,Heavy Rain,4.16,WNW,BARTLETT,5.51,NNW,BARTLETT,40.9077,-95.8507,40.9161,-95.7995,"At the beginning of July, river flooding was still ongoing along portions of the Missouri River extending from east-central Nebraska/southwest Iowa to the southern Nebraska border. Most of the length of the river crested at the end of June, so the greatest impacts are addressed in June StormData. However, sections of I-29 and the I-29/I680 junction remained closed through the first week of July as flood waters receded. There were also riverfront properties in far southeast Nebraska that were flooded this first week of July as well.||On the morning of July 1st, a trough positioned over the Rockies ejected out into the central Plains. At the surface, a low pressure developed in the central High Plains in response to this upper level feature, with a quasi-stationary warm front draped from central Nebraska southeast into the lower Mississippi River Valley. Widespread showers and thunderstorms developed along and north of this frontal zone by the evening hours, resulting in widespread heavy rain across much of southeast Nebraska into southwest Iowa. Sporadic severe weather also occurred, primarily focused in Lincoln and surrounding areas. This included an EF-0 in Saline County and an EF-1 just southwest of Lincoln. Training thunderstorms produced flash flooding across much of the I-80 corridor between Lincoln and Omaha. A Flash Flood Emergency was issued for locations around Horseshoe Lake in Cass County due to water rapidly rising and trapping multiple people in their homes.","This is a continuation of river flooding from the end of June. River levels crested along this stretch of the Missouri at the end of June, hence flood waters were receding by this time. As such, the greatest impacts were felt in June (and discussed in the June entry for StormData). For the first part of July while flood waters continued to recede, continued impacts were felt in the form of residual flooding in low-lying areas of roads, trails, and riverfront properties. Damage amounts can be found in June StormData.",CSV
2025-04-20 18:31:00,2025-04-20 23:13:00,0 days 04:42:00,202052_0,202504,20,1831,202504,20,2313,202052,1255439,IOWA,19,2025,April,Flash Flood,C,113,LINN,DVN,2025-04-20 18:31:00,CST-6,2025-04-20 23:13:00,0,0,0,0,0.00K,0.00K,Public,Heavy Rain,2.92,SE,COVINGTON,2.96,SE,COVINGTON,41.97,-91.73,41.97,-91.7304,"A line of severe thunderstorms lifted north northeastward along the Mississippi River through the Quad Cites with an area of trailing stratiform rainfall behind it. There were scattered reports of thunderstorm wind damage in the counties along the Mississippi River. A microburst occurred near West Burlington that caused damage to  a DOT Shet and broke several power poles. An NWS Storm Survey team found damage in this area consistent with wind speeds of 80 to 90 mph. In addition to the severe thunderstorms, heavy rainfall of 2 to 3 inches fell across western Johnson and southwest Linn Counties. This led to reports of flash flooding in western Cedar Rapids, Hiawatha, and Marion.",A public report of street flooding.,CSV
2025-04-20 18:31:00,2025-04-20 23:13:00,0 days 04:42:00,202052_0,202504,20,1852,202504,20,2313,202052,1255440,IOWA,19,2025,April,Flash Flood,C,113,LINN,DVN,2025-04-20 18:52:00,CST-6,2025-04-20 23:13:00,0,0,0,0,0.00K,0.00K,Trained Spotter,Heavy Rain,1.04,SE,HIAWATHA,0.97,SE,HIAWATHA,42.0204,-91.6644,42.0213,-91.6651,"A line of severe thunderstorms lifted north northeastward along the Mississippi River through the Quad Cites with an area of trailing stratiform rainfall behind it. There were scattered reports of thunderstorm wind damage in the counties along the Mississippi River. A microburst occurred near West Burlington that caused damage to  a DOT Shet and broke several power poles. An NWS Storm Survey team found damage in this area consistent with wind speeds of 80 to 90 mph. In addition to the severe thunderstorms, heavy rainfall of 2 to 3 inches fell across western Johnson and southwest Linn Counties. This led to reports of flash flooding in western Cedar Rapids, Hiawatha, and Marion.",A trained spotter reported that a creek was flowing out of its banks along Center Point road near Interstate 380. They also submitted photos of the flooded creek.  Rainfall reports around the area ranged from 2 to 3 inches.,CSV
2025-04-20 18:31:00,2025-04-20 23:13:00,0 days 04:42:00,202052_0,202504,20,1916,202504,20,2311,202052,1255441,IOWA,19,2025,April,Flash Flood,C,113,LINN,DVN,2025-04-20 19:16:00,CST-6,2025-04-20 23:11:00,0,0,0,0,0.00K,0.00K,Public,Heavy Rain,1.38,N,MARION,1.38,N,MARION,42.05,-91.6,42.0499,-91.6,"A line of severe thunderstorms lifted north northeastward along the Mississippi River through the Quad Cites with an area of trailing stratiform rainfall behind it. There were scattered reports of thunderstorm wind damage in the counties along the Mississippi River. A microburst occurred near West Burlington that caused damage to  a DOT Shet and broke several power poles. An NWS Storm Survey team found damage in this area consistent with wind speeds of 80 to 90 mph. In addition to the severe thunderstorms, heavy rainfall of 2 to 3 inches fell across western Johnson and southwest Linn Counties. This led to reports of flash flooding in western Cedar Rapids, Hiawatha, and Marion.",,CSV
2025-04-20 18:31:00,2025-04-20 23:13:00,0 days 04:42:00,202052_0,202504,20,1941,202504,20,2311,202052,1255442,IOWA,19,2025,April,Flash Flood,C,113,LINN,DVN,2025-04-20 19:41:00,CST-6,2025-04-20 23:11:00,0,0,0,0,0.00K,0.00K,Public,Heavy Rain,1.24,SW,MARION,1.21,WSW,MARION,42.02,-91.62,42.0201,-91.6205,"A line of severe thunderstorms lifted north northeastward along the Mississippi River through the Quad Cites with an area of trailing stratiform rainfall behind it. There were scattered reports of thunderstorm wind damage in the counties along the Mississippi River. A microburst occurred near West Burlington that caused damage to  a DOT Shet and broke several power poles. An NWS Storm Survey team found damage in this area consistent with wind speeds of 80 to 90 mph. In addition to the severe thunderstorms, heavy rainfall of 2 to 3 inches fell across western Johnson and southwest Linn Counties. This led to reports of flash flooding in western Cedar Rapids, Hiawatha, and Marion.",,CSV
2025-05-20 14:00:00,2025-05-20 16:10:00,0 days 02:10:00,202522_0,202505,20,1400,202505,20,1610,202522,1259733,IOWA,19,2025,May,Flash Flood,C,139,MUSCATINE,DVN,2025-05-20 14:00:00,CST-6,2025-05-20 16:10:00,0,0,0,0,0.00K,0.00K,911 Call Center,Heavy Rain,0.86,NW,SWEETLAND CENTER,0.68,NW,SWEETLAND CENTER,41.51,-90.99,41.5089,-90.9958,A surface low with an attendant warm front moved across eastern Iowa into northwest Illinois.  This low system brought widespread showers and thunderstorms to the area. Overall widespread rainfall of 1 to 3 inches fell. This resulted in flash flooding in parts of the cities of Muscatine and Cedar Rapids.  There was also a funnel cloud reported in Cedar Rapids.,Muscatine County 911 Dispatch Center reported standing water at the 2900 block of 155th Street.,CSV
2025-05-20 14:00:00,2025-05-20 16:10:00,0 days 02:10:00,202522_0,202505,20,1413,202505,20,1513,202522,1259737,IOWA,19,2025,May,Flood,C,113,LINN,DVN,2025-05-20 14:13:00,CST-6,2025-05-20 15:13:00,0,0,0,0,0.00K,0.00K,Public,Heavy Rain,1.69,WNW,MARION,1.64,WNW,MARION,42.04,-91.63,42.0397,-91.63,A surface low with an attendant warm front moved across eastern Iowa into northwest Illinois.  This low system brought widespread showers and thunderstorms to the area. Overall widespread rainfall of 1 to 3 inches fell. This resulted in flash flooding in parts of the cities of Muscatine and Cedar Rapids.  There was also a funnel cloud reported in Cedar Rapids.,A public report of standing water via MPING.  Rainfall reports show that 1 to 3 inches of rain fell across the area.,CSV
2025-06-02 19:00:00,2025-06-03 03:00:00,0 days 08:00:00,202718_0,202506,2,1900,202506,3,300,202718,1261559,IOWA,19,2025,June,Flood,C,167,SIOUX,FSD,2025-06-02 19:00:00,CST-6,2025-06-03 03:00:00,0,0,0,0,0.00K,0.00K,River/Stream Gage,Heavy Rain,4.27,NE,ROCK VLY,5.34,NE,ROCK VLY,43.25,-96.25,43.24,-96.25,"Locally heavy rainfall from thunderstorms resulted in quick, but brief rises on smaller creeks and streams in the immediate area. These elevated levels quickly fell back below flood stage as water moved downstream.","Burr Oak Creek above Perkins rose above flood stage the evening of June 2nd, cresting around 2.09 feet above flood stage (18.09 feet) on June 3rd. This crest is in the Moderate category. The river then quickly fell below flood stage on the morning on June 3rd.",CSV
2025-06-25 17:30:00,2025-06-25 20:30:00,0 days 03:00:00,204312_0,202506,25,1730,202506,25,2030,204312,1273331,IOWA,19,2025,June,Flash Flood,C,197,WRIGHT,DMX,2025-06-25 17:30:00,CST-6,2025-06-25 20:30:00,0,0,0,0,0.00K,0.00K,Emergency Manager,Heavy Rain,3.8,WSW,OLAF,3.67,WSW,OLAF,42.86,-93.79,42.861,-93.7842,"Much of Iowa was within the warm, moist sector with a boundary across far southern Iowa. With afternoon clearing, temperatures warmed into the 90s with dewpoints in the 70s. This resulted in increasingly unstable conditions with MLCAPE of 2000-3000+ J/kg. Despite the instability, weak shear prevented more organized thunderstorm development, reducing the severe threat. Even so, a storm near Clarion gusted to 50 kts. Warm cloud depths and high PWATS exceeding two inches resulted in another day with efficient rain production. A band of rain across north central Iowa produced three to four inches of rain, resulting in road closures to to flash flooding.",Paved county road closed due to flooding.,CSV
2025-08-10 04:12:00,2025-08-10 11:00:00,0 days 06:48:00,204326_0,202508,10,412,202508,10,600,204326,1273412,IOWA,19,2025,August,Flash Flood,C,139,MUSCATINE,DVN,2025-08-10 04:12:00,CST-6,2025-08-10 06:00:00,0,0,0,0,0.00K,0.00K,Amateur Radio,Heavy Rain,2.73,N,MUSCATINE,2.92,NNE,MUSCATINE,41.4588,-91.0402,41.4312,-91.041,"Multiple rounds of thunderstorms tracked across the area early Sunday August 10th, bringing very heavy rain, frequent lightning, and some localized gusty winds. Rainfall rates over 2/hr on top of saturated ground caused flash flooding with water over roadways and creeks overflowing. Late afternoon and evening storms brought more heavy rain and three brief tornadoes in Lee county in Iowa and Clark county in Missouri.  No damage was reported or seen with these tornadoes.",Reports received that the 700 block of Lake Park Blvd is flooded and  impassable. Several other streets flooded.,CSV
2025-08-10 04:12:00,2025-08-10 11:00:00,0 days 06:48:00,204326_0,202508,10,550,202508,10,800,204326,1273413,IOWA,19,2025,August,Flash Flood,C,139,MUSCATINE,DVN,2025-08-10 05:50:00,CST-6,2025-08-10 08:00:00,0,0,0,0,0.00K,0.00K,Public,Heavy Rain,1.55,W,STOCKTON,2.14,WNW,STOCKTON,41.58,-90.9,41.5913,-90.9328,"Multiple rounds of thunderstorms tracked across the area early Sunday August 10th, bringing very heavy rain, frequent lightning, and some localized gusty winds. Rainfall rates over 2/hr on top of saturated ground caused flash flooding with water over roadways and creeks overflowing. Late afternoon and evening storms brought more heavy rain and three brief tornadoes in Lee county in Iowa and Clark county in Missouri.  No damage was reported or seen with these tornadoes.",Creeks out of their banks and trees washing out across road. Water in basements in  Durant.,CSV
2025-08-10 04:12:00,2025-08-10 11:00:00,0 days 06:48:00,204326_0,202508,10,648,202508,10,730,204326,1273415,IOWA,19,2025,August,Flash Flood,C,163,SCOTT,DVN,2025-08-10 06:48:00,CST-6,2025-08-10 07:30:00,0,0,0,0,0.00K,0.00K,Law Enforcement,Heavy Rain,0.69,N,PLAINVIEW,0.46,ENE,PLAINVIEW,41.68,-90.8,41.675,-90.7839,"Multiple rounds of thunderstorms tracked across the area early Sunday August 10th, bringing very heavy rain, frequent lightning, and some localized gusty winds. Rainfall rates over 2/hr on top of saturated ground caused flash flooding with water over roadways and creeks overflowing. Late afternoon and evening storms brought more heavy rain and three brief tornadoes in Lee county in Iowa and Clark county in Missouri.  No damage was reported or seen with these tornadoes.",Significant water was over the highway at New  Liberty Road and 50th. This water had subsided before 10 AM.,CSV
2025-08-10 04:12:00,2025-08-10 11:00:00,0 days 06:48:00,204326_0,202508,10,717,202508,10,830,204326,1273416,IOWA,19,2025,August,Flash Flood,C,113,LINN,DVN,2025-08-10 07:17:00,CST-6,2025-08-10 08:30:00,0,0,0,0,0.00K,0.00K,Law Enforcement,Heavy Rain,1.54,NE,CEDAR RAPIDS,1.53,WSW,MARION,42.0179,-91.6322,42.0221,-91.6271,"Multiple rounds of thunderstorms tracked across the area early Sunday August 10th, bringing very heavy rain, frequent lightning, and some localized gusty winds. Rainfall rates over 2/hr on top of saturated ground caused flash flooding with water over roadways and creeks overflowing. Late afternoon and evening storms brought more heavy rain and three brief tornadoes in Lee county in Iowa and Clark county in Missouri.  No damage was reported or seen with these tornadoes.",Water reported over 1st Ave and 40th. Vehicles were unable to pass through due to water depth. Time was provided by Law Enforcement.,CSV
2025-08-10 04:12:00,2025-08-10 11:00:00,0 days 06:48:00,204326_0,202508,10,730,202508,10,1100,204326,1273417,IOWA,19,2025,August,Flash Flood,C,61,DUBUQUE,DVN,2025-08-10 07:30:00,CST-6,2025-08-10 11:00:00,0,0,0,0,0.00K,0.00K,Emergency Manager,Heavy Rain,4.42,SSW,PEOSTA,4.02,SE,PEOSTA,42.39,-90.88,42.4419,-90.8424,"Multiple rounds of thunderstorms tracked across the area early Sunday August 10th, bringing very heavy rain, frequent lightning, and some localized gusty winds. Rainfall rates over 2/hr on top of saturated ground caused flash flooding with water over roadways and creeks overflowing. Late afternoon and evening storms brought more heavy rain and three brief tornadoes in Lee county in Iowa and Clark county in Missouri.  No damage was reported or seen with these tornadoes.","Whitewater creek completely out of its banks  at Timberline golf course. Low areas of golf  course flooded. Most creeks full or  overflowing in southern Dubuque county. Swiss Valley Nature Reserve campground flooded and evacuated, due to flooding on Catfish Creek.  Reported 6.50 inches of rain just southeast of Peosta, Iowa.",CSV
2025-08-15 16:35:00,2025-08-15 18:00:00,0 days 01:25:00,204583_0,202508,15,1635,202508,15,1800,204583,1275211,IOWA,19,2025,August,Flash Flood,C,11,BENTON,DVN,2025-08-15 16:35:00,CST-6,2025-08-15 18:00:00,0,0,0,0,0.00K,0.00K,Law Enforcement,Heavy Rain,0.51,E,VINTON,0.67,SSE,VINTON,42.17,-92.02,42.1659,-92.0286,"Hot weather resulted in daily episodes of clusters of storms with damaging winds, isolated hail, and some areas of flash flooding from August 12 through August 18th.  The most widespread activity occurred August 15th, and 18th, when several lines of storms moved through the area.",Car stalled on Iowa Highway 150 on north side of Vinton. Video from news reports shows significant standing water near homes. Time estimated.,CSV
2025-06-29 10:00:00,2025-06-29 13:30:00,0 days 03:30:00,204708_0,202506,29,1000,202506,29,1330,204708,1276259,IOWA,19,2025,June,Flash Flood,C,53,DECATUR,DMX,2025-06-29 10:00:00,CST-6,2025-06-29 13:30:00,0,0,0,0,0.00K,0.00K,Emergency Manager,Heavy Rain,1.81,NNW,LEON,2.87,SW,LEON,40.7556,-93.7375,40.7241,-93.7366,"On the morning of June 29th robust thunderstorms set up across Decatur county, part of a larger system that dropped across South Dakota and Nebraska into Iowa and merging with convection out of Missouri with increasing moisture convergence. All the ingredients for heavy, efficient rain was in place. PWATs exceeded two inches with deep warm cloud layers and very slow mean flow under 15 kts. This resulted in pockets of heavy rain, including over Decatur Iowa where three inches of rain fell in an hour. This heavy rain resulted in a number of road closures in town and water flowing through streets at about mid rim on cars in the flood waters.","Heavy rain occurred over the area with over 3 inches in an hour. This resulted in a number of flooded roads in town, with water actively flowing at mid rim height on vehicles in flood waters. Impacts were largely confined to town which lies lower that surroundings area. Highway 69, coming into town from the north, had water over it for a time but this remained minor enough that a road closure was not needed.",CSV
2025-06-02 17:00:00,2025-06-02 18:40:00,0 days 01:40:00,204939_0,202506,2,1700,202506,2,1840,204939,1278631,IOWA,19,2025,June,Flash Flood,C,167,SIOUX,FSD,2025-06-02 17:00:00,CST-6,2025-06-02 18:40:00,0,0,0,0,0.00K,0.00K,Law Enforcement,Heavy Rain,2.49,N,HULL,3.35,N,HULL,43.2155,-96.1782,43.2135,-96.178,"Scattered strong to severe thunderstorms developed late afternoon along a slow-moving frontal boundary. Even with fairly weak deep-layer shear, strong instability resulted in large hail. Drier air and advancing cold pools later in development produced spotty damaging winds. High moisture content and slowly progressing storms also produced some locally heavy rainfall with rates briefly from 3 to 5 inches per hour.","Torrential rainfall over a one to two hour period led to flash flooding of small creeks which inundated several roads to the north and northwest of Hull.  Rapidly flowing water was more than a foot deep at U.S. Highway 75 at 300th Street, with travel not recommended for many areas around Hull.",CSV
2025-07-03 18:00:00,2025-07-03 21:38:00,0 days 03:38:00,205243_0,202507,3,1800,202507,3,2138,205243,1280577,IOWA,19,2025,July,Flash Flood,C,61,DUBUQUE,DVN,2025-07-03 18:00:00,CST-6,2025-07-03 21:38:00,0,0,0,0,0.00K,0.00K,Emergency Manager,Heavy Rain,4.42,SSW,PEOSTA,4.4,SSW,PEOSTA,42.39,-90.88,42.388,-90.8807,"On July 3rd, thunderstorms developed during the late afternoon and into the evening. Some of these storms became severe and produced large hail and damaging winds in Delaware, Dubuque, and Jones Counties. These storms also produced heavy rainfall that led to flash flooding along a creek in a golf course south of Peosta, Iowa.",Emergency Manager reported damage to a bridge and another bridge washed out at the Timberline Golf Course. The Emergency Manager estimated the time of the report.,CSV
2025-07-08 13:58:00,2025-07-08 15:27:00,0 days 01:29:00,205251_0,202507,8,1358,202507,8,1527,205251,1280589,IOWA,19,2025,July,Flash Flood,C,163,SCOTT,DVN,2025-07-08 13:58:00,CST-6,2025-07-08 15:27:00,0,0,0,0,0.00K,0.00K,Law Enforcement,Heavy Rain,1.69,ENE,SCOTT COUNTY PARK,2.23,ENE,SCOTT COUNTY PARK,41.73,-90.5,41.7273,-90.5004,"During the afternoon of July 8th, scattered showers and thunderstorms developed across eastern Iowa. These storms were slow moving and produced heavy rainfall of 1 to 4 inches of rain northeast Scott County leading to flash flooding.",Law Enforcement reported that deep water and mud were over the road and caused a vehicle to be stranded and stuck in the mud.,CSV
2025-07-08 13:58:00,2025-07-08 15:27:00,0 days 01:29:00,205251_0,202507,8,1400,202507,8,1527,205251,1280590,IOWA,19,2025,July,Flash Flood,C,163,SCOTT,DVN,2025-07-08 14:00:00,CST-6,2025-07-08 15:27:00,0,0,0,0,0.00K,0.00K,NWS Employee,Heavy Rain,0.0,N,GAMBRILL,0.24,S,GAMBRILL,41.75,-90.55,41.7491,-90.5499,"During the afternoon of July 8th, scattered showers and thunderstorms developed across eastern Iowa. These storms were slow moving and produced heavy rainfall of 1 to 4 inches of rain northeast Scott County leading to flash flooding.",A retired NWS Employee reported water a foot deep or more over the road with current. The time of the event was estimated using radar.,CSV
2025-07-10 18:20:00,2025-07-10 23:21:00,0 days 05:01:00,205257_0,202507,10,1820,202507,10,2030,205257,1281714,IOWA,19,2025,July,Flash Flood,C,61,DUBUQUE,DVN,2025-07-10 18:20:00,CST-6,2025-07-10 20:30:00,0,0,0,0,0.00K,0.00K,Emergency Manager,Heavy Rain,0.69,N,DUBUQUE,1.0,S,DUBUQUE,42.51,-90.67,42.4938,-90.6695,"During the evening of July 10th, a line of thunderstorms developed and moved across eastern Iowa.  These storms produced isolated large hail and damaging wind gusts in Johnson and Clinton Counties. Based on a video, an EF-U tornado occurred in Jackson county. These storms also produced heavy rain, mainly along and north of interstate 80. Rainfall amounts of 2 to 4.50 inches were reported  across the area.  This rain led to flash flooding in Clinton, Dubuque, Davenport near the Mississippi River and Sabula.","The Emergency Manager reports street flooding through parts of  the downtown area, with a car stranded in  water near the 17th and Locust Street  interchange. Creeks in the area are also  near bankful. Waters are slowly starting to recede as the rain ended.",CSV
2025-07-10 18:20:00,2025-07-10 23:21:00,0 days 05:01:00,205257_0,202507,10,1920,202507,10,2301,205257,1281717,IOWA,19,2025,July,Flash Flood,C,45,CLINTON,DVN,2025-07-10 19:20:00,CST-6,2025-07-10 23:01:00,0,0,0,0,0.00K,0.00K,Trained Spotter,Heavy Rain,2.95,NNE,CLINTON,2.98,NNE,CLINTON,41.87,-90.18,41.8623,-90.1831,"During the evening of July 10th, a line of thunderstorms developed and moved across eastern Iowa.  These storms produced isolated large hail and damaging wind gusts in Johnson and Clinton Counties. Based on a video, an EF-U tornado occurred in Jackson county. These storms also produced heavy rain, mainly along and north of interstate 80. Rainfall amounts of 2 to 4.50 inches were reported  across the area.  This rain led to flash flooding in Clinton, Dubuque, Davenport near the Mississippi River and Sabula.",A trained spotter reported xix inches of flowing water on multiple  roads. It is difficult for vehicles to drive in.,CSV
2025-07-10 18:20:00,2025-07-10 23:21:00,0 days 05:01:00,205257_0,202507,10,1946,202507,10,2301,205257,1281720,IOWA,19,2025,July,Flash Flood,C,45,CLINTON,DVN,2025-07-10 19:46:00,CST-6,2025-07-10 23:01:00,0,0,0,0,0.00K,0.00K,Trained Spotter,Heavy Rain,2.14,NNE,CLINTON,2.18,NNE,CLINTON,41.86,-90.19,41.8637,-90.1867,"During the evening of July 10th, a line of thunderstorms developed and moved across eastern Iowa.  These storms produced isolated large hail and damaging wind gusts in Johnson and Clinton Counties. Based on a video, an EF-U tornado occurred in Jackson county. These storms also produced heavy rain, mainly along and north of interstate 80. Rainfall amounts of 2 to 4.50 inches were reported  across the area.  This rain led to flash flooding in Clinton, Dubuque, Davenport near the Mississippi River and Sabula.",A trained spotter relayed a report of 1 to 2 feet of standing water  along 16th Avenue N in Clinton.,CSV
2025-07-10 18:20:00,2025-07-10 23:21:00,0 days 05:01:00,205257_0,202507,10,2130,202507,10,2321,205257,1281724,IOWA,19,2025,July,Flash Flood,C,163,SCOTT,DVN,2025-07-10 21:30:00,CST-6,2025-07-10 23:21:00,0,0,0,0,0.00K,0.00K,Emergency Manager,Heavy Rain,0.86,SW,DAVENPORT,0.9,SW,DAVENPORT,41.52,-90.59,41.5216,-90.5902,"During the evening of July 10th, a line of thunderstorms developed and moved across eastern Iowa.  These storms produced isolated large hail and damaging wind gusts in Johnson and Clinton Counties. Based on a video, an EF-U tornado occurred in Jackson county. These storms also produced heavy rain, mainly along and north of interstate 80. Rainfall amounts of 2 to 4.50 inches were reported  across the area.  This rain led to flash flooding in Clinton, Dubuque, Davenport near the Mississippi River and Sabula.","The Emergency Manager relayed reports of 2 to 3 feet of water through  several streets of Davenport, specifically  around the River Drive and 2nd Street area.  Within that area, there are cars that are  stranded in the water, with reports of water rescues ongoing.",CSV
2025-07-10 18:20:00,2025-07-10 23:21:00,0 days 05:01:00,205257_0,202507,10,2153,202507,10,2301,205257,1281725,IOWA,19,2025,July,Flash Flood,C,97,JACKSON,DVN,2025-07-10 21:53:00,CST-6,2025-07-10 23:01:00,0,0,0,0,0.00K,0.00K,State Official,Heavy Rain,0.0,N,SABULA,0.5,NW,SABULA,42.07,-90.17,42.0741,-90.1781,"During the evening of July 10th, a line of thunderstorms developed and moved across eastern Iowa.  These storms produced isolated large hail and damaging wind gusts in Johnson and Clinton Counties. Based on a video, an EF-U tornado occurred in Jackson county. These storms also produced heavy rain, mainly along and north of interstate 80. Rainfall amounts of 2 to 4.50 inches were reported  across the area.  This rain led to flash flooding in Clinton, Dubuque, Davenport near the Mississippi River and Sabula.",Jackson county 911 relayed a report of flash flood  damage in the town of Sabula. Sabula fire department was reportedly pumping water out of houses.,CSV
2025-07-11 14:49:00,2025-07-12 04:00:00,0 days 13:11:00,205435_0,202507,11,1449,202507,11,2355,205435,1282016,IOWA,19,2025,July,Flash Flood,C,19,BUCHANAN,DVN,2025-07-11 14:49:00,CST-6,2025-07-11 23:55:00,0,0,0,0,0.00K,0.00K,Public,Heavy Rain,1.02,W,INDEPENDENCE,0.23,WSW,INDEPENDENCE,42.47,-91.9,42.4666,-91.8992,"On July 11th, a line of severe thunderstorms moved across eastern Iowa and produced damaging straight-line winds, tornadoes and heavy rain. Rainfall totals of 2 to 4 inches fell in a few hours across the Quad Cities, on top of heavy rain from the previous night and caused major flash flooding in Davenport. A Considerable Flash Flood warning was issued at 5:26 PM followed by a Flash Flood Emergency at 6:16 PM.",A public report of flash flooding in Independence.,CSV
2025-07-11 14:49:00,2025-07-12 04:00:00,0 days 13:11:00,205435_0,202507,11,1452,202507,11,2355,205435,1282017,IOWA,19,2025,July,Flash Flood,C,11,BENTON,DVN,2025-07-11 14:52:00,CST-6,2025-07-11 23:55:00,0,0,0,0,0.00K,0.00K,Trained Spotter,Heavy Rain,0.78,WNW,VINTON,1.19,WSW,VINTON,42.1723,-92.045,42.1643,-92.0447,"On July 11th, a line of severe thunderstorms moved across eastern Iowa and produced damaging straight-line winds, tornadoes and heavy rain. Rainfall totals of 2 to 4 inches fell in a few hours across the Quad Cities, on top of heavy rain from the previous night and caused major flash flooding in Davenport. A Considerable Flash Flood warning was issued at 5:26 PM followed by a Flash Flood Emergency at 6:16 PM.",A trained spotter reported street flooding in Vinton.,CSV
2025-07-11 14:49:00,2025-07-12 04:00:00,0 days 13:11:00,205435_0,202507,11,1511,202507,11,2355,205435,1282018,IOWA,19,2025,July,Flash Flood,C,19,BUCHANAN,DVN,2025-07-11 15:11:00,CST-6,2025-07-11 23:55:00,0,0,0,0,0.00K,0.00K,Public,Heavy Rain,0.86,NW,INDEPENDENCE,0.94,NW,INDEPENDENCE,42.48,-91.89,42.4787,-91.8899,"On July 11th, a line of severe thunderstorms moved across eastern Iowa and produced damaging straight-line winds, tornadoes and heavy rain. Rainfall totals of 2 to 4 inches fell in a few hours across the Quad Cities, on top of heavy rain from the previous night and caused major flash flooding in Davenport. A Considerable Flash Flood warning was issued at 5:26 PM followed by a Flash Flood Emergency at 6:16 PM.",A public report of flash flooding in Vinton.,CSV
2025-07-11 14:49:00,2025-07-12 04:00:00,0 days 13:11:00,205435_0,202507,11,1600,202507,12,400,205435,1282020,IOWA,19,2025,July,Flash Flood,C,61,DUBUQUE,DVN,2025-07-11 16:00:00,CST-6,2025-07-12 04:00:00,0,0,0,0,0.00K,0.00K,Trained Spotter,Heavy Rain,0.86,SW,ASBURY,0.61,SW,ASBURY,42.51,-90.76,42.5094,-90.7603,"On July 11th, a line of severe thunderstorms moved across eastern Iowa and produced damaging straight-line winds, tornadoes and heavy rain. Rainfall totals of 2 to 4 inches fell in a few hours across the Quad Cities, on top of heavy rain from the previous night and caused major flash flooding in Davenport. A Considerable Flash Flood warning was issued at 5:26 PM followed by a Flash Flood Emergency at 6:16 PM.",A trained spotter reported that water was curb deep across the entire road with storm sewers not keeping up with the heavy rain.,CSV
2025-07-11 14:49:00,2025-07-12 04:00:00,0 days 13:11:00,205435_0,202507,11,1615,202507,11,1615,205435,1282021,IOWA,19,2025,July,Flash Flood,C,19,BUCHANAN,DVN,2025-07-11 16:15:00,CST-6,2025-07-11 16:15:00,0,0,0,0,0.00K,0.00K,Trained Spotter,Heavy Rain,0.51,W,INDEPENDENCE,0.42,WSW,INDEPENDENCE,42.47,-91.89,42.4684,-91.8898,"On July 11th, a line of severe thunderstorms moved across eastern Iowa and produced damaging straight-line winds, tornadoes and heavy rain. Rainfall totals of 2 to 4 inches fell in a few hours across the Quad Cities, on top of heavy rain from the previous night and caused major flash flooding in Davenport. A Considerable Flash Flood warning was issued at 5:26 PM followed by a Flash Flood Emergency at 6:16 PM.",A trained spotter reported that water was halfway up on tires on cars.,CSV
2025-07-11 14:49:00,2025-07-12 04:00:00,0 days 13:11:00,205435_0,202507,11,1625,202507,12,400,205435,1282022,IOWA,19,2025,July,Flash Flood,C,61,DUBUQUE,DVN,2025-07-11 16:25:00,CST-6,2025-07-12 04:00:00,0,0,0,0,0.00K,0.00K,Trained Spotter,Heavy Rain,0.69,N,DUBUQUE,0.6,N,DUBUQUE,42.51,-90.67,42.5078,-90.6707,"On July 11th, a line of severe thunderstorms moved across eastern Iowa and produced damaging straight-line winds, tornadoes and heavy rain. Rainfall totals of 2 to 4 inches fell in a few hours across the Quad Cities, on top of heavy rain from the previous night and caused major flash flooding in Davenport. A Considerable Flash Flood warning was issued at 5:26 PM followed by a Flash Flood Emergency at 6:16 PM.",Water up to the bumpers on cars at the intersection of 17th and Locus streets.,CSV
2025-07-11 14:49:00,2025-07-12 04:00:00,0 days 13:11:00,205435_0,202507,11,1645,202507,12,400,205435,1282025,IOWA,19,2025,July,Flash Flood,C,61,DUBUQUE,DVN,2025-07-11 16:45:00,CST-6,2025-07-12 04:00:00,0,0,0,0,0.00K,0.00K,Law Enforcement,Heavy Rain,2.57,SE,SAGEVILLE,2.24,N,CENTER GROVE,42.54,-90.69,42.5363,-90.6946,"On July 11th, a line of severe thunderstorms moved across eastern Iowa and produced damaging straight-line winds, tornadoes and heavy rain. Rainfall totals of 2 to 4 inches fell in a few hours across the Quad Cities, on top of heavy rain from the previous night and caused major flash flooding in Davenport. A Considerable Flash Flood warning was issued at 5:26 PM followed by a Flash Flood Emergency at 6:16 PM.",Law Enforcement Officer reported water of over a foot on Iowa Highway 3 near  Northwest Arterial that caused the closing  of Highway 3. Other roads in the area are flooded too.,CSV
2025-07-11 14:49:00,2025-07-12 04:00:00,0 days 13:11:00,205435_0,202507,11,1700,202507,12,400,205435,1282026,IOWA,19,2025,July,Flash Flood,C,61,DUBUQUE,DVN,2025-07-11 17:00:00,CST-6,2025-07-12 04:00:00,0,0,0,0,0.00K,0.00K,Law Enforcement,Heavy Rain,1.38,N,DUBUQUE,1.64,N,DUBUQUE,42.52,-90.67,42.5261,-90.6722,"On July 11th, a line of severe thunderstorms moved across eastern Iowa and produced damaging straight-line winds, tornadoes and heavy rain. Rainfall totals of 2 to 4 inches fell in a few hours across the Quad Cities, on top of heavy rain from the previous night and caused major flash flooding in Davenport. A Considerable Flash Flood warning was issued at 5:26 PM followed by a Flash Flood Emergency at 6:16 PM.",Law Enforcement Officers reported that flash flooding made roads impassable near Linwood Cemetery.,CSV
2025-07-11 14:49:00,2025-07-12 04:00:00,0 days 13:11:00,205435_0,202507,11,1703,202507,12,246,205435,1282027,IOWA,19,2025,July,Flash Flood,C,163,SCOTT,DVN,2025-07-11 17:03:00,CST-6,2025-07-12 02:46:00,0,0,0,0,0.00K,0.00K,Public,Heavy Rain,2.76,N,DAVENPORT,2.74,N,DAVENPORT,41.57,-90.58,41.5706,-90.5794,"On July 11th, a line of severe thunderstorms moved across eastern Iowa and produced damaging straight-line winds, tornadoes and heavy rain. Rainfall totals of 2 to 4 inches fell in a few hours across the Quad Cities, on top of heavy rain from the previous night and caused major flash flooding in Davenport. A Considerable Flash Flood warning was issued at 5:26 PM followed by a Flash Flood Emergency at 6:16 PM.",A public report that water is over a foot deep on Ripley St near Davenport North High School and start to enter buildings.,CSV
2025-07-11 14:49:00,2025-07-12 04:00:00,0 days 13:11:00,205435_0,202507,11,1720,202507,11,2200,205435,1282028,IOWA,19,2025,July,Flash Flood,C,45,CLINTON,DVN,2025-07-11 17:20:00,CST-6,2025-07-11 22:00:00,0,0,0,0,0.00K,0.00K,Trained Spotter,Heavy Rain,1.47,NNE,CLINTON,1.51,NNE,CLINTON,41.85,-90.19,41.8492,-90.1905,"On July 11th, a line of severe thunderstorms moved across eastern Iowa and produced damaging straight-line winds, tornadoes and heavy rain. Rainfall totals of 2 to 4 inches fell in a few hours across the Quad Cities, on top of heavy rain from the previous night and caused major flash flooding in Davenport. A Considerable Flash Flood warning was issued at 5:26 PM followed by a Flash Flood Emergency at 6:16 PM.","A trained spotter reported 1 to 2 feet of water over the roadways in this area, some of which was flowing at the time.",CSV
2025-07-11 14:49:00,2025-07-12 04:00:00,0 days 13:11:00,205435_0,202507,11,1723,202507,12,246,205435,1282031,IOWA,19,2025,July,Flash Flood,C,163,SCOTT,DVN,2025-07-11 17:23:00,CST-6,2025-07-12 02:46:00,0,0,0,0,0.00K,0.00K,Trained Spotter,Heavy Rain,2.49,NW,PANORAMA PARK,2.61,WNW,PANORAMA PARK,41.57,-90.51,41.5694,-90.51,"On July 11th, a line of severe thunderstorms moved across eastern Iowa and produced damaging straight-line winds, tornadoes and heavy rain. Rainfall totals of 2 to 4 inches fell in a few hours across the Quad Cities, on top of heavy rain from the previous night and caused major flash flooding in Davenport. A Considerable Flash Flood warning was issued at 5:26 PM followed by a Flash Flood Emergency at 6:16 PM.",A trained spotter reported flash flooding.,CSV
2025-07-11 14:49:00,2025-07-12 04:00:00,0 days 13:11:00,205435_0,202507,11,1739,202507,12,246,205435,1282032,IOWA,19,2025,July,Flash Flood,C,163,SCOTT,DVN,2025-07-11 17:39:00,CST-6,2025-07-12 02:46:00,0,0,0,0,0.00K,0.00K,Trained Spotter,Heavy Rain,2.76,S,DAVENPORT ARPT,2.92,S,DAVENPORT ARPT,41.58,-90.58,41.5813,-90.5791,"On July 11th, a line of severe thunderstorms moved across eastern Iowa and produced damaging straight-line winds, tornadoes and heavy rain. Rainfall totals of 2 to 4 inches fell in a few hours across the Quad Cities, on top of heavy rain from the previous night and caused major flash flooding in Davenport. A Considerable Flash Flood warning was issued at 5:26 PM followed by a Flash Flood Emergency at 6:16 PM.",A trained spotter reported that Goose Creek out of its  banks on West 61st Street. Report of  basements flooding in the area.,CSV
2025-07-11 14:49:00,2025-07-12 04:00:00,0 days 13:11:00,205435_0,202507,11,1748,202507,12,246,205435,1282033,IOWA,19,2025,July,Flash Flood,C,163,SCOTT,DVN,2025-07-11 17:48:00,CST-6,2025-07-12 02:46:00,0,0,0,0,0.00K,0.00K,Public,Heavy Rain,2.49,ENE,WEST LAKE PARK,2.27,WNW,DAVENPORT,41.54,-90.64,41.5401,-90.6315,"On July 11th, a line of severe thunderstorms moved across eastern Iowa and produced damaging straight-line winds, tornadoes and heavy rain. Rainfall totals of 2 to 4 inches fell in a few hours across the Quad Cities, on top of heavy rain from the previous night and caused major flash flooding in Davenport. A Considerable Flash Flood warning was issued at 5:26 PM followed by a Flash Flood Emergency at 6:16 PM.",A public report of flash flooding with water over the car bumpers based on a video.,CSV
2025-07-11 14:49:00,2025-07-12 04:00:00,0 days 13:11:00,205435_0,202507,11,1755,202507,12,246,205435,1282039,IOWA,19,2025,July,Flash Flood,C,163,SCOTT,DVN,2025-07-11 17:55:00,CST-6,2025-07-12 02:46:00,0,0,0,0,0.00K,0.00K,Emergency Manager,Heavy Rain,1.66,NNW,DAVENPORT,1.91,NNW,DAVENPORT,41.5534,-90.5877,41.552,-90.587,"On July 11th, a line of severe thunderstorms moved across eastern Iowa and produced damaging straight-line winds, tornadoes and heavy rain. Rainfall totals of 2 to 4 inches fell in a few hours across the Quad Cities, on top of heavy rain from the previous night and caused major flash flooding in Davenport. A Considerable Flash Flood warning was issued at 5:26 PM followed by a Flash Flood Emergency at 6:16 PM.","The Emergency Manager reported that multiple apartments along 35th Street near Duck Creek had their lowest level completely flooded, some near to the ceiling. Reports were that water rushed in quickly. Time of onset estimated based on safety official and media reports. Broadcast Media showed flash flooding 3 feet deep near 35 St.",CSV
2025-07-11 14:49:00,2025-07-12 04:00:00,0 days 13:11:00,205435_0,202507,11,1802,202507,11,2225,205435,1282071,IOWA,19,2025,July,Flash Flood,C,139,MUSCATINE,DVN,2025-07-11 18:02:00,CST-6,2025-07-11 22:25:00,0,0,0,0,0.00K,0.00K,Public,Heavy Rain,0.0,N,MUSCATINE,0.91,N,MUSCATINE,41.42,-91.05,41.4225,-91.0499,"On July 11th, a line of severe thunderstorms moved across eastern Iowa and produced damaging straight-line winds, tornadoes and heavy rain. Rainfall totals of 2 to 4 inches fell in a few hours across the Quad Cities, on top of heavy rain from the previous night and caused major flash flooding in Davenport. A Considerable Flash Flood warning was issued at 5:26 PM followed by a Flash Flood Emergency at 6:16 PM.",A public report of flash flooding.,CSV
2025-07-11 14:49:00,2025-07-12 04:00:00,0 days 13:11:00,205435_0,202507,11,1811,202507,11,1910,205435,1282079,IOWA,19,2025,July,Flash Flood,C,113,LINN,DVN,2025-07-11 18:11:00,CST-6,2025-07-11 19:10:00,0,0,0,0,0.00K,0.00K,Public,Heavy Rain,2.14,SSW,MARION MC BRIDE ARPT,2.13,WNW,MARION,42.04,-91.64,42.0405,-91.6369,"On July 11th, a line of severe thunderstorms moved across eastern Iowa and produced damaging straight-line winds, tornadoes and heavy rain. Rainfall totals of 2 to 4 inches fell in a few hours across the Quad Cities, on top of heavy rain from the previous night and caused major flash flooding in Davenport. A Considerable Flash Flood warning was issued at 5:26 PM followed by a Flash Flood Emergency at 6:16 PM.",A public report of flash flooding at this location.,CSV
2025-07-11 14:49:00,2025-07-12 04:00:00,0 days 13:11:00,205435_0,202507,11,1824,202507,12,246,205435,1282080,IOWA,19,2025,July,Flash Flood,C,163,SCOTT,DVN,2025-07-11 18:24:00,CST-6,2025-07-12 02:46:00,0,0,0,0,0.00K,0.00K,Trained Spotter,Heavy Rain,1.81,NNW,DAVENPORT,1.88,NW,DAVENPORT,41.5521,-90.599,41.5525,-90.6056,"On July 11th, a line of severe thunderstorms moved across eastern Iowa and produced damaging straight-line winds, tornadoes and heavy rain. Rainfall totals of 2 to 4 inches fell in a few hours across the Quad Cities, on top of heavy rain from the previous night and caused major flash flooding in Davenport. A Considerable Flash Flood warning was issued at 5:26 PM followed by a Flash Flood Emergency at 6:16 PM.","A trained spotter Duck Creek at Pine St. was completely out of its banks. The field is flooded behind Williams Middle School, on N Division.",CSV
2025-07-11 14:49:00,2025-07-12 04:00:00,0 days 13:11:00,205435_0,202507,11,1900,202507,11,2225,205435,1282107,IOWA,19,2025,July,Flash Flood,C,115,LOUISA,DVN,2025-07-11 19:00:00,CST-6,2025-07-11 22:25:00,0,0,0,0,0.00K,0.00K,Law Enforcement,Heavy Rain,0.86,NW,COLUMBUS JCT,0.94,ENE,GLADWIN,41.28,-91.36,41.3792,-91.4106,"On July 11th, a line of severe thunderstorms moved across eastern Iowa and produced damaging straight-line winds, tornadoes and heavy rain. Rainfall totals of 2 to 4 inches fell in a few hours across the Quad Cities, on top of heavy rain from the previous night and caused major flash flooding in Davenport. A Considerable Flash Flood warning was issued at 5:26 PM followed by a Flash Flood Emergency at 6:16 PM.",Numerous rural roads closed within the county due to flash flooding and high water  this evening.,CSV
2025-07-11 14:49:00,2025-07-12 04:00:00,0 days 13:11:00,205435_0,202507,11,1945,202507,11,2224,205435,1282106,IOWA,19,2025,July,Flash Flood,C,111,LEE,DVN,2025-07-11 19:45:00,CST-6,2025-07-11 22:24:00,0,0,0,0,0.00K,0.00K,Emergency Manager,Heavy Rain,1.31,NNW,KEOKUK,0.6,N,KEOKUK,40.4177,-91.3887,40.4187,-91.3835,"On July 11th, a line of severe thunderstorms moved across eastern Iowa and produced damaging straight-line winds, tornadoes and heavy rain. Rainfall totals of 2 to 4 inches fell in a few hours across the Quad Cities, on top of heavy rain from the previous night and caused major flash flooding in Davenport. A Considerable Flash Flood warning was issued at 5:26 PM followed by a Flash Flood Emergency at 6:16 PM.",Water over River Road by the Keokuk Yacht Club.,CSV
2025-07-19 06:10:00,2025-07-19 10:19:00,0 days 04:09:00,205451_0,202507,19,610,202507,19,1019,205451,1282222,IOWA,19,2025,July,Flash Flood,C,11,BENTON,DVN,2025-07-19 06:10:00,CST-6,2025-07-19 10:19:00,0,0,0,0,0.00K,0.00K,Emergency Manager,Heavy Rain,0.51,W,VINTON MEML ARPT,2.18,S,MT AUBURN,42.22,-92.03,42.2096,-92.0923,A decaying line of thunderstorms moved into Benton County on the morning of July 19th. This produced heavy rain with trained spotters reports ranging from 1.5 to 3.5 inches of rain. This rain falling on already saturated ground led to flash flooding in Vinton.,The Emergency Manager reports that water had been over area  roads as creeks rose out of their banks.  The time of the event was estimated using radar.,CSV
2025-07-20 02:41:00,2025-07-20 09:30:00,0 days 06:49:00,205453_0,202507,20,241,202507,20,815,205453,1282237,IOWA,19,2025,July,Flash Flood,C,183,WASHINGTON,DVN,2025-07-20 02:41:00,CST-6,2025-07-20 08:15:00,0,0,0,0,0.00K,0.00K,Law Enforcement,Heavy Rain,0.52,E,WASHINGTON,1.38,SE,WASHINGTON,41.3,-91.69,41.2916,-91.6906,"A decaying mesoscale convective system moved into eastern Iowa during the morning hours of July 20th.  These showers and storms produced heavy rain with trained spotters reporting 1 to 3 inches of rain. This lead to flash flooding in parts of Washington, Louisa, and Muscatine Counties.",Law Enforcement Officers reported several street in Washington were flooded. Several streets in Washington were flooded.,CSV
2025-07-20 02:41:00,2025-07-20 09:30:00,0 days 06:49:00,205453_0,202507,20,437,202507,20,815,205453,1282240,IOWA,19,2025,July,Flash Flood,C,115,LOUISA,DVN,2025-07-20 04:37:00,CST-6,2025-07-20 08:15:00,0,0,0,0,0.00K,0.00K,Law Enforcement,Heavy Rain,2.95,NNW,COLUMBUS CITY,2.93,NNW,COLUMBUS CITY,41.31,-91.4,41.3156,-91.4033,"A decaying mesoscale convective system moved into eastern Iowa during the morning hours of July 20th.  These showers and storms produced heavy rain with trained spotters reporting 1 to 3 inches of rain. This lead to flash flooding in parts of Washington, Louisa, and Muscatine Counties.",Law Enforcement reported that 175th street is closed between G36 and X17 due to water over the road from Short Creek.,CSV
2025-07-20 02:41:00,2025-07-20 09:30:00,0 days 06:49:00,205453_0,202507,20,440,202507,20,915,205453,1282244,IOWA,19,2025,July,Flash Flood,C,115,LOUISA,DVN,2025-07-20 04:40:00,CST-6,2025-07-20 09:15:00,0,0,0,0,0.00K,0.00K,Public,Heavy Rain,0.69,N,COLUMBUS JCT,0.83,N,COLUMBUS JCT,41.28,-91.35,41.2799,-91.3518,"A decaying mesoscale convective system moved into eastern Iowa during the morning hours of July 20th.  These showers and storms produced heavy rain with trained spotters reporting 1 to 3 inches of rain. This lead to flash flooding in parts of Washington, Louisa, and Muscatine Counties.",Based on reports from social media. There is standing  water that is several inches deep throughout out the county fairgrounds.,CSV
2025-07-20 02:41:00,2025-07-20 09:30:00,0 days 06:49:00,205453_0,202507,20,630,202507,20,815,205453,1282239,IOWA,19,2025,July,Flash Flood,C,183,WASHINGTON,DVN,2025-07-20 06:30:00,CST-6,2025-07-20 08:15:00,0,0,0,0,0.00K,0.00K,Trained Spotter,Heavy Rain,0.52,E,WASHINGTON,1.08,SE,WASHINGTON,41.3,-91.69,41.2942,-91.6936,"A decaying mesoscale convective system moved into eastern Iowa during the morning hours of July 20th.  These showers and storms produced heavy rain with trained spotters reporting 1 to 3 inches of rain. This lead to flash flooding in parts of Washington, Louisa, and Muscatine Counties.",A trained spotter and law enforcement reported that an underpass on 2nd Ave is flooded and impassable.,CSV
2025-07-20 02:41:00,2025-07-20 09:30:00,0 days 06:49:00,205453_0,202507,20,630,202507,20,930,205453,1282242,IOWA,19,2025,July,Flash Flood,C,95,IOWA,DVN,2025-07-20 06:30:00,CST-6,2025-07-20 09:30:00,0,0,0,0,0.00K,0.00K,Emergency Manager,Heavy Rain,3.1,E,GENOA BLUFF,4.39,W,GENOA BLUFF,41.68,-92.09,41.684,-92.2008,"A decaying mesoscale convective system moved into eastern Iowa during the morning hours of July 20th.  These showers and storms produced heavy rain with trained spotters reporting 1 to 3 inches of rain. This lead to flash flooding in parts of Washington, Louisa, and Muscatine Counties.",The Emergency Manager reported that several roads across the county were flooded from area creeks.,CSV
2025-07-26 08:16:00,2025-07-26 10:38:00,0 days 02:22:00,205478_0,202507,26,816,202507,26,1038,205478,1282367,IOWA,19,2025,July,Flash Flood,C,111,LEE,DVN,2025-07-26 08:16:00,CST-6,2025-07-26 10:38:00,0,0,0,0,0.00K,0.00K,Department of Highways,Heavy Rain,1.38,S,VIELE,1.14,S,VIELE,40.6,-91.42,40.6012,-91.4246,Widespread showers and thunderstorms slowly moved across southeast Iowa on the morning of July 26th. These showers and storms produced widespread heavy rainfall of 2  to 4 inches. This produced flash flooding at several locations in Lee County.,Department of Highways reports that 263rd Ave in Lee County was closed due to high water.,CSV
2025-07-26 08:16:00,2025-07-26 10:38:00,0 days 02:22:00,205478_0,202507,26,930,202507,26,1038,205478,1282369,IOWA,19,2025,July,Flash Flood,C,111,LEE,DVN,2025-07-26 09:30:00,CST-6,2025-07-26 10:38:00,0,0,0,0,0.00K,0.00K,Department of Highways,Heavy Rain,2.09,SE,DONNELLSON,2.31,ESE,DONNELLSON,40.63,-91.52,40.6339,-91.5174,Widespread showers and thunderstorms slowly moved across southeast Iowa on the morning of July 26th. These showers and storms produced widespread heavy rainfall of 2  to 4 inches. This produced flash flooding at several locations in Lee County.,Department of Highways reports that 240th Avenue is closed from Hwy 2 to 235th St until further notice due to high water and flash flooding.,CSV
2025-07-26 08:16:00,2025-07-26 10:38:00,0 days 02:22:00,205478_0,202507,26,930,202507,26,1038,205478,1282370,IOWA,19,2025,July,Flash Flood,C,111,LEE,DVN,2025-07-26 09:30:00,CST-6,2025-07-26 10:38:00,0,0,0,0,0.00K,0.00K,Department of Highways,Heavy Rain,2.51,WNW,VIELE,2.34,SSE,FRANKLIN,40.64,-91.46,40.6426,-91.4861,Widespread showers and thunderstorms slowly moved across southeast Iowa on the morning of July 26th. These showers and storms produced widespread heavy rainfall of 2  to 4 inches. This produced flash flooding at several locations in Lee County.,Flooding across the road and bridge has caused 220th St. to be closed until further notice from Golden Road to Wilson Lake Park.,CSV
2025-07-26 08:16:00,2025-07-26 10:38:00,0 days 02:22:00,205478_0,202507,26,930,202507,26,1038,205478,1282371,IOWA,19,2025,July,Flash Flood,C,111,LEE,DVN,2025-07-26 09:30:00,CST-6,2025-07-26 10:38:00,0,0,0,0,0.00K,0.00K,Department of Highways,Heavy Rain,2.14,NNW,PRIMROSE,2.31,N,PRIMROSE,40.71,-91.64,40.71,-91.6232,Widespread showers and thunderstorms slowly moved across southeast Iowa on the morning of July 26th. These showers and storms produced widespread heavy rainfall of 2  to 4 inches. This produced flash flooding at several locations in Lee County.,The Department of Highways reported that 170th Street closed from 140th Ave. to 150th  Ave. due to high water and flooding.,CSV
2025-07-26 08:16:00,2025-07-26 10:38:00,0 days 02:22:00,205478_0,202507,26,930,202507,26,1038,205478,1282372,IOWA,19,2025,July,Flash Flood,C,111,LEE,DVN,2025-07-26 09:30:00,CST-6,2025-07-26 10:38:00,0,0,0,0,0.00K,0.00K,Department of Highways,Heavy Rain,1.72,ESE,VIELE,1.69,SE,VIELE,40.61,-91.39,40.6088,-91.4087,Widespread showers and thunderstorms slowly moved across southeast Iowa on the morning of July 26th. These showers and storms produced widespread heavy rainfall of 2  to 4 inches. This produced flash flooding at several locations in Lee County.,Department of Highways reported that 240th St to 265th Ave closed due to water over the road.,CSV
2025-07-25 15:32:00,2025-07-26 20:51:00,1 days 05:19:00,205480_0,202507,25,1532,202507,25,2051,205480,1282375,IOWA,19,2025,July,Flash Flood,C,139,MUSCATINE,DVN,2025-07-25 15:32:00,CST-6,2025-07-25 20:51:00,0,0,0,0,0.00K,0.00K,Public,Heavy Rain,2.59,NE,MUSCATINE,2.51,NE,MUSCATINE,41.45,-91.02,41.4497,-91.0143,A thunderstorm complex associated with an MCV lifted northeastward across parts of eastern Iowa. This complex of storms was slow moving and produced heavy rain as it lifted across the area. This lead to flash flooding in Louisa and Muscatine Counties. Trained spotters reported rainfall amounts up to 3.25 inches.,A public report of street flooding in Muscatine.,CSV
2025-07-25 15:32:00,2025-07-26 20:51:00,1 days 05:19:00,205480_0,202507,25,1545,202507,25,2051,205480,1282373,IOWA,19,2025,July,Flash Flood,C,139,MUSCATINE,DVN,2025-07-25 15:45:00,CST-6,2025-07-25 20:51:00,0,0,0,0,0.00K,0.00K,State Official,Heavy Rain,0.69,N,MUSCATINE,0.76,W,MUSCATINE,41.43,-91.05,41.4215,-91.0624,A thunderstorm complex associated with an MCV lifted northeastward across parts of eastern Iowa. This complex of storms was slow moving and produced heavy rain as it lifted across the area. This lead to flash flooding in Louisa and Muscatine Counties. Trained spotters reported rainfall amounts up to 3.25 inches.,There are several reports of flooded streets in downtown Muscatine. A few reported as  temporarily impassable with a foot of water over the road.,CSV
2025-07-25 15:32:00,2025-07-26 20:51:00,1 days 05:19:00,205480_0,202507,25,1615,202507,26,2051,205480,1282374,IOWA,19,2025,July,Flash Flood,C,115,LOUISA,DVN,2025-07-25 16:15:00,CST-6,2025-07-26 20:51:00,0,0,0,0,0.00K,0.00K,NWS Employee,Heavy Rain,0.86,NW,COLUMBUS JCT,0.77,NNE,COLUMBUS CITY,41.28,-91.36,41.285,-91.3691,A thunderstorm complex associated with an MCV lifted northeastward across parts of eastern Iowa. This complex of storms was slow moving and produced heavy rain as it lifted across the area. This lead to flash flooding in Louisa and Muscatine Counties. Trained spotters reported rainfall amounts up to 3.25 inches.,Report of high water in the town of Columbus Junction with local creeks overflowing their  banks.,CSV
2025-07-23 01:50:00,2025-07-23 04:13:00,0 days 02:23:00,205482_0,202507,23,150,202507,23,413,205482,1282376,IOWA,19,2025,July,Flash Flood,C,19,BUCHANAN,DVN,2025-07-23 01:50:00,CST-6,2025-07-23 04:13:00,0,0,0,0,0.00K,0.00K,Law Enforcement,Heavy Rain,4.15,N,WINTHROP,4.16,N,WINTHROP,42.53,-91.73,42.5255,-91.7287,Thunderstorms that develop late in the evening on July 22nd moved into Buchanan County around midnight and continue into the early morning hours. A warm and humid airmass led to heavy rain. The heavy rain led to flash flooding north of Winthrop in Buchanan County.,Law Enforcement Officers report water flowing over the roadway.,CSV
2025-08-10 03:30:00,2025-08-10 04:35:00,0 days 01:05:00,206155_0,202508,10,330,202508,10,435,206155,1286596,IOWA,19,2025,August,Flash Flood,C,129,MILLS,OAX,2025-08-10 03:30:00,CST-6,2025-08-10 04:35:00,0,0,0,0,97.00K,0.00K,Emergency Manager,Heavy Rain,7.43,W,TABOR,1.53,WNW,TABOR,40.9113,-95.8114,40.9122,-95.7038,"A powerful line of thunderstorms, bringing with it a broad swath of damaging winds, swept across eastern Nebraska and western Iowa on the morning of August 10, 2025. This episode of severe weather was responsible for numerous reports of wind gusts exceeding 60 mph, significant structural damage, and tragically, one fatality. The thunderstorms developed as a powerful low-pressure system moved across the northern Great Plains, with a front extending through eastern Nebraska and into Kansas. A steady low-level jet, a narrow band of strong winds just above the ground, transported a large amount of moisture into the area. This influx of moisture, combined with very unstable atmospheric conditions, created a high potential for severe weather. Although the lower atmosphere was noted to be a bit dry, forecasters highlighted that the conditions were ripe for strong downdrafts or downbursts, which ultimately led to the widespread and destructive winds and a brief tornado. ||The event began in southeastern Nebraska, with the first reports coming from Jefferson County just after midnight CST. At approximately 12:29 AM CST, law enforcement reported a power pole down 4 miles west of Endicott, with an estimated wind gust of 95 mph. Minutes later, at 12:48 AM CST, a significant gust of 90 mph caused damage to a large grain bin 2 miles west-southwest of Plymouth, according to a public report. Other reports in Jefferson County included a 62 mph gust measured by a mesonet station 6 miles west-northwest of Fairbury , and a 65 mph gust reported by a public mesonet station in Plymouth. The storm progressed into Lancaster and Johnson counties with reports of wind gusts of 66 mph and 60 mph from public mesonet stations near Hickman and Bennet, respectively. Law enforcement in Johnson County also reported extensive roof damage to two buildings north of Tecumseh around 1:40 AM CST. An emergency manager noted broken tree limbs 6 to 8 inches in diameter in the same area.||As the storm moved into Otoe and Nemaha counties, it continued to produce high-end wind damage. An emergency manager reported that a grain bin and a shed were destroyed near Julian, Nebraska, due to a 95 mph wind gust at 2:04 AM CST. A severe gust of 90 mph was measured by the AWOS station 5 miles south of Nebraska City at 2:10 AM CST before the sensor went offline. This gust also caused damage to sheds at the local airport.||The thunderstorms then pushed into western Iowa, where a significant line of damage reports was received in Fremont and Mills counties. Emergency management reported extensive tree damage in Riverton, Iowa, from a 90 mph gust at 2:20 AM CST. Farther north, a gust measured at 74 mph was reported from a public mesonet station 4 miles north-northeast of Tabor in Mills County at 2:28 AM CST. In Fremont County, emergency management reported several instances of high-end wind damage, including significant roof and wall damage to a large barn and a destroyed shed 3 miles south-southeast of Farragut, with estimated gusts of 95 mph. Extensive tree damage was also noted in Farragut itself from a 90 mph gust.||The event culminated in Page County, Iowa, with the most severe impact of the morning. At 2:32 AM CST, emergency management reported that a shed was overturned at a campsite 1 mile north-northwest of Shenandoah. This incident resulted in one fatality. The wind event also caused significant tree damage across the town, with numerous large trees snapped and other minor structural damage. Later in Shenandoah, at 2:37 AM CST, a semi-truck was overturned in a retail lot, with an estimated wind gust of 70 mph. The last report in the county was a 64 mph gust measured by a public mesonet station 4 miles east-northeast of Essex at 2:46 AM CST.","Heavy thunderstorms generated flash flooding across Mills County, Iowa, particularly in the western portion, on the morning of August 10, 2025. Rainfall totals were measured between 3.1 and 3.96 inches, though radar estimates indicated up to 3 to 5 inches across the area. The deluge was extremely rapid, with rainfall rates peaking at a dangerous 2 to 3.5 inches per hour. The resultant flash flood caused severe ground instability, with Emergency Management reporting multiple road washouts and mudslides in the environmentally sensitive Loess Hills region.",CSV
2025-07-28 00:39:00,2025-07-28 02:00:00,0 days 01:21:00,206183_0,202507,28,39,202507,28,200,206183,1288181,IOWA,19,2025,July,Flash Flood,C,141,O'BRIEN,FSD,2025-07-28 00:39:00,CST-6,2025-07-28 02:00:00,0,0,0,0,0.00K,0.00K,Emergency Manager,Heavy Rain,1.25,ENE,SHELDON,0.61,S,SHELDON MUNI ARPT,43.1899,-95.8492,43.1876,-95.8219,"Thunderstorms rapidly developed across northeast South Dakota into west central Minnesota during the early evening of July 27 within a volatile environment (MUCAPE 5000-6000 J/Kg) ahead of a southward moving surface boundary. These thunderstorms expanded into a mesoscale convective system and dropped south across the region through the remainder of the evening into the early overnight hours on July 28. Most reported wind gusts ranged from 55 to 65 mph with one location reporting a gust to 70 mph. Isolated tree damage was also observed across northwest Iowa, along with some urban flooding in Sheldon.","Rapid runoff from heavy rainfall which totaled up to 2 inches in less than an hour resulted in multiple flooded roadways in Sheldon, IA.",CSV
2025-07-11 14:13:00,2025-07-11 21:45:00,0 days 07:32:00,206360_0,202507,11,1413,202507,11,1745,206360,1289161,IOWA,19,2025,July,Flash Flood,C,13,BLACK HAWK,DMX,2025-07-11 14:13:00,CST-6,2025-07-11 17:45:00,0,0,0,0,0.00K,0.00K,Emergency Manager,Heavy Rain,3.13,ESE,GILBERTVILLE,2.24,NE,HUDSON,42.4061,-92.1617,42.4262,-92.4406,"The atmosphere on July 11, 2025, was primed for heavy rainfall, featuring a slow-moving frontal boundary that tapped into a corridor of abundant moisture to its south. This boundary, combined with strong instability, shear oriented along the boundary, and lift from an approaching upper-level disturbance, created an environment highly favorable for slow-moving, training thunderstorms capable of producing extremely high rainfall rates.||Torrential rainfall impacted much of the forecast area, but impacts were most notable in Black Hawk County where 2 to 3 inches of rain fell over a few hours. By early afternoon, the excessive rainfall rates overwhelmed drainage systems, and reports of flash flooding began to emerge from Waterloo and surrounding areas. Local emergency management, media, and storm spotters reported closed roadways due to high water. Some vehicles became stranded in the flooded roads, which had curb-deep water in many areas. Water was slow to recede for several hours after the heaviest rain had ended, leading to impacts continuing into the early evening.||In addition to the heavy rainfall, the atmosphere was also conducive for severe weather, but impacts were primarily in eastern and northeastern Iowa. One storm passing near the Iowa Speedway in Newton, IA prompted an evacuation from the speedway as IndyCar races were ongoing that weekend. The supercell produced a highly visible, rotating wall cloud and other ominous-looking features, but never produced a confirmed tornado or any significant damage.","Black Hawk EM, broadcast media, and local spotters reported roadways closed due to flooding, stranded vehicles, and water up to the curb on roadways in and around Waterloo. Public reports in Waterloo and Cedar Falls of swift moving water in low lying areas, as well as water bubbling out of manhole covers.",CSV
2025-07-11 14:13:00,2025-07-11 21:45:00,0 days 07:32:00,206360_0,202507,11,1745,202507,11,2145,206360,1289332,IOWA,19,2025,July,Flood,C,13,BLACK HAWK,DMX,2025-07-11 17:45:00,CST-6,2025-07-11 21:45:00,0,0,0,0,0.00K,0.00K,Emergency Manager,Heavy Rain,3.13,ESE,GILBERTVILLE,2.24,NE,HUDSON,42.4061,-92.1617,42.4262,-92.4406,"The atmosphere on July 11, 2025, was primed for heavy rainfall, featuring a slow-moving frontal boundary that tapped into a corridor of abundant moisture to its south. This boundary, combined with strong instability, shear oriented along the boundary, and lift from an approaching upper-level disturbance, created an environment highly favorable for slow-moving, training thunderstorms capable of producing extremely high rainfall rates.||Torrential rainfall impacted much of the forecast area, but impacts were most notable in Black Hawk County where 2 to 3 inches of rain fell over a few hours. By early afternoon, the excessive rainfall rates overwhelmed drainage systems, and reports of flash flooding began to emerge from Waterloo and surrounding areas. Local emergency management, media, and storm spotters reported closed roadways due to high water. Some vehicles became stranded in the flooded roads, which had curb-deep water in many areas. Water was slow to recede for several hours after the heaviest rain had ended, leading to impacts continuing into the early evening.||In addition to the heavy rainfall, the atmosphere was also conducive for severe weather, but impacts were primarily in eastern and northeastern Iowa. One storm passing near the Iowa Speedway in Newton, IA prompted an evacuation from the speedway as IndyCar races were ongoing that weekend. The supercell produced a highly visible, rotating wall cloud and other ominous-looking features, but never produced a confirmed tornado or any significant damage.","Coordination with the Black Hawk EM prompted a transition from flash flooding to areal flooding, as water continued to impact the area hours after the initial rainfall.",CSV
2025-07-29 23:21:00,2025-07-30 03:00:00,0 days 03:39:00,206403_0,202507,29,2321,202507,30,100,206403,1288297,IOWA,19,2025,July,Flash Flood,C,167,SIOUX,FSD,2025-07-29 23:21:00,CST-6,2025-07-30 01:00:00,0,0,0,0,0.00K,0.00K,Law Enforcement,Heavy Rain,1.88,NNE,CARNES,2.13,NNE,CARNES,42.955,-96.0354,42.9494,-96.0387,"Thunderstorms erupted within a very moist and unstable environment across central South Dakota during the afternoon of July 29 in response to an approaching upper level short-wave from Colorado. These thunderstorms quickly grew upscale into a line, producing 55 to 75 mph wind gusts across southeast South Dakota and extreme northeast Nebraska, resulting in isolated tree damage. In addition, prolonged heavy rain resulted in some localized flash flooding across northwest Iowa.",Iowa Highway 60 near 480th Street was closed due the roadway being flooded by a couple feet of flowing water.,CSV
2025-07-29 23:21:00,2025-07-30 03:00:00,0 days 03:39:00,206403_0,202507,29,2356,202507,30,21,206403,1288623,IOWA,19,2025,July,Flash Flood,C,167,SIOUX,FSD,2025-07-29 23:56:00,CST-6,2025-07-30 00:21:00,0,0,0,0,0.00K,0.00K,River/Stream Gage,Heavy Rain,0.49,NNW,ALTON,0.37,N,ALTON,42.9867,-96.0029,42.9877,-96.0009,"Thunderstorms erupted within a very moist and unstable environment across central South Dakota during the afternoon of July 29 in response to an approaching upper level short-wave from Colorado. These thunderstorms quickly grew upscale into a line, producing 55 to 75 mph wind gusts across southeast South Dakota and extreme northeast Nebraska, resulting in isolated tree damage. In addition, prolonged heavy rain resulted in some localized flash flooding across northwest Iowa.","Runoff from heavy rainfall caused the Floyd River at Alton to rise 5 feet in less than 3 hours, resulting in a brief period over flood stage.",CSV
2025-07-29 23:21:00,2025-07-30 03:00:00,0 days 03:39:00,206403_0,202507,30,30,202507,30,300,206403,1288625,IOWA,19,2025,July,Flash Flood,C,141,O'BRIEN,FSD,2025-07-30 00:30:00,CST-6,2025-07-30 03:00:00,0,0,0,0,0.00K,0.00K,Law Enforcement,Heavy Rain,2.17,WNW,PHILBY,1.09,WNW,PHILBY,43.0857,-95.8572,43.0806,-95.8581,"Thunderstorms erupted within a very moist and unstable environment across central South Dakota during the afternoon of July 29 in response to an approaching upper level short-wave from Colorado. These thunderstorms quickly grew upscale into a line, producing 55 to 75 mph wind gusts across southeast South Dakota and extreme northeast Nebraska, resulting in isolated tree damage. In addition, prolonged heavy rain resulted in some localized flash flooding across northwest Iowa.",Runoff from heavy rainfall estimated from 3 to 5 inches in less than two hours resulted in flash flooding of Roetzel Creek.  Sections of 390th and 400th Streets and Monroe Avenue with inundated with rapidly running water.,CSV
2025-07-29 23:21:00,2025-07-30 03:00:00,0 days 03:39:00,206403_0,202507,30,105,202507,30,240,206403,1288298,IOWA,19,2025,July,Flash Flood,C,167,SIOUX,FSD,2025-07-30 01:05:00,CST-6,2025-07-30 02:40:00,0,0,0,0,0.00K,0.00K,Other Federal Agency,Heavy Rain,3.01,S,MAURICE,3.45,S,MAURICE,42.9264,-96.1787,42.9266,-96.1757,"Thunderstorms erupted within a very moist and unstable environment across central South Dakota during the afternoon of July 29 in response to an approaching upper level short-wave from Colorado. These thunderstorms quickly grew upscale into a line, producing 55 to 75 mph wind gusts across southeast South Dakota and extreme northeast Nebraska, resulting in isolated tree damage. In addition, prolonged heavy rain resulted in some localized flash flooding across northwest Iowa.","As a result of intense rainfall, the Floyd River near Struble rose nearly 8 feet in 3 hours to flood stage.",CSV
2025-07-30 20:00:00,2025-07-31 18:00:00,0 days 22:00:00,206484_0,202507,30,2000,202507,31,1500,206484,1288695,IOWA,19,2025,July,Flood,C,167,SIOUX,FSD,2025-07-30 20:00:00,CST-6,2025-07-31 15:00:00,0,0,0,0,0.00K,0.00K,River/Stream Gage,Heavy Rain,0.5,W,NEWKIRK,0.5,SE,ORANGE CITY,43.07,-95.96,43.0,-96.03,"A wet period at the end of the July resulted in saturated soils and increased runoff, allowing for isolated river flooding through portions of the Floyd River Basin. The sharpest rises were observed with a heavy rain on the night of July 29 into the morning of July 30.","The Floyd River at Alton rose above flood stage on the evening of July 30th, cresting around 1.46 feet above flood stage (13.46 ft) on July 31st. The river then fell below flood stage on the afternoon of July 31st.",CSV
2025-07-30 20:00:00,2025-07-31 18:00:00,0 days 22:00:00,206484_0,202507,31,1400,202507,31,1800,206484,1288696,IOWA,19,2025,July,Flood,C,149,PLYMOUTH,FSD,2025-07-31 14:00:00,CST-6,2025-07-31 18:00:00,0,0,0,0,0.00K,0.00K,River/Stream Gage,Heavy Rain,4.11,E,STRUBLE,6.3,N,LE MARS MUNI ARPT,42.91,-96.1,42.82,-96.2,"A wet period at the end of the July resulted in saturated soils and increased runoff, allowing for isolated river flooding through portions of the Floyd River Basin. The sharpest rises were observed with a heavy rain on the night of July 29 into the morning of July 30.","The Floyd River at Le Mars briefly rose above flood stage on the afternoon of July 31st, cresting around 0.1 feet above flood stage (20.1 ft). The river then quickly fell below flood stage on the evening of July 31st.",CSV
2025-08-10 17:50:00,2025-08-10 17:50:00,0 days 00:00:00,206490_0,202508,10,1750,202508,10,1750,206490,1288856,IOWA,19,2025,August,Flash Flood,C,43,CLAYTON,ARX,2025-08-10 17:50:00,CST-6,2025-08-10 17:50:00,0,0,0,0,1.00K,0.00K,Public,Heavy Rain,0.86,NW,GUTTENBERG ARPT,0.6,NNW,GUTTENBERG ARPT,42.83,-91.11,42.8306,-91.107,"During the evening hours on August 10th, a slow moving cluster of storms moved into Clayton County and corresponding heavy rain resulted in a local county road becoming washed out. These storms moved into Grant County in Wisconsin where they caused additional flooding.",The public reported a local county road was washed out from flash flooding of Buck Creek roughly 1 mile north of Guttenberg.,CSV
2025-07-20 02:32:00,2025-07-20 09:50:00,0 days 07:18:00,206546_0,202507,20,232,202507,20,815,206546,1289182,IOWA,19,2025,July,Flash Flood,C,121,MADISON,DMX,2025-07-20 02:32:00,CST-6,2025-07-20 08:15:00,0,0,0,0,200.00K,0.00K,Law Enforcement,Heavy Rain,1.37,ESE,WINTERSET,2.35,NE,WINTERSET,41.3223,-93.9957,41.3448,-93.9961,"A moist and unstable environment on the southern side of an east-west oriented boundary brought thunderstorms to areas along and south of Interstate 80 in Iowa during the late evening of July 19th, 2025 and morning of July 20th, 2025. Despite 30 to 40 kts of shear, storms generally remained sub-severe as they tracked southward through Iowa. However, upon reaching the southern portions of the state, the storms made an eastward turn towards Wapello county where they encountered drier air in the low levels. Storm intensity began to diminish as the line tracked eastward, but the collapsing system, moving through an environment favorable for strong downdrafts, produced a concentrated burst of damaging winds in Eldon, Iowa. These downdraft winds produced tree damage throughout the town, injuring one person.|	As the initial storms weakened and departed southward into Missouri, a stout low-level jet began to strengthen across southwestern and central Iowa, continuing to advect large amounts of moisture and provide lift along the boundary. The resulting storms were slow-moving and efficient rain producers, leading to prolonged residence times and rainfall rates of 1 to 3 inches per hour. This resulted in widespread rainfall amounts of 3 to 5 inches through much of central and south-central Iowa, including within the Des Moines metro.|	The torrential downpour quickly overwhelmed drainage systems, leading to ponding water and flash flooding in multiple areas. Law enforcement and emergency management reported ponding water on roadways in multiple towns through Guthrie, Adair, and Madison counties. However, Winterset saw the most extensive flash flooding of areas west of the Des Moines metro. Floodwaters entered homes, rendered roadways impassable within the town, and shut down Highway 92 west of town. Rainfall rates were also intense in the Des Moines area, but impacts were generally limited to localized ponding in low-lying areas. East of the metro in Colfax, IA, heavy rainfall led to flooding at the Jasper County fairgrounds, impacting parked cars and campers. Rainfall generally subsided through the morning, but areas over central Iowa were now primed for a second round of thunderstorms and heavy rainfall expected on the afternoon of July 20th, 2025.","Low lying areas full of water, some streets in town impassable due to flooded intersections. Multiple reports of flood water entering homes and vehicles throughout town. Iowa highway 92 blocked in both directions due to flood waters west of town.",CSV
2025-07-20 02:32:00,2025-07-20 09:50:00,0 days 07:18:00,206546_0,202507,20,524,202507,20,950,206546,1289458,IOWA,19,2025,July,Flash Flood,C,1,ADAIR,DMX,2025-07-20 05:24:00,CST-6,2025-07-20 09:50:00,0,0,0,0,15.00K,0.00K,Emergency Manager,Heavy Rain,59.21,ENE,ARBOR HILL,59.53,ENE,ARBOR HILL,41.6808,-93.2534,41.6777,-93.2538,"A moist and unstable environment on the southern side of an east-west oriented boundary brought thunderstorms to areas along and south of Interstate 80 in Iowa during the late evening of July 19th, 2025 and morning of July 20th, 2025. Despite 30 to 40 kts of shear, storms generally remained sub-severe as they tracked southward through Iowa. However, upon reaching the southern portions of the state, the storms made an eastward turn towards Wapello county where they encountered drier air in the low levels. Storm intensity began to diminish as the line tracked eastward, but the collapsing system, moving through an environment favorable for strong downdrafts, produced a concentrated burst of damaging winds in Eldon, Iowa. These downdraft winds produced tree damage throughout the town, injuring one person.|	As the initial storms weakened and departed southward into Missouri, a stout low-level jet began to strengthen across southwestern and central Iowa, continuing to advect large amounts of moisture and provide lift along the boundary. The resulting storms were slow-moving and efficient rain producers, leading to prolonged residence times and rainfall rates of 1 to 3 inches per hour. This resulted in widespread rainfall amounts of 3 to 5 inches through much of central and south-central Iowa, including within the Des Moines metro.|	The torrential downpour quickly overwhelmed drainage systems, leading to ponding water and flash flooding in multiple areas. Law enforcement and emergency management reported ponding water on roadways in multiple towns through Guthrie, Adair, and Madison counties. However, Winterset saw the most extensive flash flooding of areas west of the Des Moines metro. Floodwaters entered homes, rendered roadways impassable within the town, and shut down Highway 92 west of town. Rainfall rates were also intense in the Des Moines area, but impacts were generally limited to localized ponding in low-lying areas. East of the metro in Colfax, IA, heavy rainfall led to flooding at the Jasper County fairgrounds, impacting parked cars and campers. Rainfall generally subsided through the morning, but areas over central Iowa were now primed for a second round of thunderstorms and heavy rainfall expected on the afternoon of July 20th, 2025.",At least 6 to 10 inches of water flowing through portions of the Jasper County fairgrounds. Several parked cars and campers flooded.,CSV
2025-08-18 06:55:00,2025-08-18 10:11:00,0 days 03:16:00,206579_0,202508,18,655,202508,18,655,206579,1289336,IOWA,19,2025,August,Flash Flood,C,191,WINNESHIEK,ARX,2025-08-18 06:55:00,CST-6,2025-08-18 06:55:00,0,0,0,0,0.00K,0.00K,Law Enforcement,Heavy Rain,1.01,W,DECORAH MUNI ARPT,1.37,W,DECORAH MUNI ARPT,43.28,-91.77,43.2808,-91.7748,"Repeated rounds of rain led to increased saturation in soils during the month of August. As a result, when additional training storms moved over northeast Iowa during the morning hours on August 18th, numerous roads were flooded in Chickasaw and Winneshiek counties.",Law enforcement reported water over Trout Run road roughly 1 mile west of Decorah.,CSV
2025-08-18 06:55:00,2025-08-18 10:11:00,0 days 03:16:00,206579_0,202508,18,713,202508,18,713,206579,1289337,IOWA,19,2025,August,Flash Flood,C,37,CHICKASAW,ARX,2025-08-18 07:13:00,CST-6,2025-08-18 07:13:00,0,0,0,0,0.00K,0.00K,Trained Spotter,Heavy Rain,2.13,ESE,DEVON,2.14,ESE,DEVON,43.12,-92.34,43.1199,-92.3375,"Repeated rounds of rain led to increased saturation in soils during the month of August. As a result, when additional training storms moved over northeast Iowa during the morning hours on August 18th, numerous roads were flooded in Chickasaw and Winneshiek counties.",A trained spotter reported water flowing over the road at the intersection of 165th St and Kenwood Ave near Devon Woods.,CSV
2025-08-18 06:55:00,2025-08-18 10:11:00,0 days 03:16:00,206579_0,202508,18,713,202508,18,713,206579,1289338,IOWA,19,2025,August,Flash Flood,C,37,CHICKASAW,ARX,2025-08-18 07:13:00,CST-6,2025-08-18 07:13:00,0,0,0,0,0.00K,0.00K,Public,Heavy Rain,1.22,SE,DEVON,1.27,ESE,DEVON,43.12,-92.36,43.12,-92.3586,"Repeated rounds of rain led to increased saturation in soils during the month of August. As a result, when additional training storms moved over northeast Iowa during the morning hours on August 18th, numerous roads were flooded in Chickasaw and Winneshiek counties.",The public reported water over gravel road 165th street. Picture received on social media.,CSV
2025-08-18 06:55:00,2025-08-18 10:11:00,0 days 03:16:00,206579_0,202508,18,1011,202508,18,1011,206579,1289339,IOWA,19,2025,August,Flash Flood,C,191,WINNESHIEK,ARX,2025-08-18 10:11:00,CST-6,2025-08-18 10:11:00,0,0,0,0,20.00K,0.00K,Emergency Manager,Heavy Rain,1.01,E,CALMAR,0.94,E,CALMAR,43.18,-91.86,43.1818,-91.8596,"Repeated rounds of rain led to increased saturation in soils during the month of August. As a result, when additional training storms moved over northeast Iowa during the morning hours on August 18th, numerous roads were flooded in Chickasaw and Winneshiek counties.",Emergency management reported basements flooded in Calmar.,CSV
2025-08-18 11:00:00,2025-08-21 00:15:00,2 days 13:15:00,206584_0,202508,18,1100,202508,20,530,206584,1289454,IOWA,19,2025,August,Flood,C,65,FAYETTE,ARX,2025-08-18 11:00:00,CST-6,2025-08-20 05:30:00,0,0,0,0,0.00K,0.00K,River/Stream Gage,Heavy Rain,1.56,ESE,ELDORADO,1.87,ESE,ELDORADO,43.0422,-91.8211,43.0397,-91.8196,"Heavy rain throughout the middle of August contributed to rises along many area rivers in northeast Iowa. This included minor to moderate flooding along portions of the Little Cedar and Cedar Rivers, as well as the Upper Iowa and Turkey Rivers.",Heavy rain during the middle of August allowed the Turkey River at Eldorado to rise into flood stage during the evening on August 18th. The site crested at 15.67 ft in moderate flood stage during the evening hours on August 19th before falling below flood stage during the early evening hours on August 20th.,CSV
2025-08-18 11:00:00,2025-08-21 00:15:00,2 days 13:15:00,206584_0,202508,18,1100,202508,20,530,206584,1289456,IOWA,19,2025,August,Flood,C,191,WINNESHIEK,ARX,2025-08-18 11:00:00,CST-6,2025-08-20 05:30:00,0,0,0,0,0.00K,0.00K,River/Stream Gage,Heavy Rain,0.93,NE,SPILLVILLE,1.08,NE,SPILLVILLE,43.2095,-91.957,43.2102,-91.9558,"Heavy rain throughout the middle of August contributed to rises along many area rivers in northeast Iowa. This included minor to moderate flooding along portions of the Little Cedar and Cedar Rivers, as well as the Upper Iowa and Turkey Rivers.",Heavy rain during the middle of August allowed the Turkey River at Spillville to rise into flood stage during the morning on August 18th. The site crested at 11.23 ft in moderate flood stage during the early afternoon on August 18th before falling below flood stage during the early morning hours on August 20th.,CSV
2025-08-18 11:00:00,2025-08-21 00:15:00,2 days 13:15:00,206584_0,202508,18,1245,202508,19,315,206584,1289452,IOWA,19,2025,August,Flood,C,37,CHICKASAW,ARX,2025-08-18 12:45:00,CST-6,2025-08-19 03:15:00,0,0,0,0,0.00K,0.00K,River/Stream Gage,Heavy Rain,0.33,NW,CHICKASAW,0.37,N,CHICKASAW,43.0335,-92.5045,43.0369,-92.5016,"Heavy rain throughout the middle of August contributed to rises along many area rivers in northeast Iowa. This included minor to moderate flooding along portions of the Little Cedar and Cedar Rivers, as well as the Upper Iowa and Turkey Rivers.",Heavy rain during the middle of August allowed the Little Cedar River at Ionia to rise into flood stage during the afternoon on August 18th. The site crested at 12.06 ft in minor flood stage during the evening on August 18th before falling below flood stage during the early morning hours on August 19th.,CSV
2025-08-18 11:00:00,2025-08-21 00:15:00,2 days 13:15:00,206584_0,202508,18,1945,202508,19,1300,206584,1289453,IOWA,19,2025,August,Flood,C,37,CHICKASAW,ARX,2025-08-18 19:45:00,CST-6,2025-08-19 13:00:00,0,0,0,0,0.00K,0.00K,River/Stream Gage,Heavy Rain,0.18,ENE,NASHUA,0.57,ENE,NASHUA,42.9511,-92.5268,42.9519,-92.5223,"Heavy rain throughout the middle of August contributed to rises along many area rivers in northeast Iowa. This included minor to moderate flooding along portions of the Little Cedar and Cedar Rivers, as well as the Upper Iowa and Turkey Rivers.",Heavy rain during the middle of August allowed the Little Cedar River at Nashua to rise into flood stage during the evening on August 18th. The site crested at 956.33 ft in minor flood stage during the early morning hours on August 19th before falling below flood stage during the afternoon that same day.,CSV
2025-08-18 11:00:00,2025-08-21 00:15:00,2 days 13:15:00,206584_0,202508,19,1115,202508,20,1545,206584,1289474,IOWA,19,2025,August,Flood,C,67,FLOYD,ARX,2025-08-19 11:15:00,CST-6,2025-08-20 15:45:00,0,0,0,0,0.00K,0.00K,River/Stream Gage,Heavy Rain,0.79,E,CHARLES CITY,1.67,ENE,CHARLES CITY,43.0691,-92.6844,43.0725,-92.6835,"Heavy rain throughout the middle of August contributed to rises along many area rivers in northeast Iowa. This included minor to moderate flooding along portions of the Little Cedar and Cedar Rivers, as well as the Upper Iowa and Turkey Rivers.",Heavy rain during the middle of August allowed the Cedar River at Charles City to rise into flood stage during the morning on August 19th. The site crested at 13.48 ft in minor flood stage just after midnight on August 20th before falling below flood stage during the late afternoon on August 20th.,CSV
2025-08-18 11:00:00,2025-08-21 00:15:00,2 days 13:15:00,206584_0,202508,19,1715,202508,21,15,206584,1289459,IOWA,19,2025,August,Flood,C,43,CLAYTON,ARX,2025-08-19 17:15:00,CST-6,2025-08-21 00:15:00,0,0,0,0,0.00K,0.00K,River/Stream Gage,Heavy Rain,0.41,SSW,ELKADER,0.5,SW,ELKADER,42.845,-91.4043,42.8445,-91.4052,"Heavy rain throughout the middle of August contributed to rises along many area rivers in northeast Iowa. This included minor to moderate flooding along portions of the Little Cedar and Cedar Rivers, as well as the Upper Iowa and Turkey Rivers.",Heavy rain during the middle of August allowed the Turkey River at Elkader to rise into flood stage during the early evening on August 19th. The site crested at 13.33 ft in minor flood stage during the late morning on August 20th before falling below flood stage just after midnight on August 21st.,CSV
2025-08-18 11:00:00,2025-08-21 00:15:00,2 days 13:15:00,206584_0,202508,19,1715,202508,21,15,206584,1289461,IOWA,19,2025,August,Flood,C,5,ALLAMAKEE,ARX,2025-08-19 17:15:00,CST-6,2025-08-21 00:15:00,0,0,0,0,0.00K,0.00K,River/Stream Gage,Heavy Rain,3.38,S,CHESTER,2.98,S,CHESTER,43.422,-91.5073,43.4266,-91.5194,"Heavy rain throughout the middle of August contributed to rises along many area rivers in northeast Iowa. This included minor to moderate flooding along portions of the Little Cedar and Cedar Rivers, as well as the Upper Iowa and Turkey Rivers.",Heavy rain during the middle of August allowed the Upper Iowa River at Dorchester to rise into flood stage during the morning on August 18th. The site crested at 16.89 ft in minor flood stage during the evening on August 18th before falling below flood stage during the evening on August 19th.,CSV
2025-08-09 02:50:00,2025-08-09 05:00:00,0 days 02:10:00,206824_0,202508,9,250,202508,9,500,206824,1290491,IOWA,19,2025,August,Flash Flood,C,35,CHEROKEE,FSD,2025-08-09 02:50:00,CST-6,2025-08-09 05:00:00,0,0,0,0,0.00K,0.00K,Social Media,Heavy Rain,0.62,SE,CHEROKEE,0.86,SSE,CHEROKEE,42.7426,-95.5431,42.7425,-95.5475,"Scattered thunderstorms developed along a strong frontal boundary, which moved across northwest Iowa late in the night of August 8 and early morning of August 9. The thunderstorms were within an environment of marginal shear and decent MUCAPE around 1500 J/kg, and high amounts of moisture led to brief excessive rainfall rates. The heaviest rainfall was focused around Cherokee, where from 1.50 to 3.00 inches of rainfall occurred in a couple hours, leading to brief flash flooding.",Pictures showed significant street flooding in lower areas on the southeast side of Cherokee.,CSV
2025-07-20 18:30:00,2025-07-20 21:30:00,0 days 03:00:00,206920_0,202507,20,1830,202507,20,2130,206920,1290943,IOWA,19,2025,July,Flash Flood,C,153,POLK,DMX,2025-07-20 18:30:00,CST-6,2025-07-20 21:30:00,0,0,0,0,20.00K,0.00K,Law Enforcement,Heavy Rain,0.37,N,ASHAWA,1.79,N,COMMERCE,41.5854,-93.7706,41.5331,-93.7696,"Diurnally driven afternoon storms on Sunday, July 20th, 2025, developed within an unstable environment with CAPE values over 3000 J/kg and 40 to 45 kts of effective shear. Despite this unstable and decently sheared environment, several factors limited the severe weather potential, including weak low-level flow, a warm layer aloft, and an overall lack of forcing. This led to disorganized storms that remained below severe limits. The weak flow and low-level instability did allow for the production of a few funnel clouds in western Iowa, but these remained aloft and posed no threat to lives or property. |The primary impact from these slow-moving storms was heavy rainfall over already saturated ground from the morning's events. One storm developed directly over the Des Moines metro area and slowly drifted southward, dropping an additional 1 to 2 inches of rain on top of the 3 to 4 inches that had fallen early in the day. Drainage systems were quickly overwhelmed, producing street and building flooding in Des Moines and West Des Moines, particularly in areas near the Raccoon River. Fortunately, this flash flooding was short-lived and waters receded by the late evening.","Local law enforcement reported flash flooding over portions of the Des Moines metro area on the evening of July 20th 2025. Several intersections closed along 63rd Ave, with several stranded vehicles. George Flagg Parkways closed, with flooding reported in the Valley Junction area. Local media also reported deep, standing water along Ashworth road in West Des Moines.",CSV
2025-08-07 08:45:00,2025-08-07 12:00:00,0 days 03:15:00,207543_0,202508,7,845,202508,7,1200,207543,1294469,IOWA,19,2025,August,Flash Flood,C,39,CLARKE,DMX,2025-08-07 08:45:00,CST-6,2025-08-07 12:00:00,0,0,0,0,0.00K,0.00K,Emergency Manager,Heavy Rain,4.95,NNE,WELDON,4.68,NNE,WELDON,40.97,-93.71,40.9748,-93.7101,"Iowa was on the edge of a deep thermal ridge. Several weak embedded waves moved across, aiding in thunderstorms development as the interacted with the low level jet through the early morning. These early morning storms did remain sub severe, but produced heavy rain that continued through midday. Training storms across southern Iowa result in an area of five to seven plus inches of rain, but no flash flooding occurred there. Three plus inches of rain occurred in parts of Clarke, Decatur, and Wayne counties with culverts and secondary roads washed out in flash flooding. A single storm in southern Iowa strengthened as it was preparing to cross the border into Missouri. While it did not produce widespread severe damage, it did produce a microburst over the small town of Lineville, IA. A review of damage photos and drone footage provided by the Emergency Manager are consistent with straight line or microburst winds estimated of up to 90 mph. The damage footprint impacted outbuildings on the north end of Lineville and grain bins in south Lineville (a roughly 1 mile swath); as well as damage to trees and destruction of the fire station damage in between. The damage pattern in-town and in cornfields upstream did not reveal a focused track; instead a more erratic and fanning out pattern typical of severe straight line winds.",Delayed report. Water over roadways and culverts being washed out SE of Osceola.,CSV
2025-09-16 19:05:00,2025-09-16 20:00:00,0 days 00:55:00,208321_0,202509,16,1905,202509,16,2000,208321,1297982,IOWA,19,2025,September,Flash Flood,C,187,WEBSTER,DMX,2025-09-16 19:05:00,CST-6,2025-09-16 20:00:00,0,0,0,0,0.00K,0.00K,Emergency Manager,Heavy Rain,0.69,N,FT DODGE,1.89,NE,FT DODGE,42.51,-94.18,42.508,-94.1712,"An omega block pattern set up in mid September and on the 16th Iowa was just west of the ridge axis. This resulted in a hot and humid period and MLCAPE was around 2000-3000 J/kg. The 0-6 km shear was weak under the ridge at under 20 kts. In the deeply unstable environment, pulse thunderstorms were able to develop quickly but the lack of shear prevented better organization and the storms would eventually collapse on themselves. This resulted in widespread scattered thunderstorms across Iowa that produced quarter sized hail and then collapsed and produced wind gusts of 50-60 mph. The lack of flow also meant that storm motions were around 5-10 mph. In an environment with precipitable water over 1.5 inches and deep warm cloud layers allowing for efficient rain production, the slow storm motions resulted in areas with 4-6 inches of rain. Even so, dry antecedent conditions prevent widespread hydrologic problems. Flash flooding was reported in Fort Dodge when thunderstorm set up over the town, resulting in closed roads and stalled vehicles across town. Storms diminished in strength overnight but remained efficient rain producers into the early morning of September 17th.",Delayed report. EM reports several intersections flooded in Ft Dodge with with stalled vehicles and water up to the bottom of doors. Flooding continued through 9pm until gradually receding.,CSV
