{"type": "FeatureCollection", "features": [{"type": "Feature", "geometry": {"type": "Polygon", "coordinates": [[[-91.23237184367059, 43.01620841119611], [-91.24043163440092, 43.01079504080797], [-91.26496117438121, 43.013401519648184], [-91.28231585132264, 43.005325370713386], [-91.30315179104416, 43.00433604435784], [-91.30799222101882, 42.99903909204309], [-91.31093351366819, 42.9825440363479], [-91.29752882964235, 42.97934339386565], [-91.29261370654844, 42.96837702242463], [-91.28432429026182, 42.96409331334405], [-91.2849782368392, 42.956669586833854], [-91.27454924375158, 42.9516953140846], [-91.29306276627413, 42.91836469076642], [-91.28488458118262, 42.91098038790942], [-91.27098266707061, 42.91155745015297], [-91.26275046358614, 42.900682682391086], [-91.26332100069106, 42.89420433464911], [-91.25549064776915, 42.88920743134128], [-91.25638931429454, 42.8835315540995], [-91.23455429975505, 42.87552020768874], [-91.2321298348381, 42.853553588631826], [-91.22313252005647, 42.85021209073706], [-91.22140338979698, 42.841030983951754], [-91.20405678601504, 42.83601918404437], [-91.19048247041916, 42.82332462269147], [-91.18068237528554, 42.799839810442016], [-91.17177280794084, 42.79585236745374], [-91.17317331111319, 42.789650702911786], [-91.14657351642406, 42.77969345213523], [-91.13581009582752, 42.77039811075038], [-91.13513883961294, 42.757507132094254], [-91.09749551435031, 42.746694713172076], [-91.03514900206802, 42.712051000306204], [-91.01622880143658, 42.71709098987751], [-91.02390374132277, 42.704641315447404], [-91.02558954763272, 42.68846195552415], [-91.01132815020189, 42.680238156615296], [-91.01190497192056, 42.67552998332708], [-91.01733158226253, 42.66665021897975], [-91.03314034124496, 42.65996113051595], [-91.03355620372933, 42.648803668338275], [-91.0254771396446, 42.64495635772457], [-91.01686075456087, 42.65222551135491], [-91.00595085197914, 42.6472755635436], [-90.99402334862337, 42.64964048404085], [-90.9799038823125, 42.63802714992565], [-90.98828201172499, 42.62678803444717], [-90.97715096727654, 42.61670206836197], [-90.98316658139072, 42.61254520286854], [-90.98132139238982, 42.60807089488708], [-91.0138526937297, 42.59062981343028], [-91.02599685456232, 42.574246977615424], [-91.01944094872051, 42.56445780043954], [-91.00056236434122, 42.55426560000128], [-90.9901713214811, 42.54003794548345], [-90.97592591765559, 42.53667774123732], [-90.95952992907361, 42.523650213260574], [-90.9620792813746, 42.51931991954694], [-90.98379293711245, 42.518374612971165], [-90.99729868250607, 42.49939760312035], [-91.0150389855377, 42.49648972854118], [-91.00908914517032, 42.48034623464036], [-91.0215064172055, 42.45022227278422], [-91.01327680086905, 42.44290931178575], [-90.96926964304707, 42.43955303156646], [-90.95359841433799, 42.443989140211265], [-90.95309791079092, 42.448535179807465], [-90.93040510396978, 42.444774753212194], [-90.9286988654787, 42.45086267104928], [-90.89556316863248, 42.44566622014743], [-90.89049517024353, 42.45432224263507], [-90.86946732252954, 42.45601719929347], [-90.82820074587468, 42.47796005161471], [-90.83017133070611, 42.48581083972152], [-90.83865753553214, 42.48836515122172], [-90.8345525697553, 42.500968158105884], [-90.818191369331, 42.516997950672796], [-90.79791588761692, 42.51865583152367], [-90.78855017912714, 42.51144026878394], [-90.77407553332597, 42.5104022241909], [-90.76929502277738, 42.50301832588434], [-90.75495252005283, 42.51400327389531], [-90.74011473838287, 42.51607031187423], [-90.7293951906065, 42.52712342959186], [-90.66282641413085, 42.530795876965904], [-90.66346771871724, 42.54711527236219], [-90.64836509573523, 42.53928380373518], [-90.61297711046934, 42.54619987833368], [-90.60865508836366, 42.55354090682748], [-90.6144910726587, 42.571828270203014], [-90.59669312293865, 42.594385683243146], [-90.59610029503826, 42.60166636130789], [-90.581684431396, 42.60689559830156], [-90.53377563337693, 42.599150720777], [-90.48283457031971, 42.61244184684685], [-90.46220381748718, 42.60822425311616], [-90.44260401619044, 42.610268514982145], [-90.43465600462756, 42.62270910930834], [-90.43380711734532, 42.648889560418816], [-90.43933226209417, 42.65896244777263], [-90.43409241778798, 42.6644530500869], [-90.43173225427907, 42.690376008764986], [-90.41361440550321, 42.70340433563934], [-90.41523893054111, 42.7121517664857], [-90.40723700838306, 42.73188311240519], [-90.40059177406938, 42.73520526775005], [-90.38465831814571, 42.7610170934452], [-90.36200687784509, 42.767697912709686], [-90.37371320609645, 42.780851944588896], [-90.36850161290765, 42.79484133531601], [-90.37189994411904, 42.80122350392872], [-90.36637092763134, 42.80662854364111], [-90.38795949925408, 42.82414861532686], [-90.4039177540695, 42.828900296872334], [-90.39184605404262, 42.84632527148882], [-90.39952552053954, 42.85952025113666], [-90.39599245371362, 42.86498629727411], [-90.41079411053272, 42.87395628917339], [-90.41439307147968, 42.88969048714574], [-90.43379936847768, 42.905058294859835], [-90.43446190564413, 42.92240581228667], [-90.44009091091117, 42.93358800342569], [-90.41264961309142, 42.95684070422337], [-90.41296796255338, 42.962850701197155], [-90.42326180680146, 42.96946356848988], [-90.44187494260754, 42.966078946987025], [-90.47918102504113, 42.98007253840985], [-90.51292158451761, 42.97329208968093], [-90.54987105195309, 42.977177088914026], [-90.56790703456217, 42.97240823821984], [-90.58968055852215, 42.97973817883976], [-90.63287945357396, 42.97594699208868], [-90.66407132101115, 42.993989677397394], [-90.67815992480215, 42.986909209723585], [-90.70320043999077, 42.99398144849676], [-90.75701549032301, 42.9714150639018], [-90.79717425109476, 42.97741230260726], [-90.83344678675968, 42.96986837840155], [-90.8520666886765, 42.980771647879536], [-90.91666252403971, 42.96075646061665], [-90.93846650537941, 42.96292723042626], [-90.97975709669676, 42.950635794283485], [-90.9922968450378, 42.95521954155827], [-91.01193133567752, 42.95078274778564], [-91.01825250095581, 42.9613755679819], [-91.02405873933684, 42.95590111842777], [-91.04809744793073, 42.951632648805884], [-91.06051909026979, 42.96061518791922], [-91.07068907570479, 42.957272528698866], [-91.07220261658429, 42.95189297019168], [-91.07951977276419, 42.95667806135531], [-91.0800998778252, 42.9643070995638], [-91.11056432817288, 42.97184386773178], [-91.11389271206468, 42.977214127767795], [-91.11130333981778, 42.98695376680438], [-91.1196417035076, 42.99258178608454], [-91.12946544499444, 42.98869040653463], [-91.1315012996178, 42.99620911438846], [-91.1485274635581, 42.99208772207582], [-91.15031989540071, 42.997277261074224], [-91.2010306420972, 42.99417632938369], [-91.20961236299075, 43.00947472885406], [-91.23237184367059, 43.01620841119611]]]}, "properties": {"huc8": "07060003", "name": "Grant-Little Maquoketa", "states": "IA,WI", "areasqkm": 2899.59, "episode_count": 8, "event_count": 10, "huc8_name": "Grant-Little Maquoketa", "area_sqkm": 2899.59}}, {"type": "Feature", "geometry": {"type": "Polygon", "coordinates": [[[-95.69761316087248, 43.698314814398195], [-95.70208370503732, 43.68815129428665], [-95.69538785155571, 43.6780711689681], [-95.68903348005294, 43.68015440317362], [-95.67692367977992, 43.66705884801024], [-95.67720629156494, 43.65999041292494], [-95.68211245306559, 43.6599000391066], [-95.67823631963265, 43.65841098087043], [-95.68944083998315, 43.654915444723436], [-95.68377135213782, 43.63829694470032], [-95.67377486372352, 43.63527221122451], [-95.68467346370235, 43.6236586945968], [-95.68467127450799, 43.610033544257156], [-95.67287538601944, 43.60755939520253], [-95.66859793562323, 43.599886272584], [-95.67155281888449, 43.595741529955426], [-95.65623892292746, 43.575669277096964], [-95.67348090980975, 43.57257499508373], [-95.67828676362912, 43.562954535035985], [-95.69506430174658, 43.56231750774129], [-95.69216129888788, 43.55894434608168], [-95.69574256392205, 43.54592315616391], [-95.70768951400711, 43.53928401979364], [-95.69176593326335, 43.53704020975875], [-95.67490845676372, 43.52296711820351], [-95.68364782929469, 43.51595534730147], [-95.68382691383647, 43.50072578046016], [-95.68999993075472, 43.49988437721832], [-95.69522275468123, 43.48840727480198], [-95.6852403698169, 43.44977413894628], [-95.69782725455752, 43.44306376502052], [-95.69646556669028, 43.432850585770225], [-95.68114356792938, 43.4170020929471], [-95.67448162135814, 43.416769059663636], [-95.67388676955342, 43.406598722056714], [-95.66876315017703, 43.40243037237575], [-95.6737178449575, 43.39464204288248], [-95.65678499082237, 43.36712122179738], [-95.65584413581797, 43.35307476608874], [-95.65024973455398, 43.34672952234768], [-95.6261800691171, 43.343707720168766], [-95.6100789282726, 43.3273065990913], [-95.61782904097839, 43.31185952104016], [-95.60930916280394, 43.29012418873123], [-95.60797493912989, 43.26576980706786], [-95.59552951748694, 43.24622252496725], [-95.58790492457916, 43.208158610268306], [-95.59715617782028, 43.18901619658459], [-95.593286465545, 43.18367224285883], [-95.59646076770433, 43.17561330986835], [-95.61607365835305, 43.17137914851524], [-95.61271515484808, 43.155574173990736], [-95.6363052564672, 43.14092427631856], [-95.64355026445504, 43.14507004181516], [-95.67711713377298, 43.14619399273628], [-95.70814173220934, 43.135257300553896], [-95.73108023724386, 43.139401288491705], [-95.75373868979358, 43.129013300598345], [-95.75978526793729, 43.12287296409615], [-95.74296404744251, 43.104043313577556], [-95.74466017719172, 43.09752886116946], [-95.7728770364103, 43.076392999017024], [-95.7713394027149, 43.07083406497342], [-95.78234287112166, 43.063233893327435], [-95.7826063065703, 43.04643881794924], [-95.79424178559351, 43.033568946536576], [-95.77940004594643, 43.0246464370139], [-95.78428989224489, 43.01958508067057], [-95.77643943323027, 43.01071095997838], [-95.78411979804245, 43.005811066158955], [-95.82473299765181, 43.01459457975209], [-95.8376283988953, 43.00085293466667], [-95.83644113600847, 42.990694746406746], [-95.84201978711057, 42.982690098093265], [-95.82701610457397, 42.977115466980024], [-95.82052850213478, 42.964239121128664], [-95.8105170864154, 42.95902635821126], [-95.81182232594682, 42.9532180354967], [-95.82357065403097, 42.95416562560947], [-95.82848292407553, 42.94979992681504], [-95.80967304284918, 42.93678215289292], [-95.80215617860522, 42.919684453829156], [-95.77755635353877, 42.90072942149159], [-95.80900646416227, 42.87998541987676], [-95.8072464192806, 42.8724518240254], [-95.8003201173859, 42.8668891809791], [-95.78508637001681, 42.87321501497949], [-95.76517267759687, 42.86597894464078], [-95.74137947857014, 42.86646577461839], [-95.72778689124138, 42.859955084357246], [-95.71933252720062, 42.86563395597054], [-95.71149619958373, 42.861959519531204], [-95.70950763317525, 42.85731876560395], [-95.71663312211118, 42.85166061566892], [-95.7117440196178, 42.83983331186007], [-95.71781392880607, 42.83074790515171], [-95.7129364523091, 42.82380916597094], [-95.72319732658958, 42.81922093605102], [-95.72505837624517, 42.80438506005047], [-95.7351352468094, 42.79414067965274], [-95.73252303669304, 42.789035495607486], [-95.74205575367222, 42.78471198308324], [-95.73780387382057, 42.77421677306959], [-95.74107670859014, 42.761213205466454], [-95.74862897993103, 42.75893071024489], [-95.75015691631296, 42.7520324429959], [-95.75700376671236, 42.75158894674347], [-95.75729543261713, 42.74373400619747], [-95.76509238797341, 42.73762566827647], [-95.757752413687, 42.71861391287828], [-95.76539045796784, 42.67976876582192], [-95.78056442604803, 42.667479094081415], [-95.79374427613129, 42.64841734544224], [-95.80762286548695, 42.64957876547477], [-95.8118388172188, 42.6374245416105], [-95.82114724553281, 42.633903921819524], [-95.81967869318105, 42.624537660958474], [-95.82476135746533, 42.61815110435182], [-95.85459172657981, 42.61273664733802], [-95.86111004601185, 42.60800664647493], [-95.8642120993678, 42.59452721795675], [-95.88743207083536, 42.595993606280004], [-95.89809629137336, 42.59058692574367], [-95.89782440098126, 42.580966066326056], [-95.90571589503806, 42.57221043167645], [-95.90371634762356, 42.56413439233764], [-95.92235573759213, 42.54467049103445], [-95.91954829392012, 42.53278305136995], [-95.90361167682497, 42.523738930812954], [-95.90452659387384, 42.51470974869258], [-95.89466775970043, 42.5101864077565], [-95.89062695968603, 42.502534509221455], [-95.91545457954221, 42.4873068396289], [-95.91161758121464, 42.4832874255547], [-95.92232998468957, 42.4715596229119], [-95.91462209190381, 42.46065304392476], [-95.89791801262041, 42.455230159808764], [-95.90435650775626, 42.45158615063261], [-95.9002105554463, 42.44206330056896], [-95.90587089305212, 42.43362137500819], [-95.90237416128282, 42.38943359038414], [-95.91246165981518, 42.36987869395372], [-95.90769804028888, 42.3664973104624], [-95.91291409630803, 42.35631507214702], [-95.90795871790961, 42.346248263276614], [-95.91746879464868, 42.33334850298266], [-95.91641805861705, 42.326233919620094], [-95.92913877436871, 42.31930486828183], [-95.92623271184817, 42.29645332693673], [-95.94414076717428, 42.2944463606382], [-95.9483010808507, 42.2895217774417], [-95.94653557061886, 42.27478554844637], [-95.95479522931336, 42.26535219192095], [-95.95257950771563, 42.25911923210637], [-95.96169196765207, 42.25152183101371], [-95.95831687765371, 42.24641969651329], [-95.96217984627614, 42.23564105561744], [-95.9562738014738, 42.23090086988149], [-95.96658132347038, 42.22771202695992], [-95.97059647748172, 42.21740708158116], [-95.98786189781652, 42.210582392106666], [-96.00043570039166, 42.18698223966459], [-96.00938079700416, 42.18312734392859], [-96.00966550994862, 42.16477319300945], [-96.00291880643202, 42.14955889444302], [-96.00540158458732, 42.125317956204796], [-95.99837159375262, 42.125287602631104], [-96.0017946205495, 42.101810040198984], [-96.01562605464095, 42.09449300052204], [-96.03434305994838, 42.09835625869733], [-96.03864100810276, 42.09110884247985], [-96.03896689353165, 42.06307319554065], [-96.03483748010436, 42.05227499610569], [-96.02667552128182, 42.05550001530721], [-96.01168395971334, 42.03692561523676], [-96.01173533975431, 42.03050538198452], [-95.9829342144783, 42.018822409239526], [-95.9837787081005, 41.99329010028311], [-95.97360979076235, 41.965154966609276], [-95.99179511469417, 41.964952113760866], [-95.98191657507668, 41.94371800104133], [-95.98263024345079, 41.91585132417447], [-96.03077558854541, 41.85300091922242], [-96.05834804578653, 41.82485599666959], [-96.07256097641282, 41.82044753688883], [-96.06169027361516, 41.808506602037745], [-96.06751803473207, 41.80338805648797], [-96.05746185057221, 41.80395804434535], [-96.05144437874202, 41.797223853166955], [-96.05033052707851, 41.77681820792347], [-96.03818662316407, 41.776882961844294], [-96.0388911844178, 41.78027399834169], [-96.0283971640834, 41.78496893848732], [-96.0244312835637, 41.794143460996054], [-96.02729150595361, 41.80654618867052], [-96.005879478437, 41.827199409557174], [-96.00060727142439, 41.827454113256515], [-95.99499921846304, 41.81860547922083], [-95.98833902360663, 41.82107366521636], [-95.98909569433337, 41.829230329158335], [-96.00054562184307, 41.837095897998424], [-95.99262935135243, 41.84566596756226], [-95.99078631651157, 41.85801242782508], [-95.955787419443, 41.868806878155745], [-95.95164870306263, 41.87480182830342], [-95.95225343723381, 41.89498697054278], [-95.94325905095998, 41.912030487137514], [-95.9319572071316, 41.916837492229874], [-95.92378622742697, 41.91437260771294], [-95.9201712477219, 41.92365719259856], [-95.91308742264884, 41.92533481304769], [-95.9171659716681, 41.93226852558724], [-95.90888036603491, 41.941628534455326], [-95.91446984003956, 41.96468946886935], [-95.90772978675102, 41.96558962487292], [-95.9053351980038, 41.97232663141823], [-95.88949319596594, 41.968123397295095], [-95.88227521918333, 41.97882702673882], [-95.87317429361511, 41.97669646663487], [-95.86406532543018, 41.98377217140301], [-95.86747306200259, 41.99010604584665], [-95.85857742662964, 41.99215799963404], [-95.8593067445543, 41.99774394538317], [-95.8484501623746, 42.008707657020764], [-95.84992172857412, 42.02276716642541], [-95.83590507265089, 42.03739650944063], [-95.8383664232917, 42.04228209518209], [-95.8314494027905, 42.053979889028604], [-95.83488940774626, 42.05896594901507], [-95.82953875535146, 42.06461640764906], [-95.85113104779613, 42.069101868207476], [-95.86801821541256, 42.05259578653489], [-95.87038988274698, 42.03624132262364], [-95.88462787367476, 42.031743469571396], [-95.90242081798205, 42.01146580434118], [-95.9355099910797, 42.00802366072984], [-95.94023531273047, 42.00387111605313], [-95.95333425065779, 42.01025015270624], [-95.96130850380675, 42.00033749100734], [-95.9725915674558, 42.0030942515804], [-95.98234221033303, 41.99977802613955], [-95.96242307951236, 42.008553974629315], [-95.96678160376129, 42.02024985412471], [-95.9531225114571, 42.04448393074725], [-95.95565155644279, 42.0572422938018], [-95.94473039168237, 42.07246258126182], [-95.95066192168933, 42.08989770263489], [-95.93862010681532, 42.10281598724145], [-95.93923599267244, 42.11676016240141], [-95.92726950782323, 42.122062747407185], [-95.92786233482532, 42.1312041359157], [-95.92539823803466, 42.13696436004422], [-95.91940030995178, 42.137638648225646], [-95.9195869726813, 42.14295196878066], [-95.90001909571316, 42.14666522277284], [-95.90006338265667, 42.153311692346655], [-95.88520299128933, 42.16620987268613], [-95.88850729045006, 42.17800652580529], [-95.88027739743247, 42.17707709387584], [-95.87797659459754, 42.18228139418693], [-95.86227189196602, 42.18672370898937], [-95.86883846170859, 42.193798389366584], [-95.86627912642983, 42.201595129882506], [-95.85013536232174, 42.204956935462334], [-95.8464273575774, 42.213583704129526], [-95.83763329830687, 42.21857798261475], [-95.83871934621402, 42.22760609296744], [-95.83284496612711, 42.23495653501828], [-95.83884041935136, 42.25024764851575], [-95.8356911936632, 42.2609517587387], [-95.82629401359577, 42.26142969198089], [-95.8240692630311, 42.26849661704312], [-95.81545580286193, 42.271517675161384], [-95.8138460874498, 42.285945895169505], [-95.8064743469383, 42.28642688199259], [-95.80690263402138, 42.296066017712135], [-95.79374513042912, 42.29596902192425], [-95.77267212889737, 42.31836446448075], [-95.77472398521088, 42.32888647422371], [-95.7515700030858, 42.34001653038024], [-95.75058071092128, 42.35046828934815], [-95.72441884942474, 42.353965806248254], [-95.72133288759045, 42.35869340708278], [-95.72477259071226, 42.366695871882264], [-95.71173233433257, 42.37208613343079], [-95.7167433310235, 42.391053388557296], [-95.70299586605493, 42.394938199232065], [-95.67573270505436, 42.38718306250906], [-95.65338473541962, 42.39158412004985], [-95.65249721788521, 42.432712653992645], [-95.61621408838816, 42.43755624791771], [-95.60386614832657, 42.45464929738556], [-95.60324429945261, 42.464098551880724], [-95.5935216687409, 42.47201730492316], [-95.58398631071478, 42.469766817384716], [-95.568492099524, 42.48892121164981], [-95.53733505887205, 42.48650636882237], [-95.5302181263892, 42.48747866225675], [-95.5253421401973, 42.4944400070751], [-95.52401657897751, 42.50363203572294], [-95.53297180499317, 42.51836066754901], [-95.51389197643066, 42.534820710183105], [-95.52287061164431, 42.5454389617758], [-95.5260422260443, 42.562172328193576], [-95.54307800914468, 42.57665541941929], [-95.52580453361674, 42.5886170628695], [-95.53092888332348, 42.60121970706066], [-95.52861194854268, 42.60851867290891], [-95.52147532948038, 42.611506548897616], [-95.51788427640287, 42.621084871587676], [-95.50111120291237, 42.63000829725997], [-95.50679724401343, 42.6385469454891], [-95.49803317679533, 42.64786572063259], [-95.5098490743585, 42.662431931420514], [-95.50481233913806, 42.67229879502257], [-95.51569312372816, 42.680105736031265], [-95.51875041223687, 42.690026468175205], [-95.5096758540189, 42.69421415165431], [-95.50240089440285, 42.70626797006807], [-95.50671401510238, 42.71162632156617], [-95.49759064872005, 42.713970032509444], [-95.49790090525961, 42.72459890434526], [-95.48698878653411, 42.734635876329364], [-95.4955053121959, 42.75115441843369], [-95.47456039155905, 42.75709850534219], [-95.4757901717083, 42.779200781679016], [-95.46066159010951, 42.78748227555686], [-95.46201513924028, 42.79958970328331], [-95.45340490851456, 42.802312043704426], [-95.4623674225621, 42.817272264183096], [-95.43852491141615, 42.83165614294051], [-95.42910669999128, 42.831449036894234], [-95.41696375457923, 42.84952490420386], [-95.39723609247486, 42.86010363962771], [-95.38929406189513, 42.85898319194567], [-95.38412215897053, 42.86672322578931], [-95.37738002428546, 42.86523524249236], [-95.37756291768405, 42.85633279138584], [-95.36085195730556, 42.841518859008936], [-95.32762921011506, 42.842156532053174], [-95.31606334962804, 42.81335775895504], [-95.3170543072691, 42.790758444975246], [-95.29993344652478, 42.78364164934402], [-95.29783095846693, 42.77795862441724], [-95.31103416295093, 42.767464542862726], [-95.32873370402825, 42.76215250570082], [-95.31489336673401, 42.74371355553951], [-95.3115264783542, 42.725919564637714], [-95.30630672127609, 42.72022431915718], [-95.28872618631267, 42.723590089054774], [-95.2753969068718, 42.69469314281756], [-95.26641686040485, 42.69236241710274], [-95.2660719100307, 42.68670067207309], [-95.23648949030768, 42.65871681181773], [-95.2127529489242, 42.66329621081228], [-95.20683473284808, 42.66810415046803], [-95.20967607265071, 42.67681016113446], [-95.20495350164133, 42.680503680442676], [-95.21741922161644, 42.68437343750316], [-95.22348176731433, 42.70245843156286], [-95.23182862727009, 42.706921932685], [-95.22966944833128, 42.71867110997091], [-95.24448665229302, 42.72669609821146], [-95.24381626295266, 42.73665123564547], [-95.25541977093494, 42.75523719760177], [-95.23571657624395, 42.76300150023473], [-95.22443094610816, 42.773495418055724], [-95.22408726415517, 42.80239216008165], [-95.24108932988969, 42.81508336810816], [-95.23985699133851, 42.826662802265005], [-95.22354595283969, 42.83078152730769], [-95.21875705292467, 42.84271113096199], [-95.1850815153051, 42.845711022311136], [-95.16456216075431, 42.85382722739437], [-95.1583898058944, 42.872732266648306], [-95.1330880399599, 42.87397876529479], [-95.11895393110989, 42.86903991605956], [-95.1096505863621, 42.87558097546338], [-95.09764181781243, 42.87266866913044], [-95.07737472097322, 42.87717207080347], [-95.06895525198965, 42.88827189465675], [-95.05837866570087, 42.893007401591575], [-95.05221837072365, 42.88634842484259], [-95.0393816052137, 42.889741223051864], [-95.02349655141586, 42.88639848752666], [-95.01180693542204, 42.877889662870324], [-95.00457089890894, 42.88400477900114], [-95.0074701980137, 42.89503741348147], [-94.99920402833001, 42.914704723439904], [-94.98790312234279, 42.925770317403185], [-94.99026442401717, 42.941103696731375], [-94.97693616775737, 42.95325687056534], [-94.9704278124385, 42.97341799586503], [-94.97699284426528, 42.9942112449298], [-94.97549179266318, 43.00935413780792], [-94.96416652795872, 43.00420994659658], [-94.94376903616444, 43.00683120427137], [-94.93813674935167, 43.00332440713926], [-94.93587265796745, 43.01159334117406], [-94.92739821029188, 43.01159285706658], [-94.93367884178791, 43.03100295223512], [-94.93103651026175, 43.050195658662474], [-94.90906801235924, 43.05172225172688], [-94.89040065783585, 43.077447592268385], [-94.88168347728569, 43.08078006643429], [-94.88121131109426, 43.09689099321475], [-94.86275362335817, 43.103818708932195], [-94.86134101898064, 43.11610666281536], [-94.85658616790984, 43.12340996140962], [-94.8501329107589, 43.1236655633886], [-94.86284112555505, 43.13660241389924], [-94.85725247261057, 43.14349045038894], [-94.86185729874073, 43.14856169994365], [-94.84047679939566, 43.153346243670036], [-94.83872519598272, 43.172084298928176], [-94.84404698910069, 43.176617708453726], [-94.83673807047195, 43.17900691538632], [-94.8359807942807, 43.187061090686264], [-94.8498240690659, 43.19501002965392], [-94.83926376294501, 43.20270386710025], [-94.85943558895677, 43.24052276070583], [-94.85231877954311, 43.25536876029962], [-94.85485522664675, 43.26561987271764], [-94.84766034375343, 43.27399121981786], [-94.86135131097885, 43.28607669962285], [-94.86248005221817, 43.29517101536438], [-94.88123882828802, 43.30757878873991], [-94.87607687690014, 43.322072310311675], [-94.88684399406407, 43.33405246122121], [-94.88404817189686, 43.337679289100215], [-94.88983654817679, 43.348140097575175], [-94.90926230448048, 43.357680389373535], [-94.91142656518885, 43.36390510562811], [-94.92035298492827, 43.36180435250717], [-94.93714419001445, 43.38431318417732], [-94.94041570965045, 43.40484128068526], [-94.93472627471425, 43.40805850837761], [-94.9377956599366, 43.41950860126269], [-94.93023966328222, 43.4336899851659], [-94.94080861838269, 43.43463120014822], [-94.95878678272514, 43.4264622639189], [-94.98563359345616, 43.43689114649589], [-95.01322596724543, 43.43136987196707], [-95.01106013268868, 43.4385192752459], [-95.01687824500114, 43.442466862928455], [-95.01872701917837, 43.454057504367164], [-95.00358691668606, 43.45814037777893], [-95.00383425612145, 43.46829905512641], [-94.99828773955369, 43.47150509339558], [-94.99944226872988, 43.478839133143595], [-94.99382392556694, 43.48616285958322], [-95.04581575699517, 43.49017548076072], [-95.04850537943115, 43.492389228568975], [-95.0428476325666, 43.49734692155958], [-95.04228061236601, 43.50648393459791], [-95.06486892805161, 43.5071123151117], [-95.07855219671504, 43.51185248578503], [-95.08248114569679, 43.51787214259293], [-95.07464779330012, 43.52262725415816], [-95.07486242148275, 43.531115959875095], [-95.06597432297502, 43.530304550694346], [-95.07239812436778, 43.556002500979126], [-95.06393213612725, 43.57882751532815], [-95.06503231902539, 43.58887396679092], [-95.07203034600563, 43.595720784885295], [-95.06061513927997, 43.60772223456767], [-95.06168815802224, 43.61446849360111], [-95.06962842610737, 43.61765214065887], [-95.06129725971962, 43.62463712861948], [-95.0646951022475, 43.63431340451126], [-95.0816505121811, 43.634100320838485], [-95.08734726748857, 43.64088430069133], [-95.10618479616441, 43.645652779337986], [-95.10721016736568, 43.65825265395095], [-95.11539018771533, 43.65590458766587], [-95.14231285218894, 43.663348787731174], [-95.16478315529736, 43.65809926655071], [-95.16656142340287, 43.65016477278165], [-95.18115777385705, 43.64310724349639], [-95.2050116046739, 43.64597178603131], [-95.21423044220799, 43.65501333284641], [-95.22927747833853, 43.64957510688676], [-95.24909793192016, 43.65412994998202], [-95.26735313130635, 43.649159001176066], [-95.27132866961368, 43.6548798383674], [-95.28871814369595, 43.659393416537306], [-95.29804038540405, 43.670474414790704], [-95.32989332216053, 43.66594869274649], [-95.33547211878971, 43.65970777893404], [-95.33054733611155, 43.64816656205981], [-95.33823393253687, 43.64436751199773], [-95.36894380890837, 43.655646772274515], [-95.3792496232076, 43.64632538777648], [-95.39121913537933, 43.65217999499533], [-95.40058282355803, 43.64920599376683], [-95.41568278662848, 43.66998174770966], [-95.43591344600314, 43.667509902239416], [-95.43440308066816, 43.659393792174974], [-95.44059002237168, 43.65009155763714], [-95.4520672694458, 43.64455614198704], [-95.4569749760487, 43.62940555263912], [-95.49019794422478, 43.63032040762148], [-95.49785976511454, 43.64294285787959], [-95.55356939022877, 43.617041187066334], [-95.56266489446425, 43.62042818142896], [-95.57376577618041, 43.63470047227081], [-95.5938563298118, 43.61887520957105], [-95.61344426705855, 43.62296212427403], [-95.61072990771459, 43.63391585095334], [-95.61621704654038, 43.645574300506645], [-95.63278685463828, 43.65145562678881], [-95.63487782629419, 43.65849775062501], [-95.64783189830553, 43.667859062499936], [-95.6594778184473, 43.66501799930898], [-95.66514952063979, 43.68253729807145], [-95.69761316087248, 43.698314814398195]]]}, "properties": {"huc8": "10230003", "name": "Little Sioux", "states": "IA,MN", "areasqkm": 7318.35, "episode_count": 20, "event_count": 80, "huc8_name": "Little Sioux", "area_sqkm": 7318.35}}, {"type": "Feature", "geometry": {"type": "Polygon", "coordinates": [[[-95.66514258384916, 43.30573144521785], [-95.69505300453356, 43.32075181624165], [-95.69786145791196, 43.300047498431574], [-95.71848941878058, 43.295227698376756], [-95.73321613005386, 43.28130605448725], [-95.75078867899438, 43.27983228106521], [-95.77630130737387, 43.268680841593444], [-95.81260868240045, 43.268106919037585], [-95.82855997078082, 43.26155977748551], [-95.84649263455583, 43.2503941893697], [-95.85474321667272, 43.239275040103955], [-95.86673122515613, 43.23725974112613], [-95.86930133752337, 43.22954087116702], [-95.89194481156403, 43.21977210159822], [-95.88976055705238, 43.20891393614442], [-95.89930528271029, 43.19878798918294], [-95.91417620772265, 43.20027520293864], [-95.91752765496106, 43.2078591365384], [-95.93507238397555, 43.209431830432244], [-95.93624936025408, 43.20219107174349], [-95.96844846729684, 43.19108926199888], [-95.97422555983849, 43.19580664731838], [-95.98627544338036, 43.19583337855801], [-95.99115571992608, 43.20482617872267], [-96.00402602224052, 43.20977130361202], [-96.00441174714541, 43.21452782219219], [-96.03591017275816, 43.230768708659376], [-96.04942479081184, 43.22810068963513], [-96.04815241973834, 43.2208767637698], [-96.0537734614404, 43.216350281233225], [-96.07214975193025, 43.21788411275645], [-96.08280012763312, 43.2104893265229], [-96.08315495139055, 43.20415476193192], [-96.10057764157877, 43.20557305659174], [-96.10734295818804, 43.19854237814685], [-96.10653422739564, 43.1916607082612], [-96.12079308169588, 43.19819226447394], [-96.15695548300866, 43.1734839897693], [-96.17478719321373, 43.17105044015154], [-96.15427252517377, 43.153743709268255], [-96.17866828444869, 43.13350714478464], [-96.17271766883522, 43.128831807219925], [-96.18459532826914, 43.11769193267456], [-96.1709499810871, 43.100575574214226], [-96.17217501364007, 43.09483832506696], [-96.16468593608448, 43.09371655807841], [-96.16219115374203, 43.08399162561267], [-96.16855465931462, 43.08364728504554], [-96.17949666948121, 43.07328625771433], [-96.18848639439703, 43.07710321426478], [-96.19825841178812, 43.07464177371211], [-96.20354939718344, 43.067864925541464], [-96.22520893481531, 43.058747380734694], [-96.22361622540984, 43.04425689252771], [-96.21630722593274, 43.03920972319943], [-96.22115327846275, 43.02625161157879], [-96.24174801244565, 43.01721821721203], [-96.24228374162998, 43.010385179012935], [-96.2574332270254, 43.007352688627726], [-96.2663219642353, 42.997595532268804], [-96.25513158246905, 42.983332875922535], [-96.25724231346797, 42.978504861626895], [-96.26638194115355, 42.97676762722369], [-96.26852390837153, 42.96980240958982], [-96.28122211234215, 42.96536492662982], [-96.2794619039671, 42.96089644579233], [-96.28423344124431, 42.958400982929625], [-96.28436199465305, 42.953265260083604], [-96.27604550314376, 42.94860412068617], [-96.27776081641586, 42.94133380784545], [-96.27051323205977, 42.92351649644002], [-96.32272002225065, 42.9019696842451], [-96.32259015999655, 42.894391950826424], [-96.33329690678012, 42.8871819750867], [-96.33159027033535, 42.87655969257178], [-96.33873860522561, 42.87338103039937], [-96.31677655812513, 42.85595228728383], [-96.30934525661537, 42.84564441070765], [-96.31123215978482, 42.83547214935652], [-96.30754313015423, 42.83289734828818], [-96.32786470981542, 42.828907701269], [-96.33307890811855, 42.822773295060244], [-96.33016773418404, 42.81629705583711], [-96.33498964898239, 42.81136800547474], [-96.3460915215403, 42.81058635710949], [-96.35280955891787, 42.79695308070734], [-96.34449337822569, 42.78320812709027], [-96.33505485140066, 42.78271181095386], [-96.33152970771555, 42.774512215108565], [-96.31470521735314, 42.76690983281198], [-96.31173400092335, 42.76170489914148], [-96.3183313918633, 42.75047850385914], [-96.31402965461507, 42.7414310260242], [-96.32497436421909, 42.73879046849737], [-96.32072167408705, 42.732043566928034], [-96.32894402934109, 42.71830808533858], [-96.3267921285527, 42.70840355288712], [-96.33485858298582, 42.70677181128672], [-96.33569164195275, 42.68939677842584], [-96.32644422451791, 42.6845914811046], [-96.3245265450668, 42.67842913377672], [-96.3328455770117, 42.67278382745768], [-96.33235280706093, 42.64147634775936], [-96.33761445976727, 42.639579074747346], [-96.33716259190798, 42.63275692738442], [-96.34742087365059, 42.619182933949766], [-96.3491170402307, 42.60390698473], [-96.34502716974391, 42.595095158282696], [-96.36828822476265, 42.57797420017727], [-96.37975363204134, 42.55679208090749], [-96.3875430622105, 42.55423444232314], [-96.39631024209106, 42.52874469451974], [-96.41038087418647, 42.51314547327042], [-96.3939688524733, 42.49278235890179], [-96.39482124857504, 42.48557617222637], [-96.38827841501723, 42.48279671738892], [-96.38569492853206, 42.49157349254289], [-96.36354277815455, 42.50086561189016], [-96.35116903218982, 42.498719694695815], [-96.33100834528757, 42.5164403958425], [-96.3061397847123, 42.50545393047618], [-96.28880989228959, 42.509498203770484], [-96.28231136094665, 42.51674632651611], [-96.28313602605557, 42.52437037213294], [-96.27269532612317, 42.52897664403299], [-96.28201352810746, 42.553835399663534], [-96.27831676937215, 42.558558525370266], [-96.26293732155219, 42.555081214273144], [-96.25246481766547, 42.56339859971085], [-96.24346825567203, 42.562314928514], [-96.24325226744006, 42.570577189198985], [-96.22978863237203, 42.58399467086843], [-96.23305608623308, 42.590506577965165], [-96.2240779729406, 42.59759984126106], [-96.21705856875154, 42.61289254993265], [-96.21318674363872, 42.63298526048157], [-96.2072668656793, 42.636453376029955], [-96.2083585011075, 42.645256865927536], [-96.20090943900624, 42.64951798705414], [-96.20427069944081, 42.65557776280361], [-96.20119793655302, 42.6633852318352], [-96.19164700084153, 42.66920546415833], [-96.18774468151808, 42.68550287201441], [-96.17810605586182, 42.694819449516764], [-96.1669242853459, 42.698431510752926], [-96.15416155359178, 42.689799859836064], [-96.14165066452757, 42.69473259685251], [-96.12684775725357, 42.71021172723784], [-96.1207785173102, 42.70746131133595], [-96.09595147866399, 42.71334611275184], [-96.09614138610831, 42.72125305328562], [-96.08794879024302, 42.73195954231011], [-96.05680445087087, 42.74628277339662], [-96.04825192342742, 42.744606215631066], [-96.03589934805899, 42.74980643561928], [-96.03461561419549, 42.76194709403959], [-96.0096881555786, 42.7855912521502], [-95.99630192474535, 42.78026048861445], [-95.96117106695817, 42.78153959862279], [-95.95769475299694, 42.79655312963653], [-95.94702526204317, 42.80424736219492], [-95.93646402975921, 42.795213095452915], [-95.9224228731849, 42.79413402849427], [-95.92532072330711, 42.799703313280745], [-95.9141217042394, 42.812959359736475], [-95.91611429599868, 42.81572909418786], [-95.90820343516268, 42.826489729587635], [-95.897867067364, 42.83095463144864], [-95.89457116385793, 42.84396754912929], [-95.88566291883333, 42.84914567469111], [-95.88269335260873, 42.86736037593297], [-95.87335027627421, 42.872055337024214], [-95.86958775816517, 42.88458605490956], [-95.84030569914053, 42.892671398783655], [-95.83031081511734, 42.88391353839364], [-95.80840486421312, 42.87999239751769], [-95.78076848195808, 42.896277232007726], [-95.78021628755295, 42.905894138008726], [-95.80215617860522, 42.919684453829156], [-95.80967304284918, 42.93678215289292], [-95.82873330790142, 42.95024949121884], [-95.81182232594682, 42.9532180354967], [-95.8105170864154, 42.95902635821126], [-95.82052850213478, 42.964239121128664], [-95.82701610457397, 42.977115466980024], [-95.84223377299777, 42.984164247009396], [-95.83644113600847, 42.990694746406746], [-95.83725440239475, 43.00161267404134], [-95.82686623144859, 43.01396294763158], [-95.78411979804245, 43.005811066158955], [-95.77643943323027, 43.01071095997838], [-95.78428989224489, 43.01958508067057], [-95.77940004594643, 43.0246464370139], [-95.79424178559351, 43.033568946536576], [-95.7826063065703, 43.04643881794924], [-95.78234287112166, 43.063233893327435], [-95.7713394027149, 43.07083406497342], [-95.7728770364103, 43.076392999017024], [-95.74466017719172, 43.09752886116946], [-95.74296404744251, 43.104043313577556], [-95.75969046962368, 43.123368403374876], [-95.73108023724386, 43.139401288491705], [-95.70814173220934, 43.135257300553896], [-95.67711713377298, 43.14619399273628], [-95.64355026445504, 43.14507004181516], [-95.6363052564672, 43.14092427631856], [-95.61271515484808, 43.155574173990736], [-95.61607365835305, 43.17137914851524], [-95.60437243073588, 43.171288045148444], [-95.59331541555167, 43.18196965606889], [-95.59715617782028, 43.18901619658459], [-95.58775302126125, 43.21034191168016], [-95.59448275380548, 43.22679532781497], [-95.59552951748694, 43.24622252496725], [-95.60797493912989, 43.26576980706786], [-95.60946136526084, 43.28791926137162], [-95.63705557161329, 43.29576964271297], [-95.65314934267921, 43.30685729736325], [-95.66514258384916, 43.30573144521785]]]}, "properties": {"huc8": "10230002", "name": "Floyd", "states": "IA", "areasqkm": 2372.79, "episode_count": 8, "event_count": 27, "huc8_name": "Floyd", "area_sqkm": 2372.79}}, {"type": "Feature", "geometry": {"type": "Polygon", "coordinates": [[[-96.13989945457672, 44.13329517066425], [-96.1652756207797, 44.131686100976275], [-96.17700793729222, 44.123721175859124], [-96.1805733506549, 44.102546111290685], [-96.20093897830773, 44.08163018576917], [-96.20533891309462, 44.06956882649271], [-96.2277169906644, 44.05286793289636], [-96.22687480211924, 44.04499166408358], [-96.2106609478594, 44.037453779754486], [-96.21187689305494, 44.031478114704846], [-96.23373636243142, 44.02518001914645], [-96.23642045843178, 44.01737038809456], [-96.2433537546093, 44.01434214748601], [-96.23629090519812, 43.99615852136152], [-96.24823508128557, 43.97401845406638], [-96.23864003380208, 43.965747228378525], [-96.23885214849854, 43.94236030286385], [-96.26011438822974, 43.934615058707664], [-96.26589940840374, 43.92481013227148], [-96.28482441951354, 43.91452809882796], [-96.2940115294501, 43.898598194065244], [-96.2865386601972, 43.88570039395417], [-96.29506425435179, 43.872039988312196], [-96.29895490276307, 43.85152654122561], [-96.280036241844, 43.838427426273064], [-96.27446256291701, 43.821751515693556], [-96.26198411471265, 43.81940779011847], [-96.22862059792385, 43.7946475434369], [-96.22337840542153, 43.77254417247857], [-96.23092115731534, 43.75161899010722], [-96.2276659160506, 43.74058751555019], [-96.23326833837176, 43.721076438539946], [-96.21096905473051, 43.70614041703743], [-96.23442570802088, 43.699183627128726], [-96.23080304861843, 43.68171195007259], [-96.23562003795406, 43.6747057412108], [-96.23118205232835, 43.669528432618776], [-96.24211096595641, 43.66511312997866], [-96.25002475619857, 43.654156164373134], [-96.26293089949621, 43.653472993441994], [-96.2723874141865, 43.643406729903326], [-96.25944132190985, 43.627129744212205], [-96.28159475328495, 43.61879738121416], [-96.31094142273807, 43.61842745793335], [-96.32102148950807, 43.60908185398953], [-96.3304913253157, 43.607662627194635], [-96.34922701198778, 43.58899535545613], [-96.37067188550444, 43.583480047504715], [-96.36735653976068, 43.57717644900195], [-96.37421599891341, 43.562724652975355], [-96.40120040369818, 43.55107200004981], [-96.40521998820051, 43.541737227540516], [-96.39770084133743, 43.53638807041935], [-96.39560000617968, 43.527550669393634], [-96.40030887608434, 43.520626478117684], [-96.39410549970275, 43.51454461348591], [-96.39922430770247, 43.511421234409916], [-96.39610560946262, 43.50486947204655], [-96.41219518449782, 43.49214837195011], [-96.41297847230643, 43.46950610153086], [-96.39834352214281, 43.4630606412094], [-96.38438686559572, 43.4471594727809], [-96.38286123698576, 43.43436245482289], [-96.39184675239615, 43.417059346100366], [-96.38121191844601, 43.408549312673], [-96.38388305984166, 43.39962108053589], [-96.37839482686783, 43.389759906980395], [-96.38302817181332, 43.38268751095656], [-96.37499559464622, 43.36613770121226], [-96.37788396664386, 43.3615285092965], [-96.36353029786032, 43.34368312279454], [-96.37863079363173, 43.34270363145661], [-96.38545465254975, 43.34814031576117], [-96.41199002186335, 43.34407056670192], [-96.42396503891113, 43.32873187821692], [-96.41666335890696, 43.31899626968324], [-96.42270283227508, 43.30273416504713], [-96.45302940559968, 43.30006487429843], [-96.45745892370552, 43.28966117244469], [-96.45677158135913, 43.27909062414057], [-96.44616125973816, 43.27152123610447], [-96.46136460182983, 43.25781131236892], [-96.44838851750077, 43.23824338812991], [-96.43511681018813, 43.229080859030205], [-96.42320037138171, 43.23252586312973], [-96.40484108869514, 43.21733083203131], [-96.40259655812625, 43.20831990201527], [-96.4109404078275, 43.177297988265835], [-96.40680284039237, 43.17005231492752], [-96.42447326976627, 43.162078011305155], [-96.42452201235359, 43.15347328593622], [-96.41485763918467, 43.14510626364854], [-96.42775322907437, 43.141311196821675], [-96.42677788415294, 43.13311806595738], [-96.43227906454496, 43.129646978920086], [-96.42833128417992, 43.117675310664474], [-96.43493472706996, 43.11637839635888], [-96.44251147390906, 43.10154235855631], [-96.45028812823824, 43.09830620439633], [-96.45413274517773, 43.08231164026907], [-96.43761052892529, 43.074460468174536], [-96.42752944436404, 43.08632679036755], [-96.42563701655561, 43.09784703438962], [-96.41108533123564, 43.094322896786856], [-96.40387143010948, 43.10175626337765], [-96.39361832984942, 43.10400508406255], [-96.39424149206035, 43.11015220441323], [-96.37667044869622, 43.11134297927948], [-96.34978376264804, 43.13666207111434], [-96.32867147150073, 43.13335528025892], [-96.32030347688126, 43.14208912713758], [-96.29633940032117, 43.14074592656964], [-96.28671441827748, 43.14471088056877], [-96.272628725028, 43.161623578962576], [-96.25443632596502, 43.160492834233004], [-96.24954349276827, 43.156043767485066], [-96.22809922291947, 43.159803204520735], [-96.21399685334508, 43.15616979299417], [-96.20952882985291, 43.1603261798166], [-96.21096813485565, 43.17184720673239], [-96.18320964280738, 43.18964611241351], [-96.15783711388302, 43.17315946657808], [-96.13754998551128, 43.189212673594106], [-96.12891626384086, 43.189696240011536], [-96.12541791690067, 43.19649176638123], [-96.11905969432028, 43.19823776761679], [-96.10653422739564, 43.1916607082612], [-96.10734295818804, 43.19854237814685], [-96.09994817768614, 43.20587600664427], [-96.08315495139055, 43.20415476193192], [-96.0826060169716, 43.21070896679519], [-96.06646337216434, 43.22004390722793], [-96.05367493601668, 43.21639833778451], [-96.0472277667484, 43.22898172099672], [-96.02623586691715, 43.22904581409677], [-96.00441174714541, 43.21452782219219], [-96.00195497072602, 43.2080743836964], [-95.99115571992608, 43.20482617872267], [-95.98627544338036, 43.19583337855801], [-95.97422555983849, 43.19580664731838], [-95.96844846729684, 43.19108926199888], [-95.93624936025408, 43.20219107174349], [-95.93507238397555, 43.209431830432244], [-95.91752765496106, 43.2078591365384], [-95.91417620772265, 43.20027520293864], [-95.89860158473753, 43.198995235249754], [-95.88976055705238, 43.20891393614442], [-95.89194481156403, 43.21977210159822], [-95.86930133752337, 43.22954087116702], [-95.86673122515613, 43.23725974112613], [-95.85474321667272, 43.239275040103955], [-95.84649263455583, 43.2503941893697], [-95.82892019431144, 43.26137765343744], [-95.81260868240045, 43.268106919037585], [-95.77630130737387, 43.268680841593444], [-95.75078867899438, 43.27983228106521], [-95.73321613005386, 43.28130605448725], [-95.71848941878058, 43.295227698376756], [-95.69786145791196, 43.300047498431574], [-95.69505300453356, 43.32075181624165], [-95.6677461584607, 43.306241176282604], [-95.65314934267921, 43.30685729736325], [-95.63705557161329, 43.29576964271297], [-95.60927251693025, 43.288581279128806], [-95.61807772698839, 43.31354765580205], [-95.6100789282726, 43.3273065990913], [-95.6261800691171, 43.343707720168766], [-95.65024973455398, 43.34672952234768], [-95.65584413581797, 43.35307476608874], [-95.65678499082237, 43.36712122179738], [-95.6737178449575, 43.39464204288248], [-95.66876315017703, 43.40243037237575], [-95.67388676955342, 43.406598722056714], [-95.67448162135814, 43.416769059663636], [-95.68114356792938, 43.4170020929471], [-95.69646556669028, 43.432850585770225], [-95.69782725455752, 43.44306376502052], [-95.6852403698169, 43.44977413894628], [-95.69522275468123, 43.48840727480198], [-95.68999993075472, 43.49988437721832], [-95.68382691383647, 43.50072578046016], [-95.68364782929469, 43.51595534730147], [-95.67490845676372, 43.52296711820351], [-95.69176593326335, 43.53704020975875], [-95.70768951400711, 43.53928401979364], [-95.69574256392205, 43.54592315616391], [-95.69216129888788, 43.55894434608168], [-95.69506430174658, 43.56231750774129], [-95.67828676362912, 43.562954535035985], [-95.67348090980975, 43.57257499508373], [-95.65623892292746, 43.575669277096964], [-95.67155281888449, 43.595741529955426], [-95.66859793562323, 43.599886272584], [-95.67287538601944, 43.60755939520253], [-95.68467127450799, 43.610033544257156], [-95.68467346370235, 43.6236586945968], [-95.67377486372352, 43.63527221122451], [-95.68377135213782, 43.63829694470032], [-95.68944083998315, 43.654915444723436], [-95.67823631963265, 43.65841098087043], [-95.68211245306559, 43.6599000391066], [-95.67720629156494, 43.65999041292494], [-95.67692367977992, 43.66705884801024], [-95.68903348005294, 43.68015440317362], [-95.69538785155571, 43.6780711689681], [-95.70217798053146, 43.68831597123005], [-95.70041398755413, 43.6982027111059], [-95.69699371858515, 43.69818079402298], [-95.70408990447652, 43.70538689994665], [-95.7030994193493, 43.71348648859849], [-95.71236060975409, 43.71620658211738], [-95.71701951266772, 43.73080754389647], [-95.71223555438506, 43.73835381320038], [-95.71471462339655, 43.743224113482256], [-95.72113896827007, 43.746681792189364], [-95.72871817110317, 43.74100868432399], [-95.73825298115698, 43.745106646422165], [-95.7502738976242, 43.74194570899162], [-95.75606970476815, 43.74804025230566], [-95.798090368595, 43.75112468017003], [-95.81155568980081, 43.76654995006291], [-95.8482148298213, 43.772956895897586], [-95.86670239821865, 43.79966273228077], [-95.87654974293959, 43.80189024829318], [-95.88548997607315, 43.81417475767365], [-95.87775732931141, 43.81704832863989], [-95.87769150615729, 43.82440119419068], [-95.87253389542886, 43.826628822666585], [-95.87668876082307, 43.840672914250135], [-95.87330933106358, 43.845174114158404], [-95.87742473795895, 43.84878883829391], [-95.85985998100517, 43.855590923082715], [-95.85518551927083, 43.86283137969234], [-95.83902826516213, 43.86279801413764], [-95.82822499529959, 43.87039694810641], [-95.8366713921821, 43.87647621253527], [-95.82414562432183, 43.886325649568384], [-95.84792703745204, 43.884794143520566], [-95.8597163143401, 43.894731671040695], [-95.85628352644936, 43.90233528926237], [-95.84558919707794, 43.90727048360183], [-95.85378735441319, 43.91955783055455], [-95.84784903673594, 43.933737580367826], [-95.853597755091, 43.94227762027644], [-95.84630261302546, 43.95105774400971], [-95.85811091173966, 43.95338267988242], [-95.86557773712735, 43.941762138849015], [-95.87242089814589, 43.9396853691538], [-95.88226830754552, 43.949034576293144], [-95.8944551599137, 43.948942344027934], [-95.90126296144604, 43.964335992766706], [-95.92368315203633, 43.95850171439092], [-95.94087421432349, 43.962381683267154], [-95.94351033399944, 43.94405088362347], [-95.97941214842136, 43.941927011167536], [-95.9852088961014, 43.95300667353953], [-95.98252306814918, 43.95946008608016], [-96.00313565075845, 43.963421276178785], [-96.01711234063472, 43.99095782159298], [-96.03988159947643, 44.00602809305168], [-96.04103191645225, 44.013357444752224], [-96.03721105995201, 44.01577294741816], [-96.04538091316927, 44.02111015622207], [-96.04224794249618, 44.027459800970746], [-96.04581438712478, 44.03488221555596], [-96.06783756188537, 44.05195633605222], [-96.06884187388144, 44.063074968847324], [-96.0811935626127, 44.06444834498295], [-96.08393000254635, 44.07355746900905], [-96.09156691674656, 44.076817016165634], [-96.09353397928375, 44.087288165290175], [-96.08873291168823, 44.0933016068975], [-96.10368532737156, 44.095356088692455], [-96.10062652160833, 44.10015959073657], [-96.10540293404259, 44.11166988980507], [-96.12035186605927, 44.12068549862778], [-96.13509314710812, 44.12138321713253], [-96.13989945457672, 44.13329517066425]]]}, "properties": {"huc8": "10170204", "name": "Rock", "states": "IA,MN", "areasqkm": 4364.43, "episode_count": 8, "event_count": 17, "huc8_name": "Rock", "area_sqkm": 4364.43}}, {"type": "Feature", "geometry": {"type": "Polygon", "coordinates": [[[-94.40105820655606, 41.36638469093392], [-94.43431457050112, 41.35918662189152], [-94.44072566342757, 41.35224936394031], [-94.43572270755676, 41.339067572788835], [-94.44327837183447, 41.32481617208847], [-94.43920110291448, 41.31571704221993], [-94.46282888796144, 41.30218614683548], [-94.46413866218839, 41.291681107513355], [-94.45867425702751, 41.283830088489815], [-94.47833952664381, 41.27494089370335], [-94.47015923051138, 41.267297849296746], [-94.46562027873934, 41.251967100005736], [-94.44337844685205, 41.245361773526824], [-94.43943849171147, 41.237022568145626], [-94.44758162094733, 41.2301184841701], [-94.43297860409542, 41.21868884064004], [-94.42553647429321, 41.20235559443243], [-94.40296688758295, 41.19956427346624], [-94.39834073275301, 41.17898047314441], [-94.38690675752613, 41.174796579270414], [-94.3844691807993, 41.16429329871943], [-94.37398173433614, 41.15550654143295], [-94.3553415062394, 41.1186804901826], [-94.33807115864528, 41.10714561936302], [-94.33382571612096, 41.09203004947513], [-94.3175686726589, 41.0807043667087], [-94.31902059809306, 41.06618693362016], [-94.31071647009703, 41.054997390126196], [-94.31723676672098, 41.047786844377576], [-94.30617224072267, 41.04070547041404], [-94.30452825727741, 41.03201121463384], [-94.28855644239279, 41.02514372881202], [-94.26923002628482, 41.027536436701205], [-94.2562762965316, 41.01899107732657], [-94.24572235317785, 41.00773055484633], [-94.2515311490625, 40.99779275930503], [-94.23550669200391, 40.97030788607441], [-94.22922677197357, 40.96610998184746], [-94.21228827013026, 40.971275899275305], [-94.21065206699366, 40.962771758343244], [-94.21799224340101, 40.95186519560239], [-94.182690532335, 40.95522732356234], [-94.17727941883001, 40.94264495851612], [-94.17071804045148, 40.94198396559601], [-94.16310196626755, 40.93298428330917], [-94.15199668729807, 40.93127514407451], [-94.14623074105248, 40.93517617150189], [-94.13688177356632, 40.93037853147728], [-94.12477793541186, 40.91256926928334], [-94.11287699344241, 40.90624956348615], [-94.10791050827382, 40.8921562586957], [-94.1109881535052, 40.865641796558236], [-94.12062769723967, 40.85499768592623], [-94.11562976384961, 40.84349211970079], [-94.10106008437621, 40.833458649556846], [-94.09133720662778, 40.8395516687371], [-94.0726053710333, 40.838607506372696], [-94.06704796778261, 40.830900036407094], [-94.06817223900511, 40.81715131980723], [-94.04356742559389, 40.8013286002257], [-94.05731289809916, 40.784402777395], [-94.0519484655479, 40.777538497865315], [-94.05196206963456, 40.765350324679005], [-94.06609283405678, 40.75862031036103], [-94.06590959750176, 40.75245431676522], [-94.05221632340269, 40.7438531506218], [-94.05231848520668, 40.7334407720875], [-94.03445699944324, 40.72097222318894], [-94.0267333043933, 40.70730646841342], [-94.01472220291886, 40.70619239184156], [-94.01151246222159, 40.69793207084527], [-93.99990506273753, 40.697577438777024], [-94.00101951088239, 40.68639459220086], [-93.98961946412545, 40.68157921304463], [-93.98389008829508, 40.66767138409636], [-93.96418166271421, 40.66340103173441], [-93.9570860966604, 40.65130802647091], [-93.946869114963, 40.65859818251965], [-93.92758594285446, 40.65243677802951], [-93.9175571303613, 40.655207305760236], [-93.91703067718062, 40.644682345876646], [-93.90150798131052, 40.63481969607003], [-93.89535938688987, 40.61970937354144], [-93.88739986072166, 40.617640851520314], [-93.9001739193332, 40.59710378829818], [-93.890798992332, 40.57333956324566], [-93.89470598648818, 40.557753446370086], [-93.91197615980913, 40.551606461571104], [-93.91402289213227, 40.54505192152235], [-93.91042766907519, 40.54275101611396], [-93.91455432287793, 40.537439170477626], [-93.91163983416001, 40.53043570671873], [-93.90051221049617, 40.5259670109448], [-93.90618364948227, 40.51746830697064], [-93.90284637496411, 40.49989738777449], [-93.92107853615651, 40.492287181178156], [-93.92612847481502, 40.47692532543846], [-93.91621318961083, 40.465784751988565], [-93.92654080332704, 40.440984703069105], [-93.91875969604901, 40.43694427420946], [-93.91453212371061, 40.42466800912852], [-93.93020105273258, 40.40607956464221], [-93.9337942761398, 40.39502332171643], [-93.94446345447989, 40.390110061058884], [-93.93109281301007, 40.36674257087778], [-93.93716395019534, 40.3517433335266], [-93.91931544508772, 40.339615830207144], [-93.92453515096187, 40.33042468389767], [-93.91969782197158, 40.323000151584374], [-93.92247100569529, 40.31276234422406], [-93.92844019038401, 40.310120377133245], [-93.92322663168136, 40.292751713170766], [-93.93002577884424, 40.289645585925506], [-93.93536874345682, 40.274520531598384], [-93.94976851917065, 40.26586820185391], [-93.94660633977608, 40.246364206317764], [-93.95375630600687, 40.237510465532125], [-93.94686492072893, 40.2153511688881], [-93.93658095166079, 40.21044273409976], [-93.9214164113995, 40.18819691261817], [-93.92167258127414, 40.1816327831885], [-93.93477956002154, 40.169744122711286], [-93.93085860155426, 40.16550680936745], [-93.91433210393116, 40.167631841281235], [-93.90675261184052, 40.1458000304347], [-93.89362537338852, 40.15091189774344], [-93.88302053777898, 40.14324920854551], [-93.87669208716372, 40.144635552181846], [-93.87230047167469, 40.13140241479345], [-93.8779221161463, 40.118385166095585], [-93.87307539796464, 40.11314209066941], [-93.85569545141428, 40.11015971734889], [-93.85072360959165, 40.08011267417438], [-93.82069523831382, 40.075444676415046], [-93.81961227432303, 40.057134389204805], [-93.80345592302119, 40.0403403477089], [-93.80393636269638, 40.02899108741474], [-93.79213803887511, 40.02217383458883], [-93.78840139494118, 40.00764972865207], [-93.7930520629986, 40.001211254036804], [-93.79216258354361, 39.984023195777986], [-93.78664882943258, 39.978501521320645], [-93.77057953655985, 39.97167897214528], [-93.76174282977122, 39.976131340243526], [-93.74134861952264, 39.96487870555308], [-93.73251780568228, 39.965200479545665], [-93.73026467194791, 39.956956012092895], [-93.73661315499399, 39.949103892786695], [-93.73034640426572, 39.9425148456989], [-93.71532501683316, 39.93421050580552], [-93.69631790868955, 39.93201425135656], [-93.67252628440951, 39.91919240831054], [-93.66932210428384, 39.912855463604906], [-93.65834289667794, 39.910654360821255], [-93.65919894443132, 39.88497371247684], [-93.6520313433732, 39.88032911853927], [-93.65314064866304, 39.8696880393683], [-93.63938875050853, 39.868268035066166], [-93.62734717548472, 39.84874897400559], [-93.63647225675092, 39.847383914646144], [-93.63930459004452, 39.84155911454934], [-93.64258784796635, 39.80199304034441], [-93.6273141318553, 39.80241449218402], [-93.6245559949126, 39.79488326230556], [-93.63670067946305, 39.79485037299707], [-93.63220088974582, 39.77179575538936], [-93.62280453163686, 39.763941243225844], [-93.6125999907078, 39.76457610123561], [-93.61407484384297, 39.77759551587949], [-93.60919491404695, 39.78346321840844], [-93.6174464115471, 39.78662664471886], [-93.62341922273464, 39.808715910414506], [-93.60297281767313, 39.81456822168705], [-93.60511594820939, 39.81966501186637], [-93.59610424062026, 39.82643550336512], [-93.56068087251194, 39.837748758484686], [-93.54975288864019, 39.852446423162526], [-93.54144346777052, 39.852687822290086], [-93.5378929161359, 39.841775435033554], [-93.50813684308531, 39.83359418236914], [-93.50855739747041, 39.8444948528408], [-93.50013348362282, 39.85458631987106], [-93.5088220411531, 39.86494290998288], [-93.49805969314502, 39.8783193720286], [-93.49282481742067, 39.90407684203461], [-93.48445094781927, 39.91460234839337], [-93.49172732048525, 39.93089002077737], [-93.47652493330273, 39.95034463093748], [-93.47916849192757, 39.95362152736883], [-93.47045082718545, 39.99019599446912], [-93.45817307788691, 39.99922244105715], [-93.46371687345767, 40.01424019319135], [-93.45631311788777, 40.02268718911467], [-93.45874116977764, 40.036528153445396], [-93.45433207846305, 40.04865889846577], [-93.45968279463824, 40.0547819128486], [-93.45886912850165, 40.061904872476276], [-93.44340916288614, 40.09307397981959], [-93.44592256730441, 40.09896381391328], [-93.43194131668149, 40.11788022902775], [-93.42190535090371, 40.1230977282704], [-93.42778952352552, 40.13810774298335], [-93.42098795989453, 40.15061308699463], [-93.4305610956716, 40.154128034136434], [-93.42980274689191, 40.16813009884522], [-93.4237464480785, 40.17429195236193], [-93.41718978046532, 40.200344344529675], [-93.40119318465527, 40.211154473356935], [-93.39455870856544, 40.22361983035692], [-93.40212842698578, 40.23813381755025], [-93.39351457604945, 40.251576897193594], [-93.4043507934217, 40.258484163499766], [-93.40543664998766, 40.27233297408604], [-93.41759736317772, 40.27436670450338], [-93.42117451302957, 40.28294526864771], [-93.41352018498758, 40.305114968515745], [-93.41920738850862, 40.327977887700236], [-93.42943708855383, 40.345955297022925], [-93.42775821184799, 40.35228079126064], [-93.4384313481652, 40.357658519386916], [-93.44841357133278, 40.374369574354255], [-93.45650873951561, 40.37841564256129], [-93.45316728154316, 40.391406367090504], [-93.46449293521816, 40.40237869310401], [-93.46115877605739, 40.413210774936715], [-93.46840579986474, 40.42681257404204], [-93.46439766978058, 40.43416527420575], [-93.469656482014, 40.44478902133294], [-93.4635875645658, 40.45571947257802], [-93.46537693764486, 40.46516284392074], [-93.45987959755068, 40.46975430630523], [-93.463706887785, 40.47610165425391], [-93.45745895855855, 40.48592572921924], [-93.46070907762953, 40.49157354959036], [-93.4533287016132, 40.50171285172986], [-93.45558853947456, 40.516515566556265], [-93.44721935548564, 40.52843706545857], [-93.45209304648202, 40.53490603527725], [-93.44189599301087, 40.573986760823914], [-93.44483527163734, 40.5842520102787], [-93.43139676693939, 40.60044009901529], [-93.45021975907733, 40.61709644596011], [-93.44520763589904, 40.6535127643732], [-93.43559287668326, 40.66282746022131], [-93.42617051773674, 40.689084849390824], [-93.4378725331764, 40.7000450368014], [-93.4441261963493, 40.7142703131644], [-93.44300807050169, 40.7343117078094], [-93.4492055287822, 40.74909559534193], [-93.48218196870157, 40.74487700620238], [-93.49883609177373, 40.754906051483886], [-93.50571559593372, 40.76420483736476], [-93.50745697651871, 40.77720303090878], [-93.50089480852105, 40.78779336429605], [-93.48041582425913, 40.797019611357996], [-93.48853306584513, 40.82003077535186], [-93.5091825746025, 40.829096720255485], [-93.57738361689884, 40.83423239516189], [-93.58403428512166, 40.84766658836513], [-93.5824635350333, 40.85407420097006], [-93.5895728183615, 40.86473116260284], [-93.60032224051095, 40.8675515073594], [-93.59901560948919, 40.87351878052163], [-93.6076723720483, 40.88118198658239], [-93.60995604670572, 40.8992354620009], [-93.6284199831229, 40.91197300121815], [-93.64124608473209, 40.91606990022154], [-93.65464618106178, 40.91222093423944], [-93.66465651700616, 40.89306049823643], [-93.68599481619415, 40.886194183509886], [-93.70890899844403, 40.89385397729384], [-93.72258186641308, 40.891541717199246], [-93.7270564107759, 40.89924285701748], [-93.74556905744105, 40.901142648163734], [-93.76269501342965, 40.89800368486691], [-93.7698990609355, 40.887177106659124], [-93.77920391215802, 40.8974965244205], [-93.78214252423456, 40.91153470383741], [-93.80402245184331, 40.921161707084146], [-93.79827763397321, 40.940622318778495], [-93.80511142107176, 40.97012261365301], [-93.82747773969446, 40.98354332982641], [-93.87773341424106, 40.98851390466702], [-93.88469368502993, 41.00370942374302], [-93.89123536784587, 41.00661563583471], [-93.89532118243916, 41.02961249787717], [-93.88955834975434, 41.04192582857409], [-93.89503982560059, 41.047741912162834], [-93.91195141122306, 41.05801197624372], [-93.95344234840833, 41.04426519384082], [-93.96013459425576, 41.06500010061149], [-93.97855417994906, 41.06966419611019], [-93.9808980713749, 41.0837334555246], [-93.98892730680915, 41.08715123562519], [-93.9868653318723, 41.1087805372646], [-94.02252837229503, 41.11695051105499], [-94.03745191522685, 41.132889134605996], [-94.05227055020481, 41.13608706270463], [-94.07788033677214, 41.13168134591151], [-94.08175908520087, 41.152836565563064], [-94.10570762539813, 41.158466100199924], [-94.10252306088499, 41.16830484399069], [-94.12681931197925, 41.18668008877406], [-94.14172930562162, 41.19356884204489], [-94.15244813115252, 41.18799768536455], [-94.16135449600323, 41.18999487460546], [-94.18437061547827, 41.213774835619134], [-94.19249390721772, 41.216206584295925], [-94.19554186672222, 41.24148563284493], [-94.20678660464799, 41.24604982353078], [-94.21052385224979, 41.25727662808138], [-94.22030228181538, 41.261295520674366], [-94.21957266026014, 41.266192667810614], [-94.22893932276077, 41.27013075233747], [-94.24465925093803, 41.26380163471212], [-94.25232794753299, 41.25507865890428], [-94.26320399261165, 41.256761373651706], [-94.26714397829495, 41.26402574661349], [-94.28404428556902, 41.27369355781033], [-94.28882089293771, 41.29546105780441], [-94.29983350709237, 41.302393334729565], [-94.30983634030751, 41.30213089553944], [-94.31885649026368, 41.310562030989146], [-94.31732102240642, 41.334054533432194], [-94.33853431922599, 41.33568806572598], [-94.3387563342552, 41.34114000010895], [-94.34448414342371, 41.34133467398323], [-94.35686644853646, 41.35587439620918], [-94.36513929270272, 41.35453474521894], [-94.37185478874635, 41.35992183203443], [-94.38665888898304, 41.35662473091394], [-94.40105820655606, 41.36638469093392]]]}, "properties": {"huc8": "10280102", "name": "Thompson", "states": "IA,MO", "areasqkm": 5701.21, "episode_count": 1, "event_count": 1, "huc8_name": "Thompson", "area_sqkm": 5701.21}}, {"type": "Feature", "geometry": {"type": "Polygon", "coordinates": [[[-94.26347687025223, 41.02485765457497], [-94.28396241670731, 41.02555377097035], [-94.28517816068022, 41.01957945650572], [-94.27596967083988, 41.00313540452726], [-94.27872510475191, 40.979837926438655], [-94.28537626165826, 40.96803036922653], [-94.32132393327878, 40.950022947380845], [-94.3210889259156, 40.942835434554844], [-94.33793759802714, 40.92774776144532], [-94.352651589156, 40.931436349889886], [-94.3716345981955, 40.92915152201934], [-94.37604555980249, 40.92691492972346], [-94.37517747103105, 40.9186761314307], [-94.38749108107572, 40.91628015042633], [-94.38724518613131, 40.90763756543057], [-94.37900037030025, 40.89943014057888], [-94.37960556979873, 40.88249197894047], [-94.36838001539584, 40.87807755253991], [-94.37402466482357, 40.8696843303744], [-94.36616264988115, 40.84637653862792], [-94.37283702105107, 40.84212321220732], [-94.37172434528226, 40.82889593753377], [-94.38623927243908, 40.81569973872643], [-94.38881810205783, 40.807609313358846], [-94.38782782533977, 40.785113351509786], [-94.38204574355504, 40.77990874961071], [-94.39447659272744, 40.77087181600434], [-94.39420613604653, 40.743569796495194], [-94.38792495657817, 40.73208115807787], [-94.39080900678098, 40.72098818250421], [-94.38340597615151, 40.712404464474545], [-94.39416936979859, 40.696581106537586], [-94.390684911711, 40.68058628554344], [-94.40313003780822, 40.67074556133939], [-94.40575032108406, 40.66279092091669], [-94.43604769826361, 40.6494262598019], [-94.4495878024202, 40.61159727491042], [-94.4709651926961, 40.60921791445677], [-94.47672925607283, 40.59603910727366], [-94.48816678323836, 40.59322779974202], [-94.49391805909703, 40.58364923934817], [-94.50505682726032, 40.58044667645281], [-94.50122073443455, 40.57521904699134], [-94.50557913830922, 40.568857136113856], [-94.52299146463399, 40.56625120173166], [-94.53260005601702, 40.55449909039874], [-94.54176821868761, 40.555718750529806], [-94.55530885913845, 40.54910058390996], [-94.56154508601166, 40.552073419403534], [-94.57149430597404, 40.54288644257709], [-94.56726705702916, 40.528669463777], [-94.57993483775606, 40.522179134375804], [-94.5824091600696, 40.51052021774836], [-94.57911280021935, 40.504328052688074], [-94.58642984770309, 40.486153455421075], [-94.59411909146354, 40.4858608109519], [-94.59914649049324, 40.47932069711607], [-94.600784443548, 40.46588115350099], [-94.60838341111399, 40.45444771637181], [-94.60483873176638, 40.439138928937524], [-94.61100757331522, 40.431670338052605], [-94.62202182060709, 40.42850173552174], [-94.63231213986597, 40.400945521477894], [-94.64397889732906, 40.397451425306215], [-94.65000690729585, 40.388611135714385], [-94.64561373502642, 40.37795522106851], [-94.65126735143731, 40.36605601244513], [-94.6464549785439, 40.35457338275551], [-94.65500207926472, 40.35004191361903], [-94.65849730096605, 40.33587779368351], [-94.65936916625493, 40.301004054199126], [-94.67768323314, 40.2880343092226], [-94.6777407091485, 40.274437525789665], [-94.68809550229197, 40.26394151859015], [-94.68845044552535, 40.2371589183624], [-94.70148374535147, 40.22542597423435], [-94.70299241107392, 40.21155332712494], [-94.6912136687292, 40.201455983987174], [-94.6777665222382, 40.20128425195166], [-94.66913262000644, 40.195454311713206], [-94.66663129164051, 40.18663353959859], [-94.67312652077646, 40.17648638724235], [-94.66487285564152, 40.17249734069662], [-94.66603918598561, 40.15037610269953], [-94.66039448086234, 40.14497347610319], [-94.65757367385216, 40.12843077013928], [-94.64357594363533, 40.1170315190228], [-94.64251846844243, 40.10806422612468], [-94.61231244992727, 40.116302703307376], [-94.60681434806173, 40.11317555069132], [-94.59221179114725, 40.115855333500406], [-94.58178390298744, 40.09377095684871], [-94.56506832437006, 40.080665389944954], [-94.55033142530317, 40.082060251503535], [-94.54817285991369, 40.088571734706534], [-94.53484776752035, 40.094172217905786], [-94.51369124422675, 40.095111841885995], [-94.50624116253762, 40.091304615808156], [-94.5168167427133, 40.07199402999381], [-94.52174264738726, 40.07147159794262], [-94.5178234828556, 40.04639780926262], [-94.50180208276392, 40.02984187200897], [-94.49938556883556, 40.012083732605454], [-94.46534371620945, 39.99459891232335], [-94.4652930206847, 39.95839898390061], [-94.46907008880642, 39.941618834462346], [-94.47986751422971, 39.9287714397702], [-94.46814217852526, 39.912776747062225], [-94.45934821806941, 39.90861473158071], [-94.4640827375704, 39.89473606852231], [-94.45812814421683, 39.89312936539472], [-94.45379734197758, 39.88105130056879], [-94.43230815456795, 39.87959536900448], [-94.43229521792955, 39.856094617967884], [-94.42390733999959, 39.856067092676746], [-94.42014675147176, 39.84585558521859], [-94.40514578544055, 39.84186328457929], [-94.4148411163508, 39.81373541869722], [-94.40977203549193, 39.808080023512744], [-94.41572757836475, 39.77639611435176], [-94.39631060219465, 39.77447258435606], [-94.37379821660842, 39.78039219605441], [-94.36226700324362, 39.74920056418953], [-94.37042211241211, 39.72441147615559], [-94.36232584379303, 39.72361727281497], [-94.35383216678049, 39.713042546070966], [-94.31764749353688, 39.70674109626878], [-94.31431227077081, 39.70036644733498], [-94.31434711462406, 39.68589484317745], [-94.3189879164847, 39.680544954385596], [-94.31493778926271, 39.676803371890905], [-94.3165840059198, 39.67088546106563], [-94.32769661873525, 39.666746154755664], [-94.31388034551085, 39.65417583543811], [-94.32361996695785, 39.64105436030135], [-94.31850580953635, 39.62662599560846], [-94.32211726335396, 39.61575846352026], [-94.33280509431258, 39.60867049040243], [-94.33598193780584, 39.59764891360779], [-94.32966335159074, 39.5877505119987], [-94.33920797753565, 39.57685333587334], [-94.33110646006037, 39.56866271197235], [-94.33045161876099, 39.55151946739602], [-94.33575557942224, 39.53718593459048], [-94.32474406570378, 39.525062617939376], [-94.3135899740784, 39.52378830547195], [-94.30785782784372, 39.53298467126989], [-94.29422912374896, 39.536327633775755], [-94.27242500676365, 39.57144111183901], [-94.25901002085814, 39.57110514923838], [-94.25199666412757, 39.580281085262286], [-94.23647764955349, 39.58800815760787], [-94.22924740447901, 39.58465959966688], [-94.21384845513255, 39.59091681562444], [-94.20523859091946, 39.58462281823381], [-94.17737029869235, 39.59152843716152], [-94.16510267520373, 39.58760418884275], [-94.15532645998529, 39.5757368037917], [-94.15444133466448, 39.56764198727564], [-94.13113233925397, 39.56108275923552], [-94.13040059408142, 39.55205473476594], [-94.12095618418961, 39.54115007288051], [-94.11354885242656, 39.53717470167366], [-94.09813430832676, 39.539588430415385], [-94.06559815877927, 39.5188651506809], [-94.0576068142837, 39.5357565053419], [-94.04442530860537, 39.54334518439759], [-94.04324783735512, 39.55335710491895], [-94.01920137270709, 39.5565348429965], [-94.00173708782629, 39.552123007834574], [-93.98842178257796, 39.56375352235799], [-93.9881041679379, 39.56930509696535], [-93.97692492348455, 39.57070865949371], [-93.96496897317867, 39.563557265080156], [-93.95680199457033, 39.54822301520923], [-93.93818466273356, 39.543895429182264], [-93.9303008941882, 39.52715008695541], [-93.93123856556323, 39.51612295693155], [-93.92270881131054, 39.514217711427605], [-93.90676929714861, 39.49862650013864], [-93.90106436807037, 39.48626163391615], [-93.90304438790726, 39.47844777805988], [-93.89139773474021, 39.46901363970623], [-93.88769262885928, 39.45661209442326], [-93.87326598633194, 39.473437586554255], [-93.8649675177222, 39.472970590343884], [-93.85788468169429, 39.48254562522651], [-93.83859945873196, 39.48218068607026], [-93.83143941879361, 39.492503883017946], [-93.82069656692212, 39.48681809993019], [-93.80410172816715, 39.49614072014684], [-93.786920603942, 39.489860889947195], [-93.78124978389509, 39.49650402080212], [-93.78169403943066, 39.51416984241679], [-93.77221837086189, 39.51758696850869], [-93.76990797491806, 39.52451170763727], [-93.74891600411988, 39.525929304964855], [-93.75221342937205, 39.53473163208978], [-93.7493615101103, 39.541044873621516], [-93.7343171913835, 39.553839158995984], [-93.71938397718934, 39.54738786826071], [-93.68873779496475, 39.54950223005132], [-93.67752773380558, 39.55966875117982], [-93.66918765702852, 39.55512115986841], [-93.65904594786369, 39.5567041275954], [-93.6457289915119, 39.547780364320616], [-93.62642912601045, 39.55089946909204], [-93.61205546611856, 39.54391878091089], [-93.60021734693018, 39.555335770251446], [-93.57980839802276, 39.59164724974282], [-93.58377471332707, 39.60159070508124], [-93.55770452670188, 39.618522365956636], [-93.55764393803092, 39.64404676176129], [-93.5496868319241, 39.64607714078889], [-93.54132083605613, 39.65695083105218], [-93.55418985916961, 39.663103637949675], [-93.55453243978806, 39.66922904308577], [-93.56701830089014, 39.67769473966678], [-93.5587517233713, 39.69309018613488], [-93.56011067946176, 39.70155851198444], [-93.55584618007701, 39.70314859660768], [-93.55507634184481, 39.730513211322055], [-93.54647988049577, 39.73080428908861], [-93.53242273750267, 39.743385624245064], [-93.53764103032687, 39.7643212257052], [-93.52764789891678, 39.761814668762575], [-93.51490926357185, 39.7679104694335], [-93.5194707495828, 39.77681434977091], [-93.50262317970412, 39.813693172028344], [-93.5035690356297, 39.82646857832493], [-93.50894550291082, 39.83278292713399], [-93.5378929161359, 39.841775435033554], [-93.54184796387158, 39.852959990443686], [-93.54975288864019, 39.852446423162526], [-93.56068087251194, 39.837748758484686], [-93.59610424062026, 39.82643550336512], [-93.60511594820939, 39.81966501186637], [-93.60297281767313, 39.81456822168705], [-93.62502810990007, 39.80717040131551], [-93.6174464115471, 39.78662664471886], [-93.60898929955988, 39.782110485652176], [-93.61407484384297, 39.77759551587949], [-93.6125999907078, 39.76457610123561], [-93.6245655682586, 39.76497192885033], [-93.63220088974582, 39.77179575538936], [-93.636853642793, 39.79049626907179], [-93.63645647784296, 39.79629176042949], [-93.62460901168404, 39.79625333088172], [-93.6273141318553, 39.80241449218402], [-93.64250208490786, 39.80180628729225], [-93.64400023854483, 39.812127355193105], [-93.637655691018, 39.828758648385794], [-93.63930459004452, 39.84155911454934], [-93.63647225675092, 39.847383914646144], [-93.62765656335341, 39.847028734892035], [-93.62900080683615, 39.856795397197786], [-93.63938875050853, 39.868268035066166], [-93.65314064866304, 39.8696880393683], [-93.6520313433732, 39.88032911853927], [-93.65919894443132, 39.88497371247684], [-93.65834289667794, 39.910654360821255], [-93.66932210428384, 39.912855463604906], [-93.67252628440951, 39.91919240831054], [-93.69631790868955, 39.93201425135656], [-93.71532501683316, 39.93421050580552], [-93.73034640426572, 39.9425148456989], [-93.73661315499399, 39.949103892786695], [-93.73026467194791, 39.956956012092895], [-93.73251780568228, 39.965200479545665], [-93.74134861952264, 39.96487870555308], [-93.76174282977122, 39.976131340243526], [-93.77057953655985, 39.97167897214528], [-93.78664882943258, 39.978501521320645], [-93.79216258354361, 39.984023195777986], [-93.7930520629986, 40.001211254036804], [-93.78840139494118, 40.00764972865207], [-93.79213803887511, 40.02217383458883], [-93.80393636269638, 40.02899108741474], [-93.80345592391951, 40.0403403477089], [-93.81961227432303, 40.057134389204805], [-93.82069523831382, 40.075444676415046], [-93.85072360959165, 40.08011267417438], [-93.85569545141428, 40.11015971734889], [-93.87307539796464, 40.11314209066941], [-93.8779221161463, 40.118385166095585], [-93.87230047167469, 40.13140241479345], [-93.87669208716372, 40.144635552181846], [-93.88302053777898, 40.14324920854551], [-93.89362537338852, 40.15091189774344], [-93.90675261184052, 40.1458000304347], [-93.91433210393116, 40.167631841281235], [-93.93376335163617, 40.16774135787177], [-93.93430856163997, 40.173963904634746], [-93.92230476167217, 40.18076338404631], [-93.9214164113995, 40.18819691261817], [-93.93658095166079, 40.21044273409976], [-93.94686492072893, 40.2153511688881], [-93.95375630600687, 40.237510465532125], [-93.94660633977608, 40.246364206317764], [-93.94976851917065, 40.26586820185391], [-93.93536874345682, 40.274520531598384], [-93.93002577884424, 40.289645585925506], [-93.92322663168136, 40.292751713170766], [-93.92844019038401, 40.310120377133245], [-93.92247100569529, 40.31276234422406], [-93.91969782197158, 40.323000151584374], [-93.92453515096187, 40.33042468389767], [-93.91931544508772, 40.339615830207144], [-93.93716395019534, 40.3517433335266], [-93.93109281301007, 40.36674257087778], [-93.94446345447989, 40.390110061058884], [-93.9337942761398, 40.39502332171643], [-93.93020105273258, 40.40607956464221], [-93.91453212371061, 40.42466800912852], [-93.91875969604901, 40.43694427420946], [-93.92654080332704, 40.440984703069105], [-93.91621318961083, 40.465784751988565], [-93.92612847481502, 40.47692532543846], [-93.92107853615651, 40.492287181178156], [-93.90284637496411, 40.49989738777449], [-93.90618364948227, 40.51746830697064], [-93.90051221049617, 40.5259670109448], [-93.91163983416001, 40.53043570671873], [-93.91455432287793, 40.537439170477626], [-93.91042766907519, 40.54275101611396], [-93.91402289213227, 40.54505192152235], [-93.91197615980913, 40.551606461571104], [-93.89470598648818, 40.557753446370086], [-93.890798992332, 40.57333956324566], [-93.9001739193332, 40.59710378829818], [-93.88726091739834, 40.61732204838625], [-93.89535938688987, 40.61970937354144], [-93.90150798131052, 40.63481969607003], [-93.91703067718062, 40.644682345876646], [-93.9175571303613, 40.655207305760236], [-93.92758594285446, 40.65243677802951], [-93.946869114963, 40.65859818251965], [-93.9570860966604, 40.65130802647091], [-93.96418166271421, 40.66340103173441], [-93.98389008829508, 40.66767138409636], [-93.98961946412545, 40.68157921304463], [-94.00101951088239, 40.68639459220086], [-93.99990506273753, 40.697577438777024], [-94.01151246222159, 40.69793207084527], [-94.01472220291886, 40.70619239184156], [-94.0267333043933, 40.70730646841342], [-94.03445699944324, 40.72097222318894], [-94.05231848520668, 40.7334407720875], [-94.05221632340269, 40.7438531506218], [-94.06590959750176, 40.75245431676522], [-94.06609283405678, 40.75862031036103], [-94.05196206963456, 40.765350324679005], [-94.0519484655479, 40.777538497865315], [-94.05731289809916, 40.784402777395], [-94.04356742559389, 40.8013286002257], [-94.06817223900511, 40.81715131980723], [-94.06704796778261, 40.830900036407094], [-94.0726053710333, 40.838607506372696], [-94.09133720662778, 40.8395516687371], [-94.10106008437621, 40.833458649556846], [-94.11562976384961, 40.84349211970079], [-94.12062769723967, 40.85499768592623], [-94.1108818783155, 40.865976025756034], [-94.107735406862, 40.89920704437916], [-94.12477793541186, 40.91256926928334], [-94.13688177356632, 40.93037853147728], [-94.14623074105248, 40.93517617150189], [-94.15199668729807, 40.93127514407451], [-94.1634992965076, 40.93315618461806], [-94.17071804045148, 40.94198396559601], [-94.1776675350502, 40.94293143302705], [-94.182690532335, 40.95522732356234], [-94.21799224340101, 40.95186519560239], [-94.21065206699366, 40.962771758343244], [-94.21228827013026, 40.971275899275305], [-94.22922677197357, 40.96610998184746], [-94.23550669200391, 40.97030788607441], [-94.2515311490625, 40.99779275930503], [-94.24572235317785, 41.00773055484633], [-94.26347687025223, 41.02485765457497]]]}, "properties": {"huc8": "10280101", "name": "Upper Grand", "states": "IA,MO", "areasqkm": 8613.89, "episode_count": 0, "event_count": 0, "huc8_name": "Upper Grand", "area_sqkm": 8613.89}}, {"type": "Feature", "geometry": {"type": "Polygon", "coordinates": [[[-95.38361813851911, 41.7037117649858], [-95.39702115617008, 41.71415577532968], [-95.40193751534582, 41.706236734070586], [-95.42106015581813, 41.697228208680045], [-95.43874495374499, 41.69927032032295], [-95.45131498878582, 41.68868004027804], [-95.45070070821814, 41.68154446324693], [-95.46820680967541, 41.67201930354677], [-95.46468990354145, 41.66880642515498], [-95.46682691655064, 41.66135449819792], [-95.4763720805864, 41.65404808059144], [-95.47882791377474, 41.642695394341395], [-95.4898007074095, 41.64105695288489], [-95.48939762166341, 41.63351585244594], [-95.48341988411488, 41.62839282290378], [-95.48423752529658, 41.61842411626335], [-95.49389001824586, 41.6137827838109], [-95.49488850197238, 41.60257932447085], [-95.52606887187224, 41.56399657285552], [-95.54081067933387, 41.55689453924689], [-95.5400893779748, 41.519036266988486], [-95.54971948311058, 41.498086645611004], [-95.54421844375408, 41.49261816922757], [-95.56678473903712, 41.46550856640244], [-95.56340411721322, 41.45593306945294], [-95.57947530732784, 41.43657196807898], [-95.57979898200281, 41.42795748799389], [-95.60065974756552, 41.411831532797706], [-95.60706919298174, 41.395414402672934], [-95.61529967619245, 41.39378665510232], [-95.61628576137142, 41.382852986078206], [-95.6291390145601, 41.37110734015987], [-95.64454964380188, 41.36779435735924], [-95.66540218618648, 41.34232048265416], [-95.671835224057, 41.34328644496923], [-95.67805902992481, 41.33359079217643], [-95.69145364742957, 41.32765910648162], [-95.69442417035995, 41.309073952972], [-95.70698445778164, 41.3064888421552], [-95.70905504486713, 41.28964020401997], [-95.7271245633824, 41.28064380674223], [-95.72181188097805, 41.26408914795951], [-95.71457550220681, 41.256825241266945], [-95.717889367527, 41.251299524198146], [-95.71313414545197, 41.23665634363107], [-95.71755447199583, 41.2263147363125], [-95.7287361113577, 41.21800584890325], [-95.72897380288696, 41.2050665705592], [-95.73805027631312, 41.197710429349826], [-95.73583170256435, 41.18749509790689], [-95.74100127166585, 41.1791387276179], [-95.7481335446788, 41.17546564281699], [-95.7519490795593, 41.16359962953946], [-95.76217134784214, 41.16109257934242], [-95.76854730406457, 41.13941736815663], [-95.79276746515932, 41.13122577478196], [-95.7957810461379, 41.12488021035663], [-95.7926803654077, 41.11184305640567], [-95.80128716636567, 41.1076880341603], [-95.79984786226125, 41.10006646153848], [-95.8038516202449, 41.097988749117505], [-95.80039016172354, 41.0756894126168], [-95.81757673512921, 41.0796930733972], [-95.82186380738042, 41.06594781739983], [-95.83565575063366, 41.06157694750008], [-95.85457894624828, 41.066699897120394], [-95.86521309568215, 41.06317582091058], [-95.87370393761168, 41.05207591974884], [-95.88952890938839, 41.057089806269005], [-95.92916776390123, 41.05733685968739], [-95.93911221650438, 41.04679082134741], [-95.93964097116883, 41.04198003682947], [-95.92675509566061, 41.03542260147107], [-95.91887428526749, 41.00769940725828], [-95.90502007618865, 41.0012421953184], [-95.90293215341481, 40.990991688875916], [-95.89067871701944, 40.98817110793188], [-95.88034574036098, 40.976872241347905], [-95.91781644356196, 40.95338433602364], [-95.9118337149737, 40.9345430672055], [-95.91788108093992, 40.92707996938783], [-95.94761730840925, 40.91736482517432], [-95.95283862136944, 40.91972442433922], [-95.9601747607479, 40.90242664753969], [-95.9821793107377, 40.912151413238966], [-95.99459844587881, 40.90939386263152], [-96.00386405509649, 40.918000623312714], [-96.07157709300462, 40.91157622322014], [-96.08785229591015, 40.921181242974896], [-96.09224015194972, 40.9197166073677], [-96.09241008355708, 40.90545780417829], [-96.10435876200073, 40.906686523112384], [-96.11041486318477, 40.90215594307932], [-96.1284480152024, 40.90275824673841], [-96.1367651013964, 40.91168243462331], [-96.14992393180032, 40.911275005307964], [-96.17161579890097, 40.93086329855703], [-96.18152155747157, 40.93076068850188], [-96.1960277503089, 40.91337731816314], [-96.20557275085129, 40.91164544476253], [-96.22032216434842, 40.91942531116223], [-96.22801891353308, 40.91564011746484], [-96.23731014809253, 40.922725263293266], [-96.2460175244297, 40.91993439344079], [-96.24715186127494, 40.92481661078291], [-96.26301659607938, 40.92644602258748], [-96.26702322148543, 40.93119144592463], [-96.28641857700326, 40.92385625810316], [-96.29148795161124, 40.907705988618225], [-96.29813551076487, 40.90868407134582], [-96.33482590227578, 40.8898116555739], [-96.35263008271062, 40.88826202314478], [-96.36768213772866, 40.89293815624257], [-96.3920413400631, 40.88494651188298], [-96.39913509780824, 40.87197531690626], [-96.39819846847894, 40.85648454356197], [-96.4055623550199, 40.84666589908404], [-96.39426727101404, 40.838319339499236], [-96.39639244422779, 40.82724929494411], [-96.37906620166005, 40.81669238851831], [-96.36960548195594, 40.82030010934146], [-96.36238303605477, 40.813302136003124], [-96.35056158241154, 40.814242430576684], [-96.34807612907335, 40.80284733206915], [-96.33303283442594, 40.7879201514144], [-96.32153703264963, 40.793419546036745], [-96.31061105022432, 40.78225216784201], [-96.29530642218607, 40.79472515796704], [-96.28729752281322, 40.78933236828822], [-96.28144505982263, 40.79199693435462], [-96.27524471705173, 40.804357330913994], [-96.27518305848726, 40.83215825297118], [-96.26584837241751, 40.832089827116775], [-96.26303148745184, 40.84051834316332], [-96.24754765629419, 40.843916823161564], [-96.24465632344936, 40.83663194156831], [-96.23743116643266, 40.841901619092546], [-96.2310434234154, 40.83521099770056], [-96.21793090475764, 40.834286768012454], [-96.20558632978512, 40.81383915443246], [-96.20252112891538, 40.794081582889035], [-96.18483222119609, 40.77771611233844], [-96.15078389351339, 40.77754901385369], [-96.12659325105885, 40.760575218924515], [-96.09996188867233, 40.76271070611232], [-96.09399596846134, 40.759507343454366], [-96.09356103294687, 40.75182191920398], [-96.08650178398335, 40.75101672047938], [-96.08335391205632, 40.74190135080423], [-96.07607975912741, 40.74246673126592], [-96.06223547283918, 40.72920010733319], [-96.05528828152086, 40.73115084893368], [-96.05041393116106, 40.72321055519243], [-96.04005097502662, 40.722864938891135], [-96.03027459002661, 40.73075456909657], [-96.02318050170145, 40.72192521316245], [-95.99049723955146, 40.717167273926364], [-95.97626331619527, 40.69907666533165], [-95.9523875664855, 40.699567213815634], [-95.94765421030282, 40.68904958529327], [-95.93872862150502, 40.685484362355695], [-95.94604631308083, 40.67200125383512], [-95.93780736863845, 40.66724772342633], [-95.940739410437, 40.65660310691384], [-95.93793295401348, 40.648203112011544], [-95.93022240490941, 40.645556130062005], [-95.92747561279043, 40.63703177033426], [-95.93071286080004, 40.6311288522537], [-95.91417495187787, 40.63439611240774], [-95.89500895332006, 40.630160369324905], [-95.8865802271975, 40.61732575854006], [-95.88632926126331, 40.607769672737135], [-95.87601822056575, 40.60200724430351], [-95.87472926569383, 40.57517817546026], [-95.86407260807216, 40.56466692555615], [-95.86116234862264, 40.54067184994557], [-95.85062811789948, 40.5311463706246], [-95.84382594251578, 40.515210411715536], [-95.81510162139992, 40.511940114980725], [-95.79973884900659, 40.5216479257859], [-95.79059749296239, 40.535030154565696], [-95.77965744381807, 40.53661703954047], [-95.77135293403803, 40.523676571520326], [-95.7375035670211, 40.521008908333506], [-95.71202254316994, 40.511144250400534], [-95.69734501196353, 40.49102327021854], [-95.69907849366226, 40.48378169126903], [-95.69421467155759, 40.48293401662927], [-95.69039890850502, 40.49015244920028], [-95.69418198635597, 40.49951527694081], [-95.6900823475888, 40.50075852198577], [-95.69365174228481, 40.50995518699064], [-95.70926684694987, 40.5306837643063], [-95.71671259965763, 40.53218418762904], [-95.71503969674842, 40.55917808813657], [-95.7218077226766, 40.569873714126025], [-95.74490659585392, 40.58493200502957], [-95.74322499276118, 40.606351876182764], [-95.73563130369581, 40.606467767013356], [-95.73072920078364, 40.614627082346004], [-95.73047113905702, 40.63039789379037], [-95.78065977143567, 40.6946454543566], [-95.79108334588548, 40.700380830434746], [-95.78868925660156, 40.72922624249137], [-95.75531726241142, 40.73629116007156], [-95.73536570240903, 40.733602447381685], [-95.70774487897471, 40.73776098459624], [-95.68149163815251, 40.765388501874476], [-95.67989276450754, 40.776607369508106], [-95.68673282813498, 40.77871672785152], [-95.68998751244425, 40.79499669542393], [-95.68741598612877, 40.803171051222535], [-95.67920739396321, 40.80293297008768], [-95.68168890818889, 40.81197740292713], [-95.66842470091056, 40.82417378581726], [-95.67084454130044, 40.83789770540878], [-95.66001539636444, 40.83888136391833], [-95.65621268313801, 40.85585586244027], [-95.6628562959926, 40.87783696364921], [-95.67040096489123, 40.880879609418145], [-95.66769500838843, 40.89558408125095], [-95.67220169896369, 40.90034120980514], [-95.66223596976303, 40.909525000530515], [-95.66183317327447, 40.91754929803511], [-95.6722436170498, 40.9314110564614], [-95.66836921736535, 40.944755599367504], [-95.67132687282762, 40.95824205685606], [-95.66668936778406, 40.96604848504572], [-95.66916313493874, 40.973343750938334], [-95.66375864561066, 40.97714328812785], [-95.67198518881054, 40.99277189119011], [-95.67035040501209, 40.99808591807618], [-95.6587796783512, 41.00367258371529], [-95.67828810930541, 41.06168658736215], [-95.67112825441998, 41.076608713973194], [-95.66338212933572, 41.07901581276532], [-95.65979507465956, 41.08604662129001], [-95.66131649556071, 41.10970758640571], [-95.67179092902866, 41.116728476993245], [-95.6716819759611, 41.12193360506399], [-95.65987054571984, 41.12819999043603], [-95.65385391201781, 41.145468064282696], [-95.65704038095933, 41.15551765072886], [-95.63455129048505, 41.18252903817223], [-95.64821535226939, 41.21068291529098], [-95.64394944252963, 41.21429832523588], [-95.65202974539116, 41.232914281753], [-95.64771040834985, 41.26384018114689], [-95.63709426564586, 41.27455009480737], [-95.63450375253854, 41.29671991608615], [-95.61819329524968, 41.304263958934825], [-95.61745915606689, 41.32145243434364], [-95.60504300962074, 41.33208596831805], [-95.60169517181315, 41.35233602082403], [-95.58704211610498, 41.36371879489078], [-95.5774837639025, 41.36159087332202], [-95.57029618521078, 41.36546686429623], [-95.56717364667306, 41.37738281296602], [-95.55288525576628, 41.38049027067227], [-95.55266808714802, 41.38980839805761], [-95.54285107404266, 41.39415797667341], [-95.54292476913363, 41.40334984991934], [-95.53027839525994, 41.40533026251377], [-95.51773524769386, 41.414427352463946], [-95.52112920860142, 41.41918565587814], [-95.51206576793338, 41.43486855365986], [-95.5069526642357, 41.43579513223378], [-95.5130108683758, 41.444749022627654], [-95.51062013699442, 41.45309323914692], [-95.49718488419778, 41.461000236995226], [-95.4959957321539, 41.499018286301826], [-95.48061745933033, 41.506511179525575], [-95.46436069434603, 41.52293605505165], [-95.46068231514143, 41.53858046490627], [-95.45301416202722, 41.54615057448841], [-95.45163936145178, 41.568684380578944], [-95.44451416806157, 41.57612795171171], [-95.44824019840043, 41.58957414008653], [-95.42301203862365, 41.61467213021521], [-95.41823934701131, 41.637348486106426], [-95.40489396347233, 41.644920358498], [-95.40359377786271, 41.656600027594706], [-95.38931377632235, 41.670928858270386], [-95.38159791188676, 41.69291622160822], [-95.38361813851911, 41.7037117649858]]]}, "properties": {"huc8": "10240001", "name": "Keg-Weeping Water", "states": "IA,MO,NE", "areasqkm": 2178.6, "episode_count": 3, "event_count": 3, "huc8_name": "Keg-Weeping Water", "area_sqkm": 2178.6}}, {"type": "Feature", "geometry": {"type": "Polygon", "coordinates": [[[-90.93721255156588, 43.7954439437724], [-90.9505138682486, 43.80152784998782], [-90.95459383660601, 43.79505398021449], [-90.95144244777464, 43.78674792170615], [-90.95968887248839, 43.78808038378278], [-90.97947881119815, 43.77690811627436], [-91.0047847174678, 43.79047458046459], [-91.0307244273912, 43.78919921840356], [-91.06300303264169, 43.78010590036946], [-91.07075706379875, 43.786993724772245], [-91.08450839601464, 43.78592915473744], [-91.08763528688989, 43.791870784474604], [-91.10099519439038, 43.7852300509355], [-91.12688111319459, 43.79449690343682], [-91.14655795670501, 43.794578890611845], [-91.16456522646268, 43.78892145782567], [-91.17088606655084, 43.77872187529646], [-91.17903667605809, 43.78053310561876], [-91.19821311663276, 43.77152457481928], [-91.20088143282682, 43.758800310697296], [-91.21526826112245, 43.75717811518569], [-91.23444748198294, 43.76402536479798], [-91.23902831321352, 43.75901447706394], [-91.27736894942723, 43.764004483204246], [-91.29458899855196, 43.777106570590185], [-91.29659417660667, 43.760916315824076], [-91.29186624624829, 43.755632585977935], [-91.30393330018852, 43.755573740488686], [-91.30194834860075, 43.74431210977462], [-91.31448260913372, 43.73836613775966], [-91.3184107550216, 43.72372087635794], [-91.33377459910507, 43.71263268494572], [-91.3340761365965, 43.70664956006136], [-91.34880056704726, 43.703810980324185], [-91.37166532399019, 43.68356083405456], [-91.36531796024494, 43.66907306272551], [-91.37397618615967, 43.65735193938607], [-91.39518303307548, 43.65995224447789], [-91.406738367104, 43.656678944237804], [-91.41345448388348, 43.66335871677796], [-91.42424209072072, 43.66064923350192], [-91.43998174949489, 43.67466360774084], [-91.45067458047642, 43.66795712381134], [-91.46594649905853, 43.67468644758333], [-91.48040667120387, 43.66603332279639], [-91.49729250931365, 43.66903429445069], [-91.50612726226653, 43.66290591834072], [-91.51364187084083, 43.655548665506515], [-91.52470007359784, 43.622134275467126], [-91.53728703110201, 43.6096184623159], [-91.54746802359419, 43.61001841794457], [-91.57169807244529, 43.597015862213425], [-91.57431261099488, 43.580986236913134], [-91.55374372962753, 43.567597728435764], [-91.55704305571483, 43.55394103745492], [-91.5485774447667, 43.546698774608345], [-91.52225753367907, 43.5364510435575], [-91.50399885511779, 43.53985854703701], [-91.48567385214245, 43.52457277501821], [-91.48642667358821, 43.51803191664776], [-91.43430123752441, 43.50112996965785], [-91.40925485364201, 43.504619751145796], [-91.40112850313903, 43.497908092192525], [-91.38314153261184, 43.496115446117386], [-91.36129257711745, 43.5078492888358], [-91.33338764440654, 43.50520459438129], [-91.32857965888499, 43.487285612705456], [-91.33506426544271, 43.48345866001876], [-91.33777018331796, 43.47338033192949], [-91.32259152064209, 43.46665747769343], [-91.29351123401005, 43.47722783410149], [-91.286450071635, 43.484466010017854], [-91.26854229748157, 43.47290876366458], [-91.23333272122436, 43.46580284571682], [-91.29362144112575, 43.47445460294097], [-91.29281602511674, 43.45986376491533], [-91.28839491254702, 43.45709302149004], [-91.29569891828946, 43.45067716053302], [-91.28411825176994, 43.440589975357014], [-91.28830889706194, 43.43235407080055], [-91.27957835047863, 43.4208009264947], [-91.29297427593043, 43.41442535725336], [-91.28952111604568, 43.406577689349874], [-91.30811567289507, 43.40290689047396], [-91.3123473990433, 43.386866327821124], [-91.33231619412278, 43.374049340951004], [-91.32810527834637, 43.368247596314085], [-91.33695577696959, 43.36181741981961], [-91.34018864479384, 43.35146466680771], [-91.37067541647968, 43.33995049899517], [-91.4033011334509, 43.33835425554433], [-91.40676791988022, 43.33264681214061], [-91.42203260612601, 43.33203440652377], [-91.4499946132985, 43.32178000565466], [-91.45714135817067, 43.31246955669391], [-91.45579190176434, 43.30748155062688], [-91.49588328170329, 43.29527442561692], [-91.50314103678498, 43.28951237128128], [-91.50312752791976, 43.281525838489046], [-91.51392970632922, 43.27480699853308], [-91.53506060338272, 43.27203686520943], [-91.54050406791602, 43.264968659517564], [-91.58324827260194, 43.26208302644326], [-91.59523131250353, 43.2540728085902], [-91.59639504402149, 43.24455039653192], [-91.61574824429799, 43.23654189208537], [-91.6172373357304, 43.218533680882175], [-91.62571581953655, 43.20186851762032], [-91.65130195346246, 43.20044618815575], [-91.65735750936912, 43.20430299516439], [-91.66460470205975, 43.19519881461685], [-91.68904585051104, 43.183783328063654], [-91.70430045406604, 43.188605751770226], [-91.72910921379285, 43.18345555502547], [-91.7475945355037, 43.19227155677427], [-91.77095750079815, 43.176477921596025], [-91.77647121897658, 43.16670908027971], [-91.77561088266604, 43.152630139664], [-91.75521941138078, 43.14099870507132], [-91.7253899307001, 43.13386069541454], [-91.71244205706425, 43.12209076803353], [-91.68323523553792, 43.117038258512785], [-91.67118805143349, 43.10680951451865], [-91.6534664306648, 43.10147135805991], [-91.64069474540226, 43.1050578286103], [-91.60371876239455, 43.09807003094047], [-91.5910237905623, 43.08724929243239], [-91.57150752809541, 43.083476604679284], [-91.54345692996792, 43.09529539164808], [-91.5385273359131, 43.09282352353293], [-91.53017083433939, 43.06924134408269], [-91.49516168839173, 43.05741403400273], [-91.46269391860366, 43.06217818389095], [-91.4465960763729, 43.056181666190106], [-91.4258879848826, 43.062401457970026], [-91.4009792911737, 43.06058697803701], [-91.38797609838433, 43.05094245635752], [-91.3911771568644, 43.03939642359254], [-91.38325745480937, 43.03535284393959], [-91.38059531273625, 43.023899767762195], [-91.33557619286525, 43.00975963362088], [-91.32854414938014, 43.00254175055454], [-91.33292475332043, 42.99078497472028], [-91.3154517628662, 42.982946002681444], [-91.30365794050279, 43.00412750567733], [-91.28231585132264, 43.005325370713386], [-91.26496117438121, 43.013401519648184], [-91.24076204374558, 43.01077906899316], [-91.23428626044057, 43.016490635155826], [-91.22261929995824, 43.01478425952114], [-91.2058895171796, 43.00627914576684], [-91.2010306420972, 42.99417632938369], [-91.19042993873796, 42.997350296167944], [-91.16366422970744, 42.99454458883898], [-91.13188277369476, 43.002257826659125], [-91.13412450601156, 43.01828241847047], [-91.1191466590225, 43.01914275307071], [-91.11995823747436, 43.02748275512458], [-91.09887112610444, 43.059885009370326], [-91.08212424209775, 43.0623307684808], [-91.07705069481528, 43.067633586206156], [-91.08098755256479, 43.07653330611285], [-91.07408208799141, 43.10174482321905], [-91.05881796049772, 43.10565891311265], [-91.0533784108224, 43.12262788171019], [-91.03646722764519, 43.12905174395438], [-91.04261953300627, 43.14578113060323], [-91.01649579601037, 43.165796256151445], [-91.01479548460352, 43.169554834986776], [-91.02592835532697, 43.18778646968417], [-90.99844509809861, 43.22988827779906], [-90.99932632383278, 43.2353000527919], [-90.98318332598761, 43.24512880233848], [-90.97776210463905, 43.2560526665932], [-90.96985313206177, 43.256176793136845], [-90.95436587562794, 43.268936899374516], [-90.95612972846808, 43.29067891854455], [-90.93741025908182, 43.295084329711386], [-90.93926634913872, 43.30581933616266], [-90.92092984143953, 43.31975314563489], [-90.93586182494175, 43.33601690292253], [-90.93987045089592, 43.36529750910429], [-90.94442946294657, 43.370815260902724], [-90.9311766948151, 43.38552548147154], [-90.93915054821375, 43.38879038559597], [-90.93989062975216, 43.39574446049821], [-90.95877186955141, 43.416849126151924], [-90.94298945096973, 43.432206267623734], [-90.95774932624666, 43.454624649386936], [-90.93765009938122, 43.46524166953916], [-90.92755125153354, 43.46379637714426], [-90.91625926941036, 43.4875769067326], [-90.88247081894947, 43.504778931529074], [-90.86111402524642, 43.52678848701207], [-90.8886575208028, 43.55249487197478], [-90.87767136921975, 43.56004534944039], [-90.8770080900449, 43.572923650804526], [-90.86551175377099, 43.58847960159], [-90.87522135441952, 43.59674491934943], [-90.8787222058627, 43.61184918601993], [-90.85388703027667, 43.62100023043669], [-90.85179935004795, 43.64431548549381], [-90.85842312720274, 43.64939454616259], [-90.85691960164036, 43.65891916108444], [-90.84667084742966, 43.66126365151826], [-90.83737815490448, 43.67666394423293], [-90.82926235511452, 43.68122626419497], [-90.82349963112586, 43.70799858981187], [-90.80161977448401, 43.72532611066734], [-90.80143395796749, 43.73389326598822], [-90.79490256984471, 43.74185591227609], [-90.81101198147803, 43.74589534815247], [-90.81590448229815, 43.75823765424062], [-90.83143623677958, 43.760317199271505], [-90.84254708260887, 43.76857005949165], [-90.85659965587213, 43.766881339169245], [-90.86544585426006, 43.7874508754368], [-90.88098088759229, 43.7965118249854], [-90.90364016659207, 43.80018579494777], [-90.93721255156588, 43.7954439437724]]]}, "properties": {"huc8": "07060001", "name": "Coon-Yellow", "states": "IA,MN,WI", "areasqkm": 3688.7, "episode_count": 11, "event_count": 14, "huc8_name": "Coon-Yellow", "area_sqkm": 3688.7}}, {"type": "Feature", "geometry": {"type": "Polygon", "coordinates": [[[-91.85012800847112, 43.97269133088917], [-91.86378500500574, 43.98915504297009], [-91.8982977661819, 43.982583619543945], [-91.91084339489478, 43.98807447825241], [-91.92960042014816, 43.98351141966886], [-91.93352915353422, 43.97802002123374], [-91.9526433112153, 43.98012745975167], [-91.95510162016056, 43.970588885255125], [-91.97322187013319, 43.967286816706576], [-91.97982457370975, 43.94741216031443], [-91.97707978303723, 43.93942398276867], [-92.01130984349514, 43.93154106803056], [-92.05361548257453, 43.949816381746196], [-92.07393251406545, 43.951698031726146], [-92.105689472122, 43.93914795364329], [-92.11816481754538, 43.94211246497447], [-92.12691729919128, 43.934747318418566], [-92.14582384722706, 43.92981220043174], [-92.15268497275464, 43.92187259676829], [-92.17567715122907, 43.92988741053214], [-92.20171871932591, 43.94821000923914], [-92.23964846073876, 43.960587341781725], [-92.25257357465858, 43.9609608798636], [-92.29189625003922, 43.941449542927494], [-92.31519394644008, 43.95126861665099], [-92.3431400094146, 43.92681312696541], [-92.36595289853135, 43.93824149984744], [-92.42318723866889, 43.91852973513809], [-92.43116268837382, 43.91331609808883], [-92.43197371705672, 43.90645035974685], [-92.43949719110454, 43.909975871227104], [-92.45389650328768, 43.907349549754635], [-92.47529978211173, 43.897730390536296], [-92.49824506134179, 43.90464020596763], [-92.51220729103692, 43.88850757414196], [-92.53711945403944, 43.8810931235991], [-92.57757341738323, 43.884027459905106], [-92.63269616773243, 43.870055110744396], [-92.63872353360718, 43.87267189416898], [-92.6528000254132, 43.860650549237434], [-92.67217571860607, 43.86008651706504], [-92.67430058010441, 43.853636916693546], [-92.6848211654184, 43.847908523493565], [-92.73636880958303, 43.865596340303235], [-92.76640964139216, 43.86453172490569], [-92.78080333551152, 43.87861001134369], [-92.79879134538947, 43.87766671824387], [-92.79554494893704, 43.87379386361712], [-92.79947330503069, 43.869407012684604], [-92.7987347937474, 43.85089404583756], [-92.80558008287485, 43.84634549685767], [-92.8005116326333, 43.83175966942438], [-92.80927422930931, 43.824130419221376], [-92.79903128899514, 43.82152427753524], [-92.80158777212286, 43.805155325121355], [-92.78658401143282, 43.794566806523726], [-92.79577773566481, 43.77831812423295], [-92.7897216308875, 43.76880359240824], [-92.7975470511602, 43.76759769679952], [-92.80004481860433, 43.76198367201759], [-92.78964680212265, 43.7489411653791], [-92.77996739564745, 43.744560256780446], [-92.7775415832576, 43.73693374464115], [-92.7607733229404, 43.73165058857916], [-92.74982377321362, 43.737509233125984], [-92.74788495999717, 43.719760178067474], [-92.69939008312043, 43.71420905895117], [-92.69732428136045, 43.70783780597734], [-92.68783050006063, 43.7072540249705], [-92.6843430191421, 43.695754866479106], [-92.68936933660021, 43.67785118290705], [-92.67603277272069, 43.663331189159386], [-92.6789186384187, 43.65579394284988], [-92.67540582500918, 43.64905349196376], [-92.66431055147531, 43.64341641912343], [-92.66291881496183, 43.63537168587545], [-92.66820320762127, 43.627044859059126], [-92.64239808598866, 43.619480142038576], [-92.63652524741077, 43.61299667038782], [-92.62670890444862, 43.62061402845145], [-92.60389241757916, 43.62325667529635], [-92.5921739989024, 43.61598726424574], [-92.57282038360422, 43.62241526740174], [-92.54840303781303, 43.62171364219792], [-92.52716098142966, 43.61218245144688], [-92.51910380210187, 43.61614216265959], [-92.5151137030021, 43.625301747824956], [-92.50371667099127, 43.62812387422527], [-92.49540325082195, 43.621338918758134], [-92.4587425144952, 43.62151337487793], [-92.44894048528877, 43.617068045880245], [-92.44540100988162, 43.60413003814877], [-92.43191648898322, 43.59165163906035], [-92.40617940664855, 43.59289848241897], [-92.39066756602034, 43.58683360845941], [-92.38519024398396, 43.57084442854141], [-92.36749533462024, 43.56609724889642], [-92.36717200220343, 43.55195889752745], [-92.34898749304358, 43.54381604859593], [-92.3463932734874, 43.538461753007105], [-92.33155951986318, 43.53275285962417], [-92.30332242788944, 43.53122914879778], [-92.29167564626331, 43.524719568201895], [-92.27905044478257, 43.525707654434754], [-92.26713336368071, 43.51729847357738], [-92.24682275514408, 43.51870170257385], [-92.238316545735, 43.52910450528535], [-92.2414460848437, 43.54237874920889], [-92.23765430321598, 43.54822876175189], [-92.22491204766042, 43.55983050277422], [-92.20830609674539, 43.56307076133164], [-92.20472581626476, 43.56773707622035], [-92.19323672849687, 43.56087644890341], [-92.19526078285065, 43.554857925039855], [-92.19164433440005, 43.55188804655006], [-92.16758218965873, 43.538681828129405], [-92.14166861711682, 43.54294728697583], [-92.12480983446675, 43.53998765726085], [-92.11747944250946, 43.545329311826215], [-92.10248474851558, 43.54102113468851], [-92.08254653388504, 43.55219011495412], [-92.0734246542145, 43.54548047822756], [-92.05951386295088, 43.5463945814443], [-92.04811152459166, 43.54092800855532], [-92.04674489599036, 43.549034056310575], [-92.04202089665968, 43.55089426402728], [-92.01456820281224, 43.55235370701072], [-92.00341058170609, 43.558415818967276], [-91.97607101899061, 43.5568289143149], [-91.95314500323349, 43.551479096270924], [-91.95561298074615, 43.543294387331116], [-91.94737589312147, 43.535476682848525], [-91.90836207650183, 43.51672286434771], [-91.8730197921277, 43.5102165720562], [-91.86337996632224, 43.50362018217989], [-91.84629005074284, 43.50626724210214], [-91.84284721789058, 43.500737240272265], [-91.81418030181632, 43.49107492320824], [-91.813044890586, 43.48608897359288], [-91.7639791226681, 43.4834014605602], [-91.73756373144556, 43.487330762814416], [-91.73653719423103, 43.502869454666204], [-91.72514120965582, 43.50666426045663], [-91.71298115852414, 43.520984189101796], [-91.70350120678809, 43.520543572114285], [-91.70371426561394, 43.52543154993726], [-91.69192775014706, 43.528021323239464], [-91.6947022759538, 43.54468739962165], [-91.6846500398896, 43.545976818116806], [-91.68275264080438, 43.551357428188325], [-91.64765626844263, 43.56296806862533], [-91.62207969348965, 43.5638376528099], [-91.57538596031716, 43.580089309161984], [-91.57169807244529, 43.597015862213425], [-91.54746802359419, 43.61001841794457], [-91.53728703110201, 43.6096184623159], [-91.52470007359784, 43.622134275467126], [-91.51364187084083, 43.655548665506515], [-91.49729250931365, 43.66903429445069], [-91.48040667120387, 43.66603332279639], [-91.46594649905853, 43.67468644758333], [-91.45232245632181, 43.66769582849689], [-91.43998174949489, 43.67466360774084], [-91.42424209072072, 43.66064923350192], [-91.41345448388348, 43.66335871677796], [-91.406738367104, 43.656678944237804], [-91.39518303307548, 43.65995224447789], [-91.37397618615967, 43.65735193938607], [-91.36531796024494, 43.66907306272551], [-91.37166532399019, 43.68356083405456], [-91.34880056704726, 43.703810980324185], [-91.3340761365965, 43.70664956006136], [-91.33377459910507, 43.71263268494572], [-91.3184107550216, 43.72372087635794], [-91.31448260913372, 43.73836613775966], [-91.30194834860075, 43.74431210977462], [-91.30393330018852, 43.755573740488686], [-91.29186624624829, 43.755632585977935], [-91.29659417660667, 43.760916315824076], [-91.29402215981105, 43.769317983460176], [-91.29758799807685, 43.77621734690439], [-91.27770670160102, 43.764113116457914], [-91.25168018387843, 43.76089334338468], [-91.2981567259748, 43.77768648033814], [-91.30477805881371, 43.79600853913181], [-91.35570628584387, 43.808979575548655], [-91.3689542902094, 43.807778395486], [-91.37542061784771, 43.81397499775525], [-91.38553626149626, 43.81299742276999], [-91.41143981063622, 43.82675796008515], [-91.4538739123945, 43.82257708970535], [-91.48026377080171, 43.837071367804334], [-91.48184520455376, 43.84411522167049], [-91.5003115897784, 43.85073366005965], [-91.50338887478536, 43.85665787135241], [-91.49764515106328, 43.86587871116548], [-91.5003867329536, 43.86904797861491], [-91.51010850846919, 43.86956231952448], [-91.51891896468858, 43.87710482916567], [-91.53632648502658, 43.87712207420691], [-91.54044820797671, 43.888456285889625], [-91.56095444263276, 43.90429706736412], [-91.55789913670588, 43.91073209267357], [-91.5912020414675, 43.916900856977534], [-91.60402636620908, 43.91293915107051], [-91.60814778013874, 43.926472224750114], [-91.61975097820223, 43.937043566635865], [-91.63793231091924, 43.941250324378835], [-91.64243563640542, 43.95001011570638], [-91.65037438813437, 43.95180152426161], [-91.65031420101033, 43.96130460470255], [-91.6787661798815, 43.95544217488183], [-91.6836614187666, 43.959502820898855], [-91.73704119132626, 43.94293810559291], [-91.76079645899011, 43.94086181617866], [-91.7826778283949, 43.943982677562815], [-91.77990026897744, 43.955761156864945], [-91.78912062466435, 43.96593866423751], [-91.85012800847112, 43.97269133088917]]]}, "properties": {"huc8": "07040008", "name": "Root", "states": "IA,MN", "areasqkm": 4310.17, "episode_count": 0, "event_count": 0, "huc8_name": "Root", "area_sqkm": 4310.17}}, {"type": "Feature", "geometry": {"type": "Polygon", "coordinates": [[[-92.58691465935793, 40.718823665180565], [-92.60209501805303, 40.712772187141944], [-92.61173291158234, 40.69967416892647], [-92.64012452097147, 40.69605017912278], [-92.6449740302187, 40.69063173431736], [-92.65407570228692, 40.69371959340352], [-92.65673995989253, 40.686201872381574], [-92.66652500105863, 40.68052568289921], [-92.67838315716942, 40.68261753598565], [-92.68390080637552, 40.66226450725983], [-92.6671338629885, 40.653225427283395], [-92.67005921503316, 40.64401570108762], [-92.66532341183964, 40.63881460625926], [-92.64496906702676, 40.63017859064694], [-92.61684715524211, 40.60262923874772], [-92.63948073972983, 40.58660427962794], [-92.6315309324347, 40.547547495295], [-92.62029526390005, 40.54844468496529], [-92.60369515113604, 40.5373462681979], [-92.5887256683606, 40.53875573513043], [-92.58429732525117, 40.5329710905766], [-92.58640647521516, 40.528351569953614], [-92.57087816128129, 40.514246902046196], [-92.57483681934609, 40.50243845811843], [-92.57001931347915, 40.4928373326825], [-92.5816398238748, 40.492832539651204], [-92.58538706523412, 40.48270611142241], [-92.59411784807435, 40.480757540739056], [-92.60595630952085, 40.4651863959046], [-92.59991136181937, 40.448077677494275], [-92.57609515603988, 40.42540318708902], [-92.5578742749925, 40.43902326943009], [-92.52775612967842, 40.42504437628933], [-92.52198956000204, 40.43246198398312], [-92.51606485629291, 40.43209485510823], [-92.509887723294, 40.42377451933635], [-92.4919924159601, 40.42602819370813], [-92.48488431391651, 40.40947713632115], [-92.47322953818268, 40.40567473777434], [-92.47217632369917, 40.392943321575615], [-92.46387769698593, 40.39241450561048], [-92.4520219528517, 40.380043127969174], [-92.45172741323633, 40.373517891564056], [-92.42892236102212, 40.350629280846675], [-92.41861510941845, 40.33174555875815], [-92.4041403315649, 40.32522819710481], [-92.39515494102035, 40.32858956801508], [-92.37125138575759, 40.30893053162218], [-92.3577282795228, 40.306927899527714], [-92.35080427462026, 40.31120415919329], [-92.33179268568001, 40.30703175864118], [-92.31627645588331, 40.31541125140543], [-92.29800298566256, 40.30315621943975], [-92.2756838483552, 40.30682153983143], [-92.26276647342155, 40.30030123410671], [-92.25388108962262, 40.288061707770986], [-92.24866460690372, 40.2618414319382], [-92.23232103951014, 40.23905513933407], [-92.21471712678976, 40.23188951542441], [-92.21172223166741, 40.22733281017153], [-92.21484885664134, 40.220481831008534], [-92.20513109300184, 40.21120737140197], [-92.18489155378057, 40.21069422178327], [-92.17023833008743, 40.219205789451266], [-92.16460154451173, 40.217912669815945], [-92.16198220536525, 40.226204721481245], [-92.1468482356714, 40.22677121703315], [-92.13298509554201, 40.20385106591985], [-92.11233042057346, 40.18460119949203], [-92.08371385776583, 40.169793045654956], [-92.06203614362246, 40.164975135797334], [-92.05006884669623, 40.15088154199421], [-92.0240112517564, 40.156689088616055], [-92.01153114166875, 40.15170831556175], [-92.0028917210862, 40.15571358349298], [-91.98331835630998, 40.154801021652275], [-91.97677677051209, 40.14838309304045], [-91.97034778134856, 40.15061790095163], [-91.94909967481175, 40.14263052971666], [-91.9447361173023, 40.13629330706626], [-91.9360226818285, 40.137519925731915], [-91.92500529582306, 40.121552302614056], [-91.90367034016458, 40.115504929294794], [-91.88992018653836, 40.10523916029324], [-91.83628002651382, 40.09622711317116], [-91.8177980788752, 40.08757886798687], [-91.79516787654453, 40.08739199735332], [-91.78470423274145, 40.06696306507783], [-91.76541573003004, 40.05754061454467], [-91.7594575838395, 40.05153381825088], [-91.76094497655774, 40.04721783783034], [-91.75048588721315, 40.04593007826052], [-91.72771672538947, 40.03114134869395], [-91.7313349974201, 40.018526982708295], [-91.72339900531571, 40.008390950547025], [-91.68950722613926, 39.99433010418384], [-91.68945265707902, 39.98640523898724], [-91.68083027394414, 39.977656773252214], [-91.6698645177113, 39.979221946281044], [-91.6548284455188, 39.97188921979956], [-91.64330174528999, 39.96296632934802], [-91.63038595318787, 39.94170343271839], [-91.60857653075252, 39.942190894632596], [-91.57585920089367, 39.92285126211902], [-91.54941479588408, 39.92309315612028], [-91.53952002640435, 39.91326451352408], [-91.52034688174845, 39.907232801092796], [-91.51373013211412, 39.897243181417004], [-91.50070481561592, 39.90214713317449], [-91.5124188612939, 39.90357860719235], [-91.52909438582937, 39.944949779659076], [-91.52514196027599, 39.95348071339099], [-91.5335535681025, 39.9769132434609], [-91.54436956439767, 39.97975460449482], [-91.56166814424454, 39.99334384474519], [-91.56898550164705, 39.992750476347396], [-91.57417081372391, 40.00432563290417], [-91.59841573148958, 40.015126976119966], [-91.59495732364692, 40.019645409608145], [-91.59620625228474, 40.037973239946915], [-91.60164209910447, 40.04581398020505], [-91.60722251809105, 40.04458147420961], [-91.6233235026287, 40.05758754662632], [-91.63892177825524, 40.06139494209938], [-91.6443885316123, 40.07488878374966], [-91.64226064368975, 40.08274679584195], [-91.65948826471404, 40.08633236633628], [-91.67669379077556, 40.10237621390804], [-91.67875755246152, 40.113968810276724], [-91.6736286420081, 40.119817021222914], [-91.6972641013625, 40.137174019552525], [-91.71540346748439, 40.16829715704496], [-91.73797794641969, 40.174737489224476], [-91.73788928449777, 40.1819421185985], [-91.74802690003983, 40.18542283536545], [-91.75895376640736, 40.201017887908705], [-91.7553917154388, 40.20570882855429], [-91.77392876753359, 40.21880447704423], [-91.77333528206641, 40.22915112051629], [-91.79377528932646, 40.234751382376935], [-91.80861133365464, 40.25409209725192], [-91.85667806089054, 40.277929101014884], [-91.86332281819881, 40.286903580411696], [-91.87778283493559, 40.2900744072106], [-91.86969227421183, 40.304274014793535], [-91.8852570956789, 40.31198417786361], [-91.89916856876381, 40.32881046327136], [-91.91918587197029, 40.33195389623353], [-91.93053327026506, 40.34435792990057], [-91.94798285331791, 40.34787757618607], [-91.97290965885958, 40.3626049163958], [-91.98197208353302, 40.39455417853594], [-91.97645345965482, 40.40026867208369], [-91.96330512965824, 40.399816231579706], [-91.97738162865078, 40.4160960972755], [-92.01747981153135, 40.428319761332425], [-92.03033192745286, 40.42114656349294], [-92.04121133672226, 40.42999775548644], [-92.09221204342278, 40.43849582328995], [-92.10891280073629, 40.455258705536764], [-92.11105196071897, 40.4642193697115], [-92.12405716663291, 40.47328129503145], [-92.12422893529501, 40.47873903987936], [-92.13980818190889, 40.473747402537185], [-92.15280215708513, 40.477286728574796], [-92.1667237577766, 40.49030025670089], [-92.18593438643434, 40.52237120988066], [-92.198759868206, 40.52820100517653], [-92.22573927745948, 40.52517616231023], [-92.2403983078626, 40.540021971585425], [-92.25908764146605, 40.54741047141254], [-92.26069298118443, 40.55977227356472], [-92.27482611356572, 40.56008611046236], [-92.2758149386063, 40.56697534252895], [-92.30359130712871, 40.58244747992587], [-92.33654992896442, 40.618981572617216], [-92.36201614049483, 40.63811601407153], [-92.37277711857212, 40.634555409679045], [-92.38264935021968, 40.63795468367126], [-92.41780312852133, 40.6605945572651], [-92.43194811596943, 40.65661112869868], [-92.44585995377038, 40.67294253570411], [-92.47378706947892, 40.670853204536755], [-92.49205861910161, 40.690866615301005], [-92.51749644566567, 40.70696930893479], [-92.53853709886404, 40.7054315404115], [-92.58691465935793, 40.718823665180565]]]}, "properties": {"huc8": "07110002", "name": "North Fabius", "states": "IA,MO", "areasqkm": 2371.96, "episode_count": 0, "event_count": 0, "huc8_name": "North Fabius", "area_sqkm": 2371.96}}, {"type": "Feature", "geometry": {"type": "Polygon", "coordinates": [[[-94.46488935283031, 41.251284388350335], [-94.46989997851702, 41.262839282522364], [-94.4882110719785, 41.25634246770141], [-94.50204205601398, 41.23934737275987], [-94.52338106576934, 41.23459409232738], [-94.53201860438139, 41.21540871683797], [-94.53996084696354, 41.214801183308346], [-94.55236940174721, 41.20156086855622], [-94.54905303282233, 41.19316595730324], [-94.55474577355878, 41.18789900522765], [-94.55183252900756, 41.180882187747486], [-94.56979958568151, 41.17154614079952], [-94.571014322643, 41.164075819320566], [-94.58353086390699, 41.16189180555064], [-94.58830324470225, 41.15622485076735], [-94.58759429966992, 41.147812083077525], [-94.62267714969168, 41.140647108162426], [-94.61992821149747, 41.13280120922881], [-94.64756688984639, 41.12027616159577], [-94.66382490259065, 41.11965379243109], [-94.66774828111929, 41.10797159993531], [-94.69772272203906, 41.098588922659566], [-94.71279919955472, 41.10251569313075], [-94.71919548824528, 41.090341916525446], [-94.72534573556604, 41.091120567478924], [-94.74807727774224, 41.069956749208096], [-94.76975648758054, 41.06402248733434], [-94.79451599537526, 41.03185264788093], [-94.81330389662325, 41.02984799058379], [-94.81402373642334, 41.01422060928078], [-94.81827524347416, 41.00989865123935], [-94.8388436667007, 41.010177801010826], [-94.84454194734751, 40.99839439255227], [-94.85344665660315, 41.00340056195914], [-94.86160891456467, 40.99845996642184], [-94.87023252839151, 41.00225459850316], [-94.87604176175569, 40.99344079268201], [-94.89157169445372, 40.993137741702135], [-94.90380536881116, 40.970421751646164], [-94.92178402902364, 40.954914949031966], [-94.92223344088893, 40.9419346014357], [-94.94619527435576, 40.905581321342765], [-94.93747030720868, 40.89838424735649], [-94.94180325731979, 40.84684424258368], [-94.93779194719953, 40.839997402166645], [-94.95509452544773, 40.821699356148436], [-94.95672849088095, 40.80621507369351], [-94.96726075339531, 40.802453400520605], [-94.96984837662237, 40.78921639998549], [-94.96650631588035, 40.78106421228414], [-94.99056869777694, 40.75018371370724], [-94.99882226679215, 40.69605438345446], [-94.99635043101533, 40.673556297474256], [-95.00361233092376, 40.656849934289696], [-95.02198004609593, 40.64572528456102], [-95.01907603981905, 40.63538528905976], [-95.03626201135349, 40.632130278359845], [-95.04946368061668, 40.62214896363618], [-95.06300869137135, 40.626014008108115], [-95.06126461045062, 40.640652367627474], [-95.07644259130518, 40.649187927225135], [-95.08486383805469, 40.65999333690211], [-95.07998375554506, 40.67200889563017], [-95.08371183224612, 40.6787115101932], [-95.08124393827677, 40.6895116796541], [-95.08713963269042, 40.69713042073804], [-95.08784002396462, 40.71066167727559], [-95.09384648873765, 40.71330293428856], [-95.09531776208638, 40.7209335166762], [-95.08669955342263, 40.73586217506458], [-95.09273871507536, 40.74237102595964], [-95.10808435030802, 40.72310781327249], [-95.12780060560492, 40.711652730782234], [-95.13509888638404, 40.6931726935529], [-95.12692666071614, 40.68252236384564], [-95.13620664746992, 40.67418660800653], [-95.13562942420432, 40.66579732966291], [-95.16186772963663, 40.65028493662533], [-95.16140067935072, 40.64060697926085], [-95.1730448846086, 40.63506021301707], [-95.17080192070155, 40.61809449033807], [-95.18302626605477, 40.60042918263561], [-95.17449584345552, 40.58996100081934], [-95.17603537079954, 40.57256023231538], [-95.18406600670734, 40.56637428777449], [-95.18169761103717, 40.556254942317615], [-95.19081792135088, 40.546075061256616], [-95.18271516420053, 40.53879035430691], [-95.18798392347905, 40.534713985453756], [-95.18357046725052, 40.50233512343593], [-95.17506187550931, 40.50089879434661], [-95.17113685845356, 40.48423139291242], [-95.16254042405397, 40.47913843685778], [-95.16887426366262, 40.466759923912605], [-95.16282781577462, 40.46245356025006], [-95.168154581966, 40.44857945008829], [-95.15961379280836, 40.4285581349272], [-95.17100718843892, 40.41357580589494], [-95.16678472481956, 40.39011280334043], [-95.17848928698308, 40.37635567001527], [-95.16964986997725, 40.35142527698544], [-95.17514660550522, 40.34243476714944], [-95.15401529343006, 40.331678762491265], [-95.15526629537956, 40.320219900886336], [-95.16713051062695, 40.30740337962579], [-95.16420130930132, 40.2974437164197], [-95.15224084585944, 40.29142072306226], [-95.15956301463862, 40.28016610273666], [-95.15418651052657, 40.26667352721037], [-95.15824703305303, 40.26051284951086], [-95.14376251925847, 40.2507859614564], [-95.14095590383313, 40.24197858763819], [-95.15177278946044, 40.23056604551592], [-95.14961906778697, 40.21798324014433], [-95.15508599002732, 40.2005110174059], [-95.14981166299063, 40.199228814285796], [-95.1448621604725, 40.179564472004046], [-95.15239638465931, 40.17063189179291], [-95.15212222602112, 40.1627077395648], [-95.13683839577831, 40.12741910382187], [-95.14119846243459, 40.12148780258561], [-95.1367635795899, 40.114748873119616], [-95.13905499233516, 40.09332356460402], [-95.13524016892036, 40.08368296645186], [-95.12992849083248, 40.082000184369605], [-95.13803945858454, 40.06838233577828], [-95.1363883002951, 40.053116727098754], [-95.12555201015934, 40.03222313337872], [-95.12753951206422, 40.02558184313226], [-95.1124857493488, 40.02290430962412], [-95.10948978702791, 40.01167470927034], [-95.09629727698736, 40.00660364908788], [-95.09225930037789, 39.9936238092702], [-95.06795207995569, 39.98463893485466], [-95.0612560405228, 39.97295695879438], [-95.0678807878581, 39.96865634348841], [-95.06771014029347, 39.95987376880864], [-95.0601599260946, 39.957417422452934], [-95.04275258631796, 39.93780946284725], [-95.03301762712726, 39.93504366018101], [-95.02416904011902, 39.91596406666031], [-95.01670626613326, 39.9184894811185], [-94.99958924478847, 39.91099560874141], [-94.97703403561434, 39.910409661162426], [-94.97154989267, 39.90077115051594], [-94.96672986253714, 39.901693538463974], [-94.97394338187932, 39.908245941261946], [-94.96864306658148, 39.90856125631858], [-94.96698033349959, 39.92371179663343], [-94.96152759116602, 39.92616664385333], [-94.96369240433829, 39.93907174922752], [-94.94105078262372, 39.948693067428536], [-94.93367452897625, 39.96289698063687], [-94.90274376316458, 39.95976618290408], [-94.89928804757282, 39.95440366396874], [-94.88906897010585, 39.957880390696445], [-94.8865149537519, 39.96401456723129], [-94.87024218887406, 39.96365620752352], [-94.88262202721306, 39.989852680249754], [-94.87697579225886, 39.998638628644706], [-94.88308750454888, 40.009632303220734], [-94.87712274765619, 40.0332410882749], [-94.88076992387941, 40.04815575729475], [-94.87077966258664, 40.05544682142977], [-94.8682124634559, 40.06490282663839], [-94.87428291073502, 40.08264374322046], [-94.87140056733125, 40.087215221511826], [-94.88016926895793, 40.09234497405556], [-94.8809084027737, 40.105078614511044], [-94.87489181758069, 40.11282325576356], [-94.87779037377872, 40.11809973230921], [-94.87410780662827, 40.12570661108694], [-94.89551996889217, 40.1498421841276], [-94.89892280066314, 40.16526140312583], [-94.91117910897248, 40.17159067973707], [-94.90832382641831, 40.17918491524152], [-94.92203384960585, 40.19619342589926], [-94.91852046576611, 40.21048622526056], [-94.92446056749752, 40.22440275824571], [-94.91961025605472, 40.23631517576389], [-94.931986978138, 40.25638814830496], [-94.92868094073722, 40.267483765853825], [-94.937831541344, 40.27853651478128], [-94.93139007458117, 40.29145666883406], [-94.94285255425034, 40.30009712271048], [-94.94575455009758, 40.30890951707487], [-94.94263846326024, 40.31262289918477], [-94.95000756362312, 40.31827445494169], [-94.94786772990395, 40.32555336271185], [-94.95689043556712, 40.33339906748281], [-94.95259277307701, 40.36168690908606], [-94.96311602818402, 40.38256637121593], [-94.96268226227603, 40.391543234135256], [-94.95600381455135, 40.39642580174878], [-94.9292642177495, 40.39657602387943], [-94.92464237393462, 40.41767258305144], [-94.91108363871902, 40.41964052308541], [-94.90856070317558, 40.431531677668396], [-94.89562043108364, 40.43866443215934], [-94.89181749866829, 40.461489129514185], [-94.87968555402522, 40.47558679637812], [-94.88520984717115, 40.48582921710365], [-94.87675183597032, 40.4946946263477], [-94.88877044466558, 40.53198479103322], [-94.88440428563507, 40.53785278204278], [-94.88636356696527, 40.56102947818002], [-94.9050917383317, 40.57921449748817], [-94.89460844028852, 40.59918656299968], [-94.90392059571265, 40.61278151460278], [-94.89992369995944, 40.62047639304468], [-94.88587708611979, 40.62571375314992], [-94.87782809942739, 40.63620466274243], [-94.88275708442445, 40.6563111394593], [-94.87193719932242, 40.68435138253259], [-94.88342402782736, 40.692034988016964], [-94.88183172895197, 40.699719483053784], [-94.88893716120253, 40.72019749632919], [-94.90172115068954, 40.732431326769635], [-94.8967103471364, 40.74003497052868], [-94.89978562979859, 40.75613577722459], [-94.8870786124567, 40.77374894739798], [-94.89438221395727, 40.77981036368763], [-94.89198018176961, 40.79188878169255], [-94.8894136500871, 40.79563939386824], [-94.86809173347497, 40.79675829521843], [-94.86390100104641, 40.815463299534905], [-94.85280518942169, 40.82788575852998], [-94.85763919374713, 40.83469752053108], [-94.85356199759067, 40.83793623916308], [-94.85306999569946, 40.861116298964916], [-94.8398478331697, 40.868383440815386], [-94.83378217301271, 40.878565287554146], [-94.84075260734069, 40.89866203165815], [-94.83221584263555, 40.91209096798701], [-94.80645938004693, 40.934196427162455], [-94.7984798573805, 40.93404305896827], [-94.78423609477701, 40.943421014582924], [-94.77318122476973, 40.93990868002209], [-94.76147165629513, 40.95332370934545], [-94.73742865016092, 40.954421137839766], [-94.72906764263773, 40.96563285969364], [-94.71895473795252, 40.96496892842733], [-94.7071287127828, 40.9771253652758], [-94.69816446049518, 40.976918180225056], [-94.69059302629266, 40.98441825560253], [-94.67980731669729, 40.98415562244041], [-94.66723963793744, 40.991610945102394], [-94.65630846055485, 40.985739693631665], [-94.6392165731734, 40.986355285189674], [-94.63408442249674, 40.97865756876275], [-94.6021677700338, 40.98143967987461], [-94.58252954330081, 40.97341815125023], [-94.56073145131612, 40.98797548308877], [-94.56016212244525, 40.99943189872324], [-94.56632716771368, 41.0026043637785], [-94.56742557104924, 41.00972137498377], [-94.55344573167962, 41.013841366742426], [-94.5393191992207, 41.0098115827704], [-94.53039624787658, 41.01716189706334], [-94.51600915008636, 41.01924878394934], [-94.50942839325053, 41.02969096165656], [-94.50964514325385, 41.04643946484351], [-94.49942176914489, 41.04578125567891], [-94.49482328871389, 41.05162165787278], [-94.48781256584373, 41.04917393484718], [-94.47538144897338, 41.0566978597256], [-94.46927713161476, 41.069606368409445], [-94.45789149563163, 41.069097549362624], [-94.44281711388552, 41.08822073876066], [-94.42397216602374, 41.09084402829951], [-94.42263740156388, 41.10023657960467], [-94.40918809821791, 41.11709173437607], [-94.41141475321095, 41.127607369005], [-94.39463394881912, 41.141751260793285], [-94.39888465996259, 41.15371056118208], [-94.38705787122488, 41.156347953163035], [-94.38230441254278, 41.162183143109075], [-94.38690675752613, 41.174796579270414], [-94.39792392434265, 41.17851535171508], [-94.40263877523047, 41.18634280784841], [-94.40296688758295, 41.19956427346624], [-94.42517112228063, 41.202070778030695], [-94.43297860409542, 41.21868884064004], [-94.44737301956195, 41.22978354103693], [-94.43943849171147, 41.237022568145626], [-94.44337844685205, 41.245361773526824], [-94.46488935283031, 41.251284388350335]]]}, "properties": {"huc8": "10240010", "name": "Nodaway", "states": "IA,MO", "areasqkm": 2588.18, "episode_count": 0, "event_count": 0, "huc8_name": "Nodaway", "area_sqkm": 2588.18}}, {"type": "Feature", "geometry": {"type": "Polygon", "coordinates": [[[-94.37483033864908, 41.15629682397918], [-94.38230441254278, 41.162183143109075], [-94.38705787122488, 41.156347953163035], [-94.39888465996259, 41.15371056118208], [-94.39463394881912, 41.141751260793285], [-94.41141475321095, 41.127607369005], [-94.40918809821791, 41.11709173437607], [-94.42263740156388, 41.10023657960467], [-94.42397216602374, 41.09084402829951], [-94.44281711388552, 41.08822073876066], [-94.45789149563163, 41.069097549362624], [-94.46927713161476, 41.069606368409445], [-94.47538144897338, 41.0566978597256], [-94.48781256584373, 41.04917393484718], [-94.49482328871389, 41.05162165787278], [-94.49942176914489, 41.04578125567891], [-94.50964514325385, 41.04643946484351], [-94.50942839325053, 41.02969096165656], [-94.51600915008636, 41.01924878394934], [-94.53039624787658, 41.01716189706334], [-94.5393191992207, 41.0098115827704], [-94.55344573167962, 41.013841366742426], [-94.56742557104924, 41.00972137498377], [-94.56632716771368, 41.0026043637785], [-94.56016212244525, 40.99943189872324], [-94.56073145131612, 40.98797548308877], [-94.58252954330081, 40.97341815125023], [-94.5920250852986, 40.97579520640948], [-94.60557968287398, 40.96556858540036], [-94.60453830459267, 40.95878705732044], [-94.58450721134825, 40.94832836719537], [-94.57842829385432, 40.93717115149154], [-94.58831034947782, 40.92273601215771], [-94.57521730899036, 40.92398122667783], [-94.55920053881567, 40.91820670221233], [-94.55912207007728, 40.9106103889619], [-94.56740221215692, 40.90042788161979], [-94.55834268904184, 40.88160516952722], [-94.53140580962717, 40.883060406096014], [-94.50595594204503, 40.8979698393448], [-94.50185092147098, 40.89521027611511], [-94.50470241942284, 40.886165195244324], [-94.48785540739794, 40.88663817492964], [-94.46875679596118, 40.865545253763415], [-94.48613372596881, 40.85462380510967], [-94.4785649615593, 40.8474787886513], [-94.48243898934119, 40.83916924222901], [-94.48896067925216, 40.83389291437677], [-94.49541038266783, 40.835979181655915], [-94.49967410500989, 40.83022274436653], [-94.5003494296944, 40.818346049396006], [-94.49347529925643, 40.81296049684619], [-94.49658594948967, 40.80151798655844], [-94.56205054825911, 40.766682978994766], [-94.56879931879918, 40.75488992269777], [-94.5775195347567, 40.754187451131976], [-94.58531425869782, 40.74683825817156], [-94.58858362686871, 40.73322813893171], [-94.60477782060025, 40.7298325831755], [-94.60139466283229, 40.724880995974054], [-94.60466226850862, 40.72167941169709], [-94.65323081262852, 40.70282802492894], [-94.64981278765114, 40.68941876788436], [-94.6766612809267, 40.676016991125465], [-94.69609165457094, 40.645500930664255], [-94.69969362128083, 40.62552655035078], [-94.70838192009633, 40.61892906100513], [-94.7083662858171, 40.595631202206064], [-94.69963627732467, 40.58808692212304], [-94.70369668666342, 40.581039317416085], [-94.70016365936337, 40.571976115224444], [-94.70888948979142, 40.553870882927136], [-94.70548550188867, 40.543706344898666], [-94.71790726999187, 40.511336369131996], [-94.71042126916613, 40.50684885749326], [-94.70991981969306, 40.49580020078106], [-94.72190335546469, 40.49440364294952], [-94.7347961722551, 40.472829139887736], [-94.74356677381861, 40.46811611599639], [-94.74602334811706, 40.42193609906807], [-94.7597461660092, 40.40608588790509], [-94.75482649115173, 40.400388749097445], [-94.76305469084501, 40.37098545744863], [-94.75447382784256, 40.34624720187192], [-94.76280354884102, 40.33316758958838], [-94.7664534918753, 40.30472214097276], [-94.78452862845434, 40.29049943380646], [-94.77812011099783, 40.27680456529067], [-94.78542644337686, 40.2693423874449], [-94.78322707021898, 40.233721089341124], [-94.79458534801013, 40.229582036539206], [-94.80085880106876, 40.21888398490907], [-94.79397119679984, 40.19871162523164], [-94.80055188087215, 40.179069162487465], [-94.78670941906229, 40.15739176304284], [-94.78091166077753, 40.12991481331112], [-94.77433333298623, 40.12403759912801], [-94.77186259135743, 40.112799066786614], [-94.77928364578476, 40.09161171617955], [-94.77645473417407, 40.08252931878429], [-94.76576102014863, 40.07456835835303], [-94.76703583913127, 40.05225767129157], [-94.76098817133112, 40.04568172883078], [-94.76335711946518, 40.03361814428755], [-94.7588277868532, 40.02787236728479], [-94.7613474399526, 40.01304142457919], [-94.75449484662356, 39.999288496553156], [-94.7418754051404, 39.99249141308298], [-94.73054034700272, 39.976349383960866], [-94.72586103526415, 39.94999267155163], [-94.71474019298238, 39.930568249303796], [-94.7187938191424, 39.92286018715877], [-94.71784602734738, 39.90534178327283], [-94.72532020005579, 39.896225556608854], [-94.72392065628415, 39.86557724395029], [-94.73495973929866, 39.86099959615299], [-94.73268258461358, 39.8475299656456], [-94.74466717141411, 39.83013350561756], [-94.74631879503086, 39.77291820073329], [-94.73092426180231, 39.75238087387535], [-94.75894732117649, 39.76186922930557], [-94.77578546503288, 39.750101413494235], [-94.77793875731165, 39.7436265064705], [-94.78446502144403, 39.74537029814231], [-94.79028839968069, 39.732325106891366], [-94.79582191133808, 39.73165301968229], [-94.79361488273734, 39.71268905220361], [-94.79969303307003, 39.7028688327807], [-94.78505914022351, 39.69300911349205], [-94.78439243397581, 39.68435655366378], [-94.80449949504886, 39.681225514347126], [-94.8121801733731, 39.67382104710082], [-94.82781111892989, 39.676375949785914], [-94.83691035746197, 39.669504826934116], [-94.83516850975303, 39.65878471637296], [-94.81390129245685, 39.6446469066965], [-94.78276254330072, 39.63695543420702], [-94.7672577966683, 39.60189770730505], [-94.75316256420884, 39.589545292025214], [-94.75367819808025, 39.576984208807986], [-94.74625725863727, 39.56717338521514], [-94.75209817827647, 39.562299588406354], [-94.74750095818182, 39.54993484156789], [-94.74730638219296, 39.53929804605116], [-94.75105793816061, 39.536974541515335], [-94.73955821793301, 39.519922632013625], [-94.74637788441362, 39.50800144001962], [-94.76786302401456, 39.50465385686853], [-94.76554487381317, 39.472607885125996], [-94.77805914683108, 39.46196431283781], [-94.77549043224244, 39.44721867498924], [-94.78764685687533, 39.43704059666276], [-94.80044320897727, 39.40008034929887], [-94.81254541040131, 39.394168093319394], [-94.81151109826801, 39.38461849309727], [-94.82113903846395, 39.38104468348646], [-94.82571930106096, 39.368977425992526], [-94.84079196432992, 39.368004885544444], [-94.84985436564719, 39.35332323695399], [-94.85016444072707, 39.34861802207413], [-94.84481036125945, 39.34930765800617], [-94.84210646279698, 39.34443373537956], [-94.84536921397749, 39.32686480351515], [-94.83531571847527, 39.303828986560056], [-94.83347931679445, 39.27952802931108], [-94.82848866784305, 39.27424799977116], [-94.83926727086619, 39.26773736759768], [-94.83703070745555, 39.26389417641689], [-94.82351798754206, 39.27462354280844], [-94.80598162633443, 39.26795011378351], [-94.79870169364497, 39.27900643685629], [-94.77209116318988, 39.27508074468868], [-94.7580982371632, 39.28237324900771], [-94.74695962800172, 39.278958499353585], [-94.7198948931693, 39.29119645687913], [-94.68578967068808, 39.290505952326605], [-94.67161230077063, 39.27991745456214], [-94.67296026777021, 39.265001531606345], [-94.6694600918601, 39.26073803269834], [-94.64827344895333, 39.248772786985526], [-94.63160891800031, 39.26080638846731], [-94.6274840814894, 39.25530062088196], [-94.61887968621976, 39.25972619579094], [-94.60915410364402, 39.25499294480742], [-94.60221532774327, 39.26025922119299], [-94.6047909378, 39.26408914245636], [-94.6002601283577, 39.27097596684285], [-94.56696825221283, 39.28694075577726], [-94.56156733009475, 39.29388285404675], [-94.51612435991987, 39.30300699775962], [-94.49771026652624, 39.32098330413351], [-94.4979450978196, 39.33406303122346], [-94.5027240111636, 39.33942106689022], [-94.49305594052898, 39.35880648627989], [-94.4580509070687, 39.36929878708128], [-94.45107216332433, 39.3741658705237], [-94.44914314084615, 39.383701127402134], [-94.42140219738697, 39.38557511298981], [-94.41696514421254, 39.39026079717932], [-94.43039417797247, 39.403624947841614], [-94.43121977643096, 39.41473334405532], [-94.42453682994335, 39.426452702033494], [-94.41259489694916, 39.4320955744089], [-94.40949022769908, 39.44682707716522], [-94.39884992211056, 39.45685758002801], [-94.41123800518723, 39.47938643436612], [-94.41888323509204, 39.48199760390003], [-94.41784491467594, 39.50060584253934], [-94.4127173085763, 39.50840128778201], [-94.39345632395698, 39.515020869546575], [-94.38535965558762, 39.531163174624496], [-94.35795871637865, 39.54294732920197], [-94.34877357465086, 39.54264433722979], [-94.34653973313553, 39.53648034052422], [-94.3384241884671, 39.534983811681585], [-94.33237418055562, 39.5396551937424], [-94.33110646006037, 39.56866271197235], [-94.33917926378591, 39.5771302732772], [-94.32966335159074, 39.5877505119987], [-94.33598193780584, 39.59764891360779], [-94.33280509431258, 39.60867049040243], [-94.32211726335396, 39.61575846352026], [-94.31850580953635, 39.62662599560846], [-94.32361996695785, 39.64105436030135], [-94.31388034551085, 39.65417583543811], [-94.32769661873525, 39.666746154755664], [-94.3165840059198, 39.67088546106563], [-94.31493778926271, 39.676803371890905], [-94.3189879164847, 39.680544954385596], [-94.31434711462406, 39.68589484317745], [-94.31431227077081, 39.70036644733498], [-94.31764749353688, 39.70674109626878], [-94.35383216678049, 39.713042546070966], [-94.36232584379303, 39.72361727281497], [-94.37042211241211, 39.72441147615559], [-94.36226700324362, 39.74920056418953], [-94.37379821660842, 39.78039219605441], [-94.39631060219465, 39.77447258435606], [-94.41572757836475, 39.77639611435176], [-94.40977203549193, 39.808080023512744], [-94.4148411163508, 39.81373541869722], [-94.40514578544055, 39.84186328457929], [-94.42014675147176, 39.84585558521859], [-94.42390733999959, 39.856067092676746], [-94.43229521792955, 39.856094617967884], [-94.43230815456795, 39.87959536900448], [-94.45379734197758, 39.88105130056879], [-94.45812814421683, 39.89312936539472], [-94.4640827375704, 39.89473606852231], [-94.45934821806941, 39.90861473158071], [-94.46814217852526, 39.912776747062225], [-94.47986751422971, 39.9287714397702], [-94.46907008880642, 39.941618834462346], [-94.4652930206847, 39.95839898390061], [-94.46534371620945, 39.99459891232335], [-94.49938556883556, 40.012083732605454], [-94.50180208276392, 40.02984187200897], [-94.5178234828556, 40.04639780926262], [-94.52174264738726, 40.07147159794262], [-94.5168167427133, 40.07199402999381], [-94.50624116253762, 40.091304615808156], [-94.51369124422675, 40.095111841885995], [-94.53484776752035, 40.094172217905786], [-94.54817285991369, 40.088571734706534], [-94.55033142530317, 40.082060251503535], [-94.56506832437006, 40.080665389944954], [-94.58178390298744, 40.09377095684871], [-94.59221179114725, 40.115855333500406], [-94.60681434806173, 40.11317555069132], [-94.61231244992727, 40.116302703307376], [-94.64251846844243, 40.10806422612468], [-94.64357594363533, 40.1170315190228], [-94.65757367385216, 40.12843077013928], [-94.66039448086234, 40.14497347610319], [-94.66603918598561, 40.15037610269953], [-94.66487285564152, 40.17249734069662], [-94.67312652077646, 40.17648638724235], [-94.66663129164051, 40.18663353959859], [-94.66913262000644, 40.195454311713206], [-94.6777665222382, 40.20128425195166], [-94.6912136687292, 40.201455983987174], [-94.70314027556633, 40.21205994973714], [-94.70148374535147, 40.22542597423435], [-94.68845044552535, 40.2371589183624], [-94.68809550229197, 40.26394151859015], [-94.6777407091485, 40.274437525789665], [-94.67768323314, 40.2880343092226], [-94.65936916625493, 40.301004054199126], [-94.65849730096605, 40.33587779368351], [-94.65500207926472, 40.35004191361903], [-94.6464549785439, 40.35457338275551], [-94.65126735143731, 40.36605601244513], [-94.64561373502642, 40.37795522106851], [-94.65000690729585, 40.388611135714385], [-94.64397889732906, 40.397451425306215], [-94.63231213986597, 40.400945521477894], [-94.62202182060709, 40.42850173552174], [-94.61100757331522, 40.431670338052605], [-94.60483873176638, 40.439138928937524], [-94.60838341111399, 40.45444771637181], [-94.600784443548, 40.46588115350099], [-94.59914649049324, 40.47932069711607], [-94.59411909146354, 40.4858608109519], [-94.58642984770309, 40.486153455421075], [-94.57911280021935, 40.504328052688074], [-94.5824091600696, 40.51052021774836], [-94.57993483775606, 40.522179134375804], [-94.56726705702916, 40.528669463777], [-94.57149430597404, 40.54288644257709], [-94.56154508601166, 40.552073419403534], [-94.55530885913845, 40.54910058390996], [-94.54176821868761, 40.555718750529806], [-94.53260005601702, 40.55449909039874], [-94.52299146463399, 40.56625120173166], [-94.50557913830922, 40.568857136113856], [-94.50122073443455, 40.57521904699134], [-94.50505682726032, 40.58044667645281], [-94.49391805909703, 40.58364923934817], [-94.48816678323836, 40.59322779974202], [-94.47672925607283, 40.59603910727366], [-94.4709651926961, 40.60921791445677], [-94.4495878024202, 40.61159727491042], [-94.43604769826361, 40.6494262598019], [-94.40575032108406, 40.66279092091669], [-94.40313003780822, 40.67074556133939], [-94.390684911711, 40.68058628554344], [-94.39416936979859, 40.696581106537586], [-94.38340597615151, 40.712404464474545], [-94.39080900678098, 40.72098818250421], [-94.38792495657817, 40.73208115807787], [-94.39420613604653, 40.743569796495194], [-94.39447659272744, 40.77087181600434], [-94.38204574355504, 40.77990874961071], [-94.38782782533977, 40.785113351509786], [-94.38881810205783, 40.807609313358846], [-94.38623927243908, 40.81569973872643], [-94.37172434528226, 40.82889593753377], [-94.37283702105107, 40.84212321220732], [-94.36616264988115, 40.84637653862792], [-94.37402466482357, 40.8696843303744], [-94.36838001539584, 40.87807755253991], [-94.37960556979873, 40.88249197894047], [-94.37900037030025, 40.89943014057888], [-94.38724518613131, 40.90763756543057], [-94.38749108107572, 40.91628015042633], [-94.37517747103105, 40.9186761314307], [-94.37604555980249, 40.92691492972346], [-94.3716345981955, 40.92915152201934], [-94.33724567876439, 40.92811225339503], [-94.3210889259156, 40.942835434554844], [-94.32132393327878, 40.950022947380845], [-94.28537626165826, 40.96803036922653], [-94.27872510475191, 40.979837926438655], [-94.27597652049394, 41.00349053027618], [-94.28517816068022, 41.01957945650572], [-94.28396241670731, 41.02555377097035], [-94.29716344996328, 41.02662317957108], [-94.3048246968296, 41.03245632492339], [-94.30658819303858, 41.04120045483714], [-94.31696249848834, 41.046840833995226], [-94.31071647009703, 41.054997390126196], [-94.31902059809306, 41.06618693362016], [-94.3175686726589, 41.0807043667087], [-94.33382571612096, 41.09203004947513], [-94.33807115864528, 41.10714561936302], [-94.3553415062394, 41.1186804901826], [-94.37483033864908, 41.15629682397918]]]}, "properties": {"huc8": "10240012", "name": "Platte", "states": "IA,MO", "areasqkm": 4310.52, "episode_count": 0, "event_count": 0, "huc8_name": "Platte", "area_sqkm": 4310.52}}, {"type": "Feature", "geometry": {"type": "Polygon", "coordinates": [[[-93.34635373330227, 40.70564622974429], [-93.37862602788789, 40.70740401373996], [-93.38499358126913, 40.695235067737826], [-93.40051610556101, 40.68484970360262], [-93.41225465907657, 40.66879162590002], [-93.42959424521952, 40.674362920618094], [-93.44640270694232, 40.648981753449526], [-93.44395491637071, 40.64299531455828], [-93.45021975907733, 40.61709644596011], [-93.43139676693939, 40.60044009901529], [-93.44483527163734, 40.5842520102787], [-93.44189599301087, 40.573986760823914], [-93.45209304648202, 40.53490603527725], [-93.44721935548564, 40.52843706545857], [-93.45558853947456, 40.516515566556265], [-93.4533287016132, 40.50171285172986], [-93.46070907762953, 40.49157354959036], [-93.45745895855855, 40.48592572921924], [-93.463706887785, 40.47610165425391], [-93.45987959755068, 40.46975430630523], [-93.46537693764486, 40.46516284392074], [-93.4635875645658, 40.45571947257802], [-93.469656482014, 40.44478902133294], [-93.46439766978058, 40.43416527420575], [-93.46840579986474, 40.42681257404204], [-93.46115877605739, 40.413210774936715], [-93.46449293521816, 40.40237869310401], [-93.45316728154316, 40.391406367090504], [-93.45650873951561, 40.37841564256129], [-93.44841357133278, 40.374369574354255], [-93.4384313481652, 40.357658519386916], [-93.42775821184799, 40.35228079126064], [-93.42943708855383, 40.345955297022925], [-93.41920738850862, 40.327977887700236], [-93.41352018498758, 40.305114968515745], [-93.42117451302957, 40.28294526864771], [-93.41759736317772, 40.27436670450338], [-93.40543664998766, 40.27233297408604], [-93.4043507934217, 40.258484163499766], [-93.39351457604945, 40.251576897193594], [-93.40212842698578, 40.23813381755025], [-93.39455870856544, 40.22361983035692], [-93.40119318465527, 40.211154473356935], [-93.41909088599944, 40.19633154935206], [-93.4171066602504, 40.19248757602034], [-93.43128568845789, 40.15745587747845], [-93.42107384153064, 40.15100622088661], [-93.42778952352552, 40.13810774298335], [-93.42190535090371, 40.1230977282704], [-93.43194131668149, 40.11788022902775], [-93.44592256730441, 40.09896381391328], [-93.44340916288614, 40.09307397981959], [-93.45902904569022, 40.0613599839248], [-93.45433207846305, 40.04865889846577], [-93.45874116977764, 40.036528153445396], [-93.45631311788777, 40.02268718911467], [-93.46371687345767, 40.01424019319135], [-93.45817307788691, 39.99922244105715], [-93.47045082718545, 39.99019599446912], [-93.47916849192757, 39.95362152736883], [-93.47652493330273, 39.95034463093748], [-93.49172732048525, 39.93089002077737], [-93.48456870617322, 39.914154669336696], [-93.49282481742067, 39.90407684203461], [-93.49805969314502, 39.8783193720286], [-93.5088220411531, 39.86494290998288], [-93.50013348362282, 39.85458631987106], [-93.50913431800376, 39.83988110039152], [-93.50262317970412, 39.813693172028344], [-93.5194707495828, 39.77681434977091], [-93.51477076311798, 39.768253187633896], [-93.52764789891678, 39.761814668762575], [-93.53764103032687, 39.7643212257052], [-93.53242273750267, 39.743385624245064], [-93.54647988049577, 39.73080428908861], [-93.55507634184481, 39.730513211322055], [-93.55584618007701, 39.70314859660768], [-93.56011067946176, 39.70155851198444], [-93.5587517233713, 39.69309018613488], [-93.56701830089014, 39.67769473966678], [-93.55453243978806, 39.66922904308577], [-93.55418985916961, 39.663103637949675], [-93.54132083605613, 39.65695083105218], [-93.5496868319241, 39.64607714078889], [-93.55764393803092, 39.64404676176129], [-93.55770452670188, 39.618522365956636], [-93.58377471332707, 39.60159070508124], [-93.57980839802276, 39.59164724974282], [-93.60021734693018, 39.555335770251446], [-93.61205546611856, 39.54391878091089], [-93.60983805299314, 39.52981210704427], [-93.59522875332414, 39.512647017807765], [-93.60734829852136, 39.50484525012056], [-93.60795127738446, 39.49845817188306], [-93.58372463494491, 39.48261257165711], [-93.5697426809411, 39.48500684265527], [-93.56188979737354, 39.473780802247255], [-93.54231488749502, 39.46582241582637], [-93.52646761773634, 39.466075358752406], [-93.49729030047722, 39.43478940376695], [-93.48160002568747, 39.4380589377851], [-93.47132674207964, 39.42495755586576], [-93.44660490603468, 39.42273706903989], [-93.4402017748766, 39.41550446664004], [-93.40766089120757, 39.40252738607732], [-93.40476849565574, 39.39447825325061], [-93.41100968482263, 39.37149535961267], [-93.4072657887894, 39.36779214131894], [-93.36886309426094, 39.37167165598216], [-93.36810920741324, 39.36657995279153], [-93.35018437155763, 39.359051389883625], [-93.34932116692639, 39.35417248857133], [-93.32086097386026, 39.34954761905743], [-93.31578284606816, 39.358229791609716], [-93.28392343245848, 39.34440879316505], [-93.27547933705972, 39.36460150021924], [-93.26862198715128, 39.369872000016905], [-93.27195763661709, 39.38095132014061], [-93.26532862408082, 39.38390715630715], [-93.25771429801844, 39.39948121029439], [-93.24702855743946, 39.405565330031635], [-93.21015835644634, 39.3960551285061], [-93.19957285617498, 39.40992301470206], [-93.17326003818484, 39.41396094080359], [-93.15988684280465, 39.404723416196056], [-93.12091096293777, 39.39365912184002], [-93.11776007626466, 39.38569719337633], [-93.10811014710718, 39.38519114700883], [-93.11584659284424, 39.395074248118775], [-93.1155853142506, 39.41775051144013], [-93.10837115710457, 39.4201990058978], [-93.11304264900858, 39.42231521120144], [-93.11434259836129, 39.437348858502965], [-93.12297407783674, 39.44030981759049], [-93.12512265935015, 39.446842296769105], [-93.11737556947527, 39.4579082824536], [-93.1188792962603, 39.464535485890764], [-93.11186859225474, 39.46925631740565], [-93.11591111433954, 39.472909383186526], [-93.11369695940365, 39.486537134505454], [-93.10390374895836, 39.49617643383482], [-93.10469804741743, 39.511887313119935], [-93.08622317041839, 39.516806110826806], [-93.07828609943735, 39.526948801043226], [-93.05123513667655, 39.519785276131415], [-93.04352043466095, 39.53353508202457], [-93.03077916006569, 39.537055359267576], [-93.02945677439045, 39.54561424296302], [-93.01951894147264, 39.55346342419479], [-93.01646393648137, 39.564844697098316], [-93.02456787761128, 39.573743345168], [-93.01791262438724, 39.57953613629433], [-93.01448400737434, 39.59593788779374], [-93.01498027356823, 39.62522255347878], [-92.99969267219785, 39.62494502507003], [-92.98520626565298, 39.63078002785933], [-92.97276957473626, 39.65022964948067], [-92.97699018962278, 39.659767261107724], [-92.96704960336862, 39.6927649956946], [-92.94285269875824, 39.71940740335216], [-92.94984465492381, 39.73652768934501], [-92.94213466457185, 39.745275500368976], [-92.94397033412572, 39.74981633138069], [-92.93791772379487, 39.75174692144867], [-92.93144969205245, 39.74512022104848], [-92.92060491643053, 39.74717776330739], [-92.92158772725028, 39.75554833026562], [-92.91396924468305, 39.764380988007225], [-92.89052402604794, 39.77594345225548], [-92.89012176136201, 39.785284426806506], [-92.87876244511838, 39.79336272670067], [-92.87806563183396, 39.81765876003813], [-92.87338689771214, 39.81922308817657], [-92.86778025690239, 39.837096045182356], [-92.87045604977459, 39.851092265487424], [-92.8625346759548, 39.872997658127765], [-92.86484991202143, 39.8957134221115], [-92.85664237268136, 39.899054153605285], [-92.85874412412069, 39.90346387134115], [-92.84794937208369, 39.9231189149792], [-92.85982152304828, 39.93584915479036], [-92.85680040520447, 39.94986372250647], [-92.8653683719927, 39.9580745317173], [-92.8617878103394, 39.96192752206665], [-92.86750560688576, 39.972150989617106], [-92.86091732935435, 39.98263099943426], [-92.88715918133536, 39.99104051593441], [-92.90453689647057, 40.00855170019886], [-92.89544003757565, 40.02057757257895], [-92.90033487940539, 40.02607276067342], [-92.89650874350623, 40.03667769685161], [-92.90425423887147, 40.05506843186422], [-92.89932196693879, 40.06634079160846], [-92.91912847237901, 40.093791076789465], [-92.9182786104247, 40.13253165014665], [-92.92350841426094, 40.157244285536656], [-92.92959359480905, 40.16061115976414], [-92.92375017515842, 40.17427595192888], [-92.93193554946713, 40.18015863426189], [-92.92958297492575, 40.198304512912024], [-92.91923969908255, 40.21737987792696], [-92.92211080725706, 40.230515773503114], [-92.94495600967291, 40.24357610152988], [-92.956914653128, 40.26096968601665], [-92.95114725700155, 40.269208140870035], [-92.95463573055845, 40.27548606994041], [-92.94994535067727, 40.280349546960835], [-92.95176352464266, 40.29136719767589], [-92.97273622927293, 40.30772081342675], [-92.96858646451288, 40.3213450956771], [-92.98377485863821, 40.331338611498765], [-92.98861378842635, 40.3452645504058], [-93.00947828469246, 40.35001884434918], [-93.02283779873086, 40.360561171272366], [-93.02016925077145, 40.37376722781731], [-93.03502433219712, 40.38603827383706], [-93.03880817451439, 40.395613316140796], [-93.03531176883352, 40.407126003890255], [-93.04601475077774, 40.41834220148347], [-93.05317534318002, 40.45030661721192], [-93.06450544351566, 40.466128465752405], [-93.05993555646018, 40.473840932114506], [-93.07774237524701, 40.49893868498614], [-93.07797907952776, 40.5077260377919], [-93.06818514504035, 40.5152710489894], [-93.08826833518135, 40.53516170919506], [-93.0850214635201, 40.54038153297984], [-93.09086187022129, 40.54839853225684], [-93.08877595608043, 40.554582846899955], [-93.06789246493763, 40.562524413989976], [-93.07273366926007, 40.614268796710526], [-93.08982473737801, 40.61528446294755], [-93.0982980873123, 40.62193983102086], [-93.1043120098988, 40.6162468274332], [-93.1150111587317, 40.618132578118725], [-93.11694729317199, 40.634998926832985], [-93.12480832086592, 40.647305212668286], [-93.12310153260587, 40.65528045671875], [-93.14191456332563, 40.66211600456561], [-93.14226817615408, 40.68084174403186], [-93.14968061753446, 40.68868816587337], [-93.1613858166035, 40.686464691998964], [-93.16890793060197, 40.67621663160973], [-93.21985637960749, 40.673537513646046], [-93.22615024059272, 40.66717742489748], [-93.23669043702768, 40.66631209981759], [-93.25484541497087, 40.65008473869464], [-93.26967749144043, 40.67418512752526], [-93.26942767714645, 40.68585600198939], [-93.33043973668428, 40.70948703558594], [-93.34635373330227, 40.70564622974429]]]}, "properties": {"huc8": "10280103", "name": "Lower Grand", "states": "IA,MO", "areasqkm": 6114.29, "episode_count": 0, "event_count": 0, "huc8_name": "Lower Grand", "area_sqkm": 6114.29}}, {"type": "Feature", "geometry": {"type": "Polygon", "coordinates": [[[-93.28985898871456, 40.99233815068762], [-93.30492444300337, 41.00534635516771], [-93.31214280875652, 41.019492732258655], [-93.33001410142793, 41.027266709174015], [-93.33371867730285, 41.03660741362151], [-93.3427423585364, 41.04233451278499], [-93.36663761426425, 41.03605185756401], [-93.37023092570638, 41.02801542460171], [-93.36448115542412, 41.01439929142778], [-93.37423104641147, 40.992863214501604], [-93.38464838206164, 40.99239460205753], [-93.40045861248453, 40.98174742862602], [-93.4196127901115, 40.98127396225809], [-93.42692428241352, 40.97285888329308], [-93.43577950887006, 40.97632596666969], [-93.4416143073889, 40.96893599112189], [-93.45962052521936, 40.967845140604005], [-93.47004604272516, 40.97780712266745], [-93.50447342622007, 40.967086149499366], [-93.53450024071753, 40.972675653457664], [-93.55830060830023, 40.95304135197362], [-93.58089382609236, 40.9485630498665], [-93.59415399095191, 40.95079059459552], [-93.63084170997485, 40.933276357888595], [-93.63906609721805, 40.93829755804167], [-93.65665549496006, 40.93403762709238], [-93.65962876853183, 40.93956269582852], [-93.66672651928842, 40.94019862649082], [-93.67933899703148, 40.92897630435703], [-93.6882903764611, 40.92975605155735], [-93.70317977083566, 40.91926802121244], [-93.71405223702624, 40.92464265019433], [-93.75460631760843, 40.91130663766596], [-93.78214252423456, 40.91153470383741], [-93.77920391215802, 40.8974965244205], [-93.7698990609355, 40.887177106659124], [-93.76269501342965, 40.89800368486691], [-93.74556905744105, 40.901142648163734], [-93.7270564107759, 40.89924285701748], [-93.72258186641308, 40.891541717199246], [-93.70890899844403, 40.89385397729384], [-93.68599481619415, 40.886194183509886], [-93.66465651700616, 40.89306049823643], [-93.65505688541978, 40.91194415594903], [-93.64058526694112, 40.91600747025793], [-93.60995604670572, 40.8992354620009], [-93.6076723720483, 40.88118198658239], [-93.59901560948919, 40.87351878052163], [-93.60032224051095, 40.8675515073594], [-93.5895728183615, 40.86473116260284], [-93.5824635350333, 40.85407420097006], [-93.58403428512166, 40.84766658836513], [-93.57738361689884, 40.83423239516189], [-93.5091825746025, 40.829096720255485], [-93.49060486655458, 40.821620321440655], [-93.48041582425913, 40.797019611357996], [-93.50536787874847, 40.783349379048715], [-93.50547690727451, 40.763670656732614], [-93.48218196870157, 40.74487700620238], [-93.44951289813645, 40.74945121813636], [-93.44300807050169, 40.7343117078094], [-93.4441261963493, 40.7142703131644], [-93.4378725331764, 40.7000450368014], [-93.42643955148623, 40.690289954020564], [-93.43011438683703, 40.674882740537925], [-93.41883180558328, 40.66881253964146], [-93.40547187292995, 40.67517126926789], [-93.37862602788789, 40.70740401373996], [-93.36437239100279, 40.71069464403737], [-93.34807482274164, 40.70565455683975], [-93.33043973668428, 40.70948703558594], [-93.26942767714645, 40.68585600198939], [-93.26967749144043, 40.67418512752526], [-93.25484541497087, 40.65008473869464], [-93.23669043702768, 40.66631209981759], [-93.22615024059272, 40.66717742489748], [-93.21985637960749, 40.673537513646046], [-93.16890793060197, 40.67621663160973], [-93.1613858166035, 40.686464691998964], [-93.14968061753446, 40.68868816587337], [-93.14226817615408, 40.68084174403186], [-93.14191456332563, 40.66211600456561], [-93.12310153260587, 40.65528045671875], [-93.12480832086592, 40.647305212668286], [-93.11694729317199, 40.634998926832985], [-93.1150111587317, 40.618132578118725], [-93.1043120098988, 40.6162468274332], [-93.0982980873123, 40.62193983102086], [-93.08982473737801, 40.61528446294755], [-93.07273366926007, 40.614268796710526], [-93.06789246493763, 40.562524413989976], [-93.08877595608043, 40.554582846899955], [-93.09086187022129, 40.54839853225684], [-93.0850214635201, 40.54038153297984], [-93.08826833518135, 40.53516170919506], [-93.06818514504035, 40.5152710489894], [-93.07797907952776, 40.5077260377919], [-93.07774237524701, 40.49893868498614], [-93.06010763414274, 40.47427161107735], [-93.06450544351566, 40.466128465752405], [-93.05317534318002, 40.45030661721192], [-93.05080812430288, 40.42858869786273], [-93.04228962773735, 40.412422599987295], [-93.03329666349661, 40.41568783639863], [-93.03066080163711, 40.424852778514726], [-93.0112815807601, 40.426421542405784], [-92.9876837203919, 40.4183600270438], [-92.98133880275917, 40.42008771751688], [-92.97919997784807, 40.41123049716986], [-92.96611341151886, 40.409478029631956], [-92.95047612475446, 40.396545242528155], [-92.93520869415549, 40.40197028607027], [-92.92726258252942, 40.39284500444622], [-92.9136880881688, 40.38789222553232], [-92.908202841195, 40.37762505854499], [-92.89756954336399, 40.37479731696402], [-92.8941026347638, 40.36594772063252], [-92.88107892535166, 40.36946504992885], [-92.86255289199215, 40.354957450196075], [-92.85245412589119, 40.337566308923435], [-92.8309198367661, 40.32366888547139], [-92.79790285408131, 40.31794871865397], [-92.78002881615838, 40.295243559099475], [-92.77145151048447, 40.30074381396308], [-92.76436978207929, 40.299601217067874], [-92.75867181943609, 40.291162675575364], [-92.73883792795611, 40.29182554151281], [-92.73658681902438, 40.284560939342995], [-92.71956307604376, 40.27656660456582], [-92.71767579198863, 40.271420319878246], [-92.71262127731207, 40.27231393169567], [-92.70151475956581, 40.25904854560939], [-92.69462114377103, 40.27209224506066], [-92.67714029126144, 40.270695775685155], [-92.66210773866821, 40.27787556151774], [-92.6597880810938, 40.28416963558883], [-92.64950379941193, 40.28596613216515], [-92.64222582864305, 40.281985488485915], [-92.64095928943239, 40.26974664035624], [-92.64527705711687, 40.261555330310905], [-92.63497265047768, 40.24296089013006], [-92.62683977101922, 40.24173544250561], [-92.62223525750278, 40.25049938731188], [-92.61338696244698, 40.24977688434006], [-92.59723125254224, 40.25986403071956], [-92.5920098183095, 40.27407268283337], [-92.57979598953332, 40.282674480742855], [-92.57543328991495, 40.29812184449227], [-92.5701592629156, 40.30130503106229], [-92.57294584321514, 40.317014553218684], [-92.56314475903638, 40.32746418511442], [-92.57101080382118, 40.33773423188397], [-92.56613979609256, 40.35551738426903], [-92.58001375014135, 40.35963004621862], [-92.59297689423872, 40.373209924806986], [-92.56842377438053, 40.40937461480934], [-92.58072244005214, 40.43393016901352], [-92.590694993754, 40.43723200803497], [-92.59043234612786, 40.44243916396778], [-92.59991136181937, 40.448077677494275], [-92.60595630952085, 40.4651863959046], [-92.59411784807435, 40.480757540739056], [-92.58538706523412, 40.48270611142241], [-92.5816398238748, 40.492832539651204], [-92.57001931347915, 40.4928373326825], [-92.57483681934609, 40.50243845811843], [-92.57087816128129, 40.514246902046196], [-92.58640647521516, 40.528351569953614], [-92.58429732525117, 40.5329710905766], [-92.5887256683606, 40.53875573513043], [-92.60369515113604, 40.5373462681979], [-92.62029526390005, 40.54844468496529], [-92.6315309324347, 40.547547495295], [-92.63948073972983, 40.58660427962794], [-92.61684715524211, 40.60262923874772], [-92.64496906702676, 40.63017859064694], [-92.669854517726, 40.643542019424686], [-92.6671338629885, 40.653225427283395], [-92.68385182842961, 40.661909094585255], [-92.6788548104228, 40.68608771798718], [-92.68980034917183, 40.69689328772448], [-92.69922959639997, 40.69896610376046], [-92.72164029269604, 40.72748098676327], [-92.72703807071063, 40.76354468810709], [-92.75101826035196, 40.78724085211181], [-92.76288091971729, 40.78828681261443], [-92.76226006527833, 40.7947753712314], [-92.77403980205807, 40.79649429454871], [-92.77611888451122, 40.8033357073298], [-92.79166583130073, 40.81072885051122], [-92.79282194780004, 40.81882928803099], [-92.80533389957122, 40.82537523410769], [-92.80519140071604, 40.83974766529867], [-92.82095835120685, 40.86696228033676], [-92.83793368487514, 40.870607988298104], [-92.83950513744605, 40.886362816265354], [-92.86484432539868, 40.90302319859038], [-92.89274801933281, 40.90438205440938], [-92.8978856856653, 40.89637299342895], [-92.90705264908499, 40.89722107513853], [-92.91131195530909, 40.892874459707514], [-92.93028218940694, 40.905640765682385], [-92.94506838891495, 40.89818221334375], [-92.94538159642022, 40.89263066370874], [-92.96449784717592, 40.89192178242902], [-92.97574782766968, 40.90618277637376], [-92.99165386431592, 40.905248259602395], [-93.00738324636325, 40.91330565726023], [-93.02196631792091, 40.92980886101966], [-93.03775004894122, 40.92857872031449], [-93.04551758986183, 40.91915322569761], [-93.05763543814147, 40.91947878323853], [-93.063598809832, 40.92677039445518], [-93.08596612109311, 40.91562861529803], [-93.10605497151872, 40.93844107394558], [-93.11936521116714, 40.96427339298938], [-93.1336521189554, 40.96702761373562], [-93.15434274090836, 40.9812883480589], [-93.17328332072036, 40.98061572357442], [-93.19182731589397, 40.98824200004451], [-93.22454416156086, 40.97609627397116], [-93.23167586414361, 40.978241886519655], [-93.23690137942269, 40.96988687964961], [-93.24527712111316, 40.9682706028784], [-93.26080670346825, 40.9814575561178], [-93.28985898871456, 40.99233815068762]]]}, "properties": {"huc8": "10280201", "name": "Upper Chariton", "states": "IA,MO", "areasqkm": 3502.27, "episode_count": 1, "event_count": 1, "huc8_name": "Upper Chariton", "area_sqkm": 3502.27}}, {"type": "Feature", "geometry": {"type": "Polygon", "coordinates": [[[-95.05799655022678, 41.176610876646485], [-95.06336218921545, 41.18727086484625], [-95.06143533077878, 41.19961270918132], [-95.08504449644485, 41.19451298321814], [-95.08311884085235, 41.1782058407085], [-95.0916057589407, 41.1634530182887], [-95.08917346251111, 41.15474614505026], [-95.09915935080505, 41.15295090287769], [-95.09481463725531, 41.147062207600264], [-95.10088179849713, 41.124230212390465], [-95.10987846559345, 41.11362087893723], [-95.12642132692778, 41.112794467920374], [-95.12406063341287, 41.10552807147646], [-95.13635361544367, 41.093771823274416], [-95.1357156391154, 41.08515788038901], [-95.12813079216738, 41.07679780768329], [-95.12917388982416, 41.06892549701273], [-95.1408580422644, 41.05053833818563], [-95.16576769088245, 41.03879614486448], [-95.16607430295691, 41.028659039538475], [-95.17693252546033, 41.01166220069923], [-95.17131285997728, 41.00510566269539], [-95.17543041654113, 41.00074335731443], [-95.1723170812435, 40.9858373270299], [-95.17538262526969, 40.976723337883435], [-95.18850416031798, 40.976396522237685], [-95.19792848567666, 40.95713885214564], [-95.1963686078982, 40.94763316731804], [-95.20139444565592, 40.93556961217302], [-95.19640998160524, 40.932260287069695], [-95.19683056743136, 40.885926917658345], [-95.22040155469784, 40.86492336115008], [-95.23045662764171, 40.86522353740778], [-95.2345652001544, 40.859866784288094], [-95.23277404212288, 40.855682478716275], [-95.2382975573278, 40.84924094735434], [-95.22981558536338, 40.84375104794094], [-95.22897131632003, 40.826765956553686], [-95.2388330628316, 40.800244787310604], [-95.25862769164544, 40.798613771290135], [-95.2733852115397, 40.78173909900182], [-95.2856575161493, 40.78015572289234], [-95.28484453632558, 40.767465910510865], [-95.29789564884548, 40.76237009934941], [-95.30056210283199, 40.74412000394221], [-95.30895126175953, 40.735682333865114], [-95.30836262270331, 40.72632587506536], [-95.32508927125994, 40.71559854892782], [-95.33002178394109, 40.696424103429194], [-95.33392657363159, 40.69653673356999], [-95.34438774077942, 40.67967596956135], [-95.35789840894078, 40.6717546194721], [-95.37761481335801, 40.67251530090879], [-95.38894576799149, 40.66615950894011], [-95.38854521010462, 40.6576724586824], [-95.41782612467556, 40.63359265587693], [-95.42007253901161, 40.60730187048451], [-95.43939225189095, 40.58699936464914], [-95.43675117441292, 40.58200434932992], [-95.4468174798911, 40.56569428591002], [-95.46555079411252, 40.54839155003064], [-95.46652897950688, 40.5373079145656], [-95.48089830502752, 40.52494918242712], [-95.48784749060576, 40.51006961385192], [-95.48502870390666, 40.50556341177631], [-95.5050191097569, 40.49323040380498], [-95.51664458244616, 40.49588139789781], [-95.52748815522392, 40.4862450294083], [-95.52641424175964, 40.47618048424438], [-95.53486411871557, 40.467086536953744], [-95.53433049877555, 40.46144075988043], [-95.54786363020891, 40.46571742427836], [-95.55691963641965, 40.46334069728418], [-95.57559277339851, 40.49255486501905], [-95.5864165751552, 40.491355783303824], [-95.58355214146323, 40.51214920027272], [-95.6782019626663, 40.51051830131437], [-95.6829942878575, 40.507501477460494], [-95.67574520241658, 40.49996189354196], [-95.67611067660002, 40.491210077521245], [-95.69231297133878, 40.48125476531343], [-95.69907849366226, 40.48378169126903], [-95.69734501196353, 40.49102327021854], [-95.71202254316994, 40.511144250400534], [-95.7375035670211, 40.521008908333506], [-95.77135293403803, 40.523676571520326], [-95.77965744381807, 40.53661703954047], [-95.79059749296239, 40.535030154565696], [-95.79973884900659, 40.5216479257859], [-95.81510162139992, 40.511940114980725], [-95.84323627309192, 40.51468082519282], [-95.83730164389723, 40.49988671183278], [-95.84147623449847, 40.48993139285682], [-95.83108731974724, 40.48020287003207], [-95.83263465614606, 40.46691535317927], [-95.79734684650906, 40.45126996914458], [-95.7814926309766, 40.43023483076269], [-95.76195285151391, 40.42373977309199], [-95.75571575866473, 40.41459397571325], [-95.74707835749493, 40.411396276352086], [-95.74203309187256, 40.416307104101456], [-95.72589602380658, 40.41646779872171], [-95.71370231010626, 40.400472532524645], [-95.70034243045353, 40.394254904409394], [-95.6770355487789, 40.39654557159787], [-95.66960263748813, 40.383461039729866], [-95.66004941017438, 40.38025374348725], [-95.6572012916846, 40.387871844533485], [-95.65383312140887, 40.38653571623434], [-95.64933147846719, 40.36959428589505], [-95.63616272078106, 40.35517466999866], [-95.64281424150509, 40.33135155282368], [-95.66331770665514, 40.322646143369624], [-95.65766739245123, 40.32055524232732], [-95.66706227822144, 40.30711814690917], [-95.66422935742965, 40.29010379000549], [-95.65888037410464, 40.286477055166245], [-95.66003947570564, 40.276976699395284], [-95.66544093681289, 40.253543724776335], [-95.67449401900738, 40.24207763691611], [-95.66846411269704, 40.23125796189171], [-95.64561797333835, 40.222211973227864], [-95.63351536587582, 40.22566978904251], [-95.62545639890061, 40.218594479142446], [-95.62521258445439, 40.21002183925909], [-95.60742220214232, 40.204952702470464], [-95.5906971939094, 40.2056945438504], [-95.56878631305091, 40.22574844180244], [-95.5618164123222, 40.22539295976448], [-95.56328584502293, 40.21051227013832], [-95.54385341244006, 40.187745021585414], [-95.53449053364344, 40.18406911411539], [-95.53777486774696, 40.179488466381436], [-95.53072047866914, 40.17158077542458], [-95.53517014508847, 40.1622977673945], [-95.53150839010651, 40.14777726919653], [-95.52486029555698, 40.14612303193343], [-95.52390372901826, 40.13800174835673], [-95.51615318601945, 40.13582752028556], [-95.51653238915539, 40.1294441597998], [-95.50754391649109, 40.118756717679304], [-95.49917211391312, 40.118909067468486], [-95.49261846194435, 40.11533761620227], [-95.49263595483787, 40.10938007180787], [-95.48496322390896, 40.10876447525563], [-95.48165513385774, 40.09697297626552], [-95.46950245879286, 40.09320742360313], [-95.45542350829791, 40.074160041040685], [-95.44332611645392, 40.072694512143656], [-95.43045230891325, 40.024346287919066], [-95.4224484760386, 40.02035685841207], [-95.38047886796092, 40.02513173081819], [-95.36003887597222, 39.99043219878719], [-95.35981759217167, 39.97627585516341], [-95.34766643615791, 39.965610049764464], [-95.35538488145332, 39.958915224482546], [-95.35225566483977, 39.93994851765508], [-95.36766820749313, 39.93239538427288], [-95.36892538715684, 39.92008458011937], [-95.37944799278189, 39.91107885159899], [-95.37562569448563, 39.90150771597528], [-95.38164522884772, 39.89430565538753], [-95.3608627802081, 39.88005773037357], [-95.36557780626742, 39.870528643602114], [-95.38105272523914, 39.867528323468555], [-95.38510906071807, 39.861422899553254], [-95.41040211928252, 39.86446765279775], [-95.42708593886134, 39.84356632519843], [-95.44792167376698, 39.85535278768499], [-95.45261980341412, 39.872418702595795], [-95.47495820060117, 39.87567162429167], [-95.47843529968993, 39.89201864781043], [-95.48790054959802, 39.899113180621505], [-95.5066452921865, 39.89976826475448], [-95.50808727776204, 39.894599409245345], [-95.51455703516811, 39.89316117795832], [-95.51508346229765, 39.88254871830042], [-95.52176678338273, 39.87714326064874], [-95.52683124240947, 39.87888976681005], [-95.52789330709516, 39.867045755630585], [-95.53837603740308, 39.858767890051304], [-95.53665182362316, 39.851436100258816], [-95.55973035984078, 39.8494021800014], [-95.56415564688162, 39.83952276753996], [-95.58087937411692, 39.83878649982439], [-95.59144602953025, 39.84837283519343], [-95.59756018523784, 39.8402069672712], [-95.60797130185131, 39.8411630847252], [-95.62332417930179, 39.824447823036486], [-95.62818157036735, 39.80908141507404], [-95.63870259675413, 39.80423302293451], [-95.63945024749711, 39.79598561619292], [-95.64502724659741, 39.796939290145026], [-95.64908679984167, 39.787684207230015], [-95.6183627723095, 39.781202680739945], [-95.60987137342451, 39.784899747180724], [-95.59419296178642, 39.77378014237593], [-95.58435062427488, 39.77531001636638], [-95.57330343486323, 39.75768560549242], [-95.5539931030904, 39.74615154060188], [-95.54422756255252, 39.72742760255277], [-95.5150042910767, 39.72287413696866], [-95.50745339505653, 39.72848308435461], [-95.49982495017281, 39.71517467598471], [-95.4829639253278, 39.723896746609874], [-95.44509151080311, 39.7229670046866], [-95.4466860545684, 39.71503121150746], [-95.43795745822759, 39.714547222357865], [-95.43677511002367, 39.70815188079393], [-95.42852046033516, 39.70520034856632], [-95.43289979226103, 39.694882484006946], [-95.43003897608472, 39.68357619689135], [-95.4168399101392, 39.6739776133111], [-95.416317116695, 39.664738593588616], [-95.39258575948904, 39.6667224163751], [-95.38254535333883, 39.65665534052284], [-95.36351802591479, 39.65619993189797], [-95.34544416314681, 39.64475154824464], [-95.33839415425432, 39.646510422258814], [-95.33864601491052, 39.652991683215184], [-95.32991789557514, 39.66440907487008], [-95.3398438312053, 39.67167607364778], [-95.32558443072936, 39.67996153825807], [-95.3283081568068, 39.68406233898784], [-95.3162842264918, 39.68769774623969], [-95.32035069586543, 39.70122481397534], [-95.30816643154357, 39.70447481818697], [-95.27893082440228, 39.731293159684], [-95.26205448058673, 39.733424563026205], [-95.24459821316985, 39.7436146950504], [-95.22478294107074, 39.73666524078926], [-95.20630919235573, 39.737229697591296], [-95.18712573054879, 39.747647102590356], [-95.17906932556878, 39.74263616988521], [-95.15369419153006, 39.747115520999536], [-95.15742490837974, 39.75899064467382], [-95.14990998270017, 39.76578849685855], [-95.14994053080972, 39.77313551472499], [-95.14081571454653, 39.777533922407535], [-95.10202643003552, 39.76714644324285], [-95.09607705050387, 39.769889299719175], [-95.09671011304752, 39.78066117264724], [-95.08359395980612, 39.79193831443516], [-95.08516096571638, 39.799767445084434], [-95.0808718453063, 39.803816389634676], [-95.07383116451972, 39.80136318112207], [-95.06971418197935, 39.81157599241494], [-95.0495011682118, 39.813821718435044], [-95.04527603120617, 39.82150824584628], [-95.02220047649698, 39.81950299653194], [-95.01529634951504, 39.82556958874026], [-95.0150498877337, 39.8561193889965], [-95.02292282888492, 39.86491393544548], [-95.01953883658209, 39.88453993072446], [-94.96623808522473, 39.89758167118886], [-94.97703403561434, 39.910409661162426], [-94.99958924478847, 39.91099560874141], [-95.01670626613326, 39.9184894811185], [-95.02428808845372, 39.916051661371384], [-95.03301762712726, 39.93504366018101], [-95.04275258631796, 39.93780946284725], [-95.0601599260946, 39.957417422452934], [-95.06771014029347, 39.95987376880864], [-95.0678807878581, 39.96865634348841], [-95.0612560405228, 39.97295695879438], [-95.06795207995569, 39.98463893485466], [-95.09225930037789, 39.9936238092702], [-95.09629727698736, 40.00660364908788], [-95.10948978702791, 40.01167470927034], [-95.1124857493488, 40.02290430962412], [-95.12780954024872, 40.02591875300828], [-95.12555201015934, 40.03222313337872], [-95.13126859487839, 40.03687950485889], [-95.13815377100109, 40.0671408559625], [-95.12992030358699, 40.08108257331996], [-95.13905499233516, 40.09332356460402], [-95.1367635795899, 40.114748873119616], [-95.14119846243459, 40.12148780258561], [-95.13683839577831, 40.12741910382187], [-95.15215040437495, 40.16284707286086], [-95.15239638465931, 40.17063189179291], [-95.14491192264765, 40.17988583522529], [-95.14981166299063, 40.199228814285796], [-95.15506747664763, 40.2001769247366], [-95.14961906778697, 40.21798324014433], [-95.15177278946044, 40.23056604551592], [-95.14095590383313, 40.24197858763819], [-95.14376251925847, 40.2507859614564], [-95.15824703305303, 40.26051284951086], [-95.15418651052657, 40.26667352721037], [-95.15956301463862, 40.28016610273666], [-95.15224084585944, 40.29142072306226], [-95.16420130930132, 40.2974437164197], [-95.16713051062695, 40.30740337962579], [-95.15526629537956, 40.320219900886336], [-95.15401529343006, 40.331678762491265], [-95.17514660550522, 40.34243476714944], [-95.16964986997725, 40.35142527698544], [-95.17848928698308, 40.37635567001527], [-95.16678472481956, 40.39011280334043], [-95.17100718843892, 40.41357580589494], [-95.15961379280836, 40.4285581349272], [-95.168154581966, 40.44857945008829], [-95.16282781577462, 40.46245356025006], [-95.16887426366262, 40.466759923912605], [-95.16254042405397, 40.47913843685778], [-95.17113685845356, 40.48423139291242], [-95.17506187550931, 40.50089879434661], [-95.18357046725052, 40.50233512343593], [-95.18798392347905, 40.534713985453756], [-95.18271516420053, 40.53879035430691], [-95.19081792135088, 40.546075061256616], [-95.18169761103717, 40.556254942317615], [-95.18406600670734, 40.56637428777449], [-95.17603537079954, 40.57256023231538], [-95.17449584345552, 40.58996100081934], [-95.18302626605477, 40.60042918263561], [-95.17080192070155, 40.61809449033807], [-95.1730448846086, 40.63506021301707], [-95.16140067935072, 40.64060697926085], [-95.16186772963663, 40.65028493662533], [-95.13562942420432, 40.66579732966291], [-95.13620664746992, 40.67418660800653], [-95.12692666071614, 40.68252236384564], [-95.13509888638404, 40.6931726935529], [-95.12780060560492, 40.711652730782234], [-95.09637881257412, 40.73487354922291], [-95.07390093217627, 40.77135427031635], [-95.0813464243726, 40.77935518005297], [-95.08145951957192, 40.80232849754427], [-95.08758498506894, 40.81096928879572], [-95.07510941955832, 40.849918150419064], [-95.07966058392667, 40.856478063051185], [-95.07285236018616, 40.87015598363988], [-95.07774259545512, 40.87520641562907], [-95.07111500674857, 40.881010789589396], [-95.05557922871296, 40.88368636429631], [-95.05335733479092, 40.893709673277186], [-95.06151843931562, 40.90596550986921], [-95.04599105064645, 40.92082585665431], [-95.04026863406459, 40.93799141851072], [-95.05025785959981, 40.956402930220996], [-95.06633067476676, 40.961170339218086], [-95.06203910734587, 40.967575717458196], [-95.06708182624442, 40.99405252420003], [-95.05941952924753, 41.00018846478482], [-95.05425275839812, 41.01677623918747], [-95.05763626920397, 41.03109341969884], [-95.04845749742988, 41.03444593095094], [-95.04154452922893, 41.0508805191865], [-95.0449823845162, 41.063830159974444], [-95.05480138738993, 41.06810411375739], [-95.04798412839428, 41.07578978873349], [-95.06503881743815, 41.08000958322299], [-95.0651356989449, 41.09107977105145], [-95.05058381330066, 41.109971773128706], [-95.05545772438428, 41.119262572845365], [-95.04664682349879, 41.12812883828173], [-95.06329764436397, 41.13137822692034], [-95.06558336448529, 41.13654180714676], [-95.05795674497821, 41.14089725983688], [-95.06430831643225, 41.15254645402403], [-95.05935677922999, 41.159147130402566], [-95.05799655022678, 41.176610876646485]]]}, "properties": {"huc8": "10240005", "name": "Tarkio-Wolf", "states": "IA,KS,MO,NE", "areasqkm": 4405.33, "episode_count": 0, "event_count": 0, "huc8_name": "Tarkio-Wolf", "area_sqkm": 4405.33}}, {"type": "Feature", "geometry": {"type": "Polygon", "coordinates": [[[-92.49978309119425, 43.626382447865176], [-92.5151137030021, 43.625301747824956], [-92.51910380210187, 43.61614216265959], [-92.52716098142966, 43.61218245144688], [-92.54840303781303, 43.62171364219792], [-92.57282038360422, 43.62241526740174], [-92.58915553378363, 43.6159764571833], [-92.60133757477514, 43.62295687646317], [-92.62670890444862, 43.62061402845145], [-92.64932975621551, 43.60484449243654], [-92.65759071926382, 43.58906859688744], [-92.65476922144919, 43.573783247651114], [-92.66633538736339, 43.56204871889273], [-92.65215539795855, 43.54826615147286], [-92.64291397049003, 43.550483043886295], [-92.63994539151392, 43.54432126285367], [-92.62520965307036, 43.54128402983358], [-92.62847579449276, 43.52743254113092], [-92.60661745160365, 43.5064605043871], [-92.58622789462827, 43.50377928831314], [-92.57393025034114, 43.49406357075082], [-92.54809910361645, 43.46334845228527], [-92.54778317511418, 43.453191950595745], [-92.53812696583456, 43.4493173079801], [-92.52997164196871, 43.43862066721542], [-92.53254005921498, 43.4335940332042], [-92.51293348731598, 43.42011362217785], [-92.46870376110259, 43.434049598021424], [-92.45492980391796, 43.42883199367528], [-92.44743799997549, 43.436414197825556], [-92.43550989654508, 43.43890418589861], [-92.43283922317173, 43.43210132722738], [-92.40531167720323, 43.410719414326024], [-92.34570188512897, 43.39773975473595], [-92.32872347023925, 43.40583208209195], [-92.31722128144126, 43.40401133039646], [-92.29865209660876, 43.42001469623259], [-92.29855778069046, 43.42895399755249], [-92.27395492021668, 43.427323320221454], [-92.26806488069774, 43.43511721439141], [-92.24300759396276, 43.43910456214734], [-92.233852628442, 43.45452613589668], [-92.20797809039412, 43.457424295652636], [-92.1980867354108, 43.44632275618041], [-92.2067561803851, 43.43050955494959], [-92.18462148247694, 43.419462440034756], [-92.18036887858317, 43.404412727693135], [-92.19017636595325, 43.39642651209846], [-92.17176015792545, 43.373190308901506], [-92.14401113232366, 43.37725569259707], [-92.13911229119427, 43.37350322875948], [-92.1051625590039, 43.37338503431202], [-92.08368832764545, 43.36156299531782], [-92.0593974448833, 43.355125267594566], [-92.03211006081108, 43.33111766547122], [-92.00370725392193, 43.31461774472289], [-91.9970312181738, 43.298369026304385], [-91.97930723393762, 43.29168606294918], [-91.9707867278408, 43.27693196819069], [-91.94717339489011, 43.28431748013858], [-91.93931765827323, 43.27289239582617], [-91.93868625581621, 43.25554226102471], [-91.93217344305688, 43.2457617671531], [-91.90948791797943, 43.222832867843685], [-91.88089951825428, 43.21061233072494], [-91.87097059303082, 43.18611345266648], [-91.77647121897658, 43.16670908027971], [-91.76571326912013, 43.181761824220715], [-91.74685948453089, 43.19247518817811], [-91.72910921379285, 43.18345555502547], [-91.70430045406604, 43.188605751770226], [-91.68904585051104, 43.183783328063654], [-91.66460470205975, 43.19519881461685], [-91.65735750936912, 43.20430299516439], [-91.65130195346246, 43.20044618815575], [-91.62571581953655, 43.20186851762032], [-91.6172373357304, 43.218533680882175], [-91.61574824429799, 43.23654189208537], [-91.59639504402149, 43.24455039653192], [-91.59523131250353, 43.2540728085902], [-91.58324827260194, 43.26208302644326], [-91.54050406791602, 43.264968659517564], [-91.53506060338272, 43.27203686520943], [-91.51392970632922, 43.27480699853308], [-91.50312752791976, 43.281525838489046], [-91.50314103678498, 43.28951237128128], [-91.49588328170329, 43.29527442561692], [-91.45579190176434, 43.30748155062688], [-91.45714135817067, 43.31246955669391], [-91.4499946132985, 43.32178000565466], [-91.42203260612601, 43.33203440652377], [-91.40676791988022, 43.33264681214061], [-91.4033011334509, 43.33835425554433], [-91.37067541647968, 43.33995049899517], [-91.34071371187405, 43.35116279219787], [-91.33695577696959, 43.36181741981961], [-91.32810527834637, 43.368247596314085], [-91.33231619412278, 43.374049340951004], [-91.3123473990433, 43.386866327821124], [-91.30811567289507, 43.40290689047396], [-91.28952111604568, 43.406577689349874], [-91.29297427593043, 43.41442535725336], [-91.27957835047863, 43.4208009264947], [-91.28830889706194, 43.43235407080055], [-91.28411825176994, 43.440589975357014], [-91.29569891828946, 43.45067716053302], [-91.28839491254702, 43.45709302149004], [-91.29281602511674, 43.45986376491533], [-91.29362144112575, 43.47445460294097], [-91.23333272122436, 43.46580284571682], [-91.26854229748157, 43.47290876366458], [-91.286450071635, 43.484466010017854], [-91.30643445338295, 43.471159259995375], [-91.3244662839788, 43.467225282982966], [-91.33789940507326, 43.47390509128796], [-91.33493871061039, 43.48364676012503], [-91.32857965888499, 43.487285612705456], [-91.33364883406698, 43.505257906194636], [-91.36129257711745, 43.5078492888358], [-91.38373673745448, 43.49611361691667], [-91.40112850313903, 43.497908092192525], [-91.40925485364201, 43.504619751145796], [-91.43430123752441, 43.50112996965785], [-91.46341095925335, 43.50746751961897], [-91.48642667358821, 43.51803191664776], [-91.48567385214245, 43.52457277501821], [-91.49540801901905, 43.5290967261494], [-91.49401227332444, 43.533672240792114], [-91.5013675135808, 43.53866862119622], [-91.52225753367907, 43.5364510435575], [-91.5485774447667, 43.546698774608345], [-91.55704305571483, 43.55394103745492], [-91.55374372962753, 43.567597728435764], [-91.57431261099488, 43.580986236913134], [-91.62207969348965, 43.5638376528099], [-91.64765626844263, 43.56296806862533], [-91.68275264080438, 43.551357428188325], [-91.6846500398896, 43.545976818116806], [-91.6947022759538, 43.54468739962165], [-91.69192775014706, 43.528021323239464], [-91.70371426561394, 43.52543154993726], [-91.70350120678809, 43.520543572114285], [-91.71298115852414, 43.520984189101796], [-91.72514120965582, 43.50666426045663], [-91.73653719423103, 43.502869454666204], [-91.73756373144556, 43.487330762814416], [-91.7639791226681, 43.4834014605602], [-91.813044890586, 43.48608897359288], [-91.81418030181632, 43.49107492320824], [-91.84284721789058, 43.500737240272265], [-91.84629005074284, 43.50626724210214], [-91.86337996632224, 43.50362018217989], [-91.8730197921277, 43.5102165720562], [-91.90836207650183, 43.51672286434771], [-91.94737589312147, 43.535476682848525], [-91.95561298074615, 43.543294387331116], [-91.95314500323349, 43.551479096270924], [-91.97607101899061, 43.5568289143149], [-92.00341058170609, 43.558415818967276], [-92.01456820281224, 43.55235370701072], [-92.04202089665968, 43.55089426402728], [-92.04674489599036, 43.549034056310575], [-92.04811152459166, 43.54092800855532], [-92.05951386295088, 43.5463945814443], [-92.0734246542145, 43.54548047822756], [-92.08254653388504, 43.55219011495412], [-92.10248474851558, 43.54102113468851], [-92.11747944250946, 43.545329311826215], [-92.12480983446675, 43.53998765726085], [-92.14166861711682, 43.54294728697583], [-92.16758218965873, 43.538681828129405], [-92.19164433440005, 43.55188804655006], [-92.19526078285065, 43.554857925039855], [-92.19323672849687, 43.56087644890341], [-92.20472581626476, 43.56773707622035], [-92.20830609674539, 43.56307076133164], [-92.22491204766042, 43.55983050277422], [-92.23765430321598, 43.54822876175189], [-92.2414460848437, 43.54237874920889], [-92.238316545735, 43.52910450528535], [-92.24682275514408, 43.51870170257385], [-92.26713336368071, 43.51729847357738], [-92.27905044478257, 43.525707654434754], [-92.29167564626331, 43.524719568201895], [-92.30332242788944, 43.53122914879778], [-92.33155951986318, 43.53275285962417], [-92.3463932734874, 43.538461753007105], [-92.34898749304358, 43.54381604859593], [-92.36518748090866, 43.549732862924245], [-92.36936257995634, 43.555883319778225], [-92.36749533462024, 43.56609724889642], [-92.38519024398396, 43.57084442854141], [-92.39503218354182, 43.589648071366554], [-92.43191648898322, 43.59165163906035], [-92.45370721478258, 43.61955804559949], [-92.48301078396669, 43.624110829790105], [-92.49540325082195, 43.621338918758134], [-92.49978309119425, 43.626382447865176]]]}, "properties": {"huc8": "07060002", "name": "Upper Iowa", "states": "IA,MN", "areasqkm": 2588.68, "episode_count": 5, "event_count": 8, "huc8_name": "Upper Iowa", "area_sqkm": 2588.68}}, {"type": "Feature", "geometry": {"type": "Polygon", "coordinates": [[[-92.20766670197729, 43.45718113799919], [-92.233852628442, 43.45452613589668], [-92.24300759396276, 43.43910456214734], [-92.26806488069774, 43.43511721439141], [-92.27395492021668, 43.427323320221454], [-92.29855778069046, 43.42895399755249], [-92.29865209660876, 43.42001469623259], [-92.31722128144126, 43.40401133039646], [-92.32872347023925, 43.40583208209195], [-92.34570188512897, 43.39773975473595], [-92.40531167720323, 43.410719414326024], [-92.43283922317173, 43.43210132722738], [-92.43550989654508, 43.43890418589861], [-92.44743799997549, 43.436414197825556], [-92.45492980391796, 43.42883199367528], [-92.46780541347911, 43.4341038395743], [-92.48779443143225, 43.430853412624884], [-92.50766892227148, 43.41889214072797], [-92.49661367317512, 43.39887586869961], [-92.48723300234597, 43.391929905556125], [-92.48995975933917, 43.38583115767768], [-92.46902791907117, 43.36892540376392], [-92.46508192635355, 43.349716414197275], [-92.45068442786898, 43.34323699665115], [-92.45218523243436, 43.33642561288724], [-92.42891644202273, 43.30825539704874], [-92.42238317821764, 43.2915291791401], [-92.40735513067555, 43.28233933589449], [-92.39559344104988, 43.2845506746348], [-92.37940228811561, 43.2744090948595], [-92.38119462922836, 43.2629930563264], [-92.36508849554751, 43.245960748819925], [-92.36578119814119, 43.23573655102154], [-92.35699981140438, 43.23414367343041], [-92.34308147339405, 43.22189126310834], [-92.33620781726655, 43.19086111085168], [-92.3104775055342, 43.17784335121707], [-92.31068743193461, 43.16699462466075], [-92.29157073830949, 43.15071004787691], [-92.26946176006622, 43.146202266768604], [-92.24128421831098, 43.124806400657086], [-92.23949564473253, 43.11312885058495], [-92.22676268494355, 43.09936372366921], [-92.21638344953952, 43.09576898701156], [-92.19922718439322, 43.05444426949332], [-92.18577349816697, 43.048045072288154], [-92.1830701764229, 43.03363747867407], [-92.1436491076709, 43.01182035168439], [-92.13679306301455, 43.004729732034136], [-92.13594667664206, 42.994307667320264], [-92.1183986885397, 42.987590755521225], [-92.11607122909705, 42.976565705371755], [-92.10159582871101, 42.97609514639014], [-92.0852199875442, 42.9657584130156], [-92.08136240162696, 42.954212428027404], [-92.05845756095772, 42.94579204602116], [-92.03627954628656, 42.92485021663376], [-92.01988161464861, 42.89351065638785], [-92.02573972624572, 42.88819976602425], [-92.02504104266887, 42.878865841239936], [-92.0029682225141, 42.84449449036652], [-91.99524746226022, 42.83720044615071], [-91.97790092944517, 42.832479380899436], [-91.97243739115851, 42.82284510284866], [-91.96189846943295, 42.81897591502996], [-91.94971495969592, 42.78843594648545], [-91.94215769192543, 42.78516899875617], [-91.93300145439024, 42.76988251273923], [-91.91706379614766, 42.773463898583124], [-91.89298853510486, 42.76943834828644], [-91.8917089532546, 42.76176853372089], [-91.87235057688544, 42.743868721497336], [-91.8556819963271, 42.71738075637353], [-91.84383764013572, 42.71059216310025], [-91.83330021051184, 42.71679752533282], [-91.81121265259652, 42.711995642632324], [-91.78597832408872, 42.716770048600935], [-91.76694152752327, 42.735750598785415], [-91.7428925296261, 42.742019965108476], [-91.72124558188291, 42.724684705547], [-91.71295514151689, 42.724277316238215], [-91.69849656567781, 42.730475625309886], [-91.69725304759295, 42.736151289006564], [-91.67315641832448, 42.74207906177638], [-91.6703795748643, 42.747679457713076], [-91.64463323808558, 42.750651375601244], [-91.6229797326408, 42.74081764417898], [-91.60854430908157, 42.72546085796993], [-91.57156798471405, 42.720494997316266], [-91.57129804546274, 42.71481635584478], [-91.5643694672371, 42.71009780982352], [-91.56758552309083, 42.70301511331832], [-91.56321775966921, 42.692146530803875], [-91.5516094753446, 42.686531019461704], [-91.4876095796459, 42.67436129288188], [-91.45787040210918, 42.67854588963554], [-91.43881285086742, 42.66518821585174], [-91.41594550138656, 42.65831234689113], [-91.40414108698765, 42.64576738942065], [-91.38803197000173, 42.64053612738077], [-91.39324345718936, 42.62670237029087], [-91.3885763831999, 42.62008176173294], [-91.36787535336606, 42.61529931626012], [-91.36620280349476, 42.60766634928306], [-91.3577006275213, 42.60171592309007], [-91.36363531151322, 42.59566782167963], [-91.35966092125284, 42.58882107804534], [-91.34411358459448, 42.588653803838035], [-91.31852506384486, 42.56795345748026], [-91.2840013647818, 42.56679664291843], [-91.27377615451638, 42.58146073776473], [-91.25134738232019, 42.58232505252345], [-91.2430791563928, 42.58807078303112], [-91.2383737351205, 42.58512500589914], [-91.21904395751673, 42.59134509016741], [-91.22205652968724, 42.594608502911], [-91.21872278554814, 42.602642074615005], [-91.2294523423534, 42.61528788610158], [-91.21123714854008, 42.62478589537783], [-91.20870230223429, 42.61093377521157], [-91.20002343932255, 42.60685201699684], [-91.20239254106852, 42.599169376136274], [-91.18658596678885, 42.591736467437606], [-91.15342184095884, 42.60128527832749], [-91.15292041843523, 42.60646663303208], [-91.14551051659217, 42.60769786308647], [-91.12465651175026, 42.60051850776043], [-91.09242725095834, 42.59871315736596], [-91.07479277845033, 42.611527394830844], [-91.07443237525666, 42.61851203250862], [-91.06606365210351, 42.61942996877663], [-91.06632598981086, 42.62506052509915], [-91.05669014174546, 42.630714082506785], [-91.0468012526376, 42.62712946711878], [-91.04337864086239, 42.63477617266861], [-91.03441221734671, 42.63638101310995], [-91.0254771396446, 42.64495635772457], [-91.03355620372933, 42.648803668338275], [-91.03405808978363, 42.658189913228135], [-91.01733158226253, 42.66665021897975], [-91.01190497192056, 42.67552998332708], [-91.01132815020189, 42.680238156615296], [-91.02558954763272, 42.68846195552415], [-91.02390374132277, 42.704641315447404], [-91.0158448875353, 42.71666753033922], [-91.03514900206802, 42.712051000306204], [-91.09749551435031, 42.746694713172076], [-91.13513883961294, 42.757507132094254], [-91.13266722572, 42.765214769106386], [-91.14619282118643, 42.779444263115685], [-91.17317331111319, 42.789650702911786], [-91.17177280794084, 42.79585236745374], [-91.18068237528554, 42.799839810442016], [-91.19048247041916, 42.82332462269147], [-91.20405678601504, 42.83601918404437], [-91.22140338979698, 42.841030983951754], [-91.22313252005647, 42.85021209073706], [-91.2321298348381, 42.853553588631826], [-91.23455429975505, 42.87552020768874], [-91.25638931429454, 42.8835315540995], [-91.25549064776915, 42.88920743134128], [-91.26332100069106, 42.89420433464911], [-91.26275046358614, 42.900682682391086], [-91.27098266707061, 42.91155745015297], [-91.28488458118262, 42.91098038790942], [-91.29306276627413, 42.91836469076642], [-91.27455283611441, 42.95156671566927], [-91.2849782368392, 42.956669586833854], [-91.28447358846542, 42.964324275923], [-91.29261370654844, 42.96837702242463], [-91.29956857217425, 42.980720682636274], [-91.33292475332043, 42.99078497472028], [-91.32854414938014, 43.00254175055454], [-91.33557619286525, 43.00975963362088], [-91.38059531273625, 43.023899767762195], [-91.38325745480937, 43.03535284393959], [-91.3911771568644, 43.03939642359254], [-91.39024866986483, 43.0535016100088], [-91.40873339958588, 43.06208854547688], [-91.4258879848826, 43.062401457970026], [-91.44594962623655, 43.056165262466486], [-91.46269391860366, 43.06217818389095], [-91.49516168839173, 43.05741403400273], [-91.53017083433939, 43.06924134408269], [-91.5385273359131, 43.09282352353293], [-91.54345692996792, 43.09529539164808], [-91.57150752809541, 43.083476604679284], [-91.5910237905623, 43.08724929243239], [-91.60371876239455, 43.09807003094047], [-91.64069474540226, 43.1050578286103], [-91.6534664306648, 43.10147135805991], [-91.67118805143349, 43.10680951451865], [-91.68323523553792, 43.117038258512785], [-91.71244205706425, 43.12209076803353], [-91.7253899307001, 43.13386069541454], [-91.77259164050453, 43.1501413549784], [-91.77702864606826, 43.166992947354416], [-91.87097059303082, 43.18611345266648], [-91.88089951825428, 43.21061233072494], [-91.90948791797943, 43.222832867843685], [-91.93217344305688, 43.2457617671531], [-91.93868625581621, 43.25554226102471], [-91.93931765827323, 43.27289239582617], [-91.94717339489011, 43.28431748013858], [-91.9707867278408, 43.27693196819069], [-91.97930723393762, 43.29168606294918], [-91.9970312181738, 43.298369026304385], [-92.00370725392193, 43.31461774472289], [-92.03211006081108, 43.33111766547122], [-92.0593974448833, 43.355125267594566], [-92.08368832764545, 43.36156299531782], [-92.1051625590039, 43.37338503431202], [-92.13911229119427, 43.37350322875948], [-92.14401113232366, 43.37725569259707], [-92.17176015792545, 43.373190308901506], [-92.19017636595325, 43.39642651209846], [-92.18036887858317, 43.404412727693135], [-92.18462148247694, 43.419462440034756], [-92.2067561803851, 43.43050955494959], [-92.1980867354108, 43.44632275618041], [-92.20766670197729, 43.45718113799919]]]}, "properties": {"huc8": "07060004", "name": "Turkey", "states": "IA", "areasqkm": 4387.24, "episode_count": 5, "event_count": 15, "huc8_name": "Turkey", "area_sqkm": 4387.24}}, {"type": "Feature", "geometry": {"type": "Polygon", "coordinates": [[[-91.6416845037924, 42.74888663065933], [-91.6703795748643, 42.747679457713076], [-91.67315641832448, 42.74207906177638], [-91.69725304759295, 42.736151289006564], [-91.69849656567781, 42.730475625309886], [-91.71513100576378, 42.72407301311599], [-91.73172012135208, 42.731148613776256], [-91.7428925296261, 42.742019965108476], [-91.76694152752327, 42.735750598785415], [-91.78597832408872, 42.716770048600935], [-91.77080379006989, 42.69966042442599], [-91.76580492153361, 42.682937393584], [-91.75564774427794, 42.679239164964685], [-91.75244810783097, 42.660889348157234], [-91.73331014569317, 42.65144559170906], [-91.72146305592838, 42.63604562060261], [-91.72956438116417, 42.62328343446656], [-91.7251899854808, 42.611869301915476], [-91.714703317857, 42.605104346839155], [-91.70579583729872, 42.58946396999053], [-91.68713027221938, 42.585534533364836], [-91.68051063899298, 42.57755421656205], [-91.6884882554344, 42.56320488773601], [-91.70781492846055, 42.5572770516721], [-91.71212489337847, 42.55181081301086], [-91.694430585886, 42.532349603658886], [-91.68873904080719, 42.51981808637174], [-91.68985339013737, 42.508107702845635], [-91.6512917360244, 42.46285493193587], [-91.62812253464179, 42.44448990117716], [-91.61621164652551, 42.4447081212461], [-91.60791564289292, 42.45491481022215], [-91.5699427688717, 42.450188374092555], [-91.56626957743786, 42.444495325648084], [-91.56845681615289, 42.4366023482792], [-91.54496240936605, 42.41682017075861], [-91.51330754394321, 42.407521421105024], [-91.51166597606776, 42.39943680121221], [-91.50334754689239, 42.39436396347544], [-91.50712747435166, 42.37159571476059], [-91.51636655991224, 42.36242992842663], [-91.51300897718045, 42.35153159969884], [-91.4906345871949, 42.33770012809375], [-91.44923984879678, 42.32210741535168], [-91.43575178314629, 42.31247754794435], [-91.43767994144515, 42.30694951959182], [-91.43277492439819, 42.30319399119999], [-91.4110266008769, 42.296477195640605], [-91.41728534042944, 42.288302084065286], [-91.41385433479623, 42.276166660409196], [-91.39929891068806, 42.24426810702373], [-91.38692239521733, 42.237632446480596], [-91.38790936793175, 42.227581246962096], [-91.36051729060307, 42.219372454140455], [-91.34609387931582, 42.225184372996395], [-91.32835282169934, 42.21154516539324], [-91.31514952289221, 42.209041346241264], [-91.30099072564325, 42.19798673089198], [-91.29877278520678, 42.18365993991123], [-91.28322878399305, 42.173434695684726], [-91.278206546683, 42.16443805470033], [-91.26616283277048, 42.162826915712365], [-91.2545715014519, 42.15247160863554], [-91.24625829328498, 42.142718681027254], [-91.25165020979236, 42.1359996280755], [-91.24111211182189, 42.125560872216795], [-91.17913001910094, 42.08283899407204], [-91.13352089473449, 42.06542125552866], [-91.11620948335211, 42.05227086852602], [-91.11604176788856, 42.04626330093336], [-91.10685009900193, 42.04285990716454], [-91.09721302832945, 42.04725452170606], [-91.08830578851965, 42.045289816975746], [-91.07388854506512, 42.03299618412663], [-91.05617177250404, 42.03310535320987], [-91.05635742822211, 42.038126318540684], [-91.0464931107322, 42.04177612695194], [-91.03238975121437, 42.03731032697975], [-91.01335909104064, 42.04240814880388], [-90.98773817434694, 42.0365144515532], [-90.96988524593488, 42.039759916783275], [-90.96092415571705, 42.0356979021966], [-90.96346059383752, 42.02653562740156], [-90.95931445467798, 42.018577111599086], [-90.94185133491209, 42.013418471629215], [-90.91419984928217, 42.01889174873757], [-90.89496909656542, 41.9967252840276], [-90.88133692227873, 41.9923404423104], [-90.84753604542252, 41.99784480194363], [-90.83993259256832, 42.01243073912807], [-90.82409354059784, 42.012515377476106], [-90.81283868584536, 42.00674693248275], [-90.81355699042463, 41.99663046893241], [-90.80613220619225, 41.99182792005356], [-90.77618394577313, 41.986147368874626], [-90.7741111290691, 41.97394788651873], [-90.76304875812917, 41.96669116937972], [-90.75188186371435, 41.9671877870404], [-90.74360888749575, 41.961135035169065], [-90.7335839844707, 41.96397676966259], [-90.71611860364524, 41.95744585515489], [-90.7042204725043, 41.94674382912391], [-90.68005230320325, 41.940784802202856], [-90.67357395790306, 41.93173232409279], [-90.6485812070364, 41.93347471871557], [-90.64479525727147, 41.937235820518524], [-90.64728175624867, 41.944599715426214], [-90.63421801611082, 41.949864049061716], [-90.5974373340324, 41.94781312830314], [-90.57899046560563, 41.952121934275524], [-90.56468142871866, 41.9364392917722], [-90.55753579775744, 41.93603008409829], [-90.55050403544499, 41.92159152149915], [-90.52973132903462, 41.91773539422373], [-90.52504066528581, 41.911815497697184], [-90.51788600625599, 41.91270464289001], [-90.50554082581897, 41.90483103184491], [-90.4941855906217, 41.908627344712], [-90.48806439661384, 41.91857511198718], [-90.48166177480053, 41.91880649796277], [-90.48479057549407, 41.925894853080216], [-90.48102243842293, 41.92807213615423], [-90.44868482912965, 41.925398007226825], [-90.43670778548258, 41.94433159057434], [-90.4164591571073, 41.959192155101555], [-90.39067142865522, 41.96731521449931], [-90.34900300053948, 41.95744962080947], [-90.34554849138516, 41.964532327071176], [-90.35233595505944, 41.97631309313397], [-90.3270361501472, 41.98303468156728], [-90.33171050498203, 41.992114858728485], [-90.32624544045771, 42.00008628077369], [-90.3277952220707, 42.012967721412984], [-90.34029135091649, 42.02555130104967], [-90.32977111774208, 42.036517051612606], [-90.33592590245335, 42.04845846524785], [-90.33606721553238, 42.06550639551965], [-90.32224164025322, 42.07307956193151], [-90.31143409261331, 42.085450330552895], [-90.31245232041145, 42.09087818962314], [-90.30750324638969, 42.09126246592851], [-90.3095328864679, 42.09640281232843], [-90.30104768506007, 42.10598186937126], [-90.30034931948681, 42.12143086151266], [-90.30465763419957, 42.13168251511058], [-90.31966360923678, 42.13017578169389], [-90.33013944677151, 42.13545245434251], [-90.33790268296531, 42.15690569275704], [-90.31365584370323, 42.18266113762107], [-90.30583835735113, 42.18433617357709], [-90.30769070592486, 42.18786793761815], [-90.32375396391551, 42.18135034293533], [-90.3227834618118, 42.1769543061667], [-90.33515959999012, 42.16516118683627], [-90.35099129745336, 42.17852315478568], [-90.37024500931213, 42.16648718771055], [-90.38916079652061, 42.17353874856968], [-90.40472609409476, 42.16070021388543], [-90.41935823612481, 42.16330359709998], [-90.42990229890873, 42.17387662816372], [-90.43921281760241, 42.17557177695801], [-90.45480955800814, 42.174375082069616], [-90.47154746155692, 42.163336985430824], [-90.51224271957255, 42.16099621586983], [-90.52791432377742, 42.17797612825437], [-90.51833664701658, 42.18500315901373], [-90.52097872791278, 42.20543254339716], [-90.54434759873192, 42.227608645948486], [-90.54948845767693, 42.241396587079116], [-90.55683491330814, 42.24247551006441], [-90.55651356976132, 42.24780829843658], [-90.57169370567426, 42.25913183772019], [-90.57935242378305, 42.25965838113376], [-90.57535224199255, 42.27439185456026], [-90.58883318939273, 42.27902943055656], [-90.59019356032977, 42.286520648738495], [-90.59707017999938, 42.29099676774151], [-90.59200999964834, 42.295694081881855], [-90.59705204570872, 42.30210451200162], [-90.59225399645254, 42.30873839888766], [-90.6171418869761, 42.31987949275903], [-90.62762305511372, 42.318229339084034], [-90.64331054243114, 42.32481666199399], [-90.64968474693876, 42.320526821254155], [-90.66529207039683, 42.32586700631467], [-90.66096130858178, 42.33667237593683], [-90.67409484152898, 42.34734012794491], [-90.66606744404781, 42.352559413689306], [-90.65591217571209, 42.37064398339576], [-90.64910720117797, 42.372434549711656], [-90.65858927563303, 42.38187109064514], [-90.65690119928036, 42.38603962321901], [-90.66329069850399, 42.38846461859096], [-90.6620741747934, 42.39569719201785], [-90.6795902161093, 42.38886812726604], [-90.69149273641871, 42.400358750380725], [-90.72885382090054, 42.4145508188678], [-90.74930613777494, 42.40749184450327], [-90.74846723077549, 42.400205802815115], [-90.7811987486259, 42.381909038814726], [-90.7835465683845, 42.371082231676795], [-90.79494809376837, 42.36836140623245], [-90.81334966195202, 42.3822911621807], [-90.8296172938563, 42.40926755608283], [-90.82943044966711, 42.42391040610048], [-90.804079059898, 42.43087165907819], [-90.82191131538042, 42.4513019711825], [-90.8445264242177, 42.44877038523544], [-90.85109752596087, 42.45813622825673], [-90.84989675331049, 42.46490050615443], [-90.85955675617554, 42.463998709954645], [-90.86946732252954, 42.45601719929347], [-90.89005387375852, 42.454528558566665], [-90.89556316863248, 42.44566622014743], [-90.9286988654787, 42.45086267104928], [-90.93040510396978, 42.444774753212194], [-90.95309791079092, 42.448535179807465], [-90.95359841433799, 42.443989140211265], [-90.96926964304707, 42.43955303156646], [-91.01617338526502, 42.44470363876446], [-91.0215064172055, 42.45022227278422], [-91.00908914517032, 42.48034623464036], [-91.0150389855377, 42.49648972854118], [-90.99729868250607, 42.49939760312035], [-90.98379293711245, 42.518374612971165], [-90.9620792813746, 42.51931991954694], [-90.95952992907361, 42.523650213260574], [-90.97592591765559, 42.53667774123732], [-90.9901713214811, 42.54003794548345], [-91.00056236434122, 42.55426560000128], [-91.01944094872051, 42.56445780043954], [-91.02599685456232, 42.574246977615424], [-91.0138526937297, 42.59062981343028], [-90.98132139238982, 42.60807089488708], [-90.98316658139072, 42.61254520286854], [-90.97715096727654, 42.61670206836197], [-90.98828201172499, 42.62678803444717], [-90.9799038823125, 42.63802714992565], [-90.98861703571527, 42.64703674659689], [-91.01765080668356, 42.652046190495255], [-91.03441221734671, 42.63638101310995], [-91.04337864086239, 42.63477617266861], [-91.04518914141862, 42.62796653204895], [-91.05669014174546, 42.630714082506785], [-91.06632598981086, 42.62506052509915], [-91.06606365210351, 42.61942996877663], [-91.07443237525666, 42.61851203250862], [-91.07479277845033, 42.611527394830844], [-91.09371060483448, 42.59854862419031], [-91.12465651175026, 42.60051850776043], [-91.14551051659217, 42.60769786308647], [-91.15292041843523, 42.60646663303208], [-91.15342184095884, 42.60128527832749], [-91.18658596678885, 42.591736467437606], [-91.20239254106852, 42.599169376136274], [-91.20002343932255, 42.60685201699684], [-91.20870230223429, 42.61093377521157], [-91.21123714854008, 42.62478589537783], [-91.2294523423534, 42.61528788610158], [-91.21872278554814, 42.602642074615005], [-91.22205652968724, 42.594608502911], [-91.21904395751673, 42.59134509016741], [-91.2383737351205, 42.58512500589914], [-91.2430791563928, 42.58807078303112], [-91.25134738232019, 42.58232505252345], [-91.27377615451638, 42.58146073776473], [-91.2840013647818, 42.56679664291843], [-91.31852506384486, 42.56795345748026], [-91.34411358459448, 42.588653803838035], [-91.35966092125284, 42.58882107804534], [-91.36363531151322, 42.59566782167963], [-91.3577006275213, 42.60171592309007], [-91.36620280349476, 42.60766634928306], [-91.36787535336606, 42.61529931626012], [-91.3885763831999, 42.62008176173294], [-91.39324345718936, 42.62670237029087], [-91.38803197000173, 42.64053612738077], [-91.40414108698765, 42.64576738942065], [-91.41594550138656, 42.65831234689113], [-91.43881285086742, 42.66518821585174], [-91.45787040210918, 42.67854588963554], [-91.4876095796459, 42.67436129288188], [-91.5516094753446, 42.686531019461704], [-91.56321775966921, 42.692146530803875], [-91.56758552309083, 42.70301511331832], [-91.5643694672371, 42.71009780982352], [-91.57129804546274, 42.71481635584478], [-91.57156798471405, 42.720494997316266], [-91.60854430908157, 42.72546085796993], [-91.62264762817522, 42.74058578486541], [-91.6416845037924, 42.74888663065933]]]}, "properties": {"huc8": "07060006", "name": "Maquoketa", "states": "IA", "areasqkm": 4844.04, "episode_count": 4, "event_count": 5, "huc8_name": "Maquoketa", "area_sqkm": 4844.04}}, {"type": "Feature", "geometry": {"type": "Polygon", "coordinates": [[[-92.64291397049003, 43.550483043886295], [-92.66492050216334, 43.553442928522074], [-92.67669585246956, 43.539340749552565], [-92.69554060899019, 43.53865795914012], [-92.71212754616393, 43.53195162511394], [-92.68866101949025, 43.50009618923182], [-92.65221407860786, 43.47053421613149], [-92.65579723190076, 43.46166835355142], [-92.64805299597356, 43.45195314432632], [-92.66160568103571, 43.44412494279945], [-92.65921816652134, 43.43957220590071], [-92.66346948043437, 43.434324629218644], [-92.64266172355825, 43.42785734992561], [-92.62740230233834, 43.41672322978127], [-92.62397858743195, 43.40064493385474], [-92.61392759733107, 43.39505799518329], [-92.6120999443428, 43.38340508798579], [-92.60059494471629, 43.374599480294144], [-92.6004988258792, 43.35789581838052], [-92.59448517638053, 43.347496700203266], [-92.59746666863887, 43.327587503466255], [-92.59427547725389, 43.31280256597001], [-92.5760270197239, 43.293588456896984], [-92.5900742659775, 43.27378407561051], [-92.57274246104156, 43.26377139515883], [-92.56730555420981, 43.23141581012126], [-92.5723384311661, 43.22111009198867], [-92.56423375880755, 43.214603853647944], [-92.5662724233611, 43.20553585438162], [-92.58104030801711, 43.195722897479], [-92.58434071387939, 43.18739862647613], [-92.54318264113445, 43.16240891257787], [-92.54004759984461, 43.14689321071283], [-92.52334741565627, 43.12529623228313], [-92.52026216259274, 43.1117742983308], [-92.50600006267936, 43.098290317014964], [-92.50495173143776, 43.090394758435885], [-92.49580295171604, 43.08574456371878], [-92.49156123989509, 43.068013818304884], [-92.47284183878078, 43.0510962603457], [-92.47329580690118, 43.03904728245035], [-92.45939063639628, 43.02623539292245], [-92.43840704508308, 43.020991333929786], [-92.43923314210657, 43.010794786598986], [-92.41642004188571, 42.972591022581625], [-92.40781868651499, 42.96547679610313], [-92.40720485600326, 42.94925008872686], [-92.39934826778348, 42.938756930923574], [-92.40513963545328, 42.92532060055325], [-92.40144224520232, 42.906366590596946], [-92.38978744341736, 42.892556595326084], [-92.39753147632531, 42.855394806988244], [-92.38206523687586, 42.84870851952164], [-92.38465483639654, 42.84619208773519], [-92.37663593158804, 42.84087350504272], [-92.37615800899226, 42.830449150318685], [-92.3651319587359, 42.81464866315503], [-92.34143597988079, 42.7941429907489], [-92.33810221418211, 42.784559698276766], [-92.32943835493224, 42.7817851490226], [-92.3150164959338, 42.755409986153644], [-92.3148407369552, 42.74230650715658], [-92.3015850295361, 42.73096818641021], [-92.29780926666649, 42.71499051638502], [-92.28787506204411, 42.70382099508777], [-92.29802819777932, 42.689089065049835], [-92.28740097974617, 42.67662649089281], [-92.28334315755545, 42.65543541811454], [-92.30033520617623, 42.6579870666443], [-92.30816813816134, 42.64632396934203], [-92.2981222882205, 42.620036039970095], [-92.30047985919148, 42.614346156789814], [-92.29514465692127, 42.59569940702055], [-92.28122111586879, 42.58990858753882], [-92.26369088206972, 42.59005860897863], [-92.25549912073934, 42.595470092042916], [-92.24405169054612, 42.59314186309885], [-92.21069194308828, 42.57878633872405], [-92.20579023273987, 42.569466853702316], [-92.1873895502951, 42.56549919769964], [-92.16400396721842, 42.55049110318239], [-92.13804663594239, 42.54618135934184], [-92.12611586182068, 42.532409123528055], [-92.1489176944729, 42.51235809928368], [-92.15020601333762, 42.502846061159325], [-92.14447903600906, 42.489250147774364], [-92.12526015363048, 42.49137644310995], [-92.1067551399503, 42.48701974259804], [-92.09897443960908, 42.4961927497021], [-92.09935570258196, 42.50402720311775], [-92.07147313792161, 42.50404913931227], [-92.06030334194841, 42.49901316317095], [-92.0498644799691, 42.50323753936224], [-92.0363124677451, 42.4987067019422], [-92.03076126736144, 42.482854880644425], [-92.01621927666004, 42.47531096288262], [-91.99429803912464, 42.478401797215994], [-91.97888549826791, 42.4866655276306], [-91.97104550013479, 42.46712972578384], [-91.93868724396303, 42.4702765787331], [-91.93809237688694, 42.459395135847934], [-91.92340050767027, 42.44835648847544], [-91.8872332581499, 42.44189247093806], [-91.88283874559407, 42.434951099376], [-91.87027747541546, 42.43154687140191], [-91.86627666031268, 42.41580947756983], [-91.85839683177817, 42.406659928465224], [-91.84113178065097, 42.39979576054842], [-91.83890120720663, 42.39366128533693], [-91.84157843917991, 42.38172780389895], [-91.83832871806258, 42.377216069947536], [-91.84400468725269, 42.3709593634238], [-91.84469548002807, 42.36009351570305], [-91.85548887381238, 42.35329634758776], [-91.85593642167346, 42.33983706832161], [-91.85033676436674, 42.33139185429154], [-91.85844400141542, 42.31624791717991], [-91.83938115999496, 42.30632056369604], [-91.83948384461844, 42.310158645365576], [-91.83274939322402, 42.31184882332068], [-91.81358519578835, 42.30833000021352], [-91.78091933670036, 42.31604892802385], [-91.7650297446137, 42.30850162203554], [-91.75402354083691, 42.27164640915375], [-91.70140796958106, 42.26636587419363], [-91.69907934502345, 42.2560455625168], [-91.67932697385886, 42.24560977239401], [-91.6637249118334, 42.24882332868666], [-91.65340145731693, 42.257791516427936], [-91.64439123194802, 42.2552405552106], [-91.64447636259257, 42.237784792094246], [-91.61971452636463, 42.20997457260409], [-91.61881107810697, 42.201128036289965], [-91.6112531599562, 42.19556361611028], [-91.59737849174678, 42.19861613047473], [-91.58202167428546, 42.212088239364675], [-91.56444326743095, 42.20743029224406], [-91.57601042778018, 42.18945281968397], [-91.56701291177592, 42.17158361649666], [-91.55403930679705, 42.16273523235765], [-91.51716425849465, 42.160570246041836], [-91.51295103404799, 42.15092939625966], [-91.486089854764, 42.15458840990043], [-91.47656077506339, 42.13490361980517], [-91.44141764359449, 42.121628331403976], [-91.44252573975196, 42.11167102556322], [-91.43076447233446, 42.110684284517994], [-91.40835123380616, 42.09730502105446], [-91.4069730941928, 42.078735109291834], [-91.38434922498487, 42.06954011109837], [-91.36302628608993, 42.06985608505104], [-91.3609336965682, 42.07841190057507], [-91.33447144293221, 42.07305085037115], [-91.32145411515185, 42.09145245036509], [-91.30529260123204, 42.08945236594915], [-91.29706378888775, 42.09712965644518], [-91.3002030333948, 42.1026623257943], [-91.28474504676785, 42.10574840945904], [-91.2844087184238, 42.12249620763484], [-91.27632798886252, 42.13240373849529], [-91.27724139943668, 42.13856490396988], [-91.26738001225121, 42.1435728583353], [-91.25090872867874, 42.141750196718675], [-91.2545715014519, 42.15247160863554], [-91.26616283277048, 42.162826915712365], [-91.278206546683, 42.16443805470033], [-91.28322878399305, 42.173434695684726], [-91.29877278520678, 42.18365993991123], [-91.30099072564325, 42.19798673089198], [-91.31514952289221, 42.209041346241264], [-91.32835282169934, 42.21154516539324], [-91.34609387931582, 42.225184372996395], [-91.36051729060307, 42.219372454140455], [-91.38790936793175, 42.227581246962096], [-91.38692239521733, 42.237632446480596], [-91.39929891068806, 42.24426810702373], [-91.41385433479623, 42.276166660409196], [-91.41728534042944, 42.288302084065286], [-91.4110266008769, 42.296477195640605], [-91.43277492439819, 42.30319399119999], [-91.43767994144515, 42.30694951959182], [-91.43575178314629, 42.31247754794435], [-91.44923984879678, 42.32210741535168], [-91.4906345871949, 42.33770012809375], [-91.51300897718045, 42.35153159969884], [-91.51636655991224, 42.36242992842663], [-91.50712747435166, 42.37159571476059], [-91.50334754689239, 42.39436396347544], [-91.51166597606776, 42.39943680121221], [-91.51313768599772, 42.40736195429831], [-91.54496240936605, 42.41682017075861], [-91.56845681615289, 42.4366023482792], [-91.56626957743786, 42.444495325648084], [-91.5699427688717, 42.450188374092555], [-91.60791564289292, 42.45491481022215], [-91.61621164652551, 42.4447081212461], [-91.62812253464179, 42.44448990117716], [-91.66767924451013, 42.48041698000791], [-91.68985339013737, 42.508107702845635], [-91.68873904080719, 42.51981808637174], [-91.69460046808601, 42.532678311976284], [-91.71212489337847, 42.55181081301086], [-91.70781492846055, 42.5572770516721], [-91.6884882554344, 42.56320488773601], [-91.68051063899298, 42.57755421656205], [-91.68713027221938, 42.585534533364836], [-91.70579583729872, 42.58946396999053], [-91.714703317857, 42.605104346839155], [-91.7251899854808, 42.611869301915476], [-91.72956438116417, 42.62328343446656], [-91.72146305592838, 42.63604562060261], [-91.73331014569317, 42.65144559170906], [-91.75244810783097, 42.660889348157234], [-91.75564774427794, 42.679239164964685], [-91.76580492153361, 42.682937393584], [-91.77080379006989, 42.69966042442599], [-91.78127423681461, 42.71291599946087], [-91.78597832408872, 42.716770048600935], [-91.81121265259652, 42.711995642632324], [-91.83252325672429, 42.71687538953714], [-91.84383764013572, 42.71059216310025], [-91.8556819963271, 42.71738075637353], [-91.87235057688544, 42.743868721497336], [-91.8917089532546, 42.76176853372089], [-91.89298853510486, 42.76943834828644], [-91.93469455681692, 42.77129213465852], [-91.94215769192543, 42.78516899875617], [-91.94971495969592, 42.78843594648545], [-91.96189846943295, 42.81897591502996], [-91.97243739115851, 42.82284510284866], [-91.97790092944517, 42.832479380899436], [-91.99524746226022, 42.83720044615071], [-92.0029682225141, 42.84449449036652], [-92.02504104266887, 42.878865841239936], [-92.02573972624572, 42.88819976602425], [-92.01988161464861, 42.89351065638785], [-92.03627954628656, 42.92485021663376], [-92.05845756095772, 42.94579204602116], [-92.08136240162696, 42.954212428027404], [-92.0852199875442, 42.9657584130156], [-92.10159582871101, 42.97609514639014], [-92.11607122909705, 42.976565705371755], [-92.1183986885397, 42.987590755521225], [-92.13594667664206, 42.994307667320264], [-92.13679306301455, 43.004729732034136], [-92.1436491076709, 43.01182035168439], [-92.1830701764229, 43.03363747867407], [-92.18577349816697, 43.048045072288154], [-92.19922718439322, 43.05444426949332], [-92.21638344953952, 43.09576898701156], [-92.22676268494355, 43.09936372366921], [-92.23949564473253, 43.11312885058495], [-92.24128421831098, 43.124806400657086], [-92.26946176006622, 43.146202266768604], [-92.29157073830949, 43.15071004787691], [-92.31068743193461, 43.16699462466075], [-92.3104775055342, 43.17784335121707], [-92.33620781726655, 43.19086111085168], [-92.34308147339405, 43.22189126310834], [-92.35699981140438, 43.23414367343041], [-92.36578119814119, 43.23573655102154], [-92.36508849554751, 43.245960748819925], [-92.38119462922836, 43.2629930563264], [-92.37940228811561, 43.2744090948595], [-92.39559344104988, 43.2845506746348], [-92.40735513067555, 43.28233933589449], [-92.42238317821764, 43.2915291791401], [-92.42891644202273, 43.30825539704874], [-92.45218523243436, 43.33642561288724], [-92.45068442786898, 43.34323699665115], [-92.46563319549395, 43.35051234655068], [-92.46925986048429, 43.36929099439226], [-92.48995975933917, 43.38583115767768], [-92.48723300234597, 43.391929905556125], [-92.49661367317512, 43.39887586869961], [-92.50632812921775, 43.41809436517229], [-92.53254005921498, 43.4335940332042], [-92.52979739575305, 43.43833058070063], [-92.53812696583456, 43.4493173079801], [-92.54778317511418, 43.453191950595745], [-92.54555490764517, 43.45793269881404], [-92.5597459642943, 43.47944862889873], [-92.58622789462827, 43.50377928831314], [-92.60661745160365, 43.5064605043871], [-92.61930085942323, 43.51684245715778], [-92.62976585519081, 43.530617165391334], [-92.62691995104822, 43.54275478228221], [-92.63994539151392, 43.54432126285367], [-92.64291397049003, 43.550483043886295]]]}, "properties": {"huc8": "07080102", "name": "Upper Wapsipinicon", "states": "IA,MN", "areasqkm": 4060.53, "episode_count": 7, "event_count": 13, "huc8_name": "Upper Wapsipinicon", "area_sqkm": 4060.53}}, {"type": "Feature", "geometry": {"type": "Polygon", "coordinates": [[[-91.24660305770789, 42.14184172197284], [-91.26738001225121, 42.1435728583353], [-91.27640428367792, 42.139505467593246], [-91.27632798886252, 42.13240373849529], [-91.2844087184238, 42.12249620763484], [-91.28474504676785, 42.10574840945904], [-91.3002030333948, 42.1026623257943], [-91.29706378888775, 42.09712965644518], [-91.30529260123204, 42.08945236594915], [-91.32145411515185, 42.09145245036509], [-91.33302494961058, 42.07373270541133], [-91.36294247327393, 42.07756844175381], [-91.36087056027507, 42.060143004710824], [-91.34927653850222, 42.04952746285883], [-91.35157028866385, 42.040636070696536], [-91.34052536300673, 42.03520958726302], [-91.33937151385523, 42.029968449031124], [-91.38798076962381, 42.0001438359375], [-91.37674565085811, 41.995627315357055], [-91.37032369190999, 41.9868271800487], [-91.38097960033669, 41.97923271821768], [-91.37730722726808, 41.97102249977369], [-91.34482383038734, 41.94984926391682], [-91.30369180249743, 41.93956768641272], [-91.30332357946922, 41.92006790083654], [-91.237717953285, 41.897098534747784], [-91.21912297512574, 41.8975341357639], [-91.22561433701439, 41.90361157261182], [-91.22296447401288, 41.910799215746266], [-91.20789339806701, 41.910424103111964], [-91.19013904718099, 41.92057505565789], [-91.17747970522785, 41.917347448107336], [-91.16949854044108, 41.924906658153205], [-91.12870361164975, 41.91974685100353], [-91.1170873673534, 41.909939699001136], [-91.12541933144514, 41.89022845600413], [-91.10951142809972, 41.87384742520802], [-91.08830849065201, 41.870368733102445], [-91.07870452828763, 41.87510933980651], [-91.04863815647667, 41.863162600039914], [-91.05117757700387, 41.85332942135095], [-91.03915205038261, 41.84644902470412], [-91.03779056553465, 41.839577290447565], [-91.04581184369209, 41.82399242507259], [-91.05398333274147, 41.821539424858365], [-91.05456286018578, 41.812859086924824], [-90.99753907077779, 41.776619677059315], [-90.97092360318189, 41.77496313708741], [-90.95802394931385, 41.768517864705956], [-90.9418536444807, 41.75585724110155], [-90.93925050824699, 41.743046196387056], [-90.90161811458307, 41.73227168820587], [-90.9051257204589, 41.72889495810062], [-90.90273479953296, 41.72332858339975], [-90.90916656628737, 41.72458515976847], [-90.90727430646388, 41.716333716476456], [-90.92561564799759, 41.71581032360611], [-90.94277049829732, 41.70034967737842], [-90.95294912732199, 41.701841583660915], [-90.94816153894728, 41.68753125337016], [-90.92679072074603, 41.6779518642839], [-90.92703583325782, 41.66433365180642], [-90.91150441833956, 41.64665065875131], [-90.87687200336418, 41.63288291701262], [-90.86743115708909, 41.63296513722709], [-90.8631908286737, 41.63968670562175], [-90.84179607126842, 41.64508230179426], [-90.8201261868411, 41.62824410513266], [-90.79673735006645, 41.62121525133211], [-90.78773838507962, 41.625537710521705], [-90.74171359945143, 41.59954361868363], [-90.72160433301437, 41.59937346890072], [-90.70076063723867, 41.58924524827331], [-90.67613842435873, 41.58757627242607], [-90.62028497896749, 41.62091612497245], [-90.58556544537588, 41.61869342668153], [-90.58515795698658, 41.62807834924005], [-90.5781548509317, 41.633421188342524], [-90.57451677015075, 41.64505408482766], [-90.58963932225734, 41.66141290569328], [-90.56850631056967, 41.65281922929603], [-90.56780149868595, 41.666706873115125], [-90.55505032465628, 41.67138478831258], [-90.53973409757108, 41.6622291158718], [-90.54010790812035, 41.65616787455007], [-90.52350229587019, 41.6551891384873], [-90.5087744203803, 41.646313697136335], [-90.50562634004412, 41.63453580061356], [-90.49820546797478, 41.63349514684627], [-90.49692132537784, 41.62900638189298], [-90.48133709940232, 41.63649359539499], [-90.46742001723675, 41.63052586786976], [-90.45114785153521, 41.63651400932465], [-90.43583052401377, 41.63357120274653], [-90.43337049389642, 41.639292196476504], [-90.41466483790425, 41.635934644235185], [-90.41006559121034, 41.64370169330524], [-90.39932110350675, 41.644273884902006], [-90.38886033790584, 41.653386968378484], [-90.38481186538061, 41.67922283086681], [-90.37417967876561, 41.681178612875804], [-90.38807136286316, 41.690102084446636], [-90.37101038830725, 41.692658015094985], [-90.37196128467991, 41.701550189847], [-90.35987742685397, 41.70809356739136], [-90.35793971676868, 41.720320372971806], [-90.34612995829214, 41.7243362503374], [-90.32271552941337, 41.72084753955904], [-90.31967231211526, 41.73024115280614], [-90.33808885790961, 41.74609718751486], [-90.33530498243739, 41.7541930774547], [-90.35817387612221, 41.76036006455272], [-90.37583318075963, 41.771511585467586], [-90.37916037438367, 41.78642624795093], [-90.37579601206643, 41.7910880544042], [-90.3834171123244, 41.797459729635925], [-90.38520766219646, 41.808394785499665], [-90.3757239644857, 41.818150778179685], [-90.377261919778, 41.82258190186876], [-90.33936760971658, 41.84217238426101], [-90.34775071130416, 41.84641571591952], [-90.34332978827898, 41.85482720276942], [-90.31841285522229, 41.86213953400416], [-90.31359046521517, 41.87459394156881], [-90.31820645201441, 41.8828506385842], [-90.3109674348912, 41.88371060157512], [-90.31440691882408, 41.89271226420783], [-90.3077939160628, 41.900510637444974], [-90.31238180805154, 41.91293033856278], [-90.3048326314068, 41.921073895492206], [-90.30657923210192, 41.92596635368307], [-90.32134836541617, 41.93190302622062], [-90.35240612156797, 41.959055206314616], [-90.3910159289734, 41.96732304921383], [-90.41663398004135, 41.95913175861926], [-90.43690769926086, 41.944121606938786], [-90.44868482912965, 41.925398007226825], [-90.48102243842293, 41.92807213615423], [-90.48479057549407, 41.925894853080216], [-90.48166177480053, 41.91880649796277], [-90.48806439661384, 41.91857511198718], [-90.4941855906217, 41.908627344712], [-90.50502286980256, 41.90486266282919], [-90.51788600625599, 41.91270464289001], [-90.52504066528581, 41.911815497697184], [-90.52973132903462, 41.91773539422373], [-90.55050403544499, 41.92159152149915], [-90.55753579775744, 41.93603008409829], [-90.56468142871866, 41.9364392917722], [-90.57899046560563, 41.952121934275524], [-90.5974373340324, 41.94781312830314], [-90.63421801611082, 41.949864049061716], [-90.64728175624867, 41.944599715426214], [-90.64479525727147, 41.937235820518524], [-90.6485812070364, 41.93347471871557], [-90.67357395790306, 41.93173232409279], [-90.68005230320325, 41.940784802202856], [-90.7042204725043, 41.94674382912391], [-90.71611860364524, 41.95744585515489], [-90.7335839844707, 41.96397676966259], [-90.74360888749575, 41.961135035169065], [-90.75188186371435, 41.9671877870404], [-90.76304875812917, 41.96669116937972], [-90.7741111290691, 41.97394788651873], [-90.77618394577313, 41.986147368874626], [-90.80613220619225, 41.99182792005356], [-90.81355699042463, 41.99663046893241], [-90.81283868584536, 42.00674693248275], [-90.82409354059784, 42.012515377476106], [-90.83993259256832, 42.01243073912807], [-90.84753604542252, 41.99784480194363], [-90.88133692227873, 41.9923404423104], [-90.89496909656542, 41.9967252840276], [-90.91419984928217, 42.01889174873757], [-90.94185133491209, 42.013418471629215], [-90.95931445467798, 42.018577111599086], [-90.96346059383752, 42.02653562740156], [-90.96092415571705, 42.0356979021966], [-90.96988524593488, 42.039759916783275], [-90.98773817434694, 42.0365144515532], [-91.01335909104064, 42.04240814880388], [-91.03238975121437, 42.03731032697975], [-91.0464931107322, 42.04177612695194], [-91.05635742822211, 42.038126318540684], [-91.05617177250404, 42.03310535320987], [-91.06507225159301, 42.03250470574776], [-91.07539556597229, 42.03357905605047], [-91.08830578851965, 42.045289816975746], [-91.10813478597794, 42.04317367694888], [-91.13352089473449, 42.06542125552866], [-91.17913001910094, 42.08283899407204], [-91.20284111480565, 42.10259983469976], [-91.22396368896804, 42.112197500418695], [-91.25129539771301, 42.13547192339896], [-91.24660305770789, 42.14184172197284]]]}, "properties": {"huc8": "07080103", "name": "Lower Wapsipinicon", "states": "IA", "areasqkm": 2541.83, "episode_count": 2, "event_count": 3, "huc8_name": "Lower Wapsipinicon", "area_sqkm": 2541.83}}, {"type": "Feature", "geometry": {"type": "Polygon", "coordinates": [[[-93.66295151459691, 42.50469158168968], [-93.66439434818207, 42.51704012486483], [-93.67096530260154, 42.51916468736153], [-93.68174523782626, 42.4951954890058], [-93.69069208884851, 42.48924449268303], [-93.68793082217533, 42.47825636636981], [-93.69502471466778, 42.477808200367825], [-93.70152579992106, 42.47080012697304], [-93.69869048062746, 42.45548406426379], [-93.70982745755008, 42.42614270801158], [-93.72768541203617, 42.40577239857718], [-93.74776119287269, 42.405356793034485], [-93.74775158539072, 42.39967379493853], [-93.75444370637233, 42.3998916124901], [-93.75893929736392, 42.39404589070671], [-93.75337660034128, 42.392124129369996], [-93.75607846861121, 42.38549372391198], [-93.76582186118578, 42.38439078232096], [-93.75621575094956, 42.36745995033642], [-93.76643588483529, 42.36021922630032], [-93.77116511146262, 42.34496108848355], [-93.78147678637076, 42.346896681481], [-93.79190841152217, 42.339265258923014], [-93.77754668485052, 42.3201124182312], [-93.80398396801654, 42.32430503422558], [-93.82674565765367, 42.316808728046496], [-93.84186127476627, 42.3230506411001], [-93.86561410350416, 42.30716438882263], [-93.87406419785238, 42.31441329779981], [-93.88496438964586, 42.31488727975878], [-93.89371333282786, 42.30222801249182], [-93.90632636213653, 42.2993438088953], [-93.91026810582285, 42.28419329086438], [-93.9221390135191, 42.282254098910045], [-93.92753069466787, 42.27573396853968], [-93.92549915555115, 42.27109662397766], [-93.93251908076309, 42.26739395960501], [-93.9372678439512, 42.2533582115126], [-93.94745672275327, 42.247484083678934], [-93.94798349393756, 42.232176897113405], [-93.95968492637061, 42.21885922728185], [-93.95111585375626, 42.215005975157204], [-93.95237136524851, 42.20320020595813], [-93.9222046120944, 42.19757046096355], [-93.91673738083364, 42.19246720403011], [-93.9005783992646, 42.195644241485354], [-93.89927461859723, 42.18464531781697], [-93.90961977820758, 42.182143903410996], [-93.90236874162586, 42.173086521089346], [-93.88899775969456, 42.1694378263199], [-93.88196138632975, 42.15683881139853], [-93.86438143257634, 42.148544196582904], [-93.88074747761496, 42.13580924953184], [-93.8902743429684, 42.141225998991494], [-93.89850739446251, 42.134513435979045], [-93.8904293086431, 42.12554746774063], [-93.87898906137892, 42.12533543292215], [-93.87460954170517, 42.110635170312], [-93.86847891987843, 42.11306230047302], [-93.85208250369836, 42.108231086737696], [-93.85413069758044, 42.10203925696831], [-93.84903601383765, 42.1000825387621], [-93.84475780705996, 42.0880182403814], [-93.84745230734794, 42.078668875475415], [-93.83066505574732, 42.06866423913428], [-93.83274530960358, 42.06039695962324], [-93.82543026087136, 42.046680997708755], [-93.79010773853514, 42.02568538355278], [-93.79064811650106, 42.01770814040516], [-93.77634213568267, 41.99307746849123], [-93.76102842118532, 41.981834541891715], [-93.7386361520307, 41.98927279978651], [-93.72901558610491, 41.98260970200454], [-93.7358475945392, 41.97679038916098], [-93.71763246809952, 41.96465609480525], [-93.71941408063283, 41.95954052411128], [-93.70833349814714, 41.95534144202822], [-93.70802130843308, 41.945306087465156], [-93.69782530149922, 41.938390968292985], [-93.70897909937554, 41.9303395452689], [-93.73207261589883, 41.92879340311246], [-93.71823557093012, 41.913996374314614], [-93.71636356452302, 41.90390603841925], [-93.66992949028172, 41.88293228235242], [-93.64948958992117, 41.89846325541702], [-93.63772052063544, 41.89278131174063], [-93.6330569913981, 41.88270536573603], [-93.61260266948399, 41.883881561903536], [-93.59932413048362, 41.869331539816216], [-93.60414318594442, 41.85697394682804], [-93.59586380114459, 41.84586444649112], [-93.59983004997355, 41.840567681970846], [-93.59779478374669, 41.8314415908138], [-93.58314338812517, 41.8285785786539], [-93.56939483080521, 41.817430397946964], [-93.54755807982227, 41.81530599969142], [-93.54015440869401, 41.7940219437316], [-93.53172302355819, 41.79339639349868], [-93.51954025493129, 41.782485128952594], [-93.51593312201018, 41.77219208859113], [-93.50363180990176, 41.76724214795421], [-93.50831758681541, 41.75838495063604], [-93.49273029668649, 41.7431262229058], [-93.46428530580991, 41.74175606626337], [-93.46438147315601, 41.72727821916174], [-93.45856065421962, 41.726014331964], [-93.45739688048083, 41.71535961883741], [-93.45263160446116, 41.71344815233793], [-93.44173285446371, 41.68942566452688], [-93.4316522891287, 41.68429395641562], [-93.4201007702452, 41.69386077001911], [-93.38624470089793, 41.69811905301247], [-93.37541193754798, 41.695516816585595], [-93.36782452141824, 41.67975540935877], [-93.35047366052015, 41.66149272515787], [-93.35333449915434, 41.65637924753129], [-93.32503671161011, 41.6424569136885], [-93.32214434031282, 41.63472603045031], [-93.3119853385788, 41.63981202147616], [-93.30343480539527, 41.63210482235371], [-93.28996371431037, 41.632191113057104], [-93.2854847924572, 41.62139226234875], [-93.27240942632295, 41.61844263672534], [-93.26237351174916, 41.59645970181087], [-93.24196643852405, 41.59489580922958], [-93.23312957722518, 41.60061940825989], [-93.22728496191691, 41.59625558387434], [-93.21331331428435, 41.59643249946965], [-93.19948508538182, 41.587534669122434], [-93.1870216093983, 41.58784529169413], [-93.1373372157617, 41.55594586541494], [-93.1353347191781, 41.550783362697636], [-93.11412362412932, 41.54078545644869], [-93.10967878705294, 41.522889841417346], [-93.09086387705763, 41.517411553692725], [-93.07739601990777, 41.50506062263843], [-93.06816060127016, 41.486684624555174], [-93.03489287633171, 41.472350062526125], [-93.02405276566105, 41.44787300388216], [-92.96708215382293, 41.4217661816957], [-92.95771514636925, 41.40893639585282], [-92.94036112789296, 41.41229626076334], [-92.92455138974685, 41.40926261762994], [-92.91928879380946, 41.406288345711175], [-92.91775668026146, 41.39765383691596], [-92.89673689762209, 41.39585659629375], [-92.89096172298359, 41.40852786408846], [-92.88280943093184, 41.410729132699366], [-92.88145425764704, 41.41956488157002], [-92.84779765112377, 41.42102673569522], [-92.84125706335416, 41.39206122413364], [-92.82655322408635, 41.38373905906071], [-92.80991194332951, 41.384399163216685], [-92.7952126136044, 41.378732726625564], [-92.79592081034012, 41.37081912425292], [-92.79098841623656, 41.365732911558986], [-92.76772931954514, 41.35720097501218], [-92.7510575355945, 41.34025456295034], [-92.71715624595414, 41.34090685781471], [-92.70004961003235, 41.33329765740193], [-92.69159667970277, 41.31941883744622], [-92.6672011171589, 41.31252988746265], [-92.66598011804156, 41.30650613537814], [-92.64910539388846, 41.294277247200625], [-92.63964008289494, 41.292649341263754], [-92.61500646859739, 41.27232402559109], [-92.57199265074861, 41.24980922508304], [-92.56406581607024, 41.249393387447135], [-92.54142405871006, 41.26230641928064], [-92.51605916097402, 41.25779373351922], [-92.52044049344799, 41.24948951978941], [-92.49318275018689, 41.24602657860237], [-92.44516276858342, 41.22112563375362], [-92.39157545285381, 41.20381441361173], [-92.3783856961496, 41.193018970129145], [-92.36524389600683, 41.18924572105948], [-92.35817394451503, 41.18047636567962], [-92.33433577223191, 41.17683541463869], [-92.32760037940305, 41.16919223762952], [-92.30765959379417, 41.16867370169973], [-92.29057857782428, 41.187951993173854], [-92.24649516920435, 41.18760491428226], [-92.2441873469338, 41.17888171315866], [-92.22669265767388, 41.18297189748092], [-92.20553965487788, 41.18111694794007], [-92.17551665462715, 41.17084590060993], [-92.1629131483588, 41.15887392935209], [-92.13574670447329, 41.151378051298124], [-92.13018892123523, 41.17036234874649], [-92.132659084349, 41.17462806630784], [-92.11003583587693, 41.187025109294545], [-92.1015668921791, 41.19872177422743], [-92.04083227911339, 41.19531756964859], [-92.03369915719252, 41.20516339460968], [-92.03526466201791, 41.21419404891594], [-92.0255251816064, 41.225361654398725], [-92.03116309277118, 41.22835498330195], [-92.026792868864, 41.24935441509126], [-92.0605779218965, 41.249722832365364], [-92.10004705321114, 41.26440837733244], [-92.13160094350447, 41.2644576725509], [-92.14168510569387, 41.269380904791156], [-92.17068845791002, 41.26448848035545], [-92.17697176458897, 41.26895219428076], [-92.20392352279968, 41.266567759178756], [-92.21225424002981, 41.259375076457275], [-92.24262745118901, 41.26379847388321], [-92.2779970623141, 41.26067546504815], [-92.30997903217965, 41.27036247000982], [-92.31089484934046, 41.27519413631207], [-92.32525964106385, 41.282850962892375], [-92.33848070136078, 41.27737222644361], [-92.34675507984954, 41.283618439008684], [-92.36185604993142, 41.28288804807507], [-92.37901458601876, 41.29364236933849], [-92.40221259547423, 41.29155586081276], [-92.40758199930225, 41.29846895336367], [-92.4329799227014, 41.30190011262653], [-92.43485864581189, 41.31047432526827], [-92.44805154033138, 41.312462238431316], [-92.4497964593803, 41.31691723594475], [-92.45810349342626, 41.31474076010846], [-92.46221354276929, 41.321077377103194], [-92.46955463994982, 41.31998490493133], [-92.47559429657426, 41.32610426488902], [-92.50550151386636, 41.3334436978121], [-92.51079336254266, 41.34502761973963], [-92.52479198209161, 41.337900671284], [-92.55107603961963, 41.34390482134209], [-92.55653320256272, 41.357610774692944], [-92.58449862782487, 41.36507231051354], [-92.59591259038386, 41.374786668889996], [-92.59685756506215, 41.38315525706229], [-92.6541279285409, 41.405026980189845], [-92.70518817468013, 41.43481208615898], [-92.71548849937467, 41.4365390824964], [-92.74770710435068, 41.45850732571401], [-92.75466169149875, 41.45882211954606], [-92.76377665144663, 41.46910041492838], [-92.75922906147483, 41.483048379129905], [-92.75214834097939, 41.48273304541611], [-92.7469005259217, 41.489949960131696], [-92.74788555108861, 41.500762438295716], [-92.76086303319624, 41.51084019692107], [-92.76440169293312, 41.525292189039554], [-92.77254934338981, 41.52966272014004], [-92.77321768996119, 41.54290934767317], [-92.7944185999113, 41.55520660215297], [-92.82997008394881, 41.56590327541351], [-92.91702088817856, 41.61733293817613], [-92.92065178603049, 41.62312417069327], [-92.91018269574185, 41.62895235380023], [-92.90704061255849, 41.64072567775724], [-92.91308759494409, 41.65164769561239], [-92.90921955443356, 41.65689958101203], [-92.92127341212226, 41.66945580305949], [-92.92807868310042, 41.68600866061966], [-92.94254664004599, 41.6902134773179], [-92.94642304207518, 41.704632020192186], [-92.95451448494455, 41.707866293134465], [-92.95499638617872, 41.71457978465942], [-92.97033547448959, 41.72359302281854], [-92.98132485821101, 41.73852326481541], [-92.99495518825644, 41.74407974633338], [-93.01390989856785, 41.74031481967979], [-93.02958326436898, 41.75297701401473], [-93.03909355760204, 41.754604228498174], [-93.06633929937097, 41.779406543246814], [-93.06883133376694, 41.78712692549017], [-93.10795298325496, 41.80004876861256], [-93.10620828608994, 41.81361951364054], [-93.11628584745861, 41.817394590917715], [-93.11693239101974, 41.82528759702538], [-93.1475153758658, 41.84526232121864], [-93.15131918503688, 41.860831983308515], [-93.1625402945757, 41.875880763192875], [-93.14945319913879, 41.88910241186698], [-93.16033467812662, 41.909893635120305], [-93.16776238457864, 41.913373608079006], [-93.16719990266685, 41.921716918621954], [-93.18473024336544, 41.92746220838983], [-93.18327284988614, 41.93514050208929], [-93.18780153121956, 41.941631746446426], [-93.18046172671473, 41.946683648011586], [-93.18493420674902, 41.96336255564629], [-93.21301676873097, 41.97107068746146], [-93.21150360424556, 41.97715016978934], [-93.2191532269121, 41.9783368700178], [-93.22713241899851, 41.99129692392698], [-93.25115366344495, 42.00018677980633], [-93.25765340392026, 42.01255036570779], [-93.27237242291976, 42.01343561075606], [-93.26953862986383, 42.032487289518905], [-93.2732375014367, 42.036367604400645], [-93.2629666899925, 42.03898009610817], [-93.26857500256698, 42.04731181271631], [-93.25500046868048, 42.05549810836619], [-93.27025861788596, 42.05983287491986], [-93.27477112595098, 42.08515092200713], [-93.3100622818124, 42.10085127344541], [-93.30120482753398, 42.112477318500254], [-93.304120387942, 42.129600331370064], [-93.30028804288762, 42.13169666242838], [-93.30967039805792, 42.13333865050833], [-93.30605970690999, 42.137444644176234], [-93.31129270785033, 42.14101215158298], [-93.3349146628311, 42.139551603882914], [-93.34544852434665, 42.1477987578376], [-93.36172892131115, 42.1464927128299], [-93.36252999755902, 42.15638902038994], [-93.40153191060283, 42.170628310969995], [-93.3966846291775, 42.20627949816857], [-93.4015611786131, 42.208666993873805], [-93.40087042536359, 42.21804145364685], [-93.40833185906295, 42.229746249077024], [-93.4237264120544, 42.24063286388507], [-93.42008577017658, 42.244935134140356], [-93.42444888840987, 42.25349303595088], [-93.42194518669498, 42.2597476109093], [-93.42904396063265, 42.262762114397205], [-93.4371187442451, 42.25844136284115], [-93.44925971785509, 42.27164918635812], [-93.46456914199867, 42.26841417217456], [-93.45693827525692, 42.28729592116055], [-93.46541251542169, 42.300622701830044], [-93.45957754801955, 42.30379571675692], [-93.46900176108883, 42.31323974330775], [-93.49057833571099, 42.31220584733542], [-93.48887722929511, 42.32387968267277], [-93.49917940541742, 42.3292825543637], [-93.50001439127065, 42.333165123792504], [-93.48152253521444, 42.34855207961498], [-93.49065806568402, 42.355933593299], [-93.48383408190017, 42.36722159980986], [-93.49891044173653, 42.368379393166364], [-93.50641387437037, 42.36160539026498], [-93.52957887253577, 42.37565489956574], [-93.52980641579724, 42.38176624053417], [-93.54426535275906, 42.387574948319674], [-93.55956132373292, 42.38024888166161], [-93.56584512358697, 42.38809883213452], [-93.56484133620702, 42.41810612659521], [-93.5526507854748, 42.4372520228549], [-93.55451875754795, 42.45756252007569], [-93.54750777416636, 42.47169653494059], [-93.55045009718334, 42.47689365246532], [-93.54621102012113, 42.48802258417008], [-93.55304358461257, 42.503306217718276], [-93.56416854746655, 42.50549208200909], [-93.57050560484055, 42.50117166582301], [-93.58166936682997, 42.50806379223938], [-93.61532445160717, 42.51142648338786], [-93.62165044083852, 42.50043386474025], [-93.61669926655563, 42.49795152736114], [-93.61850848072437, 42.49441799531138], [-93.63289035301457, 42.49134391600668], [-93.63335738713079, 42.4866671122079], [-93.65483589087674, 42.472863503255034], [-93.66085971738924, 42.47546669687071], [-93.65691090575827, 42.48753447479879], [-93.66504567257715, 42.49505771632211], [-93.66129155730926, 42.49843918387674], [-93.66676986928907, 42.50325855527434], [-93.66295151459691, 42.50469158168968]]]}, "properties": {"huc8": "07080105", "name": "South Skunk", "states": "IA", "areasqkm": 4774.75, "episode_count": 6, "event_count": 13, "huc8_name": "South Skunk", "area_sqkm": 4774.75}}, {"type": "Feature", "geometry": {"type": "Polygon", "coordinates": [[[-93.20938480907034, 42.024127717536935], [-93.25900395088136, 42.0128990182034], [-93.25115366344495, 42.00018677980633], [-93.22713241899851, 41.99129692392698], [-93.2191532269121, 41.9783368700178], [-93.21179735603842, 41.977475124533896], [-93.21334250773445, 41.97127772913711], [-93.18435295364105, 41.962495061391785], [-93.18046093799391, 41.94640483566594], [-93.18845112456107, 41.93785594089537], [-93.18327284988614, 41.93514050208929], [-93.18258479517574, 41.92553315357457], [-93.16719990266685, 41.921716918621954], [-93.16776238457864, 41.913373608079006], [-93.16033467812662, 41.909893635120305], [-93.15151882303236, 41.89409289241695], [-93.14934942845213, 41.88562803512284], [-93.1625402945757, 41.875880763192875], [-93.15131918503688, 41.860831983308515], [-93.1475153758658, 41.84526232121864], [-93.11693239101974, 41.82528759702538], [-93.11628584745861, 41.817394590917715], [-93.10620828608994, 41.81361951364054], [-93.10795298325496, 41.80004876861256], [-93.06883133376694, 41.78712692549017], [-93.06633929937097, 41.779406543246814], [-93.03909355760204, 41.754604228498174], [-93.02958326436898, 41.75297701401473], [-93.01390989856785, 41.74031481967979], [-92.99495518825644, 41.74407974633338], [-92.98132485821101, 41.73852326481541], [-92.97033547448959, 41.72359302281854], [-92.95499638617872, 41.71457978465942], [-92.95451448494455, 41.707866293134465], [-92.94642304207518, 41.704632020192186], [-92.94254664004599, 41.6902134773179], [-92.92807868310042, 41.68600866061966], [-92.92127341212226, 41.66945580305949], [-92.90921955443356, 41.65689958101203], [-92.91308759494409, 41.65164769561239], [-92.90704061255849, 41.64072567775724], [-92.91018269574185, 41.62895235380023], [-92.92065178603049, 41.62312417069327], [-92.91702088817856, 41.61733293817613], [-92.82997008394881, 41.56590327541351], [-92.7944185999113, 41.55520660215297], [-92.77321768996119, 41.54290934767317], [-92.77254934338981, 41.52966272014004], [-92.76440169293312, 41.525292189039554], [-92.76086303319624, 41.51084019692107], [-92.74788555108861, 41.500762438295716], [-92.7469005259217, 41.489949960131696], [-92.75214834097939, 41.48273304541611], [-92.75922906147483, 41.483048379129905], [-92.76377665144663, 41.46910041492838], [-92.75466169149875, 41.45882211954606], [-92.74770710435068, 41.45850732571401], [-92.71548849937467, 41.4365390824964], [-92.70518817468013, 41.43481208615898], [-92.6541279285409, 41.405026980189845], [-92.59685756506215, 41.38315525706229], [-92.59591259038386, 41.374786668889996], [-92.58449862782487, 41.36507231051354], [-92.55653320256272, 41.357610774692944], [-92.55107603961963, 41.34390482134209], [-92.52479198209161, 41.337900671284], [-92.51079336254266, 41.34502761973963], [-92.50550151386636, 41.3334436978121], [-92.47559429657426, 41.32610426488902], [-92.46955463994982, 41.31998490493133], [-92.46221354276929, 41.321077377103194], [-92.45810349342626, 41.31474076010846], [-92.4497964593803, 41.31691723594475], [-92.44805154033138, 41.312462238431316], [-92.43485864581189, 41.31047432526827], [-92.4329799227014, 41.30190011262653], [-92.40758199930225, 41.29846895336367], [-92.40221259547423, 41.29155586081276], [-92.37901458601876, 41.29364236933849], [-92.36185604993142, 41.28288804807507], [-92.34675507984954, 41.283618439008684], [-92.33848070136078, 41.27737222644361], [-92.32525964106385, 41.282850962892375], [-92.31089484934046, 41.27519413631207], [-92.30997903217965, 41.27036247000982], [-92.2779970623141, 41.26067546504815], [-92.24262745118901, 41.26379847388321], [-92.21225424002981, 41.259375076457275], [-92.20392352279968, 41.266567759178756], [-92.17697176458897, 41.26895219428076], [-92.17068845791002, 41.26448848035545], [-92.14168510569387, 41.269380904791156], [-92.13160094350447, 41.2644576725509], [-92.10004705321114, 41.26440837733244], [-92.0605779218965, 41.249722832365364], [-92.02589534140238, 41.24924796586242], [-92.02974693016681, 41.25093610011608], [-92.02492087144006, 41.26192593372004], [-92.0357438718995, 41.26276783427399], [-92.03572739679717, 41.26908729490545], [-92.02361817144595, 41.28265959418495], [-92.03569768591747, 41.30234474165773], [-92.01936032318754, 41.31175292642883], [-92.01793300530397, 41.32724146032821], [-92.04399385933166, 41.37289033527987], [-92.05155308273454, 41.37392525004693], [-92.0504005029025, 41.38007879448918], [-92.02553049603964, 41.390672885888975], [-92.02648972159159, 41.40052960734727], [-92.05059248725176, 41.412554257683], [-92.06053862509438, 41.43890605636559], [-92.08085516071526, 41.44856499537596], [-92.08264101150009, 41.45490658025376], [-92.09756580219182, 41.455968385759014], [-92.10566070626997, 41.44921085130489], [-92.1211951458158, 41.45713798785506], [-92.14095850876619, 41.44788508292075], [-92.15769907402318, 41.44761606033488], [-92.16860668320597, 41.43780093313905], [-92.19584600022398, 41.43959544709478], [-92.21959719672296, 41.45245682977948], [-92.22549453595191, 41.450408981669916], [-92.23460115144911, 41.45501711909552], [-92.2451932300833, 41.45129778551805], [-92.26131742978282, 41.4590525987279], [-92.28684453630972, 41.45568175799356], [-92.30373376196646, 41.461790943205806], [-92.30590249269169, 41.46698040453568], [-92.32479845587845, 41.465070069378385], [-92.38713328557046, 41.476842620933105], [-92.39477035877249, 41.480008532037516], [-92.39748450701235, 41.490804462957186], [-92.43782104348053, 41.497400465594076], [-92.45412500594986, 41.50823206238951], [-92.4897595518118, 41.50761636508777], [-92.49205741805406, 41.52392768745728], [-92.51896600592717, 41.54524555323209], [-92.51030422897213, 41.56183177064641], [-92.52637852546098, 41.577985625545566], [-92.51817247822264, 41.59826338452491], [-92.54050702882364, 41.61849858422982], [-92.5501577332272, 41.62271921134987], [-92.57514500257399, 41.61916802782483], [-92.59279240094062, 41.624894301946995], [-92.62224185922182, 41.650002725795474], [-92.64390530272854, 41.6523454148657], [-92.67045742741882, 41.66842511462495], [-92.68826521369122, 41.66916113885248], [-92.71427476313643, 41.68690217939796], [-92.74095330234671, 41.6936429806317], [-92.74177855405551, 41.701952479336875], [-92.73394808075935, 41.708454878792324], [-92.7355910158707, 41.712648233093354], [-92.72207573396201, 41.718121377589156], [-92.71574294538226, 41.73571566402971], [-92.72402470353107, 41.739149405933134], [-92.72691362709433, 41.74787503960501], [-92.70725986399847, 41.753116541267325], [-92.71333789665188, 41.777554014546155], [-92.71998459252453, 41.77775628862626], [-92.73408605030889, 41.790672862679756], [-92.7554500592803, 41.79482403070582], [-92.76766278672194, 41.80983430957887], [-92.79732736456421, 41.821014762097356], [-92.79865094320215, 41.829172947652346], [-92.81148977034567, 41.831723061984874], [-92.81329591497109, 41.838214360644116], [-92.83396049745892, 41.85473225818886], [-92.86417003647168, 41.85866113610802], [-92.87025336379534, 41.86756180812242], [-92.88999004229022, 41.870184729782885], [-92.90715004981799, 41.88302556655344], [-92.91533834454971, 41.88371822050978], [-92.92349806477054, 41.87643175183724], [-92.92972664338747, 41.88405678800739], [-92.93828025599576, 41.88330388611585], [-92.94368722557235, 41.89227175810236], [-92.96085768499844, 41.88394293386396], [-92.99275188137592, 41.90237998907002], [-93.00588264930869, 41.91451936140677], [-93.00810491513326, 41.9277165696153], [-93.02893984694505, 41.93430471990517], [-93.03308114508354, 41.94421229881348], [-93.05154095553861, 41.94090259960369], [-93.07009665755702, 41.956949697319665], [-93.09091435519007, 41.95906915030661], [-93.09227993545744, 41.96555179278349], [-93.10337303596661, 41.97055074739804], [-93.12462270018213, 41.97127315149017], [-93.15670091195398, 41.98084222357105], [-93.16701293540844, 41.9878562023686], [-93.16865627565998, 41.99449430423092], [-93.1927083287274, 42.00748362027511], [-93.20446387207993, 42.007604669920646], [-93.21147396972265, 42.01722886665895], [-93.20938480907034, 42.024127717536935]]]}, "properties": {"huc8": "07080106", "name": "North Skunk", "states": "IA", "areasqkm": 2259.61, "episode_count": 3, "event_count": 5, "huc8_name": "North Skunk", "area_sqkm": 2259.61}}, {"type": "Feature", "geometry": {"type": "Polygon", "coordinates": [[[-91.98421980581611, 41.44337784418937], [-92.00989040473493, 41.444128629865375], [-92.03332569518955, 41.43133077946006], [-92.05440602158411, 41.43052089055546], [-92.0559818103229, 41.4229107436418], [-92.05059248725176, 41.412554257683], [-92.02648972159159, 41.40052960734727], [-92.02553049603964, 41.390672885888975], [-92.0504005029025, 41.38007879448918], [-92.05155308273454, 41.37392525004693], [-92.04399385933166, 41.37289033527987], [-92.01788061286167, 41.32694072265166], [-92.01936032318754, 41.31175292642883], [-92.03569768591747, 41.30234474165773], [-92.02361817144595, 41.28265959418495], [-92.03572739679717, 41.26908729490545], [-92.0357438718995, 41.26276783427399], [-92.02492087144006, 41.26192593372004], [-92.03116309277118, 41.22835498330195], [-92.02548496852272, 41.22551861235265], [-92.03526466201791, 41.21419404891594], [-92.0346633387499, 41.20314379118383], [-92.04167122204544, 41.19490985918744], [-92.08290057431155, 41.20059372814509], [-92.1015668921791, 41.19872177422743], [-92.11003583587693, 41.187025109294545], [-92.132659084349, 41.17462806630784], [-92.13458462495713, 41.151535017605305], [-92.1629131483588, 41.15887392935209], [-92.17551665462715, 41.17084590060993], [-92.20553965487788, 41.18111694794007], [-92.22669265767388, 41.18297189748092], [-92.2441873469338, 41.17888171315866], [-92.24649516920435, 41.18760491428226], [-92.29057857782428, 41.187951993173854], [-92.30765959379417, 41.16867370169973], [-92.32760037940305, 41.16919223762952], [-92.33433577223191, 41.17683541463869], [-92.35817394451503, 41.18047636567962], [-92.36524389600683, 41.18924572105948], [-92.3783856961496, 41.193018970129145], [-92.39157545285381, 41.20381441361173], [-92.44516276858342, 41.22112563375362], [-92.49318275018689, 41.24602657860237], [-92.52044049344799, 41.24948951978941], [-92.51580508956388, 41.25755671867376], [-92.52851128045572, 41.26147042747365], [-92.542605426852, 41.26194411052473], [-92.56445535971342, 41.24924770448374], [-92.56069084644612, 41.23983534555385], [-92.5712725800815, 41.23822359300444], [-92.57269179156795, 41.225380331218446], [-92.58904555573834, 41.213513649112144], [-92.58618753871244, 41.20275692960008], [-92.57928899925157, 41.19786276136651], [-92.58303115255315, 41.18993983189105], [-92.52078501622408, 41.16697550715961], [-92.50294096226871, 41.14788512077802], [-92.4796725787939, 41.14311607852384], [-92.46443474319193, 41.13268576098362], [-92.46248910457595, 41.124268179974], [-92.44591034925782, 41.1078669289107], [-92.45437189263436, 41.093942093043516], [-92.42114131123625, 41.068039383336064], [-92.42103434793707, 41.05761388666996], [-92.41617050696777, 41.05689776277979], [-92.40735430242887, 41.06625326222632], [-92.39625556948288, 41.0619055434516], [-92.38690555006953, 41.06470910018502], [-92.36834521094764, 41.05843110713403], [-92.36184847713358, 41.050372820727716], [-92.33474254017233, 41.04646568705966], [-92.32047512043586, 41.02318722456323], [-92.32681507128336, 41.00694338703115], [-92.32374930088172, 40.99759827898442], [-92.30415034939126, 40.99456044207481], [-92.25238257755782, 40.960751717307], [-92.24247694475137, 40.96090156108458], [-92.23410700348269, 40.95059277394105], [-92.21908213956999, 40.945343364875335], [-92.2099139481533, 40.95083708898184], [-92.19161643991386, 40.95019543737], [-92.17892736641979, 40.96046648758855], [-92.16248082604349, 40.94752063097573], [-92.14148835847696, 40.94318332461918], [-92.1080844408566, 40.964526763329026], [-92.09743438046239, 40.95676961475973], [-92.09088074286666, 40.96366692930846], [-92.07584826034204, 40.96614293169911], [-92.0539477271773, 40.96197547924632], [-92.02892624998448, 40.94505737308496], [-92.0124375283157, 40.952360688810685], [-92.0080171146353, 40.943356372600306], [-91.99455198297397, 40.93399449171109], [-91.99972378169403, 40.9313168078319], [-92.00256422857127, 40.918447959564176], [-91.99283962965076, 40.90519265500268], [-91.96797294116453, 40.902505951845264], [-91.95444851710123, 40.890607643449165], [-91.95584306174831, 40.882812176304064], [-91.94760131096899, 40.87419597518325], [-91.92392024504589, 40.87433882466963], [-91.91172334322461, 40.86156837959391], [-91.89982370650726, 40.85843091637794], [-91.89074121886027, 40.866001875464725], [-91.8719947667778, 40.863971714967384], [-91.86461043727591, 40.87336262919788], [-91.8462641936357, 40.868826054501056], [-91.83148796722395, 40.85558371115172], [-91.83381140940068, 40.826508824477976], [-91.85139051424615, 40.821796156576234], [-91.84526711577261, 40.81341921123339], [-91.83641310294003, 40.80738117193768], [-91.81513939801086, 40.808930714963466], [-91.80449225444639, 40.80218544655309], [-91.7865747021311, 40.8012843936608], [-91.78111587910138, 40.795794261466874], [-91.7651038304718, 40.798109606810094], [-91.74868303940482, 40.789198568996795], [-91.75094886094426, 40.7789718826779], [-91.73246425249576, 40.78077721433574], [-91.71722073145641, 40.76440611861038], [-91.70238985333941, 40.756689546363496], [-91.67863949676519, 40.75581709222443], [-91.66342054644547, 40.764331755237606], [-91.64555593813807, 40.76464826641987], [-91.64485719347579, 40.77624601042622], [-91.66152816355277, 40.785524743859824], [-91.65219007466473, 40.796527558806524], [-91.65619271065259, 40.79959881357392], [-91.64567426512562, 40.803251146930215], [-91.6315999364628, 40.796401402895036], [-91.62480684574159, 40.803547707603286], [-91.61474089060637, 40.8029768110801], [-91.59318723739703, 40.834420031229484], [-91.58543728998123, 40.83097896013996], [-91.58358528366563, 40.82113185573422], [-91.55690805330067, 40.82474810681384], [-91.54961568074116, 40.8004389178056], [-91.5370315205908, 40.7989071789768], [-91.5292116069908, 40.80790280163028], [-91.50113707235424, 40.80346583681341], [-91.49730449463617, 40.78940874882792], [-91.493324386599, 40.79068677116942], [-91.47012216404485, 40.77481186883091], [-91.47091538811884, 40.76647093653095], [-91.46592207656091, 40.76277234847294], [-91.43810861390547, 40.76839349312831], [-91.43354237760332, 40.76082220419887], [-91.41660030585504, 40.758352184274806], [-91.40493231231011, 40.7668146009075], [-91.39223234404827, 40.757357395710905], [-91.38238187858003, 40.75952207282683], [-91.35476858033284, 40.751337955254805], [-91.34361559543188, 40.7430843929047], [-91.31005204089732, 40.73722079427547], [-91.28015804321295, 40.720491054265814], [-91.2653703255521, 40.73262518100516], [-91.25679707846663, 40.727619588526544], [-91.24758066907876, 40.7299825435851], [-91.24486423193154, 40.72390653711273], [-91.22882277605285, 40.71544369594471], [-91.19714778207941, 40.715262891937726], [-91.18224103315185, 40.70777882357775], [-91.1735304956432, 40.71707944324356], [-91.16433930555861, 40.71710520459847], [-91.15037310620824, 40.70088026294696], [-91.1151991580335, 40.697501026941836], [-91.11610274373339, 40.701354813019215], [-91.13145204499075, 40.69974890630054], [-91.15063033968816, 40.70764333473185], [-91.15626847633007, 40.72341090801585], [-91.1810400808384, 40.721061978203096], [-91.18157836393307, 40.74340021167318], [-91.21148817016982, 40.75126806052289], [-91.2327221515971, 40.769570593349734], [-91.2302213523389, 40.7830030018737], [-91.2488670368027, 40.797251624550654], [-91.24773511103567, 40.826399295139176], [-91.26233786468119, 40.827750106502585], [-91.28898251943899, 40.849131601665384], [-91.29129441916263, 40.87565889116675], [-91.32291693715038, 40.88615673999154], [-91.33433972206379, 40.90066430427269], [-91.37037393737877, 40.910565972843976], [-91.40649386005671, 40.93706826010765], [-91.40781491981858, 40.94212725363609], [-91.40049683478071, 40.94646608002137], [-91.39080490399381, 40.96346964174977], [-91.35282438081794, 40.973958325546526], [-91.34912874407843, 40.97802379759631], [-91.3525549203687, 40.987060259590514], [-91.3420744313574, 40.998242764042864], [-91.33347188751559, 40.9939715397693], [-91.32456049030263, 40.997081222740356], [-91.3212210364716, 41.01041717617683], [-91.3268770702489, 41.0196584059978], [-91.31907251784025, 41.02364168271187], [-91.31261392110326, 41.04032078718807], [-91.29862514439488, 41.04558467923589], [-91.2838067447755, 41.06125971019792], [-91.29439212107935, 41.073449178257555], [-91.28418539993912, 41.081190947639165], [-91.29520963200534, 41.105420690383994], [-91.30982832895054, 41.11811957112376], [-91.33066443396208, 41.12749646211874], [-91.34273338244924, 41.141634183708184], [-91.33882472640977, 41.15260272741221], [-91.35055220100291, 41.15457302378273], [-91.35977573762423, 41.17276491970162], [-91.37617016493428, 41.167549195200934], [-91.4034855665619, 41.17651080541691], [-91.41124631082909, 41.16079579804693], [-91.43148979095947, 41.16406906669754], [-91.43770535298792, 41.16765691419099], [-91.43861213938517, 41.17688522013549], [-91.45570290656745, 41.17443453936834], [-91.46230248221018, 41.17886165864567], [-91.46440325987575, 41.18842852176251], [-91.49569977026377, 41.19682074197012], [-91.4918664927581, 41.21618748049239], [-91.50794151328908, 41.22171090362212], [-91.51178765736455, 41.22748759800818], [-91.53060873878587, 41.23324177495847], [-91.53858991884401, 41.22954687114936], [-91.56860085831374, 41.2303989472402], [-91.58193745722757, 41.23645378313467], [-91.59375337904527, 41.24998856482924], [-91.6043396419863, 41.25067507554348], [-91.64836165255318, 41.27144836497838], [-91.65282590312114, 41.26588102858728], [-91.66686430995237, 41.271707032581816], [-91.68605099671117, 41.292380245646136], [-91.68929779111728, 41.31421936246047], [-91.70412846352008, 41.31807653516762], [-91.71721938308515, 41.345441949130816], [-91.73636112353704, 41.34760559183313], [-91.77169313567589, 41.36395688645473], [-91.76754700280455, 41.3876474267529], [-91.75586732756767, 41.39456530827915], [-91.7598258975976, 41.4084753440779], [-91.79479442801629, 41.40836797006131], [-91.81273992602176, 41.41479616183536], [-91.8202468620852, 41.42193004061341], [-91.82022052078612, 41.42810700970831], [-91.82749698597858, 41.43075525343179], [-91.83695537006297, 41.42137091662382], [-91.86651543700677, 41.42898000806707], [-91.89129624745014, 41.4280847281712], [-91.89663435846526, 41.43429185818069], [-91.94959334487444, 41.4270016871256], [-91.96911043289306, 41.43086744245159], [-91.98421980581611, 41.44337784418937]]]}, "properties": {"huc8": "07080107", "name": "Skunk", "states": "IA", "areasqkm": 4231.12, "episode_count": 4, "event_count": 6, "huc8_name": "Skunk", "area_sqkm": 4231.12}}, {"type": "Feature", "geometry": {"type": "Polygon", "coordinates": [[[-93.54302033538598, 43.665433513613785], [-93.55774645017787, 43.6579999315655], [-93.56071930064316, 43.64844413739024], [-93.57646498441794, 43.64552942031182], [-93.57430537338948, 43.638965333047835], [-93.58252446955566, 43.6390320040697], [-93.59222538798697, 43.63111529634621], [-93.59514281778911, 43.61964626186968], [-93.58476028736462, 43.610317310860815], [-93.59082416616239, 43.60573199153882], [-93.58657469199908, 43.59873139572594], [-93.59505581954711, 43.58865543612593], [-93.59416617929368, 43.57997756944522], [-93.58106630172861, 43.579316158013256], [-93.57801267834621, 43.57575160619898], [-93.58340757995528, 43.572093857808326], [-93.57743614858002, 43.57047861078945], [-93.57841797664285, 43.56623703950947], [-93.60302417795118, 43.55931111465194], [-93.60761418187914, 43.54892983371704], [-93.63603344410767, 43.55009286235319], [-93.66337552659755, 43.557511727421826], [-93.65926404354332, 43.545260358901984], [-93.6374423986302, 43.53030735058029], [-93.65358324770521, 43.52136313830735], [-93.64958566743576, 43.51878593998885], [-93.6527705499525, 43.50696856413047], [-93.64922998039732, 43.50065124959963], [-93.65543098792152, 43.4813840631937], [-93.6597023171974, 43.475132205434825], [-93.69934126333843, 43.4836130585922], [-93.70120474832673, 43.474837528735584], [-93.71943819500832, 43.46462608623795], [-93.69680048905006, 43.4436677554481], [-93.6986530666942, 43.43122084974142], [-93.74077476943094, 43.42463448204971], [-93.7422712162689, 43.41443401903833], [-93.75440548215867, 43.40526482296666], [-93.75247341439167, 43.40066964977011], [-93.7638600259452, 43.3897346121477], [-93.76640173358314, 43.375203412713645], [-93.78225087902415, 43.367457062804604], [-93.78310651984069, 43.35325260301645], [-93.79356789988924, 43.33606088204804], [-93.77307360833488, 43.32230847736772], [-93.76873602920513, 43.31457469061901], [-93.77496410117223, 43.31111916319937], [-93.7749219710837, 43.303869357599936], [-93.7660865587674, 43.30459793677189], [-93.76749561749452, 43.30141352335577], [-93.75152436315862, 43.28531632299045], [-93.76395252367338, 43.28315383931546], [-93.77107370339088, 43.27336817217935], [-93.76710155352882, 43.264982930363885], [-93.75404929475863, 43.265216824976925], [-93.74006357232219, 43.2555100151328], [-93.7288331786949, 43.25626774295452], [-93.7200947682596, 43.247073425779334], [-93.7046352266489, 43.247062582739844], [-93.70692350337549, 43.255339752850475], [-93.69482165139613, 43.25139335938553], [-93.6904572611484, 43.24781101752098], [-93.69509939161735, 43.2439911216715], [-93.6830943654492, 43.234507066823866], [-93.68865043829494, 43.22615532381551], [-93.67780205773379, 43.22502768679552], [-93.66343201895081, 43.21075465636651], [-93.65835269639938, 43.21277459108025], [-93.65853344551938, 43.208487985084346], [-93.63797568349862, 43.206620151079775], [-93.63759289069482, 43.195027872980795], [-93.62030626113618, 43.18531071259363], [-93.5967014558925, 43.18350215780092], [-93.58806002398201, 43.1961557425808], [-93.56125989689967, 43.206622315757976], [-93.54670276150091, 43.19483321762858], [-93.53300806986034, 43.19471679020856], [-93.52922579510323, 43.180303563397004], [-93.51115757555186, 43.1758017840377], [-93.50556203073252, 43.179818983870085], [-93.4910272085871, 43.1692149808137], [-93.49327175891892, 43.157777140823434], [-93.48823816241209, 43.146628735120764], [-93.50542043468418, 43.126112640425454], [-93.53158626224271, 43.120671957454825], [-93.53297442256306, 43.11644065494837], [-93.52999471256226, 43.11075412291087], [-93.5106550858297, 43.104489188587586], [-93.50200342300644, 43.095636787716955], [-93.47913064141306, 43.09007763680418], [-93.46508315530929, 43.07950616188954], [-93.46373567250163, 43.09421956199464], [-93.45339428401884, 43.09452740375607], [-93.4563553665539, 43.09943199666232], [-93.451535834986, 43.104706535589216], [-93.4174983203244, 43.11296107812152], [-93.40815467715295, 43.10473629023259], [-93.39257231518165, 43.11020364197078], [-93.37983775459483, 43.09277315572847], [-93.36460484265898, 43.09578556905395], [-93.3569676553709, 43.08915642576415], [-93.3531805476776, 43.095927216469654], [-93.34670593128415, 43.09681999913166], [-93.34009924367929, 43.083665645751914], [-93.34266429403989, 43.07765288654002], [-93.32017755984661, 43.07350348579622], [-93.31722468342167, 43.06058386240046], [-93.29904898044654, 43.069534674551555], [-93.27940521290488, 43.06525245007028], [-93.27395676900994, 43.07324682127147], [-93.25426059016135, 43.082839752313824], [-93.23268036029431, 43.0855148329852], [-93.2304881853368, 43.08016756186751], [-93.21556239661678, 43.07710153646066], [-93.21301515445839, 43.084431795693035], [-93.19848940709396, 43.09077071970097], [-93.18793364644839, 43.070369274427684], [-93.16879445272035, 43.06021222430246], [-93.16001455988186, 43.06736865506259], [-93.142324319961, 43.059235233057336], [-93.1030395615702, 43.05395167719559], [-93.09522739593953, 43.061249659243735], [-93.0653773752799, 43.07212832971822], [-93.0356194867341, 43.07121825196856], [-93.03166347151286, 43.0624921972275], [-93.01072227439286, 43.05253541045272], [-92.99446065042117, 43.05309741069429], [-92.97304994971624, 43.041101335854314], [-92.9640215442426, 43.04088487732637], [-92.96184367944757, 43.04519067047117], [-92.94111262162873, 43.03988443247744], [-92.95543598664447, 43.05505169857927], [-92.99535969244234, 43.06479619232316], [-92.9932982412233, 43.073610345857766], [-93.00470624705363, 43.08585536770515], [-93.00768569474637, 43.10299807785077], [-93.0156709549525, 43.11335720881375], [-93.04606197790719, 43.12117800262463], [-93.06303044665007, 43.13650167293613], [-93.06012046298329, 43.145007114324876], [-93.06951779217108, 43.155001697936285], [-93.10709420013156, 43.17029572133964], [-93.11370656329234, 43.18282294013394], [-93.1279428294548, 43.19290540323575], [-93.12221379767917, 43.201691137434665], [-93.13828632538524, 43.20795952677128], [-93.1471898371866, 43.22104050746614], [-93.16148971125769, 43.22739216476461], [-93.17313294723337, 43.253203813518084], [-93.1938688586497, 43.267345734347515], [-93.19896734855435, 43.28094927271427], [-93.21411964118505, 43.29879925515474], [-93.22091206445803, 43.299174024897994], [-93.2409567321447, 43.31873445159545], [-93.27907922416975, 43.3283894326538], [-93.28579768106054, 43.33717087561888], [-93.30674902375335, 43.34301374387108], [-93.30754429957945, 43.34794551845678], [-93.31542527975414, 43.350122449072124], [-93.30794460234479, 43.35866835451895], [-93.31265634596005, 43.365647097392056], [-93.31999507787643, 43.366774783833165], [-93.32012788211307, 43.37150584890844], [-93.34625957638576, 43.37542520525571], [-93.36938613474184, 43.37258773750411], [-93.38378628954472, 43.37919240729619], [-93.39282887312847, 43.37814533381275], [-93.39381113507758, 43.386598131676834], [-93.41816946335126, 43.386289015603076], [-93.42108450004147, 43.389995992229515], [-93.43112779607196, 43.38633292435475], [-93.4370134976264, 43.39240525095181], [-93.44693217486909, 43.39013533111382], [-93.46242731851112, 43.39737907503735], [-93.48792669045194, 43.396127100750824], [-93.50772179806785, 43.40731772650414], [-93.52208854003372, 43.40427515963549], [-93.532479309806, 43.40958035543852], [-93.53159660095332, 43.417436311964885], [-93.50229732391963, 43.42146076219918], [-93.49587308325069, 43.42902064803501], [-93.50017784871976, 43.43929099742572], [-93.52494971373952, 43.45328836252427], [-93.49847081072805, 43.46832526248475], [-93.4551257238469, 43.47430949845683], [-93.44118781334315, 43.49212547513143], [-93.44735781731197, 43.505998150536904], [-93.44260025063406, 43.51517546246714], [-93.45352305841314, 43.519777831183305], [-93.45590002131617, 43.53070830475299], [-93.45094696057117, 43.53427000843435], [-93.45539003605127, 43.54241937294797], [-93.46319844043585, 43.544715641831836], [-93.46733905136315, 43.535013795219825], [-93.47269551855278, 43.53335230815059], [-93.47531243853619, 43.53712640256026], [-93.46321866330953, 43.556452527656774], [-93.47754861387463, 43.56762016703721], [-93.46716239856084, 43.57465461577031], [-93.48702536760824, 43.58957206864225], [-93.46706741699091, 43.60720153445949], [-93.48060572811019, 43.61283481959538], [-93.4831006964039, 43.62667536236579], [-93.507484335609, 43.62649729804322], [-93.51789953596375, 43.641471595227166], [-93.52776604085138, 43.642822122177606], [-93.52485871979113, 43.65001941359289], [-93.52843095046849, 43.65815628018911], [-93.52427253313563, 43.661323634013186], [-93.53673873191278, 43.660656649915325], [-93.54302033538598, 43.665433513613785]]]}, "properties": {"huc8": "07080203", "name": "Winnebago", "states": "IA,MN", "areasqkm": 1782.95, "episode_count": 4, "event_count": 4, "huc8_name": "Winnebago", "area_sqkm": 1782.95}}, {"type": "Feature", "geometry": {"type": "Polygon", "coordinates": [[[-93.00614876533014, 42.67997732378024], [-93.05489984891241, 42.679841006944876], [-93.06560510718757, 42.67086617674307], [-93.14403379867534, 42.64358108530174], [-93.15403331800539, 42.634711388739156], [-93.17664499258333, 42.63006812317642], [-93.19249539117415, 42.642218460568756], [-93.20341360856212, 42.636714497235786], [-93.2247862081226, 42.64366554606751], [-93.2445895452048, 42.64004978802278], [-93.27246257604506, 42.630273473852014], [-93.26771297562706, 42.61979279859609], [-93.28483072460725, 42.61677605130444], [-93.28079195029382, 42.609365437181005], [-93.28598075142723, 42.60811094275497], [-93.28026823248317, 42.59684792267456], [-93.24751129051359, 42.58815463459665], [-93.24148348087108, 42.58048854115197], [-93.24337759032576, 42.575936742686906], [-93.23266060903617, 42.56551307900636], [-93.23257080805047, 42.55695668591807], [-93.22443249468284, 42.56051134984601], [-93.1917041380039, 42.55692309715879], [-93.18592022814758, 42.544882502621796], [-93.17219923203884, 42.558781419493215], [-93.16207121319898, 42.55238161080055], [-93.14462192299689, 42.557508893221865], [-93.1434790844958, 42.552470733562565], [-93.15030423339458, 42.54409839170529], [-93.14537150601605, 42.54151450416201], [-93.14592937507885, 42.53351014879407], [-93.16425089977741, 42.53026621031751], [-93.16402072894373, 42.52149782180955], [-93.1533953048462, 42.515464981741566], [-93.14527949517476, 42.49636782322153], [-93.12639225193445, 42.49997157163], [-93.09114045935046, 42.49243483422454], [-93.08397149644637, 42.483819281084855], [-93.08516552095233, 42.46696232816244], [-93.07222835074307, 42.45960187711126], [-93.07065896070405, 42.445891302233896], [-93.04265608108444, 42.44234518978753], [-93.034197968374, 42.43604304177054], [-93.01546671578615, 42.43752683862685], [-93.0141042805206, 42.43002107606375], [-93.00591140617756, 42.42590424142798], [-92.98463597109316, 42.42393037109983], [-92.97902265759751, 42.41734567928509], [-92.9491266476869, 42.41487006967722], [-92.93828837586763, 42.4054203459722], [-92.97859346770758, 42.37894324878125], [-92.96578894273318, 42.34468802628885], [-92.93966751171263, 42.33652425150739], [-92.9263164355497, 42.319402443849064], [-92.92701945170116, 42.311210523788034], [-92.93566145673678, 42.308620734029326], [-92.92882526844147, 42.298451271320836], [-92.94345494639269, 42.28486260453975], [-92.9438716685648, 42.27092282559391], [-92.93324012424523, 42.2479225505594], [-92.93753532804642, 42.243787816585666], [-92.93066229714636, 42.23453441561315], [-92.91015534922796, 42.22275454801984], [-92.90921057577229, 42.21758523408401], [-92.86943342472314, 42.19833244248058], [-92.86423575542123, 42.18799018629605], [-92.85335139912956, 42.18132586681967], [-92.85233254879894, 42.173067657458006], [-92.84163421204306, 42.17384691035721], [-92.82200571316628, 42.16581632289714], [-92.81857942189167, 42.16008698764709], [-92.80083871731308, 42.155759720491105], [-92.78101528851123, 42.15886872334006], [-92.77719495393218, 42.16512922370675], [-92.76379185992438, 42.16530601415474], [-92.7529745098681, 42.17450523459268], [-92.72985878429603, 42.17298063528735], [-92.69562669184891, 42.156716934686315], [-92.66761661402894, 42.166461717085895], [-92.64689687498269, 42.16507013874992], [-92.61919106463428, 42.14625868882595], [-92.60060397368319, 42.150656377316125], [-92.59288891054486, 42.16315339500466], [-92.528064146718, 42.161940599318996], [-92.51253836782983, 42.15293249260418], [-92.50472491221838, 42.156020099209236], [-92.49482179649138, 42.151804972059274], [-92.48294700537815, 42.15836770133958], [-92.47104646136235, 42.154979139970834], [-92.46348086261591, 42.16004827242566], [-92.43716301765345, 42.14057743388928], [-92.39950908149069, 42.15181752917555], [-92.38790131729061, 42.14861389330249], [-92.38354926899657, 42.157008720663434], [-92.36951364155286, 42.16265864878802], [-92.36790677739343, 42.16993830925614], [-92.33841183740942, 42.17631643188475], [-92.33306615359646, 42.18565753576241], [-92.32349236025259, 42.18407508732479], [-92.31330801255282, 42.188779360366176], [-92.28857031585319, 42.18036119716926], [-92.27129099947928, 42.181228405600905], [-92.26038151281755, 42.17466034688546], [-92.26092967109213, 42.16720055079746], [-92.27093501150522, 42.156991749468965], [-92.26379973542429, 42.140947144481345], [-92.2405045776624, 42.137085066415], [-92.23822979452969, 42.12493126919095], [-92.22841172410725, 42.11257680484066], [-92.19880317508755, 42.10196007124512], [-92.19822528976358, 42.09681012686927], [-92.17679112955501, 42.077689139920125], [-92.18584669918452, 42.07153413163039], [-92.18125662249302, 42.059126728042905], [-92.18813906683893, 42.049760501324016], [-92.23962011799324, 42.04232793865326], [-92.25276795211977, 42.044859231876956], [-92.26421432679253, 42.03783428328621], [-92.28330295614987, 42.04168682087306], [-92.29431702737192, 42.03437734553318], [-92.27725981855369, 42.02655032935119], [-92.2708805556327, 42.010875175309245], [-92.25656477149963, 42.007930909009495], [-92.25406589104287, 41.997834619025326], [-92.26639218170608, 41.98718377106161], [-92.2605646918804, 41.97540017537278], [-92.2341706401374, 41.973768736411095], [-92.21802887118757, 41.954100167170495], [-92.22574901879044, 41.95007753267632], [-92.22725553125113, 41.937937864493975], [-92.2025838373687, 41.9254048472272], [-92.19393077676688, 41.92836847807285], [-92.18128492211942, 41.924173869278754], [-92.18576614455806, 41.917705218797884], [-92.18105056693314, 41.91145197959652], [-92.18746832086741, 41.908023111574444], [-92.1802796255698, 41.906028995542755], [-92.17656817129475, 41.89829418157478], [-92.16654088503925, 41.89895104633199], [-92.16229691126043, 41.891205099449145], [-92.14931286426472, 41.89489985499296], [-92.14473028042097, 41.88982569412467], [-92.12543341529258, 41.88622733198706], [-92.11537295425364, 41.89354959224169], [-92.0950894577706, 41.88871603315071], [-92.08457704802402, 41.89324387933644], [-92.06358870013138, 41.891637671263844], [-92.0601939963171, 41.88824271672398], [-92.06379384479955, 41.879553800225864], [-92.0587405284756, 41.8752901189705], [-92.00896628175101, 41.87113677808818], [-92.00478656176949, 41.86681117036879], [-91.98186081460865, 41.872250841487116], [-91.96002816623162, 41.87021073008053], [-91.9624273372851, 41.877996342044455], [-91.95087040156045, 41.88100118673835], [-91.90854794601896, 41.883866690572134], [-91.89130148822152, 41.87874717351543], [-91.88608795287506, 41.88480916071186], [-91.87806906693119, 41.88546029495543], [-91.88041690465609, 41.890577045959716], [-91.87251775425814, 41.89593645813697], [-91.84503555704181, 41.902912429674316], [-91.83064374938455, 41.89544376086878], [-91.82015708086244, 41.90164102433301], [-91.81166069273436, 41.90064162954311], [-91.79807871361079, 41.89009844029219], [-91.77531735814695, 41.89009384477874], [-91.77019774076513, 41.88465591502486], [-91.75171441960244, 41.88908902702388], [-91.74036844423911, 41.885356426189055], [-91.70800971196023, 41.88686415360548], [-91.7004808309527, 41.89474023824164], [-91.68540162525355, 41.89658459569473], [-91.68612440344292, 41.90146847076047], [-91.6608824167973, 41.90595950236056], [-91.6612428550253, 41.91160583618555], [-91.64041559572433, 41.91226696673035], [-91.63771320283828, 41.918126097288216], [-91.64420990610961, 41.92683534293438], [-91.63719043544522, 41.938190510040194], [-91.63902124241844, 41.94889985334249], [-91.63283145395381, 41.9566560995471], [-91.61495480552668, 41.96342998509737], [-91.6294126986461, 41.98648118041971], [-91.6281453222056, 41.99597043923591], [-91.63834702176341, 42.01191945060165], [-91.63973504284488, 42.030975569761445], [-91.64939767867203, 42.035162748517585], [-91.66823436113489, 42.0340311734268], [-91.6842631337001, 42.04911417674095], [-91.67916184554335, 42.054603036368206], [-91.68790344769285, 42.061861597230205], [-91.68022027564538, 42.07343436847705], [-91.68278797603607, 42.08011223534416], [-91.66742358847185, 42.08795573018924], [-91.66199107530015, 42.09436927535139], [-91.66396740755278, 42.10309946047537], [-91.65451990565975, 42.10576635943407], [-91.65500350470981, 42.127109927920976], [-91.64512677519762, 42.134490087545935], [-91.6483734671958, 42.14846831580477], [-91.63657420373671, 42.16246157849418], [-91.64009232978283, 42.16777904642156], [-91.63032851131533, 42.17538340344602], [-91.61803854852221, 42.17309140310328], [-91.61076273011675, 42.18147624543771], [-91.6112531599562, 42.19556361611028], [-91.61881107810697, 42.201128036289965], [-91.61971452636463, 42.20997457260409], [-91.62444562777596, 42.21129672353464], [-91.63400181593688, 42.229682706714996], [-91.64447636259257, 42.237784792094246], [-91.64193719269531, 42.24987155423602], [-91.65001782254359, 42.25812031562953], [-91.6637249118334, 42.24882332868666], [-91.67932697385886, 42.24560977239401], [-91.69907934502345, 42.2560455625168], [-91.70140796958106, 42.26636587419363], [-91.75402354083691, 42.27164640915375], [-91.7650297446137, 42.30850162203554], [-91.78091933670036, 42.31604892802385], [-91.81358519578835, 42.30833000021352], [-91.83274939322402, 42.31184882332068], [-91.83948384461844, 42.310158645365576], [-91.83938115999496, 42.30632056369604], [-91.85844400141542, 42.31624791717991], [-91.85033676436674, 42.33139185429154], [-91.85593642167346, 42.33983706832161], [-91.85548887381238, 42.35329634758776], [-91.84469548002807, 42.36009351570305], [-91.84400468725269, 42.3709593634238], [-91.83832871806258, 42.377216069947536], [-91.84157843917991, 42.38172780389895], [-91.83890120720663, 42.39366128533693], [-91.84113178065097, 42.39979576054842], [-91.85839683177817, 42.406659928465224], [-91.86627666031268, 42.41580947756983], [-91.87027747541546, 42.43154687140191], [-91.88283874559407, 42.434951099376], [-91.8872332581499, 42.44189247093806], [-91.92340050767027, 42.44835648847544], [-91.93809237688694, 42.459395135847934], [-91.93868724396303, 42.4702765787331], [-91.97104550013479, 42.46712972578384], [-91.97888549826791, 42.4866655276306], [-91.99429803912464, 42.478401797215994], [-92.01621927666004, 42.47531096288262], [-92.03076126736144, 42.482854880644425], [-92.0363124677451, 42.4987067019422], [-92.0498644799691, 42.50323753936224], [-92.06030334194841, 42.49901316317095], [-92.07147313792161, 42.50404913931227], [-92.09935570258196, 42.50402720311775], [-92.09897443960908, 42.4961927497021], [-92.1067551399503, 42.48701974259804], [-92.12526015363048, 42.49137644310995], [-92.14447903600906, 42.489250147774364], [-92.15020601333762, 42.502846061159325], [-92.1489176944729, 42.51235809928368], [-92.12611586182068, 42.532409123528055], [-92.1386500154541, 42.54659334968881], [-92.16400396721842, 42.55049110318239], [-92.1873895502951, 42.56549919769964], [-92.20579023273987, 42.569466853702316], [-92.21069194308828, 42.57878633872405], [-92.24405169054612, 42.59314186309885], [-92.25549912073934, 42.595470092042916], [-92.26369088206972, 42.59005860897863], [-92.28122111586879, 42.58990858753882], [-92.29439610696468, 42.595158680017214], [-92.29757838077384, 42.60168803376481], [-92.35037954396742, 42.60530163530509], [-92.3651652601818, 42.6157852309207], [-92.37323144601864, 42.61520656466062], [-92.37776583973893, 42.62339533243151], [-92.39789099467842, 42.62140886081588], [-92.4078339740445, 42.61564416229857], [-92.43489358668316, 42.62832818586822], [-92.4482388318816, 42.62821743558259], [-92.45559886734495, 42.63544683738482], [-92.45496285473389, 42.615135642667866], [-92.46027634741866, 42.61030040101203], [-92.47043747456664, 42.61259237466487], [-92.47940036321167, 42.60545658852865], [-92.48930928834363, 42.61254938177072], [-92.5118610327157, 42.61627143398472], [-92.52476332583406, 42.60245551529885], [-92.55996002384335, 42.59629131161494], [-92.57697748310856, 42.58644785894775], [-92.57670835054441, 42.581345485014005], [-92.59032903537862, 42.58615325482878], [-92.61479148198697, 42.583646812128684], [-92.6218586729559, 42.5935958100386], [-92.63289090631638, 42.59802789618011], [-92.65174491368779, 42.590469742193214], [-92.68655879553708, 42.59259016234881], [-92.69690259689473, 42.596242180644786], [-92.70280960379276, 42.60517734119136], [-92.72817682726706, 42.61153778639143], [-92.73160992058502, 42.618202511902844], [-92.75381251765394, 42.61969375597847], [-92.76804321336328, 42.62778211934599], [-92.7729598644915, 42.63590807668378], [-92.78398461308902, 42.63870259974652], [-92.81234434935355, 42.63484961402391], [-92.82453178921996, 42.646518071235015], [-92.83702751921376, 42.6447137271461], [-92.87097929327474, 42.66480316127893], [-92.88583261759575, 42.66493769720962], [-92.90047510552293, 42.65876837612556], [-92.92092218611754, 42.664574382151244], [-92.94417359772169, 42.65834766537978], [-92.9923154330985, 42.66897613384983], [-93.00614876533014, 42.67997732378024]]]}, "properties": {"huc8": "07080205", "name": "Middle Cedar", "states": "IA", "areasqkm": 6259.6, "episode_count": 14, "event_count": 28, "huc8_name": "Middle Cedar", "area_sqkm": 6259.6}}, {"type": "Feature", "geometry": {"type": "Polygon", "coordinates": [[[-91.58176354428689, 42.21202070909003], [-91.59659237424502, 42.198949640907195], [-91.6112531599562, 42.19556361611028], [-91.61076273011675, 42.18147624543771], [-91.61833238385837, 42.1728375964661], [-91.63032851131533, 42.17538340344602], [-91.6397940235315, 42.16824731993022], [-91.63657420373671, 42.16246157849418], [-91.6483734671958, 42.14846831580477], [-91.64512677519762, 42.134490087545935], [-91.65500350470981, 42.127109927920976], [-91.65451990565975, 42.10576635943407], [-91.66396740755278, 42.10309946047537], [-91.66199107530015, 42.09436927535139], [-91.66742358847185, 42.08795573018924], [-91.68278797603607, 42.08011223534416], [-91.68022027564538, 42.07343436847705], [-91.68787788433481, 42.06164504635633], [-91.67916184554335, 42.054603036368206], [-91.6842631337001, 42.04911417674095], [-91.66823436113489, 42.0340311734268], [-91.64939767867203, 42.035162748517585], [-91.63973504284488, 42.030975569761445], [-91.63834702176341, 42.01191945060165], [-91.6281453222056, 41.99597043923591], [-91.6294126986461, 41.98648118041971], [-91.61495480552668, 41.96342998509737], [-91.63283145395381, 41.9566560995471], [-91.63902124241844, 41.94889985334249], [-91.63719043544522, 41.938190510040194], [-91.64420990610961, 41.92683534293438], [-91.63771320283828, 41.918126097288216], [-91.64154367939689, 41.91156322633729], [-91.6376571515578, 41.90624759932434], [-91.61808349752407, 41.897586370188165], [-91.60055707707338, 41.905243763778515], [-91.57113976320801, 41.89707478405326], [-91.56475927857822, 41.90254992595438], [-91.53578934099569, 41.8997642099036], [-91.53475869668371, 41.893995894426574], [-91.51072207218128, 41.883513305495086], [-91.5028164323537, 41.86937064513492], [-91.49092622794684, 41.86415353763553], [-91.49227614968048, 41.85661065852577], [-91.47367776960125, 41.85110390451094], [-91.46275195066934, 41.83899079625589], [-91.44518847471318, 41.83094271554895], [-91.44828784030982, 41.82395499100027], [-91.44326274186557, 41.81597305161552], [-91.45039999334183, 41.811004665885385], [-91.44678512053625, 41.80475510733669], [-91.43152362600465, 41.80007123811236], [-91.43999463043775, 41.79233700306], [-91.43882029251122, 41.779723290800426], [-91.38462572912427, 41.76119295129345], [-91.39712871031904, 41.752357950697764], [-91.39806427155146, 41.74665951061512], [-91.38234634302403, 41.73107649382024], [-91.38309147399264, 41.72246145466071], [-91.37607382511163, 41.713224055436505], [-91.39699075424423, 41.70101578970637], [-91.41232778631142, 41.69634122494537], [-91.42029246521611, 41.69889477141194], [-91.42664344917193, 41.6871600923734], [-91.4418007418255, 41.67776348037457], [-91.41591476013922, 41.661565736710976], [-91.4188833669631, 41.65353499653603], [-91.4119072543842, 41.643093475502155], [-91.41962553888116, 41.642663934553504], [-91.4251283021047, 41.63452165893832], [-91.40807830406327, 41.61128982782637], [-91.43260480504296, 41.60560156830984], [-91.44370473095165, 41.588520841613956], [-91.43319275688798, 41.582315383194356], [-91.42640365199168, 41.56802146881448], [-91.40957324801974, 41.55968147478325], [-91.3978235868357, 41.54338712691964], [-91.39688975126694, 41.52096547323838], [-91.40052015863873, 41.51704895671543], [-91.41105023285706, 41.517926489405355], [-91.41615471991456, 41.50817116906715], [-91.42663631385363, 41.5046075529981], [-91.41725820951125, 41.49646527597517], [-91.42386264503966, 41.49221668766171], [-91.41197594226577, 41.483898439885785], [-91.38698310336422, 41.48456863951845], [-91.38090054140517, 41.475264383387426], [-91.36405886177978, 41.465766410439166], [-91.35384073832365, 41.46908160124161], [-91.3481385230559, 41.476799178949946], [-91.32778194233627, 41.47360668625236], [-91.30987360763413, 41.466337504962404], [-91.3078811820632, 41.45200775453896], [-91.29698267281422, 41.45070677669331], [-91.32861751568768, 41.43914532723241], [-91.34484047976281, 41.4224590982269], [-91.34465640238469, 41.40370017589622], [-91.34021770529328, 41.396604989418144], [-91.34969372240838, 41.38381824783781], [-91.35022759028341, 41.356641712124755], [-91.36115150658355, 41.343284717769514], [-91.36950965387088, 41.321405189934964], [-91.3634264316501, 41.31266601592091], [-91.34942886672327, 41.31190867618355], [-91.35256066599324, 41.30670496223824], [-91.34874577610312, 41.284688836174624], [-91.32472366208746, 41.291514618753986], [-91.3294114584139, 41.30507765395137], [-91.32169126679358, 41.3067839329969], [-91.32626358738518, 41.312979941775346], [-91.32338635898863, 41.3237823511803], [-91.32751363532385, 41.327996467296884], [-91.32378181534301, 41.3289532897852], [-91.33014205643784, 41.33481380192992], [-91.32092781288813, 41.34015571874775], [-91.30318918790944, 41.338840320641374], [-91.29954074506168, 41.34548992604394], [-91.28934584395397, 41.34667949670274], [-91.2885722633403, 41.3524539671391], [-91.27087066422268, 41.346567330912784], [-91.25939557759683, 41.35485516655468], [-91.2428684035423, 41.35183457346539], [-91.22246838478712, 41.3580443587327], [-91.20446253616426, 41.349058117625894], [-91.19701963381088, 41.35953714607474], [-91.19741908587164, 41.37462862719074], [-91.18012830968965, 41.39496086180612], [-91.17846182164988, 41.40995164874328], [-91.15716919101432, 41.41720151724159], [-91.16039738670081, 41.43136593673973], [-91.15292644253753, 41.440225709727414], [-91.111894964874, 41.44700892696008], [-91.11637545518568, 41.451758016184314], [-91.10762366434423, 41.45938606773545], [-91.09507483044241, 41.45668842325514], [-91.08296445434928, 41.466655102802484], [-91.07579958057636, 41.46541449943397], [-91.07216556646871, 41.47931604283145], [-91.06087230694119, 41.48408053807068], [-91.03953539115875, 41.48416911013163], [-91.03552758716305, 41.48748942222328], [-91.03965355914448, 41.4972755662077], [-91.02167098227736, 41.50878699227062], [-90.99728269518897, 41.49860663918059], [-90.99247567176309, 41.490758828623036], [-90.98238320644552, 41.486914652748105], [-90.97064684212431, 41.489174556844425], [-90.96323646058087, 41.503552672964794], [-90.96907339888674, 41.50940382472169], [-90.95685044143065, 41.52426470393923], [-90.96232083655786, 41.5291016511325], [-90.95228263666998, 41.552296425599096], [-90.928529448606, 41.554984963970405], [-90.92790641754911, 41.5628662669884], [-90.90812013138931, 41.561885893265924], [-90.87893076233233, 41.549833861679495], [-90.86992137778651, 41.53815017283899], [-90.84310375781067, 41.53291583080556], [-90.84273078269459, 41.524024198944055], [-90.81483821439524, 41.52008727217235], [-90.80001121700029, 41.528147351494674], [-90.78055252755998, 41.52407134795533], [-90.7751545977301, 41.5344676100072], [-90.76172717375115, 41.537852894542226], [-90.75061443067997, 41.548210903321326], [-90.76402295141038, 41.559859177559275], [-90.75475864115661, 41.574240942913015], [-90.74224960352022, 41.57279951327005], [-90.71410854145034, 41.58068140395556], [-90.7037024697755, 41.57609882087849], [-90.69952983301, 41.58770378786281], [-90.70256089969558, 41.591314639071236], [-90.72160433301437, 41.59937346890072], [-90.74171359945143, 41.59954361868363], [-90.78773838507962, 41.625537710521705], [-90.79673735006645, 41.62121525133211], [-90.81937485570039, 41.62794419890387], [-90.84130180292773, 41.64495616714535], [-90.87687200336418, 41.63288291701262], [-90.91192846357785, 41.64689230100418], [-90.92703583325782, 41.66433365180642], [-90.92679072074603, 41.6779518642839], [-90.94816153894728, 41.68753125337016], [-90.95294912732199, 41.701841583660915], [-90.94277049829732, 41.70034967737842], [-90.92561564799759, 41.71581032360611], [-90.90727430646388, 41.716333716476456], [-90.90916656628737, 41.72458515976847], [-90.90273479953296, 41.72332858339975], [-90.9051257204589, 41.72889495810062], [-90.90161811458307, 41.73227168820587], [-90.93925050824699, 41.743046196387056], [-90.9418536444807, 41.75585724110155], [-90.95802394931385, 41.768517864705956], [-90.97092360318189, 41.77496313708741], [-90.99753907077779, 41.776619677059315], [-91.05456286018578, 41.812859086924824], [-91.05398333274147, 41.821539424858365], [-91.04581184369209, 41.82399242507259], [-91.03779056553465, 41.839577290447565], [-91.03915205038261, 41.84644902470412], [-91.05117757700387, 41.85332942135095], [-91.04863815647667, 41.863162600039914], [-91.07870452828763, 41.87510933980651], [-91.08830849065201, 41.870368733102445], [-91.10951142809972, 41.87384742520802], [-91.12541933144514, 41.89022845600413], [-91.11722808305277, 41.9102970064857], [-91.13074049664071, 41.92102252648554], [-91.16711451408496, 41.92515906859093], [-91.17747970522785, 41.917347448107336], [-91.19013904718099, 41.92057505565789], [-91.20789339806701, 41.910424103111964], [-91.22328287827209, 41.91064767762838], [-91.22561433701439, 41.90361157261182], [-91.21912297512574, 41.8975341357639], [-91.23674878787442, 41.89691729706622], [-91.30332357946922, 41.92006790083654], [-91.30369180249743, 41.93956768641272], [-91.30794132876302, 41.94197300972251], [-91.35657089274527, 41.95518681308731], [-91.36411013222633, 41.96561677058558], [-91.37730722726808, 41.97102249977369], [-91.38097960033669, 41.97923271821768], [-91.37032369190999, 41.9868271800487], [-91.37674565085811, 41.995627315357055], [-91.38803864089104, 41.999852664954126], [-91.33937151385523, 42.029968449031124], [-91.34052536300673, 42.03520958726302], [-91.35104336656259, 42.03968699870481], [-91.34934286561123, 42.04971407153665], [-91.36087056027507, 42.060143004710824], [-91.36181587092328, 42.06905432691121], [-91.38612717239184, 42.06980104297413], [-91.4069730941928, 42.078735109291834], [-91.40835123380616, 42.09730502105446], [-91.43076447233446, 42.110684284517994], [-91.44252573975196, 42.11167102556322], [-91.44141764359449, 42.121628331403976], [-91.47656077506339, 42.13490361980517], [-91.486089854764, 42.15458840990043], [-91.51220394026049, 42.150833930138724], [-91.51716425849465, 42.160570246041836], [-91.55492435037115, 42.16311096280656], [-91.56752008082238, 42.17210465274769], [-91.57594174439018, 42.188658475688506], [-91.56438753415411, 42.207343813090105], [-91.58176354428689, 42.21202070909003]]]}, "properties": {"huc8": "07080206", "name": "Lower Cedar", "states": "IA", "areasqkm": 2845.97, "episode_count": 6, "event_count": 9, "huc8_name": "Lower Cedar", "area_sqkm": 2845.97}}, {"type": "Feature", "geometry": {"type": "Polygon", "coordinates": [[[-92.90921057577229, 42.21758523408401], [-92.93002263108706, 42.23454241558298], [-92.9428632333016, 42.22797982887003], [-92.96981970048101, 42.22903750756224], [-92.96762903469316, 42.209496317398646], [-92.97565056707386, 42.204694306083184], [-92.96508918297462, 42.18826213228], [-92.9679893992593, 42.1813801370966], [-92.99641431638253, 42.181231929012], [-92.99082891084781, 42.16639311333813], [-93.01515856669424, 42.160666246170464], [-93.01400416148554, 42.15442543805951], [-93.0227641629287, 42.14848332719472], [-93.02187029700018, 42.142348894188196], [-93.04646920488672, 42.132103754208295], [-93.03218726747693, 42.12105232036416], [-93.03769237081178, 42.118539106131834], [-93.03902950862062, 42.10686089975964], [-93.04320412886625, 42.104564602284526], [-93.03692353330283, 42.10085649695686], [-93.04560677550157, 42.093988910095874], [-93.04497944061617, 42.082360434172614], [-93.04937550186756, 42.07793957149723], [-93.03935138935996, 42.06847093951839], [-93.04594331584804, 42.069047558348615], [-93.0544021867366, 42.06475447448039], [-93.05621003636442, 42.058598332607666], [-93.06885230763221, 42.056312663105835], [-93.09086687114248, 42.06310142809996], [-93.100694144805, 42.071200165600544], [-93.15061080145159, 42.08476427593611], [-93.15691441454754, 42.07240243361754], [-93.15310611469837, 42.068825947208694], [-93.18104173924928, 42.074147001556085], [-93.19110795579424, 42.071142540717155], [-93.20296071213185, 42.05999826570292], [-93.2042013951337, 42.05199635385944], [-93.22239139210161, 42.04469202315532], [-93.24183611812914, 42.05072219411056], [-93.25143608658377, 42.04789201244918], [-93.25500046868048, 42.05549810836619], [-93.26080438491651, 42.052433586878614], [-93.26868847146547, 42.046925496478494], [-93.26283202264995, 42.0391469555883], [-93.2732375014367, 42.036367604400645], [-93.26953862986383, 42.032487289518905], [-93.27237242291976, 42.01343561075606], [-93.20938480907034, 42.024127717536935], [-93.21147396972265, 42.01722886665895], [-93.20446387207993, 42.007604669920646], [-93.1927083287274, 42.00748362027511], [-93.16865627565998, 41.99449430423092], [-93.16701293540844, 41.9878562023686], [-93.15670091195398, 41.98084222357105], [-93.12462270018213, 41.97127315149017], [-93.10337303596661, 41.97055074739804], [-93.09227993545744, 41.96555179278349], [-93.09091435519007, 41.95906915030661], [-93.07009665755702, 41.956949697319665], [-93.05154095553861, 41.94090259960369], [-93.03308114508354, 41.94421229881348], [-93.02893984694505, 41.93430471990517], [-93.00810491513326, 41.9277165696153], [-93.00588264930869, 41.91451936140677], [-92.99275188137592, 41.90237998907002], [-92.96085768499844, 41.88394293386396], [-92.94368722557235, 41.89227175810236], [-92.93828025599576, 41.88330388611585], [-92.92972664338747, 41.88405678800739], [-92.92349806477054, 41.87643175183724], [-92.91533834454971, 41.88371822050978], [-92.90715004981799, 41.88302556655344], [-92.88999004229022, 41.870184729782885], [-92.87025336379534, 41.86756180812242], [-92.86417003647168, 41.85866113610802], [-92.83396049745892, 41.85473225818886], [-92.81329591497109, 41.838214360644116], [-92.81148977034567, 41.831723061984874], [-92.79865094320215, 41.829172947652346], [-92.79732736456421, 41.821014762097356], [-92.76766278672194, 41.80983430957887], [-92.7554500592803, 41.79482403070582], [-92.73408605030889, 41.790672862679756], [-92.71998459252453, 41.77775628862626], [-92.71211976765187, 41.77656436066879], [-92.70725986399847, 41.753116541267325], [-92.72632114863856, 41.74870226962414], [-92.72402470353107, 41.739149405933134], [-92.68786824187897, 41.72919686874616], [-92.68617238072605, 41.72466667960844], [-92.67065565416098, 41.72453746724848], [-92.6664871783919, 41.71678265290203], [-92.63928504533845, 41.71805172114789], [-92.63022057969269, 41.711266726887835], [-92.62947301249304, 41.702702580838825], [-92.60469166485713, 41.696661300218835], [-92.59181224194758, 41.699163333703275], [-92.55956427823146, 41.68793936289922], [-92.53758283201245, 41.69147777607443], [-92.51156044025197, 41.68517223534909], [-92.49445545902692, 41.692046841900776], [-92.47373499863349, 41.685390664577106], [-92.45960101285267, 41.69216706246311], [-92.45173026987892, 41.70414125956317], [-92.40604046602019, 41.691366520895315], [-92.3832847259252, 41.6920831401895], [-92.37574231179792, 41.68492161887854], [-92.32666632554368, 41.68552394058502], [-92.29901081546129, 41.67118133158847], [-92.27453036302137, 41.6935499805554], [-92.264346044966, 41.696244541626704], [-92.23995868134573, 41.69143910614567], [-92.22509089145372, 41.708046380360365], [-92.21729981377432, 41.70761971848505], [-92.2028676052855, 41.71742949078191], [-92.19086505577255, 41.71807483089751], [-92.18527160492614, 41.70763302861646], [-92.17468141814395, 41.70316061639407], [-92.15627013288389, 41.70600818839648], [-92.14807262143736, 41.71991033066501], [-92.13901723326752, 41.718448726246876], [-92.13278033714941, 41.72455737858156], [-92.12175854131424, 41.72241466102259], [-92.10678316648884, 41.73971380145825], [-92.0881192165804, 41.72258231633344], [-92.08361917353824, 41.72889436009042], [-92.05807275413106, 41.725470600701655], [-92.03651070706368, 41.70847667622025], [-92.01651959154435, 41.70931536961826], [-92.01149884633598, 41.71195327037381], [-92.00739967918432, 41.72660256975304], [-91.9875032550791, 41.73858064572597], [-91.9927367357198, 41.74519887332043], [-91.99031458126977, 41.756609246537096], [-91.96602074664361, 41.76790027456113], [-91.89267914454122, 41.752499576923896], [-91.84969621795844, 41.76264359854879], [-91.82008022100673, 41.757228698397576], [-91.80433245583545, 41.74616008037144], [-91.75315674743611, 41.74897167871745], [-91.69663195689708, 41.7385434412801], [-91.67490278635594, 41.74526529991413], [-91.64679934752681, 41.74298599428727], [-91.64113676862434, 41.74534271977165], [-91.64315985189927, 41.75008756650228], [-91.61934108142965, 41.74712329979185], [-91.61336787318677, 41.75950932839309], [-91.6063891474087, 41.760347115128425], [-91.5854365416846, 41.74790892174261], [-91.58465801854027, 41.738587597551565], [-91.56270895389228, 41.73153772137505], [-91.56636169517867, 41.722272426015046], [-91.55138664374678, 41.7197853108272], [-91.52563720867865, 41.724991194430956], [-91.51588092348314, 41.72099074256645], [-91.50429324830776, 41.72254510798462], [-91.49638558457585, 41.73018437652151], [-91.49738943573617, 41.7348924905823], [-91.48535110363053, 41.740419926674704], [-91.4674976479074, 41.73874665747478], [-91.45341974664471, 41.742911298911565], [-91.46062731644479, 41.75242773413461], [-91.45504148421028, 41.75648776200768], [-91.45528083402954, 41.7773827512532], [-91.43882029251122, 41.779723290800426], [-91.43999463043775, 41.79233700306], [-91.43155908520386, 41.79979291054841], [-91.44678512053625, 41.80475510733669], [-91.45039999334183, 41.811004665885385], [-91.44326274186557, 41.81597305161552], [-91.44828784030982, 41.82395499100027], [-91.44518847471318, 41.83094271554895], [-91.46275195066934, 41.83899079625589], [-91.47367776960125, 41.85110390451094], [-91.49227614968048, 41.85661065852577], [-91.49060855671293, 41.863834805726306], [-91.5028164323537, 41.86937064513492], [-91.51072207218128, 41.883513305495086], [-91.52670700157074, 41.887752203110246], [-91.53978817800824, 41.90158807647551], [-91.55294327591216, 41.89863769732807], [-91.56475927857822, 41.90254992595438], [-91.57113976320801, 41.89707478405326], [-91.60055707707338, 41.905243763778515], [-91.61808349752407, 41.897586370188165], [-91.6422665231633, 41.91193900813249], [-91.66099328417472, 41.911644217714574], [-91.6608824167973, 41.90595950236056], [-91.68612440344292, 41.90146847076047], [-91.68540162525355, 41.89658459569473], [-91.70702636215131, 41.89185445325987], [-91.70706713668206, 41.88698644500396], [-91.74036844423911, 41.885356426189055], [-91.75171441960244, 41.88908902702388], [-91.76985340034706, 41.88465222666402], [-91.77531735814695, 41.89009384477874], [-91.79807871361079, 41.89009844029219], [-91.81166069273436, 41.90064162954311], [-91.82015708086244, 41.90164102433301], [-91.83064374938455, 41.89544376086878], [-91.84503555704181, 41.902912429674316], [-91.87251775425814, 41.89593645813697], [-91.88041690465609, 41.890577045959716], [-91.87806906693119, 41.88546029495543], [-91.88608795287506, 41.88480916071186], [-91.89130148822152, 41.87874717351543], [-91.90854794601896, 41.883866690572134], [-91.95087040156045, 41.88100118673835], [-91.9624273372851, 41.877996342044455], [-91.96002816623162, 41.87021073008053], [-91.98186081460865, 41.872250841487116], [-92.00478656176949, 41.86681117036879], [-92.00896628175101, 41.87113677808818], [-92.0587405284756, 41.8752901189705], [-92.06379384479955, 41.879553800225864], [-92.0601939963171, 41.88824271672398], [-92.06358870013138, 41.891637671263844], [-92.08457704802402, 41.89324387933644], [-92.0950894577706, 41.88871603315071], [-92.11537295425364, 41.89354959224169], [-92.12543341529258, 41.88622733198706], [-92.14473028042097, 41.88982569412467], [-92.14931286426472, 41.89489985499296], [-92.1625932798457, 41.891287083618174], [-92.16654088503925, 41.89895104633199], [-92.17656817129475, 41.89829418157478], [-92.1802796255698, 41.906028995542755], [-92.18746832086741, 41.908023111574444], [-92.18105056693314, 41.91145197959652], [-92.18576614455806, 41.917705218797884], [-92.18128492211942, 41.924173869278754], [-92.19393077676688, 41.92836847807285], [-92.2025838373687, 41.9254048472272], [-92.22725553125113, 41.937937864493975], [-92.22574901879044, 41.95007753267632], [-92.21802887118757, 41.954100167170495], [-92.2341706401374, 41.973768736411095], [-92.2605646918804, 41.97540017537278], [-92.26639218170608, 41.98718377106161], [-92.25406589104287, 41.997834619025326], [-92.25656477149963, 42.007930909009495], [-92.2708805556327, 42.010875175309245], [-92.27725981855369, 42.02655032935119], [-92.29431702737192, 42.03437734553318], [-92.28330295614987, 42.04168682087306], [-92.26421432679253, 42.03783428328621], [-92.25276795211977, 42.044859231876956], [-92.23962011799324, 42.04232793865326], [-92.18813906683893, 42.049760501324016], [-92.18125662249302, 42.059126728042905], [-92.18584669918452, 42.07153413163039], [-92.17679112955501, 42.077689139920125], [-92.19822528976358, 42.09681012686927], [-92.19880317508755, 42.10196007124512], [-92.22841172410725, 42.11257680484066], [-92.23822979452969, 42.12493126919095], [-92.2405045776624, 42.137085066415], [-92.26379973542429, 42.140947144481345], [-92.27093501150522, 42.156991749468965], [-92.26092967109213, 42.16720055079746], [-92.26038151281755, 42.17466034688546], [-92.27181240233142, 42.18139939964874], [-92.28857031585319, 42.18036119716926], [-92.31330801255282, 42.188779360366176], [-92.32349236025259, 42.18407508732479], [-92.33306615359646, 42.18565753576241], [-92.33841183740942, 42.17631643188475], [-92.36790677739343, 42.16993830925614], [-92.36951364155286, 42.16265864878802], [-92.38354926899657, 42.157008720663434], [-92.38790131729061, 42.14861389330249], [-92.39950908149069, 42.15181752917555], [-92.43716301765345, 42.14057743388928], [-92.46348086261591, 42.16004827242566], [-92.47104646136235, 42.154979139970834], [-92.48294700537815, 42.15836770133958], [-92.49482179649138, 42.151804972059274], [-92.50472491221838, 42.156020099209236], [-92.51253836782983, 42.15293249260418], [-92.528064146718, 42.161940599318996], [-92.59288891054486, 42.16315339500466], [-92.60060397368319, 42.150656377316125], [-92.61919106463428, 42.14625868882595], [-92.64658001313082, 42.1650262682819], [-92.66761661402894, 42.166461717085895], [-92.69562669184891, 42.156716934686315], [-92.72985878429603, 42.17298063528735], [-92.75236904356998, 42.17450392840192], [-92.76379185992438, 42.16530601415474], [-92.77719495393218, 42.16512922370675], [-92.78101528851123, 42.15886872334006], [-92.80083871731308, 42.155759720491105], [-92.81857942189167, 42.16008698764709], [-92.82200571316628, 42.16581632289714], [-92.84163421204306, 42.17384691035721], [-92.85233254879894, 42.173067657458006], [-92.85335139912956, 42.18132586681967], [-92.86423575542123, 42.18799018629605], [-92.86943342472314, 42.19833244248058], [-92.90921057577229, 42.21758523408401]]]}, "properties": {"huc8": "07080208", "name": "Middle Iowa", "states": "IA", "areasqkm": 4292.37, "episode_count": 3, "event_count": 13, "huc8_name": "Middle Iowa", "area_sqkm": 4292.37}}, {"type": "Feature", "geometry": {"type": "Polygon", "coordinates": [[[-91.44027059918123, 41.779772760400064], [-91.45528083402954, 41.7773827512532], [-91.45504148421028, 41.75648776200768], [-91.46062731644479, 41.75242773413461], [-91.45341974664471, 41.742911298911565], [-91.4674976479074, 41.73874665747478], [-91.47923060581705, 41.74252668682995], [-91.49566953386962, 41.73633038181762], [-91.50475761981747, 41.72227233818165], [-91.54182812355938, 41.72472598638685], [-91.55138664374678, 41.7197853108272], [-91.56636169517867, 41.722272426015046], [-91.56270895389228, 41.73153772137505], [-91.58465801854027, 41.738587597551565], [-91.5854365416846, 41.74790892174261], [-91.6055032459435, 41.7602505743237], [-91.61336787318677, 41.75950932839309], [-91.61934108142965, 41.74712329979185], [-91.64315985189927, 41.75008756650228], [-91.64113676862434, 41.74534271977165], [-91.64679934752681, 41.74298599428727], [-91.67490278635594, 41.74526529991413], [-91.69663195689708, 41.7385434412801], [-91.75315674743611, 41.74897167871745], [-91.80433245583545, 41.74616008037144], [-91.82008022100673, 41.757228698397576], [-91.84969621795844, 41.76264359854879], [-91.89267914454122, 41.752499576923896], [-91.96602074664361, 41.76790027456113], [-91.99031458126977, 41.756609246537096], [-91.9927367357198, 41.74519887332043], [-91.9875032550791, 41.73858064572597], [-92.00739967918432, 41.72660256975304], [-92.01149884633598, 41.71195327037381], [-92.01651959154435, 41.70931536961826], [-92.03651070706368, 41.70847667622025], [-92.05807275413106, 41.725470600701655], [-92.08361917353824, 41.72889436009042], [-92.0881192165804, 41.72258231633344], [-92.10678316648884, 41.73971380145825], [-92.12175854131424, 41.72241466102259], [-92.13278033714941, 41.72455737858156], [-92.13901723326752, 41.718448726246876], [-92.14807262143736, 41.71991033066501], [-92.15627013288389, 41.70600818839648], [-92.17468141814395, 41.70316061639407], [-92.18527160492614, 41.70763302861646], [-92.19086505577255, 41.71807483089751], [-92.2028676052855, 41.71742949078191], [-92.21729981377432, 41.70761971848505], [-92.22509089145372, 41.708046380360365], [-92.23995868134573, 41.69143910614567], [-92.264346044966, 41.696244541626704], [-92.27453036302137, 41.6935499805554], [-92.29901081546129, 41.67118133158847], [-92.32666632554368, 41.68552394058502], [-92.37574231179792, 41.68492161887854], [-92.3832847259252, 41.6920831401895], [-92.40604046602019, 41.691366520895315], [-92.45173026987892, 41.70414125956317], [-92.45960101285267, 41.69216706246311], [-92.47373499863349, 41.685390664577106], [-92.49445545902692, 41.692046841900776], [-92.51156044025197, 41.68517223534909], [-92.53758283201245, 41.69147777607443], [-92.55956427823146, 41.68793936289922], [-92.59181224194758, 41.699163333703275], [-92.60469166485713, 41.696661300218835], [-92.62947301249304, 41.702702580838825], [-92.63022057969269, 41.711266726887835], [-92.63928504533845, 41.71805172114789], [-92.6664871783919, 41.71678265290203], [-92.67065565416098, 41.72453746724848], [-92.68617238072605, 41.72466667960844], [-92.68786824187897, 41.72919686874616], [-92.71574294538226, 41.73571566402971], [-92.72207573396201, 41.718121377589156], [-92.73492801427524, 41.71336963519212], [-92.73394808075935, 41.708454878792324], [-92.74174462738219, 41.700894291218475], [-92.7401353494496, 41.69305488791447], [-92.71427476313643, 41.68690217939796], [-92.68826521369122, 41.66916113885248], [-92.67078096015997, 41.66855473435495], [-92.64390530272854, 41.6523454148657], [-92.62224185922182, 41.650002725795474], [-92.59279240094062, 41.624894301946995], [-92.57514500257399, 41.61916802782483], [-92.5501577332272, 41.62271921134987], [-92.54050702882364, 41.61849858422982], [-92.51817247822264, 41.59826338452491], [-92.52637852546098, 41.577985625545566], [-92.51030422897213, 41.56183177064641], [-92.51896600592717, 41.54524555323209], [-92.49205741805406, 41.52392768745728], [-92.49036016810571, 41.508093979186164], [-92.45412500594986, 41.50823206238951], [-92.43782104348053, 41.497400465594076], [-92.39748450701235, 41.490804462957186], [-92.39477035877249, 41.480008532037516], [-92.38713328557046, 41.476842620933105], [-92.32479845587845, 41.465070069378385], [-92.30590249269169, 41.46698040453568], [-92.30373376196646, 41.461790943205806], [-92.28684453630972, 41.45568175799356], [-92.26131742978282, 41.4590525987279], [-92.2451932300833, 41.45129778551805], [-92.23460115144911, 41.45501711909552], [-92.22549453595191, 41.450408981669916], [-92.21959719672296, 41.45245682977948], [-92.19361193862139, 41.4393383980385], [-92.16860668320597, 41.43780093313905], [-92.15769907402318, 41.44761606033488], [-92.14095850876619, 41.44788508292075], [-92.1211951458158, 41.45713798785506], [-92.10566070626997, 41.44921085130489], [-92.09756580219182, 41.455968385759014], [-92.08398189977522, 41.455517829418916], [-92.08085516071526, 41.44856499537596], [-92.06102479422447, 41.43945339725055], [-92.06074899346592, 41.43224420116492], [-92.05440602158411, 41.43052089055546], [-92.03534792955655, 41.430775776172915], [-92.0144355701538, 41.44304170975984], [-91.99682329860971, 41.44592562390931], [-91.95394500868953, 41.4275346605286], [-91.89663435846526, 41.43429185818069], [-91.89129624745014, 41.4280847281712], [-91.86651543700677, 41.42898000806707], [-91.83695537006297, 41.42137091662382], [-91.82749698597858, 41.43075525343179], [-91.82022052078612, 41.42810700970831], [-91.8202468620852, 41.42193004061341], [-91.81273992602176, 41.41479616183536], [-91.79479442801629, 41.40836797006131], [-91.7598258975976, 41.4084753440779], [-91.75586732756767, 41.39456530827915], [-91.76754700280455, 41.3876474267529], [-91.77169313567589, 41.36395688645473], [-91.73636112353704, 41.34760559183313], [-91.71721938308515, 41.345441949130816], [-91.70412846352008, 41.31807653516762], [-91.68929779111728, 41.31421936246047], [-91.68605099671117, 41.292380245646136], [-91.66686430995237, 41.271707032581816], [-91.65282590312114, 41.26588102858728], [-91.64836165255318, 41.27144836497838], [-91.6043396419863, 41.25067507554348], [-91.59375337904527, 41.24998856482924], [-91.58193745722757, 41.23645378313467], [-91.56860085831374, 41.2303989472402], [-91.53858991884401, 41.22954687114936], [-91.53060873878587, 41.23324177495847], [-91.51178765736455, 41.22748759800818], [-91.50794151328908, 41.22171090362212], [-91.4918664927581, 41.21618748049239], [-91.49569977026377, 41.19682074197012], [-91.46440325987575, 41.18842852176251], [-91.46230248221018, 41.17886165864567], [-91.45570290656745, 41.17443453936834], [-91.43861213938517, 41.17688522013549], [-91.43770535298792, 41.16765691419099], [-91.43148979095947, 41.16406906669754], [-91.41124631082909, 41.16079579804693], [-91.4034855665619, 41.17651080541691], [-91.37617016493428, 41.167549195200934], [-91.36019390159237, 41.1730711573168], [-91.35055220100291, 41.15457302378273], [-91.33882472640977, 41.15260272741221], [-91.34273338244924, 41.141634183708184], [-91.33066443396208, 41.12749646211874], [-91.30982832895054, 41.11811957112376], [-91.29280565945668, 41.1018888673052], [-91.28420045929653, 41.08061204045697], [-91.29439212107935, 41.073449178257555], [-91.28073391720899, 41.05953645244087], [-91.28207605324405, 41.0522458199556], [-91.25730076115148, 41.051814766110006], [-91.24116574214267, 41.043783473175644], [-91.20765322179771, 41.04262515419041], [-91.19529157074996, 41.02988358263483], [-91.1798697404149, 41.023430088155756], [-91.17109301503609, 41.02651960966633], [-91.13251876294962, 41.019337488956324], [-91.12273617957413, 41.033721080572896], [-91.12772198480955, 41.03770596019529], [-91.11568610779958, 41.06438547340086], [-91.08013812359843, 41.062790418332476], [-91.09120022145052, 41.08851069536708], [-91.08781197203156, 41.09335490060899], [-91.0678309993901, 41.094079599035645], [-91.05141404862097, 41.10146741136303], [-91.04303606563386, 41.11941384006615], [-91.04404856128215, 41.13951119889251], [-91.03943623781264, 41.14850376895126], [-91.01204019442196, 41.16331441594823], [-91.04244404891215, 41.1561438710869], [-91.06186878922124, 41.141876630277096], [-91.08031199431831, 41.15274383950488], [-91.09467822514279, 41.17547663310648], [-91.13001884044711, 41.212755745183564], [-91.13731202598196, 41.229094600935376], [-91.15283073602716, 41.228115541598285], [-91.15061966500765, 41.24003403378177], [-91.16810791963518, 41.25076627031371], [-91.16821979851561, 41.258289333878814], [-91.17931047716678, 41.26763812336248], [-91.17763418132074, 41.27544027696201], [-91.19023059898316, 41.279842943294334], [-91.18952876681124, 41.29288686114643], [-91.18239701751612, 41.29819401560317], [-91.194103418531, 41.30574199147778], [-91.19045086589084, 41.314392641703456], [-91.20289051585807, 41.32135097229898], [-91.20141368912425, 41.33366782955626], [-91.19472859206984, 41.333934905257934], [-91.19312146560236, 41.34266057452362], [-91.22169844684196, 41.35796319599892], [-91.2428684035423, 41.35183457346539], [-91.25939557759683, 41.35485516655468], [-91.27087066422268, 41.346567330912784], [-91.2885722633403, 41.3524539671391], [-91.28934584395397, 41.34667949670274], [-91.29954074506168, 41.34548992604394], [-91.30318918790944, 41.338840320641374], [-91.32062888230766, 41.34025066864511], [-91.33005174880235, 41.33496156029099], [-91.32378181534301, 41.3289532897852], [-91.32751363532385, 41.327996467296884], [-91.32338635898863, 41.3237823511803], [-91.32626358738518, 41.312979941775346], [-91.32169126679358, 41.3067839329969], [-91.3294114584139, 41.30507765395137], [-91.32472366208746, 41.291514618753986], [-91.3492042735292, 41.28514118602359], [-91.35256066599324, 41.30670496223824], [-91.34942886672327, 41.31190867618355], [-91.3634264316501, 41.31266601592091], [-91.36950965387088, 41.321405189934964], [-91.36115150658355, 41.343284717769514], [-91.35022759028341, 41.356641712124755], [-91.34969372240838, 41.38381824783781], [-91.34021770529328, 41.396604989418144], [-91.34465640238469, 41.40370017589622], [-91.34484047976281, 41.4224590982269], [-91.32861751568768, 41.43914532723241], [-91.29698267281422, 41.45070677669331], [-91.3078811820632, 41.45200775453896], [-91.30987360763413, 41.466337504962404], [-91.32778194233627, 41.47360668625236], [-91.3481385230559, 41.476799178949946], [-91.35384073832365, 41.46908160124161], [-91.36405886177978, 41.465766410439166], [-91.38090054140517, 41.475264383387426], [-91.38698310336422, 41.48456863951845], [-91.41197594226577, 41.483898439885785], [-91.42420464175316, 41.49270351260605], [-91.41725820951125, 41.49646527597517], [-91.42663631385363, 41.5046075529981], [-91.41615471991456, 41.50817116906715], [-91.41105023285706, 41.517926489405355], [-91.40052015863873, 41.51704895671543], [-91.39688975126694, 41.52096547323838], [-91.39773962220443, 41.54277125777268], [-91.40957324801974, 41.55968147478325], [-91.42640365199168, 41.56802146881448], [-91.43319275688798, 41.582315383194356], [-91.44352804491169, 41.587771370868275], [-91.43368201801927, 41.60490165430912], [-91.40807830406327, 41.61128982782637], [-91.4251283021047, 41.63452165893832], [-91.41962553888116, 41.642663934553504], [-91.4119072543842, 41.643093475502155], [-91.4188833669631, 41.65353499653603], [-91.41591476013922, 41.661565736710976], [-91.4418007418255, 41.67776348037457], [-91.42664344917193, 41.6871600923734], [-91.42029246521611, 41.69889477141194], [-91.41232778631142, 41.69634122494537], [-91.3963862689064, 41.70121556384218], [-91.37597171990149, 41.713572297332966], [-91.38309147399264, 41.72246145466071], [-91.38234634302403, 41.73107649382024], [-91.39806427155146, 41.74665951061512], [-91.39687365076212, 41.752599165247865], [-91.38487093056928, 41.75886518585215], [-91.38691237720528, 41.76492075224571], [-91.40281595875585, 41.76593490780943], [-91.44027059918123, 41.779772760400064]]]}, "properties": {"huc8": "07080209", "name": "Lower Iowa", "states": "IA", "areasqkm": 4366.13, "episode_count": 9, "event_count": 14, "huc8_name": "Lower Iowa", "area_sqkm": 4366.13}}, {"type": "Feature", "geometry": {"type": "Polygon", "coordinates": [[[-94.95666243326652, 43.61563708958977], [-94.96803681425747, 43.626713811408976], [-94.98313788584899, 43.61396917277511], [-94.99584710136837, 43.61251292936669], [-94.99446781550472, 43.58905955281238], [-95.00489551591666, 43.58539377969748], [-95.03006287502002, 43.59117851838184], [-95.03642571494099, 43.5991082253385], [-95.0504315551482, 43.599695246322476], [-95.05430296074779, 43.61047481841033], [-95.06148633532399, 43.61468183027785], [-95.06061513927997, 43.60772223456767], [-95.07203034600563, 43.595720784885295], [-95.06503231902539, 43.58887396679092], [-95.06393213612725, 43.57882751532815], [-95.07239812436778, 43.556002500979126], [-95.06607130778805, 43.52969052782161], [-95.07486242148275, 43.531115959875095], [-95.07464779330012, 43.52262725415816], [-95.08248114569679, 43.51787214259293], [-95.07855219671504, 43.51185248578503], [-95.06486892805161, 43.5071123151117], [-95.04228061236601, 43.50648393459791], [-95.0428476325666, 43.49734692155958], [-95.04850537943115, 43.492389228568975], [-95.04581575699517, 43.49017548076072], [-94.99382392556694, 43.48616285958322], [-94.99944226872988, 43.478839133143595], [-94.99828773955369, 43.47150509339558], [-95.00383425612145, 43.46829905512641], [-95.00358691668606, 43.45814037777893], [-95.01872701917837, 43.454057504367164], [-95.01687824500114, 43.442466862928455], [-95.01106013268868, 43.4385192752459], [-95.01322596724543, 43.43136987196707], [-94.98563359345616, 43.43689114649589], [-94.95878678272514, 43.4264622639189], [-94.94080861838269, 43.43463120014822], [-94.93023966328222, 43.4336899851659], [-94.9377956599366, 43.41950860126269], [-94.93472627471425, 43.40805850837761], [-94.94041570965045, 43.40484128068526], [-94.93714419001445, 43.38431318417732], [-94.92035298492827, 43.36180435250717], [-94.91142656518885, 43.36390510562811], [-94.90926230448048, 43.357680389373535], [-94.88983654817679, 43.348140097575175], [-94.88404817189686, 43.337679289100215], [-94.88684399406407, 43.33405246122121], [-94.87607687690014, 43.322072310311675], [-94.88123882828802, 43.30757878873991], [-94.86248005221817, 43.29517101536438], [-94.86135131097885, 43.28607669962285], [-94.84766034375343, 43.27399121981786], [-94.85485522664675, 43.26561987271764], [-94.85231877954311, 43.25536876029962], [-94.85943558895677, 43.24052276070583], [-94.83926376294501, 43.20270386710025], [-94.8498240690659, 43.19501002965392], [-94.8359807942807, 43.187061090686264], [-94.83673807047195, 43.17900691538632], [-94.84404698910069, 43.176617708453726], [-94.83872519598272, 43.172084298928176], [-94.84047679939566, 43.153346243670036], [-94.86185729874073, 43.14856169994365], [-94.85725247261057, 43.14349045038894], [-94.86284112555505, 43.13660241389924], [-94.8501329107589, 43.1236655633886], [-94.85658616790984, 43.12340996140962], [-94.86134101898064, 43.11610666281536], [-94.86275362335817, 43.103818708932195], [-94.88121131109426, 43.09689099321475], [-94.88168347728569, 43.08078006643429], [-94.89040065783585, 43.077447592268385], [-94.90906801235924, 43.05172225172688], [-94.93103651026175, 43.050195658662474], [-94.93367884178791, 43.03100295223512], [-94.92615723354093, 43.00767855990774], [-94.9136210353419, 43.00600232010687], [-94.91275670601993, 43.013007382433955], [-94.90384255367402, 43.014806790691374], [-94.89792939151968, 43.00497713546585], [-94.86887996561093, 42.9960205756765], [-94.86754910163603, 42.98969528727834], [-94.85816941176716, 42.983758279966246], [-94.8573888539387, 42.97238488764475], [-94.84052000836081, 42.96583867304084], [-94.8338114535994, 42.95919190922598], [-94.83570432607391, 42.95412250896965], [-94.82814844440391, 42.95527272255077], [-94.8219557355163, 42.96362909792], [-94.80305448394745, 42.93138055755283], [-94.78382834138473, 42.91902609086303], [-94.78204940044107, 42.91264236178269], [-94.7591705121004, 42.906563423005004], [-94.74908807467635, 42.899706080632015], [-94.74833615963071, 42.89167642114562], [-94.72938456108344, 42.886639320326154], [-94.72760399868069, 42.88079261908686], [-94.70679318573598, 42.87807952933164], [-94.70783319588311, 42.872445904156116], [-94.69550989930472, 42.85146466109959], [-94.68093490270317, 42.84490354541536], [-94.67516123364108, 42.83182198354084], [-94.65551922679737, 42.82543884426655], [-94.6449019171818, 42.80808692070047], [-94.62449469214143, 42.796847140194664], [-94.60517717204968, 42.80131713142739], [-94.60672178295991, 42.78898687681976], [-94.58689308194565, 42.78094333219844], [-94.58430323269332, 42.77527519773785], [-94.56605352920005, 42.776046913631994], [-94.56043211649379, 42.771700284676605], [-94.54630372092899, 42.77477793574753], [-94.54980979338062, 42.7565873846936], [-94.53190862453948, 42.75283975347816], [-94.51321088270498, 42.741937811172654], [-94.47128344334338, 42.75221950695185], [-94.44313536543113, 42.746258232163875], [-94.44691800220927, 42.70921335955504], [-94.43064134762626, 42.70950363347368], [-94.40643368389372, 42.693377381919134], [-94.4038118788718, 42.68538947121109], [-94.34573678030704, 42.66650809383676], [-94.29041381973549, 42.65579769385437], [-94.24844350288706, 42.66027598464285], [-94.22566140262836, 42.657155283690464], [-94.21973348384884, 42.65218356660088], [-94.20919690672616, 42.65460685217422], [-94.20723788141581, 42.66686858965064], [-94.19771746416949, 42.67558909974273], [-94.20378382231743, 42.67803530435506], [-94.21139506536177, 42.69160861300175], [-94.20686871156329, 42.69354705940833], [-94.20889264374617, 42.70783413856157], [-94.19782937089768, 42.716308417754206], [-94.20606385161143, 42.728882393174075], [-94.19878811405434, 42.73287465427102], [-94.21664326759337, 42.7474827137655], [-94.19793350270712, 42.74775527839772], [-94.19783119627435, 42.75871753345171], [-94.18256104916995, 42.785130744755946], [-94.19330782937416, 42.78534090742136], [-94.20109607915704, 42.793808560529705], [-94.2142667906789, 42.79116772513006], [-94.23082917599761, 42.795343974523185], [-94.24259147917265, 42.79382308241109], [-94.24714797683882, 42.784381153695676], [-94.26128157993733, 42.776463669422064], [-94.27613036866444, 42.793625738782694], [-94.28847400938906, 42.793530385752575], [-94.29281169272339, 42.78370312791149], [-94.30041459311369, 42.782437563907784], [-94.30720688163937, 42.789887042703036], [-94.32225908218449, 42.79123671456056], [-94.32497867152003, 42.80061583460668], [-94.3340298079636, 42.80109295102971], [-94.34670336575611, 42.82106231517499], [-94.3526651662932, 42.817077812308376], [-94.36705952247091, 42.82168952266515], [-94.36562598914388, 42.82670299326412], [-94.37701613466973, 42.82667377914148], [-94.37837115434264, 42.83652151369927], [-94.39039490229962, 42.846476015229364], [-94.3968370652568, 42.84360086517188], [-94.4262333450698, 42.84950009236873], [-94.43999712254563, 42.86040148263969], [-94.44004630890068, 42.8706194742605], [-94.43083719293462, 42.88554024782022], [-94.44027440193112, 42.91284695139219], [-94.43129593380412, 42.925319463902156], [-94.43929943609875, 42.929443404478896], [-94.43925596123226, 42.95138028740036], [-94.44804270911467, 42.96568751622229], [-94.4430113431247, 42.968527616539426], [-94.44138341526849, 43.000501901608125], [-94.44826547693208, 43.00751994101198], [-94.43970123545733, 43.038634377585524], [-94.44351319863627, 43.04287491032924], [-94.43440118516249, 43.05443275945244], [-94.44029243650876, 43.0640848480309], [-94.4361857351868, 43.074638025568824], [-94.44252356690856, 43.08624195553697], [-94.4230901300092, 43.09814494475871], [-94.42309990547612, 43.10341848284702], [-94.44245883251256, 43.11635073263034], [-94.44776296475203, 43.12406736179445], [-94.44403821091922, 43.13247700060305], [-94.45300772463946, 43.13416459792168], [-94.46904648647062, 43.15104936404565], [-94.48263151986616, 43.15574151896761], [-94.48439402433506, 43.16442425455819], [-94.46381207337865, 43.17468160147069], [-94.47582968763889, 43.184647940696415], [-94.47365448724699, 43.18927448404869], [-94.48334292897731, 43.19239861633214], [-94.48219336029811, 43.206651141459226], [-94.47477293828476, 43.21620305404456], [-94.47702317135906, 43.22076263663567], [-94.48574756897426, 43.22144300050656], [-94.48578554974448, 43.23145596996525], [-94.4945068355955, 43.23194272344434], [-94.53266396216632, 43.27193096791535], [-94.54616352086258, 43.27314297842868], [-94.56371005189754, 43.28550784752008], [-94.57019114873745, 43.29916763552258], [-94.58543360886647, 43.298482952492684], [-94.59116281491525, 43.316460000537575], [-94.60259687727873, 43.330280311884636], [-94.59449195788348, 43.347182426547334], [-94.57836339326998, 43.34382544196226], [-94.57043535664576, 43.3485445497252], [-94.56393301015781, 43.35733896595846], [-94.56658362415088, 43.35985423356657], [-94.55625694019098, 43.366277633052036], [-94.55906387002665, 43.371449695452974], [-94.55240680040912, 43.37203343013237], [-94.55062026870131, 43.37705307707965], [-94.56811044841848, 43.379195030064665], [-94.5795050531814, 43.397275520704234], [-94.58831111753739, 43.3926061956343], [-94.6118170838453, 43.39231790503229], [-94.62647664515276, 43.4010613233655], [-94.6254036443768, 43.40628120820099], [-94.63143535360594, 43.405294756781046], [-94.63157052400506, 43.41142506591581], [-94.63991738575747, 43.413385460309485], [-94.63865917842107, 43.416898441653245], [-94.65750909127144, 43.41961420488145], [-94.65664866872262, 43.4236576450692], [-94.67897197061964, 43.423503518739075], [-94.69931921784345, 43.441042020793276], [-94.7252579539931, 43.439495684534116], [-94.73238825161074, 43.4449840122868], [-94.75429599734892, 43.44415985599753], [-94.75038167294, 43.46074790930885], [-94.75616630144853, 43.47144406952292], [-94.74716550389854, 43.47273980994553], [-94.73827521709478, 43.48872081501505], [-94.76085647920878, 43.51766910965773], [-94.76344300020298, 43.530041138097715], [-94.79486081549369, 43.530624145205394], [-94.81638055191117, 43.55322586365749], [-94.83929306868451, 43.55914872495682], [-94.85654051103552, 43.57354483430634], [-94.85952508271863, 43.581619943253365], [-94.87934675980568, 43.585155027111256], [-94.88531891971463, 43.58172145431635], [-94.9176452838972, 43.59042689092061], [-94.9414049200683, 43.61480146550244], [-94.95666243326652, 43.61563708958977]]]}, "properties": {"huc8": "07100002", "name": "Upper Des Moines", "states": "IA,MN", "areasqkm": 2786.66, "episode_count": 4, "event_count": 11, "huc8_name": "Upper Des Moines", "area_sqkm": 2786.66}}, {"type": "Feature", "geometry": {"type": "Polygon", "coordinates": [[[-94.90367931092227, 43.01425200313041], [-94.91275670601993, 43.013007382433955], [-94.91446188449898, 43.005795267790006], [-94.9356320208624, 43.01173961436559], [-94.93813674935167, 43.00332440713926], [-94.94376903616444, 43.00683120427137], [-94.96416652795872, 43.00420994659658], [-94.97549179266318, 43.00935413780792], [-94.97699284426528, 42.9942112449298], [-94.9704278124385, 42.97341799586503], [-94.97693616775737, 42.95325687056534], [-94.99026442401717, 42.941103696731375], [-94.9915274301538, 42.93048902617414], [-94.98719223425451, 42.92816280528925], [-94.99270312992628, 42.920797880866104], [-94.98607810052, 42.91174068961872], [-94.96474920040484, 42.917842456177176], [-94.96352094739159, 42.91079573753534], [-94.95045300852811, 42.90958968295482], [-94.94128601905729, 42.90150912029999], [-94.93789279117502, 42.91443352301116], [-94.93241851173251, 42.91279160670162], [-94.92908326740688, 42.92121058515554], [-94.9197413031867, 42.9245767612158], [-94.91492074125117, 42.9325427171557], [-94.89611175744177, 42.9239928890067], [-94.88027757973005, 42.932078393296806], [-94.85804560415808, 42.931362235458884], [-94.85538344232202, 42.936647017717185], [-94.84534429021994, 42.93056947229645], [-94.83952561646043, 42.90937034896008], [-94.8249179723865, 42.89983098576411], [-94.83022243340938, 42.89619627188834], [-94.82616904709953, 42.89061436679936], [-94.82861267218317, 42.885587166899256], [-94.82454916545333, 42.883961199213715], [-94.82795699904382, 42.87874451419278], [-94.80807435060348, 42.86905356174172], [-94.80210495570897, 42.85759701171835], [-94.81385548466558, 42.85409962029604], [-94.81173128881888, 42.83667070567929], [-94.79713160202172, 42.833511106283034], [-94.79417353962265, 42.81406797745535], [-94.77027805482439, 42.81251009929642], [-94.76314718497991, 42.80413812362902], [-94.75988816899435, 42.786194874092516], [-94.75026632925751, 42.77940021261582], [-94.74784136577559, 42.77077335375771], [-94.73781919812058, 42.76627681120252], [-94.7352860217829, 42.75738900307527], [-94.73692002225042, 42.75005117974643], [-94.74241908980487, 42.74993236564681], [-94.74790627085149, 42.73121424609237], [-94.76351065861522, 42.72644798876203], [-94.76829532566865, 42.719686170078106], [-94.74666704312041, 42.69395926427946], [-94.76377555202959, 42.68902706275385], [-94.76933852483504, 42.674511967503875], [-94.75594534104148, 42.66673624428135], [-94.75900003791062, 42.64682996256536], [-94.75164542108506, 42.64467916410724], [-94.75467012410516, 42.64205959370303], [-94.74999562104833, 42.6364842157277], [-94.75671075147763, 42.62282406545369], [-94.7556303764315, 42.61422967570929], [-94.73484888270103, 42.60863525855462], [-94.7111649466606, 42.62553170842504], [-94.69080909896626, 42.62326073571846], [-94.6889091711235, 42.6174273848381], [-94.66620351749548, 42.60069995421927], [-94.6580400225538, 42.600556318875334], [-94.6588071802132, 42.5942191851357], [-94.63315804024988, 42.58512846967755], [-94.63392924661626, 42.58008998985624], [-94.62407332478098, 42.57439595053095], [-94.59918196945539, 42.574123230821925], [-94.5927196168622, 42.56721050314148], [-94.5555194871231, 42.55158595238372], [-94.53056039074025, 42.55199717184902], [-94.50821733219519, 42.534193399786176], [-94.47914284149336, 42.536971566329655], [-94.47137662558778, 42.519238547719425], [-94.4518699715012, 42.5111987020896], [-94.43581639824762, 42.51403215991954], [-94.42892216531025, 42.500188988358616], [-94.4021185285101, 42.49629107052319], [-94.40209133740477, 42.48948005724334], [-94.40821138067072, 42.484292195797295], [-94.38653446962124, 42.47064837497333], [-94.39768722365517, 42.46329789682183], [-94.39360959361244, 42.4549132062828], [-94.37130075638814, 42.425679702231804], [-94.35673306847973, 42.42639856180931], [-94.35068231766151, 42.417910255780235], [-94.35464982413187, 42.4096734587037], [-94.33346992577626, 42.402965637615566], [-94.33487820746066, 42.39089272945076], [-94.32344843994255, 42.381444774836595], [-94.31805148298812, 42.38131446774274], [-94.318352782426, 42.39035318059818], [-94.30601873570862, 42.40336496164262], [-94.30585290940212, 42.40941053123893], [-94.29153724115173, 42.4153974634511], [-94.27189496481341, 42.41330448614587], [-94.2686498161209, 42.40507664116422], [-94.25240625187968, 42.40025655408579], [-94.22748199216353, 42.37796137729316], [-94.22394842587431, 42.364805523658355], [-94.22733420851951, 42.35056534587994], [-94.2163774920334, 42.338777527631045], [-94.21613628898972, 42.329594278199], [-94.15410321328312, 42.31608619457332], [-94.13502146232591, 42.29942280544842], [-94.15060982324667, 42.288222928026705], [-94.14463105712713, 42.27063108083201], [-94.14695159774548, 42.26249575449294], [-94.13736550017715, 42.25590109801953], [-94.16276651108593, 42.237671979465766], [-94.16210328580998, 42.232416071984055], [-94.17742973662146, 42.22088634366045], [-94.18322759731414, 42.20613893947514], [-94.19517273549727, 42.19925554131906], [-94.1783991068479, 42.18959161109395], [-94.17405664447628, 42.18071517770991], [-94.20022034123096, 42.17903737571419], [-94.20022612009316, 42.15989192368608], [-94.20751322223693, 42.146683119864086], [-94.21652760860222, 42.147056899568305], [-94.2160557020239, 42.140237769813794], [-94.23461365342378, 42.13046387730568], [-94.22627905277669, 42.121661557819664], [-94.23038525373701, 42.11274541680466], [-94.23643464450589, 42.11340344972275], [-94.24486915937214, 42.10315612257844], [-94.23397282224954, 42.0893206232608], [-94.24521715323849, 42.08005723416475], [-94.24247793930725, 42.073419065912034], [-94.2515870027136, 42.053039210057904], [-94.24541128276465, 42.0471931647732], [-94.25911040759115, 42.037539316415945], [-94.25613615126244, 42.029276405892155], [-94.2614395235272, 42.02479786930303], [-94.23489921168293, 42.01746845125935], [-94.24151486267766, 42.00913179753567], [-94.23684783001072, 42.00730118830262], [-94.24095805003364, 41.98968810683446], [-94.23588484051771, 41.989809568913024], [-94.22543164591802, 41.978723832121744], [-94.22408828997078, 41.98795429427567], [-94.2177333651058, 41.99120791949421], [-94.19334225551079, 41.985408971059734], [-94.19147286859108, 41.99666289492174], [-94.18279676710051, 41.996677569061774], [-94.18135026120244, 41.98254715682946], [-94.19000017051427, 41.97359672250147], [-94.1840614584766, 41.965029373682405], [-94.19286208353354, 41.95411952620085], [-94.18662487480171, 41.937035480254075], [-94.17082585265862, 41.930710472209796], [-94.17547310532133, 41.91736992322184], [-94.15800356080453, 41.91095511086393], [-94.1319576331836, 41.91940522281835], [-94.11607048181958, 41.91780806103986], [-94.12124903856548, 41.91216946087756], [-94.11246858966985, 41.90441477315696], [-94.1057173281015, 41.862541237396805], [-94.09501831042263, 41.846439142821005], [-94.09861468242494, 41.84428389555001], [-94.08897168017663, 41.83182784453448], [-94.07720858019593, 41.82465738430015], [-94.07051287763129, 41.82568750489531], [-94.06451400541906, 41.817636131316576], [-94.07236594126398, 41.803751642943084], [-94.0640980324419, 41.792119383340406], [-94.06262627310458, 41.7691376290689], [-94.04821534750148, 41.76613366270285], [-94.04288085849358, 41.771704031414025], [-94.03116118756532, 41.7662315253266], [-94.01856938634515, 41.7449297600599], [-94.01822948360456, 41.73046482969474], [-94.00884006947275, 41.72387500326098], [-94.0047568366376, 41.71047370317536], [-93.97148034234534, 41.697870127604666], [-93.96613933067016, 41.68324454552319], [-93.95701008750927, 41.681405128726475], [-93.94237067810856, 41.68719983689258], [-93.93420410284378, 41.69753817145561], [-93.91850737725201, 41.69576364088885], [-93.92637172242426, 41.70941617502416], [-93.90904644554548, 41.717869097174166], [-93.88400016676597, 41.72382715399483], [-93.87153746692687, 41.71935488012512], [-93.85741157406844, 41.722088742598906], [-93.84239780884107, 41.70814518323848], [-93.84760054374286, 41.70297845916137], [-93.83539000729222, 41.695482752535845], [-93.8408135166498, 41.68918734147199], [-93.824375479726, 41.685968496746185], [-93.82417336327865, 41.67783364006485], [-93.81768715502477, 41.676332585226184], [-93.81287781933534, 41.667480248489234], [-93.78204237555512, 41.67574064326518], [-93.76652496177888, 41.68828326323049], [-93.75484262213887, 41.67447827097103], [-93.76340070206908, 41.67179855554669], [-93.76234953574442, 41.666544902311806], [-93.75529604498189, 41.66618568944513], [-93.75129212709813, 41.65988971176063], [-93.73962947134262, 41.6608053718658], [-93.73294066604272, 41.646311506091], [-93.7252958116337, 41.64613894224016], [-93.72078967891223, 41.63847448584225], [-93.69943601493965, 41.63490737045696], [-93.68658896282138, 41.61952617187199], [-93.68736115913119, 41.6085471372569], [-93.67948060385962, 41.604691903919765], [-93.67808060643877, 41.59430392102856], [-93.65514718047888, 41.598935701692916], [-93.61239733886455, 41.57879586476099], [-93.59342304707658, 41.586525491213465], [-93.60456459013577, 41.60002337137185], [-93.59789723121496, 41.61643129878856], [-93.61575584686109, 41.62685294621673], [-93.60006504745523, 41.64690633121922], [-93.58369769357122, 41.655449104843576], [-93.59546574416746, 41.67697680337075], [-93.59406867615274, 41.68830342192965], [-93.60137392067197, 41.69442558888364], [-93.5995460323251, 41.70528617185005], [-93.5890749810142, 41.70556844655833], [-93.5868053362449, 41.71473880747001], [-93.61267013206351, 41.72791977370409], [-93.60929844129018, 41.736988201354634], [-93.61274569475195, 41.74674730996463], [-93.60899614112907, 41.749695341737954], [-93.61611680701024, 41.752513940646914], [-93.61569309145366, 41.7600689722548], [-93.63986957735763, 41.77321828147726], [-93.63602559552704, 41.77766644761897], [-93.64222121495618, 41.78072170611299], [-93.6396865411269, 41.792938866673836], [-93.67199170776371, 41.81820699462325], [-93.66762286995701, 41.8287162071034], [-93.68277717122066, 41.83494762677409], [-93.68176143085756, 41.85877213760122], [-93.7186217997899, 41.89931700525408], [-93.71823557093012, 41.913996374314614], [-93.73207261589883, 41.92879340311246], [-93.70897909937554, 41.9303395452689], [-93.69782530149922, 41.938390968292985], [-93.70802130843308, 41.945306087465156], [-93.70833349814714, 41.95534144202822], [-93.71941408063283, 41.95954052411128], [-93.71763246809952, 41.96465609480525], [-93.7358475945392, 41.97679038916098], [-93.72901558610491, 41.98260970200454], [-93.73512398450985, 41.98884495605278], [-93.76045280949734, 41.98177401662576], [-93.77634213568267, 41.99307746849123], [-93.79064811650106, 42.01770814040516], [-93.79010773853514, 42.02568538355278], [-93.82543026087136, 42.046680997708755], [-93.83274530960358, 42.06039695962324], [-93.83066505574732, 42.06866423913428], [-93.84745230734794, 42.078668875475415], [-93.84475780705996, 42.0880182403814], [-93.84903601383765, 42.1000825387621], [-93.85413069758044, 42.10203925696831], [-93.85208250369836, 42.108231086737696], [-93.86847891987843, 42.11306230047302], [-93.87460954170517, 42.110635170312], [-93.87898906137892, 42.12533543292215], [-93.8904293086431, 42.12554746774063], [-93.89850739446251, 42.134513435979045], [-93.8902743429684, 42.141225998991494], [-93.88074747761496, 42.13580924953184], [-93.86438143257634, 42.148544196582904], [-93.88196138632975, 42.15683881139853], [-93.88899775969456, 42.1694378263199], [-93.90236874162586, 42.173086521089346], [-93.90961977820758, 42.182143903410996], [-93.89927461859723, 42.18464531781697], [-93.9005783992646, 42.195644241485354], [-93.91673738083364, 42.19246720403011], [-93.9222046120944, 42.19757046096355], [-93.95237136524851, 42.20320020595813], [-93.95111585375626, 42.215005975157204], [-93.95968492637061, 42.21885922728185], [-93.94798349393756, 42.232176897113405], [-93.94745672275327, 42.247484083678934], [-93.9372678439512, 42.2533582115126], [-93.9221390135191, 42.282254098910045], [-93.90881306233635, 42.28576319924168], [-93.90389737959201, 42.300059409308524], [-93.91442216632659, 42.31075683334357], [-93.93650411246632, 42.31037606788854], [-93.95178057472717, 42.3334795364579], [-93.94607740904185, 42.33865939171216], [-93.94962939618428, 42.346750766788816], [-93.94351984434253, 42.34675831631805], [-93.94580414332904, 42.349999222711745], [-93.94167104770743, 42.35202053589951], [-93.94575810916231, 42.36021183703273], [-93.94165517896793, 42.36164755898926], [-93.94160875942393, 42.36840279455732], [-93.92738220494803, 42.36865008392045], [-93.89589358983652, 42.433436912713965], [-93.90355093801448, 42.437136881793855], [-93.90992667145471, 42.44958188387983], [-93.91334203472391, 42.49026530158665], [-93.93699604069569, 42.49881433235604], [-93.94251821741084, 42.516956753753014], [-93.95359720359026, 42.52987820936957], [-93.95150916852701, 42.533669870431716], [-93.96638355564647, 42.54052212774725], [-93.96233160574276, 42.5448166099423], [-93.96623424935804, 42.545884606671834], [-93.96198992254129, 42.55152457271404], [-93.96418158366247, 42.55698173140457], [-93.97478459299703, 42.56108090353734], [-93.9776892523491, 42.57068166919138], [-93.98932121985787, 42.57113933024781], [-93.98378828312227, 42.584122398976824], [-93.99616059357916, 42.58759574747083], [-93.99507443428092, 42.597155212452016], [-94.00225566457854, 42.60726060235015], [-94.01919687484245, 42.60500633612651], [-94.01368370283971, 42.633790968139124], [-94.0183399709946, 42.64743125146711], [-94.02471112302689, 42.65213510077203], [-94.03493206629472, 42.648326174104575], [-94.03414815954686, 42.654780881647525], [-94.03956957223659, 42.65700491581288], [-94.04435386648915, 42.65210927623161], [-94.05222604676732, 42.65866209034343], [-94.0666966483531, 42.65817776557382], [-94.06934382359528, 42.66827046161346], [-94.07631245230954, 42.67160513447582], [-94.08027782707775, 42.68243291915005], [-94.07766746120265, 42.68947694512291], [-94.0677756597566, 42.69124223499571], [-94.06344809774059, 42.698845181190805], [-94.04865092351476, 42.698323993513554], [-94.04661327944736, 42.70740245628607], [-94.0561718715, 42.71209356405859], [-94.04832889275676, 42.71777327571968], [-94.07158298852697, 42.73739388741765], [-94.05941286728097, 42.741924607816046], [-94.0671065064981, 42.7478279582711], [-94.06497079424946, 42.75519556050233], [-94.07186971549432, 42.760790248305284], [-94.1027574430207, 42.753831935806296], [-94.10640725400263, 42.74635565356378], [-94.11996885125072, 42.74330743121616], [-94.13063635692774, 42.7315584799041], [-94.15765761779197, 42.723654418080955], [-94.15860217475367, 42.69626068871844], [-94.17508708576902, 42.682454220098045], [-94.19749343511741, 42.67950764043911], [-94.2106101866368, 42.654077261532656], [-94.21973348384884, 42.65218356660088], [-94.22566140262836, 42.657155283690464], [-94.24844350288706, 42.66027598464285], [-94.29041381973549, 42.65579769385437], [-94.35872707867881, 42.67047151537875], [-94.36280783036716, 42.67514123486011], [-94.40425306666067, 42.68561994805151], [-94.40643368389372, 42.693377381919134], [-94.43064134762626, 42.70950363347368], [-94.44691800220927, 42.70921335955504], [-94.44313536543113, 42.746258232163875], [-94.47128344334338, 42.75221950695185], [-94.51412976491753, 42.74207558430028], [-94.53190862453948, 42.75283975347816], [-94.54980979338062, 42.7565873846936], [-94.54694116455627, 42.77513969943724], [-94.56043211649379, 42.771700284676605], [-94.56605352920005, 42.776046913631994], [-94.58430323269332, 42.77527519773785], [-94.58689308194565, 42.78094333219844], [-94.60672178295991, 42.78898687681976], [-94.60517717204968, 42.80131713142739], [-94.62449469214143, 42.796847140194664], [-94.6449019171818, 42.80808692070047], [-94.65551922679737, 42.82543884426655], [-94.67516123364108, 42.83182198354084], [-94.68093490270317, 42.84490354541536], [-94.69550989930472, 42.85146466109959], [-94.70783319588311, 42.872445904156116], [-94.70679318573598, 42.87807952933164], [-94.72760399868069, 42.88079261908686], [-94.72938456108344, 42.886639320326154], [-94.74833615963071, 42.89167642114562], [-94.74908807467635, 42.899706080632015], [-94.7591705121004, 42.906563423005004], [-94.78204940044107, 42.91264236178269], [-94.78382834138473, 42.91902609086303], [-94.80305448394745, 42.93138055755283], [-94.8219557355163, 42.96362909792], [-94.82814844440391, 42.95527272255077], [-94.83570432607391, 42.95412250896965], [-94.8338114535994, 42.95919190922598], [-94.84052000836081, 42.96583867304084], [-94.8573888539387, 42.97238488764475], [-94.85816941176716, 42.983758279966246], [-94.86754910163603, 42.98969528727834], [-94.86887996561093, 42.9960205756765], [-94.89792939151968, 43.00497713546585], [-94.90367931092227, 43.01425200313041]]]}, "properties": {"huc8": "07100004", "name": "Middle Des Moines", "states": "IA", "areasqkm": 4468.9, "episode_count": 12, "event_count": 20, "huc8_name": "Middle Des Moines", "area_sqkm": 4468.9}}, {"type": "Feature", "geometry": {"type": "Polygon", "coordinates": [[[-93.87132041868286, 43.155321692329906], [-93.89795166339009, 43.15393159427391], [-93.90597761907523, 43.148057355320695], [-93.93861083787738, 43.14871706189732], [-93.93988228458443, 43.14375263500704], [-93.9545345812162, 43.13691976520296], [-93.95391674421829, 43.11969240310456], [-93.97273054209928, 43.11189292993198], [-93.9900320756068, 43.1194210416385], [-94.02242244026179, 43.11512639405054], [-94.03043226130612, 43.10642060036374], [-94.02958451937586, 43.09713600222804], [-94.03868464544347, 43.09713952531722], [-94.05105681486488, 43.08657674372432], [-94.07599937775493, 43.08857151985254], [-94.07561110612619, 43.06516151801152], [-94.09771478880086, 43.061186294400045], [-94.09700159114398, 43.04523957859663], [-94.10447776889207, 43.03663335681827], [-94.14855277107758, 43.03774398532402], [-94.14960186588718, 43.0298418130594], [-94.14869869970053, 43.001781925437605], [-94.13874875210279, 42.994547816898724], [-94.13654660135406, 42.982840299660644], [-94.14617678284661, 42.97927047144352], [-94.13167239202974, 42.95912951126286], [-94.12780582834955, 42.94244190039144], [-94.12036989961773, 42.93959863488587], [-94.114253478359, 42.920873940724896], [-94.09113156339463, 42.91348426013712], [-94.08047154966708, 42.90112671524699], [-94.09002986503862, 42.88407426581843], [-94.08771979428488, 42.87208782803561], [-94.07876438860619, 42.861750965037785], [-94.08380385290847, 42.85156051555766], [-94.07892564608116, 42.8475751775463], [-94.08138147567624, 42.82964649471282], [-94.07195567348724, 42.823182273182795], [-94.0580798356713, 42.826561862478194], [-94.0425438537181, 42.822246780690335], [-94.0440843710056, 42.81547523129903], [-94.0373074517561, 42.8042094923639], [-94.01839851959159, 42.80155361648949], [-94.01798868210781, 42.793990242665394], [-94.00693938075695, 42.780897222376936], [-94.01955600781832, 42.77982060778805], [-94.03675153383409, 42.78629367452234], [-94.04457260087094, 42.77697896934011], [-94.05504632107655, 42.7732160230884], [-94.07622772231363, 42.77606038138246], [-94.07791309743224, 42.76246333584261], [-94.06497079424946, 42.75519556050233], [-94.0671065064981, 42.7478279582711], [-94.05941542208961, 42.74207469035601], [-94.07158298852697, 42.73739388741765], [-94.04832889275676, 42.71777327571968], [-94.0561718715, 42.71209356405859], [-94.04661327944736, 42.70740245628607], [-94.04865092351476, 42.698323993513554], [-94.0648851686332, 42.698131779122356], [-94.0677756597566, 42.69124223499571], [-94.07766746120265, 42.68947694512291], [-94.08016560593919, 42.68154761713311], [-94.0666966483531, 42.65817776557382], [-94.05222604676732, 42.65866209034343], [-94.04435386648915, 42.65210927623161], [-94.03894724635721, 42.65685330357983], [-94.03414815954686, 42.654780881647525], [-94.03440712587697, 42.64820224932312], [-94.0209490432957, 42.650755537846294], [-94.01368555875911, 42.63390532356156], [-94.01919687484245, 42.60500633612651], [-94.00225566457854, 42.60726060235015], [-93.99507443428092, 42.597155212452016], [-93.99616059357916, 42.58759574747083], [-93.98378828312227, 42.584122398976824], [-93.98932121985787, 42.57113933024781], [-93.9776892523491, 42.57068166919138], [-93.97478459299703, 42.56108090353734], [-93.96418158366247, 42.55698173140457], [-93.96198992254129, 42.55152457271404], [-93.96623424935804, 42.545884606671834], [-93.96233160574276, 42.5448166099423], [-93.96638355564647, 42.54052212774725], [-93.95150916852701, 42.533669870431716], [-93.95359720359026, 42.52987820936957], [-93.94251821741084, 42.516956753753014], [-93.93699604069569, 42.49881433235604], [-93.91325732538925, 42.49013322339697], [-93.90992667145471, 42.44958188387983], [-93.89619232278761, 42.431375826124956], [-93.91027981446427, 42.40996243926616], [-93.92738220494803, 42.36865008392045], [-93.94160875942393, 42.36840279455732], [-93.94165517896793, 42.36164755898926], [-93.94575810916231, 42.36021183703273], [-93.94167104770743, 42.35202053589951], [-93.94580414332904, 42.349999222711745], [-93.94351984434253, 42.34675831631805], [-93.94962939618428, 42.346750766788816], [-93.94607740904185, 42.33865939171216], [-93.95179380421636, 42.33307910916302], [-93.93650411246632, 42.31037606788854], [-93.91442216632659, 42.31075683334357], [-93.90220281291141, 42.29812913754017], [-93.88410301847613, 42.31527994738149], [-93.87406419785238, 42.31441329779981], [-93.86545531639621, 42.307191842928084], [-93.84186127476627, 42.3230506411001], [-93.82674565765367, 42.316808728046496], [-93.80398396801654, 42.32430503422558], [-93.77717605164239, 42.32052240163209], [-93.79185302589332, 42.3394586561044], [-93.78147678637076, 42.346896681481], [-93.77116511146262, 42.34496108848355], [-93.76643588483529, 42.36021922630032], [-93.75621575094956, 42.36745995033642], [-93.76588921866242, 42.383455605117], [-93.75567916207754, 42.38596815815244], [-93.75343133738649, 42.39226149765732], [-93.75893929736392, 42.39404589070671], [-93.75464064313375, 42.39972014452514], [-93.74775158539072, 42.39967379493853], [-93.74776119287269, 42.405356793034485], [-93.7275358227784, 42.40585532023152], [-93.70741465905371, 42.43038236802071], [-93.69869048062746, 42.45548406426379], [-93.70152579992106, 42.47080012697304], [-93.69502471466778, 42.477808200367825], [-93.68793082217533, 42.47825636636981], [-93.69069208884851, 42.48924449268303], [-93.68174523782626, 42.4951954890058], [-93.670635070225, 42.52124539479069], [-93.65981662871563, 42.526673278778304], [-93.66328314744698, 42.53257279857298], [-93.66048843829243, 42.537234673976094], [-93.66591025971562, 42.541706747279655], [-93.64946726049817, 42.56688817117548], [-93.65059144368576, 42.57177123299057], [-93.65822144534984, 42.571706207541006], [-93.66897985155047, 42.58202322520043], [-93.65597051428455, 42.58947547300768], [-93.65078513932562, 42.604344856814066], [-93.6368910468448, 42.608261550461705], [-93.63604522191936, 42.62499315058314], [-93.64187990904712, 42.628338848918], [-93.64193928319582, 42.639044673491306], [-93.64587946291523, 42.64088820963495], [-93.64018558401332, 42.6493050242538], [-93.64716690951582, 42.66421268203378], [-93.66832482070654, 42.65810051943789], [-93.66308121245932, 42.67436518165582], [-93.67446730119336, 42.69255493986825], [-93.6730101565474, 42.69760295144366], [-93.65836628611301, 42.70392838992398], [-93.65973613966617, 42.709731940252254], [-93.64946474431704, 42.71465851667835], [-93.65433979266783, 42.721964745022554], [-93.65147003016959, 42.728435848936044], [-93.67360263051158, 42.736263654249704], [-93.68722978950403, 42.747955596258485], [-93.6896043278541, 42.76792732028751], [-93.69515595493752, 42.772461357996434], [-93.69321583557064, 42.77858469380741], [-93.67937871514347, 42.780361714300106], [-93.68342530929142, 42.79184239553096], [-93.68074806384342, 42.797290837799466], [-93.69474077517279, 42.80388304527392], [-93.6993609157819, 42.81310989953437], [-93.69538278942824, 42.81440101450584], [-93.69650685583484, 42.822857402110714], [-93.70143227631685, 42.82745936753799], [-93.69702932858048, 42.831331729459734], [-93.7028472980608, 42.84081726054892], [-93.69028944776848, 42.84845077720857], [-93.6980143824935, 42.86008187948964], [-93.6924572667037, 42.86544092568377], [-93.6904759694625, 42.87947712294124], [-93.68129803581657, 42.885351065160755], [-93.69050105491681, 42.89174859638953], [-93.70316720430316, 42.88936237349824], [-93.70355388411721, 42.89621294538292], [-93.7084526839241, 42.89867020369057], [-93.72870027025364, 42.89916498050949], [-93.72075872745913, 42.91098782128436], [-93.73166417709197, 42.927816185805476], [-93.74100507231695, 42.932945443023954], [-93.73443572947514, 42.94495607134783], [-93.73957443605671, 42.957271612880874], [-93.73677535929328, 42.96523743090292], [-93.74555293447833, 42.96883372369853], [-93.73904712678159, 42.97419387564077], [-93.73911285022271, 42.98699514139532], [-93.75092226913608, 42.99254752339327], [-93.75443329130493, 43.03279802858783], [-93.77572865192063, 43.05725091091239], [-93.78319062371085, 43.080460501480964], [-93.7908509381259, 43.08386777849311], [-93.78969011535281, 43.089150763550954], [-93.8000309567616, 43.09465409330305], [-93.80316183795335, 43.10361673778868], [-93.82380498663849, 43.12059516968683], [-93.83837955384536, 43.12388491090182], [-93.84245953118594, 43.13534826950926], [-93.8692358214722, 43.148828437452416], [-93.87132041868286, 43.155321692329906]]]}, "properties": {"huc8": "07100005", "name": "Boone", "states": "IA", "areasqkm": 2352.86, "episode_count": 3, "event_count": 9, "huc8_name": "Boone", "area_sqkm": 2352.86}}, {"type": "Feature", "geometry": {"type": "Polygon", "coordinates": [[[-94.85391281576027, 42.93626581125665], [-94.86129011145348, 42.930356496271365], [-94.88027757973005, 42.932078393296806], [-94.89562570778764, 42.924000941115835], [-94.91492074125117, 42.9325427171557], [-94.9197413031867, 42.9245767612158], [-94.92908326740688, 42.92121058515554], [-94.93241851173251, 42.91279160670162], [-94.93789279117502, 42.91443352301116], [-94.94128601905729, 42.90150912029999], [-94.95045300852811, 42.90958968295482], [-94.96352094739159, 42.91079573753534], [-94.96474920040484, 42.917842456177176], [-94.98607810052, 42.91174068961872], [-94.992133506408, 42.919607894513234], [-94.99920402833001, 42.914704723439904], [-95.0074701980137, 42.89503741348147], [-95.00457089890894, 42.88400477900114], [-95.01234524816111, 42.877619854714396], [-95.02349655141586, 42.88639848752666], [-95.0393816052137, 42.889741223051864], [-95.05221837072365, 42.88634842484259], [-95.05837866570087, 42.893007401591575], [-95.06895525198965, 42.88827189465675], [-95.07737472097322, 42.87717207080347], [-95.09764181781243, 42.87266866913044], [-95.1096505863621, 42.87558097546338], [-95.11895393110989, 42.86903991605956], [-95.1330880399599, 42.87397876529479], [-95.1583898058944, 42.872732266648306], [-95.16531160992449, 42.85343878745915], [-95.1850815153051, 42.845711022311136], [-95.21875705292467, 42.84271113096199], [-95.22354595283969, 42.83078152730769], [-95.24103756267479, 42.82440009376869], [-95.24108932988969, 42.81508336810816], [-95.22408726415517, 42.80239216008165], [-95.2245202278676, 42.773279267345], [-95.23720180222568, 42.76213320011761], [-95.25541977093494, 42.75523719760177], [-95.24381626295266, 42.73665123564547], [-95.24448665229302, 42.72669609821146], [-95.22966944833128, 42.71867110997091], [-95.23182862727009, 42.706921932685], [-95.22348176731433, 42.70245843156286], [-95.21741922161644, 42.68437343750316], [-95.20495350164133, 42.680503680442676], [-95.20967607265071, 42.67681016113446], [-95.20683473284808, 42.66810415046803], [-95.22100129333774, 42.65970207880876], [-95.23648949030768, 42.65871681181773], [-95.2660719100307, 42.68670067207309], [-95.26641686040485, 42.69236241710274], [-95.2753969068718, 42.69469314281756], [-95.28917156564064, 42.723838498984435], [-95.30630672127609, 42.72022431915718], [-95.30193680908431, 42.70927609221563], [-95.31237420052152, 42.704000024006376], [-95.30990714917189, 42.68456250168982], [-95.31384828290214, 42.679960957798166], [-95.28522482462638, 42.64796048111361], [-95.28779263730648, 42.63249971995852], [-95.26754643977235, 42.620622284992876], [-95.26980994006509, 42.60886932307036], [-95.24997177080773, 42.60076919723265], [-95.23906328397092, 42.60631528707557], [-95.22526263514426, 42.59863588964076], [-95.18980320237225, 42.59723224395362], [-95.17147865484274, 42.586073085203004], [-95.15121186522735, 42.59080569965854], [-95.14594014061005, 42.56854174801494], [-95.15315655073084, 42.5663620035986], [-95.1461652781832, 42.55198293415717], [-95.14969107674017, 42.54598403531041], [-95.146758981941, 42.53978673645864], [-95.13912133291888, 42.54049215392784], [-95.14157231520468, 42.53358432449243], [-95.13453428534652, 42.523880100190986], [-95.14268850338625, 42.505171724038235], [-95.12066376016718, 42.47262924439047], [-95.1232209960831, 42.46430446184827], [-95.11922965730825, 42.45931754912867], [-95.12419169132461, 42.446759466621465], [-95.115296170936, 42.43653075715496], [-95.1197594180858, 42.42293841102421], [-95.10995843811163, 42.40399100154841], [-95.11968256272168, 42.390301610559874], [-95.11495872418942, 42.372532871756455], [-95.11913803543749, 42.36666567205589], [-95.09860451265803, 42.349816451078254], [-95.08077347169787, 42.31163403650962], [-95.05855264601522, 42.30903035184955], [-95.06153968716703, 42.29902558654198], [-95.05650814600556, 42.29354033626752], [-95.05795694620085, 42.27948945365886], [-95.0721279515545, 42.274544921657096], [-95.07217410789212, 42.25678440757199], [-95.06502699201575, 42.252837703495594], [-95.05945439016877, 42.23756112529733], [-95.05072538778943, 42.236071663558526], [-95.04542705148015, 42.22928247929188], [-95.03044548007594, 42.2282013006085], [-95.03024441106422, 42.22192862169548], [-95.01941763318901, 42.21174041802366], [-95.01038736460949, 42.21261392923856], [-95.00871868647704, 42.206080981447165], [-94.99440526221822, 42.20098384467107], [-94.99387260976377, 42.19627517844626], [-95.009465641924, 42.19567416467677], [-95.01734575791939, 42.18396638760197], [-94.9966231900783, 42.182127356330334], [-94.98834540697462, 42.186646000282806], [-94.97503441004639, 42.180828482857216], [-94.97240537358644, 42.174168516092756], [-94.95995168384961, 42.17252343986995], [-94.96467631379763, 42.20899146993746], [-94.94321294846084, 42.21232499396514], [-94.92148784728796, 42.2008500453243], [-94.91314250279005, 42.18994710806793], [-94.87479532055288, 42.17938896117933], [-94.83900114496326, 42.158812417371195], [-94.81682295332398, 42.15628095300059], [-94.78013056126495, 42.12794385371884], [-94.76297850921733, 42.12256635145708], [-94.76335542524255, 42.113446416364226], [-94.73474419303781, 42.11529273227386], [-94.73339787804004, 42.10681427580548], [-94.7192948706618, 42.099539234644524], [-94.71664077390034, 42.08932567506214], [-94.72121705336741, 42.08473482430419], [-94.72960084486114, 42.087484644807965], [-94.73906133908812, 42.074316579884716], [-94.71204631882016, 42.069337809668674], [-94.70412754472481, 42.05562198404141], [-94.68842657908489, 42.047254563065174], [-94.68081644725655, 42.04860922616519], [-94.67599520799129, 42.03858264212184], [-94.65700810892233, 42.03087238029048], [-94.64946591847556, 42.021342371389444], [-94.65421826414503, 42.0181479152012], [-94.6428488786854, 42.01075242384267], [-94.61577110839988, 42.01849145488066], [-94.60900146370757, 42.03486500498643], [-94.57317373424547, 42.02735905612979], [-94.58002572390662, 42.01396870277421], [-94.55976633551086, 42.00258766968005], [-94.56677151667402, 41.98517999085809], [-94.55239037561246, 41.98191588276887], [-94.54346900440494, 41.971046910866086], [-94.53455711042365, 41.970916321765145], [-94.52992616487829, 41.96528863471256], [-94.53282820653963, 41.952387032707875], [-94.52139676456183, 41.950769364410085], [-94.50807849666971, 41.9435240828835], [-94.49846879137573, 41.9310803430832], [-94.48870719803517, 41.92975553905976], [-94.46345215258029, 41.90000439566514], [-94.43091230916035, 41.89193225782115], [-94.41057889150034, 41.88307631204762], [-94.41015700760863, 41.877207778443996], [-94.38532358643232, 41.872230317106215], [-94.38093264557806, 41.86859847689629], [-94.38205695363146, 41.85534017834134], [-94.36690190856274, 41.8385345681486], [-94.34905128343105, 41.83427874649568], [-94.35083808104021, 41.8287800852709], [-94.34602825666727, 41.823169194430186], [-94.32715020768389, 41.81781636530691], [-94.31102813788989, 41.82000052432569], [-94.30543022061991, 41.831565039781786], [-94.2933055864666, 41.83407349830754], [-94.28680791301475, 41.82469216775031], [-94.2726244543163, 41.81766519312108], [-94.27106186452397, 41.81078202424844], [-94.27872907979705, 41.80431100057963], [-94.26148887786722, 41.78973555163346], [-94.26227597453266, 41.78140361068196], [-94.23324705267025, 41.77764027774259], [-94.22058547211543, 41.769516087305895], [-94.20512358590186, 41.77129907662535], [-94.19635730343823, 41.764916993327084], [-94.19267326484734, 41.76968134438192], [-94.17770468128552, 41.768716509087604], [-94.17096069427434, 41.76155764550118], [-94.1757311230305, 41.755002008906374], [-94.16244339606139, 41.75449225962438], [-94.15480982539067, 41.74651528173118], [-94.14886387293183, 41.75146831848813], [-94.1235053137084, 41.74853210418372], [-94.11774943128896, 41.74096005528595], [-94.1083240216637, 41.75505623279528], [-94.09643070908596, 41.75672637502737], [-94.09413081354948, 41.750716397579204], [-94.08631185036704, 41.74974721570644], [-94.09136805207969, 41.73866591496608], [-94.07794941272591, 41.73444828670348], [-94.09181526217422, 41.72170178917866], [-94.09139393972954, 41.71326378385033], [-94.08284156769463, 41.70301887129895], [-94.08780498331991, 41.69707627192343], [-94.07007563254821, 41.67813668828139], [-94.07170781752055, 41.663648530703675], [-94.08282821962783, 41.65950408937572], [-94.08981020988364, 41.64973054571687], [-94.07560773474893, 41.629738663415075], [-94.0628876433264, 41.62397202805567], [-94.06410047945275, 41.613755437658604], [-94.07709371801046, 41.60916029200439], [-94.07802100755575, 41.60405063837456], [-94.07064742998949, 41.59918089979364], [-94.06590649382242, 41.586479429853775], [-94.05713502807964, 41.58878799853943], [-94.05535712648675, 41.59966592649439], [-94.02966620408297, 41.60147029748165], [-94.0187185300385, 41.57386465535013], [-94.0079709736899, 41.568882553077025], [-94.00043242231833, 41.57209119778648], [-93.99277584309823, 41.56163262138571], [-93.96637921678364, 41.54335793963866], [-93.9736155093166, 41.527368788110444], [-93.97163770023366, 41.51343963249168], [-93.97746514694022, 41.5067937513762], [-93.97109083732973, 41.49432286700055], [-93.94333878530375, 41.51224888845656], [-93.92791506760825, 41.51168363440683], [-93.91131963147362, 41.50126536066015], [-93.90129268028973, 41.487151461258875], [-93.8874832639059, 41.48325255925663], [-93.87656599064728, 41.48596108572047], [-93.866096451201, 41.499938049454194], [-93.855061341435, 41.49920900639353], [-93.84555942319533, 41.509848118442754], [-93.79139911167184, 41.49942121462635], [-93.75243387145119, 41.50502630250267], [-93.73772808104258, 41.502524390617914], [-93.72638790340608, 41.51606505976628], [-93.70418702571261, 41.51380437662401], [-93.69828720803181, 41.51920284437587], [-93.68400830962263, 41.51545736063468], [-93.66412491558059, 41.52185502346174], [-93.65932186899649, 41.52917869760254], [-93.65154582911495, 41.52837877380047], [-93.65438721473167, 41.54301056688605], [-93.63566804807765, 41.54676266465241], [-93.61299897923789, 41.57975724269185], [-93.65514718047888, 41.598935701692916], [-93.67808060643877, 41.59430392102856], [-93.67948060385962, 41.604691903919765], [-93.68736115913119, 41.6085471372569], [-93.68658896282138, 41.61952617187199], [-93.69943601493965, 41.63490737045696], [-93.72078967891223, 41.63847448584225], [-93.7252958116337, 41.64613894224016], [-93.73294066604272, 41.646311506091], [-93.73962947134262, 41.6608053718658], [-93.75129212709813, 41.65988971176063], [-93.75529604498189, 41.66618568944513], [-93.76234953574442, 41.666544902311806], [-93.76340070206908, 41.67179855554669], [-93.75484262213887, 41.67447827097103], [-93.76652496177888, 41.68828326323049], [-93.78204237555512, 41.67574064326518], [-93.81287781933534, 41.667480248489234], [-93.81768715502477, 41.676332585226184], [-93.82417336327865, 41.67783364006485], [-93.824375479726, 41.685968496746185], [-93.8408135166498, 41.68918734147199], [-93.83530849955322, 41.695262289601516], [-93.84760054374286, 41.70297845916137], [-93.8423157019258, 41.70788050924177], [-93.85004043722482, 41.718017169491944], [-93.88342072106838, 41.72386057144813], [-93.92447884186491, 41.711821742374305], [-93.92613012322356, 41.70619646479233], [-93.91824064588457, 41.7005110607468], [-93.91850737725201, 41.69576364088885], [-93.93420410284378, 41.69753817145561], [-93.94237067810856, 41.68719983689258], [-93.95701008750927, 41.681405128726475], [-93.96613933067016, 41.68324454552319], [-93.97148034234534, 41.697870127604666], [-94.0047568366376, 41.71047370317536], [-94.00884006947275, 41.72387500326098], [-94.01822948360456, 41.73046482969474], [-94.01856938634515, 41.7449297600599], [-94.03116118756532, 41.7662315253266], [-94.04288085849358, 41.771704031414025], [-94.04821534750148, 41.76613366270285], [-94.06262627310458, 41.7691376290689], [-94.0640980324419, 41.792119383340406], [-94.07236594126398, 41.803751642943084], [-94.06451400541906, 41.817636131316576], [-94.07051287763129, 41.82568750489531], [-94.07720858019593, 41.82465738430015], [-94.08897168017663, 41.83182784453448], [-94.09861468242494, 41.84428389555001], [-94.09501831042263, 41.846439142821005], [-94.1057173281015, 41.862541237396805], [-94.11246858966985, 41.90441477315696], [-94.12124903856548, 41.91216946087756], [-94.11607048181958, 41.91780806103986], [-94.1319576331836, 41.91940522281835], [-94.15800356080453, 41.91095511086393], [-94.17547310532133, 41.91736992322184], [-94.17082585265862, 41.930710472209796], [-94.18662487480171, 41.937035480254075], [-94.19286208353354, 41.95411952620085], [-94.1840614584766, 41.965029373682405], [-94.19000017051427, 41.97359672250147], [-94.18135026120244, 41.98254715682946], [-94.18279676710051, 41.996677569061774], [-94.19147286859108, 41.99666289492174], [-94.19334225551079, 41.985408971059734], [-94.2177333651058, 41.99120791949421], [-94.22408828997078, 41.98795429427567], [-94.22543164591802, 41.978723832121744], [-94.23588484051771, 41.989809568913024], [-94.24095805003364, 41.98968810683446], [-94.23684783001072, 42.00730118830262], [-94.24151486267766, 42.00913179753567], [-94.23489921168293, 42.01746845125935], [-94.2614395235272, 42.02479786930303], [-94.25613615126244, 42.029276405892155], [-94.25911040759115, 42.037539316415945], [-94.24541128276465, 42.0471931647732], [-94.2515870027136, 42.053039210057904], [-94.24247793930725, 42.073419065912034], [-94.24521715323849, 42.08005723416475], [-94.23397282224954, 42.0893206232608], [-94.24486915937214, 42.10315612257844], [-94.23643464450589, 42.11340344972275], [-94.23038525373701, 42.11274541680466], [-94.22627905277669, 42.121661557819664], [-94.23461365342378, 42.13046387730568], [-94.2160557020239, 42.140237769813794], [-94.21652760860222, 42.147056899568305], [-94.20751322223693, 42.146683119864086], [-94.20022612009316, 42.15989192368608], [-94.20022034123096, 42.17903737571419], [-94.17405664447628, 42.18071517770991], [-94.1783991068479, 42.18959161109395], [-94.19517273549727, 42.19925554131906], [-94.18322759731414, 42.20613893947514], [-94.17742973662146, 42.22088634366045], [-94.16210328580998, 42.232416071984055], [-94.16276651108593, 42.237671979465766], [-94.13736550017715, 42.25590109801953], [-94.14695159774548, 42.26249575449294], [-94.14463105712713, 42.27063108083201], [-94.15060982324667, 42.288222928026705], [-94.13502146232591, 42.29942280544842], [-94.15410321328312, 42.31608619457332], [-94.21613628898972, 42.329594278199], [-94.2163774920334, 42.338777527631045], [-94.22733420851951, 42.35056534587994], [-94.22394842587431, 42.364805523658355], [-94.22748199216353, 42.37796137729316], [-94.25240625187968, 42.40025655408579], [-94.2686498161209, 42.40507664116422], [-94.27189496481341, 42.41330448614587], [-94.29153724115173, 42.4153974634511], [-94.30585290940212, 42.40941053123893], [-94.30601873570862, 42.40336496164262], [-94.318352782426, 42.39035318059818], [-94.31805148298812, 42.38131446774274], [-94.32344843994255, 42.381444774836595], [-94.33487820746066, 42.39089272945076], [-94.33346992577626, 42.402965637615566], [-94.35464982413187, 42.4096734587037], [-94.35068231766151, 42.417910255780235], [-94.35673306847973, 42.42639856180931], [-94.37130075638814, 42.425679702231804], [-94.39360959361244, 42.4549132062828], [-94.39768722365517, 42.46329789682183], [-94.38653446962124, 42.47064837497333], [-94.40821138067072, 42.484292195797295], [-94.40209133740477, 42.48948005724334], [-94.4021185285101, 42.49629107052319], [-94.42892216531025, 42.500188988358616], [-94.43581639824762, 42.51403215991954], [-94.4518699715012, 42.5111987020896], [-94.47137662558778, 42.519238547719425], [-94.47914284149336, 42.536971566329655], [-94.50821733219519, 42.534193399786176], [-94.53056039074025, 42.55199717184902], [-94.5555194871231, 42.55158595238372], [-94.5927196168622, 42.56721050314148], [-94.59918196945539, 42.574123230821925], [-94.62407332478098, 42.57439595053095], [-94.63392924661626, 42.58008998985624], [-94.63315804024988, 42.58512846967755], [-94.6588071802132, 42.5942191851357], [-94.6580400225538, 42.600556318875334], [-94.66620351749548, 42.60069995421927], [-94.6889091711235, 42.6174273848381], [-94.69080909896626, 42.62326073571846], [-94.7111649466606, 42.62553170842504], [-94.73484888270103, 42.60863525855462], [-94.7556303764315, 42.61422967570929], [-94.75671075147763, 42.62282406545369], [-94.74999562104833, 42.6364842157277], [-94.75467012410516, 42.64205959370303], [-94.75164542108506, 42.64467916410724], [-94.75900003791062, 42.64682996256536], [-94.75594534104148, 42.66673624428135], [-94.76933852483504, 42.674511967503875], [-94.76377555202959, 42.68902706275385], [-94.74666704312041, 42.69395926427946], [-94.76829532566865, 42.719686170078106], [-94.76351065861522, 42.72644798876203], [-94.74734366676884, 42.73191523765497], [-94.74241908980487, 42.74993236564681], [-94.73594050555282, 42.75109532909767], [-94.73781919812058, 42.76627681120252], [-94.74784136577559, 42.77077335375771], [-94.75026632925751, 42.77940021261582], [-94.75988816899435, 42.786194874092516], [-94.76314718497991, 42.80413812362902], [-94.77027805482439, 42.81251009929642], [-94.79417353962265, 42.81406797745535], [-94.79713160202172, 42.833511106283034], [-94.81173128881888, 42.83667070567929], [-94.81385548466558, 42.85409962029604], [-94.80210495570897, 42.85759701171835], [-94.80807435060348, 42.86905356174172], [-94.82795699904382, 42.87874451419278], [-94.82454916545333, 42.883961199213715], [-94.82861267218317, 42.885587166899256], [-94.82616904709953, 42.89061436679936], [-94.83022243340938, 42.89619627188834], [-94.8249179723865, 42.89983098576411], [-94.83069742210743, 42.90677198134455], [-94.83783076950547, 42.90687208206961], [-94.84534429021994, 42.93056947229645], [-94.85391281576027, 42.93626581125665]]]}, "properties": {"huc8": "07100006", "name": "North Raccoon", "states": "IA", "areasqkm": 6399.54, "episode_count": 6, "event_count": 8, "huc8_name": "North Raccoon", "area_sqkm": 6399.54}}, {"type": "Feature", "geometry": {"type": "Polygon", "coordinates": [[[-94.9357646804703, 42.210892469228206], [-94.96467631379763, 42.20899146993746], [-94.95995168384961, 42.17252343986995], [-94.97240537358644, 42.174168516092756], [-94.97503441004639, 42.180828482857216], [-94.98782306358636, 42.18654068032825], [-94.9966231900783, 42.182127356330334], [-95.00317699745561, 42.18545739002383], [-95.01516689868933, 42.18254642921854], [-95.02106981555788, 42.188164582578864], [-95.03405939527744, 42.18863161424427], [-95.04059607447724, 42.18261476648998], [-95.04213026313353, 42.172350975108515], [-95.04938478607687, 42.169648140863245], [-95.04580275028817, 42.16643813540907], [-95.06482362331688, 42.15747225859542], [-95.05552835442349, 42.14749253452065], [-95.03942615895684, 42.1438197766773], [-95.0402126285982, 42.13421260565769], [-95.0266570437743, 42.118111588555], [-95.03686510520096, 42.112469349723604], [-95.04255961831345, 42.092481060382305], [-95.02838174444112, 42.0800655210486], [-95.02528489233065, 42.07089144282473], [-95.04092354004268, 42.064802632543035], [-95.03966039376886, 42.06070756018737], [-95.04995179370104, 42.06095303538702], [-95.05178831485779, 42.04768115948084], [-95.02274650666264, 42.032019919345636], [-95.01958887723498, 42.02018375750701], [-95.00529123278244, 42.004279972260704], [-95.00612215825059, 41.99622178789151], [-94.98066090452221, 41.98468368041181], [-94.9821484957681, 41.97563543232075], [-94.97734897507148, 41.96816973839504], [-94.98309119770873, 41.964660120533836], [-94.96743101558269, 41.95424723566207], [-94.95393374309883, 41.92862286910122], [-94.92954409146954, 41.913607547804716], [-94.91919770206555, 41.912504206863474], [-94.91270805685741, 41.919379546672275], [-94.89672484325015, 41.91364381572209], [-94.8941181532812, 41.90256374858387], [-94.85943090334425, 41.892790698310165], [-94.85708788597917, 41.88390398125167], [-94.83509890109829, 41.87052172139721], [-94.82900067611395, 41.85942040396356], [-94.83205575566541, 41.847980864757666], [-94.81189609014763, 41.82232548309701], [-94.79624608503546, 41.823237392606224], [-94.79951383444221, 41.81102075066248], [-94.78776486406264, 41.79460548515825], [-94.76890322819781, 41.78191641711144], [-94.77198965715606, 41.77521390698541], [-94.75479010219621, 41.772445992678456], [-94.74881038745572, 41.76635691775094], [-94.74426871468667, 41.75207465776788], [-94.74712401430882, 41.74690613654412], [-94.73425389704732, 41.743203267312765], [-94.73379208573617, 41.72920749142159], [-94.71599368775681, 41.71157754875786], [-94.71339683434019, 41.692520387664594], [-94.6955787039673, 41.68287721140543], [-94.68082137182094, 41.667866678028474], [-94.67720841063029, 41.658401019197115], [-94.68017268398123, 41.65237117334175], [-94.67231316186371, 41.64163496082957], [-94.65318973087395, 41.63467351980964], [-94.65060787213608, 41.627985760042336], [-94.6543410359966, 41.62110082391483], [-94.63388163590619, 41.616213563074496], [-94.62603799151132, 41.60311648383181], [-94.60773117043733, 41.60055317011929], [-94.600896725772, 41.59404064116427], [-94.58365613666831, 41.59201462384941], [-94.57642623385196, 41.59608901283027], [-94.55091017121316, 41.57983628704388], [-94.54779821572781, 41.56914262419678], [-94.53479619344326, 41.567341906407876], [-94.50938790887562, 41.536421140233124], [-94.4956300387211, 41.52715089254732], [-94.46088473695556, 41.541276285269475], [-94.43439874443987, 41.520258951796585], [-94.41827797450811, 41.52936236854426], [-94.39849839517021, 41.519593404526695], [-94.37051240926783, 41.52301602911611], [-94.35850999540051, 41.51270876649457], [-94.33673466403019, 41.50745075552636], [-94.32926459662264, 41.49872402473156], [-94.3082501472811, 41.50403099114199], [-94.28540233885265, 41.497810492827554], [-94.27204651419511, 41.498630811323245], [-94.26696969704501, 41.50983206589494], [-94.24241054230473, 41.52217416581414], [-94.21227849645996, 41.51304198233592], [-94.20072649338452, 41.50381211886605], [-94.18396839570812, 41.506998203118684], [-94.16631839043053, 41.4964592931253], [-94.1496151384955, 41.49975914858509], [-94.1428139216142, 41.490289573269486], [-94.13242252841113, 41.490794328501465], [-94.12395175035348, 41.480115888522874], [-94.09464972178009, 41.47281609384046], [-94.07907961821918, 41.47585002768287], [-94.06958563030683, 41.468346496750016], [-94.05107854960319, 41.467523521604875], [-94.04595018532544, 41.47334549994333], [-94.04027590496808, 41.46926277446269], [-94.01893427123377, 41.47807391774532], [-94.00384437827765, 41.4728517502811], [-93.99623956627242, 41.49315746019016], [-93.97109083732973, 41.49432286700055], [-93.97746514694022, 41.5067937513762], [-93.97163770023366, 41.51343963249168], [-93.9736155093166, 41.527368788110444], [-93.96637921678364, 41.54335793963866], [-93.99277584309823, 41.56163262138571], [-94.00043242231833, 41.57209119778648], [-94.0079709736899, 41.568882553077025], [-94.0187185300385, 41.57386465535013], [-94.02966620408297, 41.60147029748165], [-94.05535712648675, 41.59966592649439], [-94.05713502807964, 41.58878799853943], [-94.06590649382242, 41.586479429853775], [-94.07064742998949, 41.59918089979364], [-94.07802100755575, 41.60405063837456], [-94.07709371801046, 41.60916029200439], [-94.06410047945275, 41.613755437658604], [-94.0628876433264, 41.62397202805567], [-94.07560773474893, 41.629738663415075], [-94.08981020988364, 41.64973054571687], [-94.08282821962783, 41.65950408937572], [-94.07170781752055, 41.663648530703675], [-94.07006636552777, 41.676049981581265], [-94.08780498331991, 41.69707627192343], [-94.08284156769463, 41.70301887129895], [-94.09149937050287, 41.71350940139863], [-94.09181526217422, 41.72170178917866], [-94.07794687678188, 41.73429654449582], [-94.09136805207969, 41.73866591496608], [-94.08636538007651, 41.74991743154164], [-94.09993627488778, 41.756894727507806], [-94.1083240216637, 41.75505623279528], [-94.11774943128896, 41.74096005528595], [-94.1235053137084, 41.74853210418372], [-94.14886387293183, 41.75146831848813], [-94.15480982539067, 41.74651528173118], [-94.16244339606139, 41.75449225962438], [-94.1757311230305, 41.755002008906374], [-94.17096069427434, 41.76155764550118], [-94.17770468128552, 41.768716509087604], [-94.19267326484734, 41.76968134438192], [-94.19635730343823, 41.764916993327084], [-94.20512358590186, 41.77129907662535], [-94.22058547211543, 41.769516087305895], [-94.23324705267025, 41.77764027774259], [-94.25795726092218, 41.77926937757512], [-94.26246926143907, 41.78156747194618], [-94.26148887786722, 41.78973555163346], [-94.27872907979705, 41.80431100057963], [-94.27106186452397, 41.81078202424844], [-94.2726244543163, 41.81766519312108], [-94.28680791301475, 41.82469216775031], [-94.29391267242718, 41.834303794233904], [-94.30543022061991, 41.831565039781786], [-94.31102813788989, 41.82000052432569], [-94.32715020768389, 41.81781636530691], [-94.34602825666727, 41.823169194430186], [-94.35083808104021, 41.8287800852709], [-94.34905128343105, 41.83427874649568], [-94.36690190856274, 41.8385345681486], [-94.38205695363146, 41.85534017834134], [-94.38093264557806, 41.86859847689629], [-94.38532358643232, 41.872230317106215], [-94.41015700760863, 41.877207778443996], [-94.41057889150034, 41.88307631204762], [-94.43091230916035, 41.89193225782115], [-94.46345215258029, 41.90000439566514], [-94.48870719803517, 41.92975553905976], [-94.49846879137573, 41.9310803430832], [-94.50807849666971, 41.9435240828835], [-94.52139676456183, 41.950769364410085], [-94.53282820653963, 41.952387032707875], [-94.52992616487829, 41.96528863471256], [-94.53455711042365, 41.970916321765145], [-94.54346900440494, 41.971046910866086], [-94.55239037561246, 41.98191588276887], [-94.56677151667402, 41.98517999085809], [-94.55976633551086, 42.00258766968005], [-94.58002572390662, 42.01396870277421], [-94.57350441038975, 42.02048319150005], [-94.57470937457926, 42.028421689220565], [-94.60900146370757, 42.03486500498643], [-94.61577110839988, 42.01849145488066], [-94.6428488786854, 42.01075242384267], [-94.65421826414503, 42.0181479152012], [-94.64946591847556, 42.021342371389444], [-94.65700810892233, 42.03087238029048], [-94.67599520799129, 42.03858264212184], [-94.68081644725655, 42.04860922616519], [-94.68842657908489, 42.047254563065174], [-94.70412754472481, 42.05562198404141], [-94.71204631882016, 42.069337809668674], [-94.73906133908812, 42.074316579884716], [-94.72960084486114, 42.087484644807965], [-94.72121705336741, 42.08473482430419], [-94.71664077390034, 42.08932567506214], [-94.7192948706618, 42.099539234644524], [-94.73339787804004, 42.10681427580548], [-94.73474419303781, 42.11529273227386], [-94.76335542524255, 42.113446416364226], [-94.76297850921733, 42.12256635145708], [-94.78013056126495, 42.12794385371884], [-94.81682295332398, 42.15628095300059], [-94.83900114496326, 42.158812417371195], [-94.87479532055288, 42.17938896117933], [-94.91314250279005, 42.18994710806793], [-94.9357646804703, 42.210892469228206]]]}, "properties": {"huc8": "07100007", "name": "South Raccoon", "states": "IA", "areasqkm": 2944.48, "episode_count": 2, "event_count": 3, "huc8_name": "South Raccoon", "area_sqkm": 2944.48}}, {"type": "Feature", "geometry": {"type": "Polygon", "coordinates": [[[-93.66992949028172, 41.88293228235242], [-93.71157986675182, 41.904193488101136], [-93.71873346307467, 41.899560460966256], [-93.68176143085756, 41.85877213760122], [-93.68277717122066, 41.83494762677409], [-93.668698788461, 41.831397408083], [-93.67199170776371, 41.81820699462325], [-93.6396865411269, 41.792938866673836], [-93.64222121495618, 41.78072170611299], [-93.63602559552704, 41.77766644761897], [-93.6396418544331, 41.772913718434474], [-93.61549810313808, 41.75989901921178], [-93.61611680701024, 41.752513940646914], [-93.60899614112907, 41.749695341737954], [-93.61274569475195, 41.74674730996463], [-93.60929844129018, 41.736988201354634], [-93.61267013206351, 41.72791977370409], [-93.5868053362449, 41.71473880747001], [-93.5890749810142, 41.70556844655833], [-93.5995460323251, 41.70528617185005], [-93.60137392067197, 41.69442558888364], [-93.59406867615274, 41.68830342192965], [-93.59546574416746, 41.67697680337075], [-93.58369769357122, 41.655449104843576], [-93.60006504745523, 41.64690633121922], [-93.61575584686109, 41.62685294621673], [-93.59789723121496, 41.61643129878856], [-93.60456459013577, 41.60002337137185], [-93.59342304707658, 41.586525491213465], [-93.61670075147079, 41.57755347897904], [-93.63566804807765, 41.54676266465241], [-93.65438721473167, 41.54301056688605], [-93.65154582911495, 41.52837877380047], [-93.65932186899649, 41.52917869760254], [-93.67410532774458, 41.517615679987976], [-93.69828720803181, 41.51920284437587], [-93.7051149315022, 41.513751312872095], [-93.72523881712219, 41.516311766385215], [-93.73696941425926, 41.50260292729934], [-93.75243387145119, 41.50502630250267], [-93.76482935395086, 41.5005974799591], [-93.80793515838641, 41.50122188459154], [-93.84555942319533, 41.509848118442754], [-93.855061341435, 41.49920900639353], [-93.866096451201, 41.499938049454194], [-93.87688419907376, 41.485716912167966], [-93.88830916240171, 41.48319437808064], [-93.90129268028973, 41.487151461258875], [-93.91131963147362, 41.50126536066015], [-93.92743071307507, 41.51154939754088], [-93.94256175695601, 41.512531548945574], [-93.9720436111813, 41.49372033053663], [-93.99623956627242, 41.49315746019016], [-94.00311538284816, 41.473074285739344], [-94.01893427123377, 41.47807391774532], [-94.04027590496808, 41.46926277446269], [-94.04595018532544, 41.47334549994333], [-94.05107854960319, 41.467523521604875], [-94.06958563030683, 41.468346496750016], [-94.07907961821918, 41.47585002768287], [-94.09464972178009, 41.47281609384046], [-94.12395175035348, 41.480115888522874], [-94.13242252841113, 41.490794328501465], [-94.1428139216142, 41.490289573269486], [-94.1496151384955, 41.49975914858509], [-94.16631839043053, 41.4964592931253], [-94.18396839570812, 41.506998203118684], [-94.20072649338452, 41.50381211886605], [-94.21227849645996, 41.51304198233592], [-94.24241054230473, 41.52217416581414], [-94.26696969704501, 41.50983206589494], [-94.27204651419511, 41.498630811323245], [-94.28540233885265, 41.497810492827554], [-94.3082501472811, 41.50403099114199], [-94.32926459662264, 41.49872402473156], [-94.33673466403019, 41.50745075552636], [-94.35850999540051, 41.51270876649457], [-94.37051240926783, 41.52301602911611], [-94.39849839517021, 41.519593404526695], [-94.41827797450811, 41.52936236854426], [-94.43439874443987, 41.520258951796585], [-94.46088473695556, 41.541276285269475], [-94.4956300387211, 41.52715089254732], [-94.50938790887562, 41.536421140233124], [-94.53479619344326, 41.567341906407876], [-94.54779821572781, 41.56914262419678], [-94.55091017121316, 41.57983628704388], [-94.56391928120532, 41.58861850302874], [-94.57642623385196, 41.59608901283027], [-94.59525467696703, 41.592369999516514], [-94.60773117043733, 41.60055317011929], [-94.6256742411949, 41.602931594340625], [-94.6295059978528, 41.61332692690127], [-94.65146843033051, 41.62106722144954], [-94.68587153865151, 41.602860444206605], [-94.69592671759656, 41.59096234206905], [-94.69456281538214, 41.58107103850259], [-94.68684630954947, 41.57260733128702], [-94.66700842056646, 41.56776851065578], [-94.66594007486032, 41.5515644280903], [-94.65358101904542, 41.538856593726386], [-94.65808113125784, 41.530812297484275], [-94.64478150520449, 41.50978724278508], [-94.64347311168811, 41.49851029432779], [-94.63568788204122, 41.49089563597835], [-94.63742266180553, 41.48436368626896], [-94.6316931296683, 41.47889709411829], [-94.62132233842794, 41.48081442750745], [-94.61423839657391, 41.47604479436875], [-94.60786372673897, 41.469379430349804], [-94.61233288300672, 41.45856271832056], [-94.57909373976565, 41.44721748288789], [-94.57883211711724, 41.441111459095396], [-94.56800733889186, 41.4387957500177], [-94.55420366184438, 41.447228956710234], [-94.55431355005814, 41.459760015534464], [-94.54498693535122, 41.46004234431381], [-94.51949075153134, 41.420505594962414], [-94.5047061312616, 41.411969811009264], [-94.50170347110193, 41.38726096706136], [-94.4899087710845, 41.374744176460034], [-94.49145016153443, 41.37059927443923], [-94.47969996046291, 41.36280666153419], [-94.44313699317843, 41.369188580025295], [-94.43317821334482, 41.35897522104936], [-94.40208805226577, 41.36706877105137], [-94.38665888898304, 41.35662473091394], [-94.37185478874635, 41.35992183203443], [-94.36513929270272, 41.35453474521894], [-94.35686644853646, 41.35587439620918], [-94.34448414342371, 41.34133467398323], [-94.3387563342552, 41.34114000010895], [-94.33853431922599, 41.33568806572598], [-94.31732102240642, 41.334054533432194], [-94.31885649026368, 41.310562030989146], [-94.30983634030751, 41.30213089553944], [-94.29983350709237, 41.302393334729565], [-94.28882089293771, 41.29546105780441], [-94.28404428556902, 41.27369355781033], [-94.26714397829495, 41.26402574661349], [-94.26320399261165, 41.256761373651706], [-94.25232794753299, 41.25507865890428], [-94.24465925093803, 41.26380163471212], [-94.22520942068304, 41.26941492281959], [-94.2186599782197, 41.259931171192804], [-94.21052385224979, 41.25727662808138], [-94.20678660464799, 41.24604982353078], [-94.19554186672222, 41.24148563284493], [-94.19249390721772, 41.216206584295925], [-94.18437061547827, 41.213774835619134], [-94.16135449600323, 41.18999487460546], [-94.15244813115252, 41.18799768536455], [-94.14172930562162, 41.19356884204489], [-94.12681931197925, 41.18668008877406], [-94.10252306088499, 41.16830484399069], [-94.10570762539813, 41.158466100199924], [-94.08175908520087, 41.152836565563064], [-94.07788033677214, 41.13168134591151], [-94.05227055020481, 41.13608706270463], [-94.03745191522685, 41.132889134605996], [-94.02252837229503, 41.11695051105499], [-93.9868653318723, 41.1087805372646], [-93.98892730680915, 41.08715123562519], [-93.9808980713749, 41.0837334555246], [-93.97855417994906, 41.06966419611019], [-93.96013459425576, 41.06500010061149], [-93.95344234840833, 41.04426519384082], [-93.91195141122306, 41.05801197624372], [-93.89503982560059, 41.047741912162834], [-93.88955834975434, 41.04192582857409], [-93.89532118243916, 41.02961249787717], [-93.89123536784587, 41.00661563583471], [-93.88469368502993, 41.00370942374302], [-93.87773341424106, 40.98851390466702], [-93.82747773969446, 40.98354332982641], [-93.80511142107176, 40.97012261365301], [-93.79827763397321, 40.940622318778495], [-93.80418090208303, 40.92153592553275], [-93.7981567396006, 40.91740332152199], [-93.77026382185659, 40.9101056850076], [-93.71405223702624, 40.92464265019433], [-93.70375737319031, 40.91916389368721], [-93.6882903764611, 40.92975605155735], [-93.67933899703148, 40.92897630435703], [-93.66672651928842, 40.94019862649082], [-93.65962876853183, 40.93956269582852], [-93.65665549496006, 40.93403762709238], [-93.63906609721805, 40.93829755804167], [-93.63084170997485, 40.933276357888595], [-93.59415399095191, 40.95079059459552], [-93.58089382609236, 40.9485630498665], [-93.55830060830023, 40.95304135197362], [-93.53450024071753, 40.972675653457664], [-93.50447342622007, 40.967086149499366], [-93.47004604272516, 40.97780712266745], [-93.45962052521936, 40.967845140604005], [-93.4416143073889, 40.96893599112189], [-93.43577950887006, 40.97632596666969], [-93.42692428241352, 40.97285888329308], [-93.4196127901115, 40.98127396225809], [-93.40045861248453, 40.98174742862602], [-93.38464838206164, 40.99239460205753], [-93.37423104641147, 40.992863214501604], [-93.36448115542412, 41.01439929142778], [-93.37023092570638, 41.02801542460171], [-93.36663761426425, 41.03605185756401], [-93.3427423585364, 41.04233451278499], [-93.33371867730285, 41.03660741362151], [-93.33001410142793, 41.027266709174015], [-93.31214280875652, 41.019492732258655], [-93.30492444300337, 41.00534635516771], [-93.29046653910416, 40.992703913427], [-93.2788813702284, 40.98509837115629], [-93.26080670346825, 40.9814575561178], [-93.24622181551709, 40.96856309523934], [-93.23690137942269, 40.96988687964961], [-93.23167586414361, 40.978241886519655], [-93.21253593020376, 40.98041787362664], [-93.2127101863009, 41.003673206054486], [-93.23196190479807, 41.02281852562347], [-93.23578997207508, 41.040396032031616], [-93.2524306276045, 41.041935133849], [-93.25541153056798, 41.05692946151978], [-93.24494485674747, 41.070512373221405], [-93.25660000258719, 41.08892235287617], [-93.28830905887953, 41.09615798345976], [-93.28710061641326, 41.10289849499243], [-93.29580146199831, 41.11805479995655], [-93.29139814685102, 41.1312460833954], [-93.30716314170945, 41.13996821978232], [-93.30454420860148, 41.1500367792747], [-93.31080222141699, 41.16110677909246], [-93.28721908802954, 41.18008658251874], [-93.28468139226767, 41.193349837493244], [-93.26411295646471, 41.18992738655137], [-93.24942514763313, 41.20006305890483], [-93.24721169877306, 41.214007644528046], [-93.24099428082525, 41.22067714997957], [-93.24799700419781, 41.22835978218019], [-93.23714185303436, 41.23454569737132], [-93.22424129546113, 41.25460084226896], [-93.18223908482686, 41.27129752430086], [-93.17202558679611, 41.281646338129114], [-93.16540451626527, 41.2786461663209], [-93.14465434229717, 41.28598548459125], [-93.13376260005725, 41.29676369992295], [-93.10568967789663, 41.29637457454841], [-93.08121940606382, 41.30317860524955], [-93.0795391252912, 41.309836629334654], [-93.07008530375015, 41.31167976792285], [-93.06079347360765, 41.32351743179766], [-93.01956231842277, 41.33210405340552], [-93.01950731457792, 41.342970244584635], [-92.98398477425886, 41.344178141288005], [-92.97932071052395, 41.35495574837521], [-92.98656732020793, 41.36491976286584], [-92.96829520554495, 41.38153683236969], [-92.97677597736013, 41.40486568348432], [-92.98953717389344, 41.414413335064744], [-92.98650142968016, 41.42215570456135], [-92.99887904019724, 41.4391114523373], [-93.02505652519322, 41.44887710441786], [-93.03489287633171, 41.472350062526125], [-93.06816060127016, 41.486684624555174], [-93.07739601990777, 41.50506062263843], [-93.09086387705763, 41.517411553692725], [-93.10967878705294, 41.522889841417346], [-93.11412362412932, 41.54078545644869], [-93.1353347191781, 41.550783362697636], [-93.1373372157617, 41.55594586541494], [-93.1870216093983, 41.58784529169413], [-93.19948508538182, 41.587534669122434], [-93.21331331428435, 41.59643249946965], [-93.22728496191691, 41.59625558387434], [-93.23312957722518, 41.60061940825989], [-93.24196643852405, 41.59489580922958], [-93.26237351174916, 41.59645970181087], [-93.27240942632295, 41.61844263672534], [-93.2854847924572, 41.62139226234875], [-93.28996371431037, 41.632191113057104], [-93.30343480539527, 41.63210482235371], [-93.3119853385788, 41.63981202147616], [-93.32214434031282, 41.63472603045031], [-93.32503671161011, 41.6424569136885], [-93.35333449915434, 41.65637924753129], [-93.35047366052015, 41.66149272515787], [-93.36782452141824, 41.67975540935877], [-93.37541193754798, 41.695516816585595], [-93.38624470089793, 41.69811905301247], [-93.4201007702452, 41.69386077001911], [-93.4316522891287, 41.68429395641562], [-93.44173285446371, 41.68942566452688], [-93.45263160446116, 41.71344815233793], [-93.45739688048083, 41.71535961883741], [-93.45856065421962, 41.726014331964], [-93.46438147315601, 41.72727821916174], [-93.46428530580991, 41.74175606626337], [-93.49273029668649, 41.7431262229058], [-93.50831758681541, 41.75838495063604], [-93.50363180990176, 41.76724214795421], [-93.51593312201018, 41.77219208859113], [-93.51954025493129, 41.782485128952594], [-93.53172302355819, 41.79339639349868], [-93.54015440869401, 41.7940219437316], [-93.54755807982227, 41.81530599969142], [-93.56939483080521, 41.817430397946964], [-93.58314338812517, 41.8285785786539], [-93.59779478374669, 41.8314415908138], [-93.59983004997355, 41.840567681970846], [-93.59586380114459, 41.84586444649112], [-93.60414318594442, 41.85697394682804], [-93.59932413048362, 41.869331539816216], [-93.61260266948399, 41.883881561903536], [-93.6330569913981, 41.88270536573603], [-93.63772052063544, 41.89278131174063], [-93.64948958992117, 41.89846325541702], [-93.66992949028172, 41.88293228235242]]]}, "properties": {"huc8": "07100008", "name": "Lake Red Rock", "states": "IA", "areasqkm": 6326.29, "episode_count": 6, "event_count": 7, "huc8_name": "Lake Red Rock", "area_sqkm": 6326.29}}, {"type": "Feature", "geometry": {"type": "Polygon", "coordinates": [[[-92.96466080067013, 41.42019965731269], [-92.99807934465997, 41.43677371525136], [-92.98650142968016, 41.42215570456135], [-92.98953717389344, 41.414413335064744], [-92.97677597736013, 41.40486568348432], [-92.96830969986206, 41.381712450033504], [-92.98656732020793, 41.36491976286584], [-92.97932071052395, 41.35495574837521], [-92.98398477425886, 41.344178141288005], [-93.01950731457792, 41.342970244584635], [-93.01956231842277, 41.33210405340552], [-93.06079347360765, 41.32351743179766], [-93.07008530375015, 41.31167976792285], [-93.0795391252912, 41.309836629334654], [-93.08121940606382, 41.30317860524955], [-93.10568967789663, 41.29637457454841], [-93.13376260005725, 41.29676369992295], [-93.14465434229717, 41.28598548459125], [-93.16540451626527, 41.2786461663209], [-93.17202558679611, 41.281646338129114], [-93.18223908482686, 41.27129752430086], [-93.22424129546113, 41.25460084226896], [-93.23714185303436, 41.23454569737132], [-93.24799700419781, 41.22835978218019], [-93.24099428082525, 41.22067714997957], [-93.24721169877306, 41.214007644528046], [-93.24942514763313, 41.20006305890483], [-93.26411295646471, 41.18992738655137], [-93.28468139226767, 41.193349837493244], [-93.28721908802954, 41.18008658251874], [-93.31080222141699, 41.16110677909246], [-93.30454420860148, 41.1500367792747], [-93.30716314170945, 41.13996821978232], [-93.29139814685102, 41.1312460833954], [-93.29580146199831, 41.11805479995655], [-93.28710061641326, 41.10289849499243], [-93.28830905887953, 41.09615798345976], [-93.25660000258719, 41.08892235287617], [-93.24494485674747, 41.070512373221405], [-93.25541153056798, 41.05692946151978], [-93.2524306276045, 41.041935133849], [-93.23578997207508, 41.040396032031616], [-93.23196190479807, 41.02281852562347], [-93.2127101863009, 41.003673206054486], [-93.21253593020376, 40.98041787362664], [-93.18991645375759, 40.98815944073478], [-93.17328332072036, 40.98061572357442], [-93.15434274090836, 40.9812883480589], [-93.1336521189554, 40.96702761373562], [-93.12127580111401, 40.96574204139773], [-93.09342770301448, 40.920082038256936], [-93.08596612109311, 40.91562861529803], [-93.063598809832, 40.92677039445518], [-93.05763543814147, 40.91947878323853], [-93.04551758986183, 40.91915322569761], [-93.03775004894122, 40.92857872031449], [-93.02196631792091, 40.92980886101966], [-93.00738324636325, 40.91330565726023], [-92.99165386431592, 40.905248259602395], [-92.97574782766968, 40.90618277637376], [-92.96449784717592, 40.89192178242902], [-92.94538159642022, 40.89263066370874], [-92.94506838891495, 40.89818221334375], [-92.93028218940694, 40.905640765682385], [-92.91131195530909, 40.892874459707514], [-92.90705264908499, 40.89722107513853], [-92.8978856856653, 40.89637299342895], [-92.89274801933281, 40.90438205440938], [-92.86217479019075, 40.902037547127634], [-92.83950513744605, 40.886362816265354], [-92.83793368487514, 40.870607988298104], [-92.82095835120685, 40.86696228033676], [-92.80519140071604, 40.83974766529867], [-92.80555642035195, 40.82562387904669], [-92.79282194780004, 40.81882928803099], [-92.79166583130073, 40.81072885051122], [-92.77611888451122, 40.8033357073298], [-92.77388009417697, 40.79639264035884], [-92.76288443213004, 40.79529584527406], [-92.76288091971729, 40.78828681261443], [-92.75287396143834, 40.7883497126316], [-92.74635450923077, 40.78134605639217], [-92.72769138397574, 40.79858387084952], [-92.72697294195423, 40.8123501971628], [-92.70067075462714, 40.820313660036994], [-92.67228939591371, 40.8065464007356], [-92.64838274954805, 40.80583832977676], [-92.62038360781835, 40.78630013686609], [-92.6134048712605, 40.789739435430356], [-92.58584994643878, 40.78738725443707], [-92.55336857436069, 40.79843100294507], [-92.55453878542679, 40.80545756037255], [-92.54522781488055, 40.810645412546315], [-92.53301925023193, 40.803340127239], [-92.5122744517825, 40.805651430834736], [-92.50462715395592, 40.79880527278954], [-92.48294999856468, 40.798574035506405], [-92.4746609964014, 40.80325135296624], [-92.46111923754806, 40.794323940141474], [-92.43942667155811, 40.79545650444297], [-92.4304929539053, 40.787004860406114], [-92.41314744427137, 40.78612520206031], [-92.41143327635127, 40.78124279411521], [-92.3970350960454, 40.776429514659284], [-92.37445406210348, 40.77751735704352], [-92.3621473115943, 40.76889285620841], [-92.32530253112711, 40.76200835869265], [-92.32267248136749, 40.75186349448626], [-92.31220127015646, 40.74481560518969], [-92.2794357483776, 40.747406636722395], [-92.26838508787571, 40.74035028649694], [-92.25945797373858, 40.74647624856245], [-92.22951054695604, 40.7485019590987], [-92.22300221050178, 40.754495043173435], [-92.2019352555302, 40.756134525160874], [-92.19051668551214, 40.748278900422754], [-92.17794344977392, 40.75169803431745], [-92.14960363993902, 40.72975761884136], [-92.12986230637433, 40.72160558604575], [-92.10359294348774, 40.69888024524125], [-92.07525595885438, 40.68737178391561], [-92.06524077380409, 40.69004486676526], [-92.04154377895439, 40.683767135463036], [-92.03728657838131, 40.66908108310868], [-92.00924724243254, 40.65934577055211], [-92.00312169159557, 40.66149763864886], [-91.99702083544575, 40.65116182003919], [-91.97522276861389, 40.64175117439718], [-91.95636246674727, 40.64030266591387], [-91.94135199923532, 40.626016095778205], [-91.91954316429815, 40.62722544237756], [-91.91334891659645, 40.6194173462857], [-91.88701105986438, 40.612690612659954], [-91.88181771684887, 40.603015845522975], [-91.86195842280932, 40.595524018147024], [-91.8494117646271, 40.59819437154344], [-91.83237336024271, 40.58839119096119], [-91.82145669155028, 40.59639254267974], [-91.80549306301286, 40.596415404000645], [-91.77405913913248, 40.57759606625098], [-91.7686110168344, 40.57064518616584], [-91.77610866521611, 40.559463166136524], [-91.7605952381631, 40.55127246914282], [-91.75083734947479, 40.5515063936356], [-91.74152046891228, 40.533455530948935], [-91.72789110635243, 40.530989557966045], [-91.72769412557356, 40.52313318799772], [-91.7152945530444, 40.51226433571692], [-91.68267946044807, 40.49763463760396], [-91.66908421680101, 40.48517955103996], [-91.64805691166946, 40.4783055224238], [-91.62997880526007, 40.46364467249486], [-91.62780684419307, 40.455067357220585], [-91.6048310599726, 40.44075415867071], [-91.58397985428113, 40.448389238052194], [-91.57350889190344, 40.43990607695103], [-91.55019092591651, 40.439914264208035], [-91.53573194493724, 40.434829107375016], [-91.52787444582576, 40.42669161758163], [-91.53238903259236, 40.418336416245566], [-91.52712101352562, 40.41073864621182], [-91.49715439603366, 40.395318376017116], [-91.4918329505637, 40.383335959248434], [-91.48339144141465, 40.37737785457244], [-91.45645376699096, 40.37462045684567], [-91.45541051662059, 40.3662916005052], [-91.43913621382698, 40.38382915315281], [-91.42318442149173, 40.380305365166], [-91.42328238546841, 40.38759692110856], [-91.41413869829606, 40.38990306706065], [-91.41697894664561, 40.39640615672842], [-91.43174282661208, 40.40232974393292], [-91.43535074376241, 40.409999310012736], [-91.43391382378677, 40.41694647431204], [-91.42275727976065, 40.419710292667546], [-91.42773364190579, 40.42778674358025], [-91.4221087599059, 40.43384402178094], [-91.457074815466, 40.45735650729059], [-91.44723797654233, 40.47069639750406], [-91.44811540779271, 40.491140832355924], [-91.43853804903549, 40.49339828645103], [-91.44466070100903, 40.50203466561371], [-91.44213412549206, 40.51523793034999], [-91.46429270690868, 40.52812011962193], [-91.47466522830427, 40.53932649322254], [-91.47432771238739, 40.54676568037667], [-91.48496442291817, 40.54769938316088], [-91.50116890325802, 40.56000938895186], [-91.51842497123236, 40.56572357924671], [-91.5181349851772, 40.57860971277507], [-91.5247910181389, 40.583245045108036], [-91.52495670610485, 40.58978982637115], [-91.54680528430681, 40.60609096694646], [-91.54846858153068, 40.61377000148545], [-91.55551942316144, 40.61839066714535], [-91.55499814876836, 40.62948987003072], [-91.56559775977622, 40.64869135569175], [-91.57228990141908, 40.652557367787686], [-91.56672557036093, 40.6604928267832], [-91.58164994333605, 40.67126407472145], [-91.57518752965743, 40.6770621031218], [-91.5752640005426, 40.68405610326709], [-91.59364190530502, 40.702557789556856], [-91.59340050822526, 40.722064541355266], [-91.60430370668, 40.7274023484229], [-91.6192421320011, 40.7267812033616], [-91.62238728742273, 40.74380796045237], [-91.64717955138597, 40.754426320156256], [-91.64273619203824, 40.759006442141995], [-91.64555593813807, 40.76464826641987], [-91.66342054644547, 40.764331755237606], [-91.67863949676519, 40.75581709222443], [-91.70238985333941, 40.756689546363496], [-91.71722073145641, 40.76440611861038], [-91.73246425249576, 40.78077721433574], [-91.75094886094426, 40.7789718826779], [-91.74868303940482, 40.789198568996795], [-91.7651038304718, 40.798109606810094], [-91.77622500153699, 40.795053363036196], [-91.81513939801086, 40.808930714963466], [-91.83641310294003, 40.80738117193768], [-91.85153057507367, 40.82022448018916], [-91.84775847194055, 40.82499187543713], [-91.83381140940068, 40.826508824477976], [-91.83148796722395, 40.85558371115172], [-91.84490411195617, 40.86795678963525], [-91.86461043727591, 40.87336262919788], [-91.8719947667778, 40.863971714967384], [-91.89074121886027, 40.866001875464725], [-91.90087367447933, 40.85849412902317], [-91.91172334322461, 40.86156837959391], [-91.92318943232459, 40.874096044481576], [-91.94760131096899, 40.87419597518325], [-91.95584306174831, 40.882812176304064], [-91.95444851710123, 40.890607643449165], [-91.96797294116453, 40.902505951845264], [-91.99283962965076, 40.90519265500268], [-92.00256422857127, 40.918447959564176], [-91.99972378169403, 40.9313168078319], [-91.99455198297397, 40.93399449171109], [-92.0080171146353, 40.943356372600306], [-92.0124375283157, 40.952360688810685], [-92.02892624998448, 40.94505737308496], [-92.0539477271773, 40.96197547924632], [-92.07584826034204, 40.96614293169911], [-92.09088074286666, 40.96366692930846], [-92.09743438046239, 40.95676961475973], [-92.1080844408566, 40.964526763329026], [-92.14148835847696, 40.94318332461918], [-92.16248082604349, 40.94752063097573], [-92.17892736641979, 40.96046648758855], [-92.19161643991386, 40.95019543737], [-92.2099139481533, 40.95083708898184], [-92.21908213956999, 40.945343364875335], [-92.23410700348269, 40.95059277394105], [-92.24247694475137, 40.96090156108458], [-92.25238257755782, 40.960751717307], [-92.30415034939126, 40.99456044207481], [-92.32374930088172, 40.99759827898442], [-92.32681507128336, 41.00694338703115], [-92.32047512043586, 41.02318722456323], [-92.33474254017233, 41.04646568705966], [-92.36184847713358, 41.050372820727716], [-92.36834521094764, 41.05843110713403], [-92.38690555006953, 41.06470910018502], [-92.39625556948288, 41.0619055434516], [-92.40735430242887, 41.06625326222632], [-92.41617050696777, 41.05689776277979], [-92.42103434793707, 41.05761388666996], [-92.42114131123625, 41.068039383336064], [-92.45437189263436, 41.093942093043516], [-92.44591034925782, 41.1078669289107], [-92.46248910457595, 41.124268179974], [-92.46443474319193, 41.13268576098362], [-92.4796725787939, 41.14311607852384], [-92.50294096226871, 41.14788512077802], [-92.52078501622408, 41.16697550715961], [-92.58244180023458, 41.188843729777695], [-92.57928899925157, 41.19786276136651], [-92.58618753871244, 41.20275692960008], [-92.58904555573834, 41.213513649112144], [-92.57269179156795, 41.225380331218446], [-92.5712725800815, 41.23822359300444], [-92.56069084644612, 41.23983534555385], [-92.56445535971342, 41.24924770448374], [-92.61500646859739, 41.27232402559109], [-92.63964008289494, 41.292649341263754], [-92.66547044089882, 41.30604705668511], [-92.6672011171589, 41.31252988746265], [-92.69159667970277, 41.31941883744622], [-92.70004961003235, 41.33329765740193], [-92.71715624595414, 41.34090685781471], [-92.7510575355945, 41.34025456295034], [-92.76772931954514, 41.35720097501218], [-92.79098841623656, 41.365732911558986], [-92.79592081034012, 41.37081912425292], [-92.7952126136044, 41.378732726625564], [-92.80991194332951, 41.384399163216685], [-92.82655322408635, 41.38373905906071], [-92.84125706335416, 41.39206122413364], [-92.84779765112377, 41.42102673569522], [-92.88145425764704, 41.41956488157002], [-92.8824094210173, 41.41135076094485], [-92.89096172298359, 41.40852786408846], [-92.8958815298934, 41.39637060572731], [-92.90727669340842, 41.39565107292176], [-92.91826899845115, 41.39799739640407], [-92.91928879380946, 41.406288345711175], [-92.92455138974685, 41.40926261762994], [-92.94036112789296, 41.41229626076334], [-92.95771514636925, 41.40893639585282], [-92.96466080067013, 41.42019965731269]]]}, "properties": {"huc8": "07100009", "name": "Lower Des Moines", "states": "IA,MO", "areasqkm": 5546.97, "episode_count": 7, "event_count": 11, "huc8_name": "Lower Des Moines", "area_sqkm": 5546.97}}, {"type": "Feature", "geometry": {"type": "Polygon", "coordinates": [[[-95.8318209513819, 42.88505546856228], [-95.84094750858011, 42.89267690669594], [-95.87156477313741, 42.883207049039605], [-95.87335027627421, 42.872055337024214], [-95.88269335260873, 42.86736037593297], [-95.88118400147172, 42.86248821021324], [-95.88644339761005, 42.858388884842974], [-95.88579548411812, 42.84886358576551], [-95.89457116385793, 42.84396754912929], [-95.897867067364, 42.83095463144864], [-95.9085114261511, 42.826224598573], [-95.92525714414455, 42.799844602921226], [-95.9224228731849, 42.79413402849427], [-95.93646402975921, 42.795213095452915], [-95.94702526204317, 42.80424736219492], [-95.95769475299694, 42.79655312963653], [-95.96117106695817, 42.78153959862279], [-95.99630192474535, 42.78026048861445], [-96.0096881555786, 42.7855912521502], [-96.03461561419549, 42.76194709403959], [-96.03589934805899, 42.74980643561928], [-96.04825192342742, 42.744606215631066], [-96.05680445087087, 42.74628277339662], [-96.08794879024302, 42.73195954231011], [-96.09614138610831, 42.72125305328562], [-96.09595147866399, 42.71334611275184], [-96.1207785173102, 42.70746131133595], [-96.12684775725357, 42.71021172723784], [-96.14165066452757, 42.69473259685251], [-96.15416155359178, 42.689799859836064], [-96.1669242853459, 42.698431510752926], [-96.17832842931884, 42.69462029503599], [-96.19076471509534, 42.67977948807672], [-96.19164700084153, 42.66920546415833], [-96.20119793655302, 42.6633852318352], [-96.20427069944081, 42.65557776280361], [-96.20090943900624, 42.64951798705414], [-96.2083585011075, 42.645256865927536], [-96.2072668656793, 42.636453376029955], [-96.21318674363872, 42.63298526048157], [-96.21705856875154, 42.61289254993265], [-96.2240779729406, 42.59759984126106], [-96.23305608623308, 42.590506577965165], [-96.22978863237203, 42.58399467086843], [-96.24325226744006, 42.570577189198985], [-96.24346825567203, 42.562314928514], [-96.25246481766547, 42.56339859971085], [-96.26293732155219, 42.555081214273144], [-96.27863676095446, 42.558392118175064], [-96.28152864356824, 42.54495799310692], [-96.27441979592295, 42.53951515018021], [-96.27710910125364, 42.53485355821291], [-96.27269532612317, 42.52897664403299], [-96.28313602605557, 42.52437037213294], [-96.28231136094665, 42.51674632651611], [-96.29052307924941, 42.507905136872196], [-96.29687894554881, 42.51014265687631], [-96.3100331595105, 42.502671948200735], [-96.30555371843107, 42.49116044375019], [-96.31181968852336, 42.48436087044948], [-96.32607427852095, 42.48511980301317], [-96.33706347718943, 42.4791966329047], [-96.33790634036937, 42.47089075431979], [-96.34384410917599, 42.46993574546105], [-96.34198536100416, 42.46440076653997], [-96.34762387763342, 42.46152260217829], [-96.34343727476022, 42.448162381912155], [-96.34748002232216, 42.442169092039485], [-96.3410792142074, 42.43268703357749], [-96.3497632469236, 42.42164643154633], [-96.34730417261372, 42.410530078149556], [-96.36011397788535, 42.407766473701436], [-96.33209782475909, 42.370518541872286], [-96.3216696141041, 42.36656694392278], [-96.31173560621276, 42.355312812948945], [-96.3110151816094, 42.3418364244333], [-96.32564491076462, 42.33743536325222], [-96.31000806866629, 42.31704354269776], [-96.3095323963503, 42.299159850206586], [-96.2945792961507, 42.286614900475875], [-96.26918209679367, 42.286565601169386], [-96.22597221175268, 42.22829693997347], [-96.19339729271415, 42.2286998050727], [-96.19398804550625, 42.200640940563], [-96.17936326516994, 42.20041922841548], [-96.17169299292996, 42.18629082287922], [-96.15496873568864, 42.18539636843501], [-96.15486538002362, 42.17327662508871], [-96.14696621704925, 42.16347173046874], [-96.15096133503651, 42.15116875023191], [-96.1389347951156, 42.14106295611112], [-96.14327300845595, 42.12936463534504], [-96.12650620251121, 42.11958749633041], [-96.12819096947037, 42.09764057074076], [-96.10172470844991, 42.061112352793565], [-96.1068961532337, 42.02877123560032], [-96.11234308436572, 42.02676617976558], [-96.10591977165646, 42.01258571901336], [-96.09200473225984, 42.00867297972691], [-96.09058224282093, 41.997716537643804], [-96.10038668759714, 41.99103427015629], [-96.08960277822561, 41.9828467726614], [-96.08798160659866, 41.97609133618499], [-96.09937252287904, 41.960668504069126], [-96.09900432769858, 41.940435334386805], [-96.10803113057774, 41.93784656161958], [-96.11605389544701, 41.9215409389486], [-96.11716216587766, 41.916503775661496], [-96.10893184077041, 41.91639461241523], [-96.1092464774953, 41.905535385990895], [-96.11782327292616, 41.90560282780027], [-96.14332427530923, 41.88120184873684], [-96.10461460848185, 41.85004677992189], [-96.10740103337285, 41.83335920801023], [-96.10378294639519, 41.822467855904904], [-96.07911311741529, 41.8106090599802], [-96.07436435512547, 41.819430501123634], [-96.05577547113711, 41.82702607928909], [-96.02318794783683, 41.86119268590495], [-95.98214527446991, 41.917150591487875], [-95.98191657507668, 41.94371800104133], [-95.99179511469417, 41.964952113760866], [-95.97360979076235, 41.965154966609276], [-95.9837787081005, 41.99329010028311], [-95.9829342144783, 42.018822409239526], [-96.01173533975431, 42.03050538198452], [-96.01168395971334, 42.03692561523676], [-96.02667552128182, 42.05550001530721], [-96.03483748010436, 42.05227499610569], [-96.03896689353165, 42.06307319554065], [-96.03873112529543, 42.09058465834834], [-96.03434305994838, 42.09835625869733], [-96.01562605464095, 42.09449300052204], [-96.0017946205495, 42.101810040198984], [-95.99837159375262, 42.125287602631104], [-96.00540158458732, 42.125317956204796], [-96.00291880643202, 42.14955889444302], [-96.00966550994862, 42.16477319300945], [-96.00938079700416, 42.18312734392859], [-96.00043570039166, 42.18698223966459], [-95.98786189781652, 42.210582392106666], [-95.97059647748172, 42.21740708158116], [-95.96658132347038, 42.22771202695992], [-95.9562738014738, 42.23090086988149], [-95.96217984627614, 42.23564105561744], [-95.95831687765371, 42.24641969651329], [-95.96169196765207, 42.25152183101371], [-95.95257950771563, 42.25911923210637], [-95.95479522931336, 42.26535219192095], [-95.94653557061886, 42.27478554844637], [-95.9483010808507, 42.2895217774417], [-95.94414076717428, 42.2944463606382], [-95.92623271184817, 42.29645332693673], [-95.92913877436871, 42.31930486828183], [-95.91641805861705, 42.326233919620094], [-95.91746879464868, 42.33334850298266], [-95.90795871790961, 42.346248263276614], [-95.91291409630803, 42.35631507214702], [-95.90769804028888, 42.3664973104624], [-95.91246165981518, 42.36987869395372], [-95.90237416128282, 42.38943359038414], [-95.90587089305212, 42.43362137500819], [-95.9002105554463, 42.44206330056896], [-95.90435650775626, 42.45158615063261], [-95.89791801262041, 42.455230159808764], [-95.91462209190381, 42.46065304392476], [-95.92232998468957, 42.4715596229119], [-95.91161758121464, 42.4832874255547], [-95.91545457954221, 42.4873068396289], [-95.89062695968603, 42.502534509221455], [-95.89466775970043, 42.5101864077565], [-95.90452659387384, 42.51470974869258], [-95.90361167682497, 42.523738930812954], [-95.91954829392012, 42.53278305136995], [-95.92235573759213, 42.54467049103445], [-95.90371634762356, 42.56413439233764], [-95.90571589503806, 42.57221043167645], [-95.89782440098126, 42.580966066326056], [-95.89809629137336, 42.59058692574367], [-95.88743207083536, 42.595993606280004], [-95.8642120993678, 42.59452721795675], [-95.86111004601185, 42.60800664647493], [-95.85459172657981, 42.61273664733802], [-95.82476135746533, 42.61815110435182], [-95.81967869318105, 42.624537660958474], [-95.82114724553281, 42.633903921819524], [-95.8118388172188, 42.6374245416105], [-95.80762286548695, 42.64957876547477], [-95.79374427613129, 42.64841734544224], [-95.78056442604803, 42.667479094081415], [-95.76539045796784, 42.67976876582192], [-95.757752413687, 42.71861391287828], [-95.76509238797341, 42.73762566827647], [-95.75729543261713, 42.74373400619747], [-95.75700376671236, 42.75158894674347], [-95.75015691631296, 42.7520324429959], [-95.74862897993103, 42.75893071024489], [-95.74107670859014, 42.761213205466454], [-95.73780387382057, 42.77421677306959], [-95.74205575367222, 42.78471198308324], [-95.73252303669304, 42.789035495607486], [-95.7351352468094, 42.79414067965274], [-95.72505837624517, 42.80438506005047], [-95.72319732658958, 42.81922093605102], [-95.7129364523091, 42.82380916597094], [-95.71781392880607, 42.83074790515171], [-95.7117440196178, 42.83983331186007], [-95.71663312211118, 42.85166061566892], [-95.70950763317525, 42.85731876560395], [-95.71149619958373, 42.861959519531204], [-95.71933252720062, 42.86563395597054], [-95.72778689124138, 42.859955084357246], [-95.74137947857014, 42.86646577461839], [-95.76517267759687, 42.86597894464078], [-95.78508637001681, 42.87321501497949], [-95.80068476961087, 42.86693245349677], [-95.80900646416227, 42.87998541987676], [-95.8318209513819, 42.88505546856228]]]}, "properties": {"huc8": "10230004", "name": "Monona-Harrison Ditch", "states": "IA", "areasqkm": 2502.51, "episode_count": 0, "event_count": 0, "huc8_name": "Monona-Harrison Ditch", "area_sqkm": 2502.51}}, {"type": "Feature", "geometry": {"type": "Polygon", "coordinates": [[[-95.37743356477472, 42.85903723963452], [-95.37738002428546, 42.86523524249236], [-95.3852361328049, 42.86637974772792], [-95.38929406189513, 42.85898319194567], [-95.39723609247486, 42.86010363962771], [-95.41696375457923, 42.84952490420386], [-95.42910669999128, 42.831449036894234], [-95.43852491141615, 42.83165614294051], [-95.46192135692125, 42.81777504206307], [-95.45340490851456, 42.802312043704426], [-95.46201513924028, 42.79958970328331], [-95.46066159010951, 42.78748227555686], [-95.4757901717083, 42.779200781679016], [-95.47456039155905, 42.75709850534219], [-95.4955053121959, 42.75115441843369], [-95.48698878653411, 42.734635876329364], [-95.49790090525961, 42.72459890434526], [-95.49759064872005, 42.713970032509444], [-95.50671401510238, 42.71162632156617], [-95.50240089440285, 42.70626797006807], [-95.5096758540189, 42.69421415165431], [-95.51894757986533, 42.68843704805319], [-95.51569312372816, 42.680105736031265], [-95.50481233913806, 42.67229879502257], [-95.5098490743585, 42.662431931420514], [-95.49803317679533, 42.64786572063259], [-95.50679724401343, 42.6385469454891], [-95.50111120291237, 42.63000829725997], [-95.51788427640287, 42.621084871587676], [-95.52147532948038, 42.611506548897616], [-95.52861194854268, 42.60851867290891], [-95.53092888332348, 42.60121970706066], [-95.52580453361674, 42.5886170628695], [-95.54307800914468, 42.57665541941929], [-95.5260422260443, 42.562172328193576], [-95.52287061164431, 42.5454389617758], [-95.51389197643066, 42.534820710183105], [-95.53297180499317, 42.51836066754901], [-95.52396142870728, 42.50335620867408], [-95.52991180716555, 42.4877856362524], [-95.55636579899584, 42.4856972228102], [-95.56759778533615, 42.489330486847024], [-95.58398631071478, 42.469766817384716], [-95.5935216687409, 42.47201730492316], [-95.60324429945261, 42.464098551880724], [-95.60386614832657, 42.45464929738556], [-95.61621408838816, 42.43755624791771], [-95.65249721788521, 42.432712653992645], [-95.65338473541962, 42.39158412004985], [-95.67573270505436, 42.38718306250906], [-95.70299586605493, 42.394938199232065], [-95.7167433310235, 42.391053388557296], [-95.71173233433257, 42.37208613343079], [-95.72477259071226, 42.366695871882264], [-95.72133288759045, 42.35869340708278], [-95.72441884942474, 42.353965806248254], [-95.75058071092128, 42.35046828934815], [-95.7515700030858, 42.34001653038024], [-95.77472398521088, 42.32888647422371], [-95.77267212889737, 42.31836446448075], [-95.79374513042912, 42.29596902192425], [-95.80690263402138, 42.296066017712135], [-95.8064743469383, 42.28642688199259], [-95.8138460874498, 42.285945895169505], [-95.81504226252257, 42.27195670880305], [-95.8240692630311, 42.26849661704312], [-95.82629401359577, 42.26142969198089], [-95.8356911936632, 42.2609517587387], [-95.83884041935136, 42.25024764851575], [-95.83284496612711, 42.23495653501828], [-95.83871934621402, 42.22760609296744], [-95.83763329830687, 42.21857798261475], [-95.8464273575774, 42.213583704129526], [-95.85013536232174, 42.204956935462334], [-95.86627912642983, 42.201595129882506], [-95.86883846170859, 42.193798389366584], [-95.86227189196602, 42.18672370898937], [-95.87797659459754, 42.18228139418693], [-95.88027739743247, 42.17707709387584], [-95.88850729045006, 42.17800652580529], [-95.88520299128933, 42.16620987268613], [-95.90006338265667, 42.153311692346655], [-95.90001909571316, 42.14666522277284], [-95.9195869726813, 42.14295196878066], [-95.91940030995178, 42.137638648225646], [-95.92539823803466, 42.13696436004422], [-95.92786233482532, 42.1312041359157], [-95.92726950782323, 42.122062747407185], [-95.93923599267244, 42.11676016240141], [-95.93862010681532, 42.10281598724145], [-95.95066192168933, 42.08989770263489], [-95.94473039168237, 42.07246258126182], [-95.95565155644279, 42.0572422938018], [-95.9531225114571, 42.04448393074725], [-95.96678160376129, 42.02024985412471], [-95.96242307951236, 42.008553974629315], [-95.9822945547072, 41.99923650307975], [-95.9725915674558, 42.0030942515804], [-95.96130850380675, 42.00033749100734], [-95.95333425065779, 42.01025015270624], [-95.94023531273047, 42.00387111605313], [-95.9355099910797, 42.00802366072984], [-95.90307617850767, 42.01116518519552], [-95.88462787367476, 42.031743469571396], [-95.87038988274698, 42.03624132262364], [-95.86801821541256, 42.05259578653489], [-95.85149314431412, 42.06907203586816], [-95.83685047402894, 42.064052716557896], [-95.83015099404852, 42.065830498233055], [-95.82065914232993, 42.07811627867284], [-95.81322331870099, 42.07746976794354], [-95.81458189031252, 42.08085320878829], [-95.8067375137907, 42.086693992720484], [-95.79187767039568, 42.083438284929], [-95.78918755029302, 42.08817858783913], [-95.77138888012412, 42.08493602729289], [-95.76354879844767, 42.08957135091672], [-95.76413228925901, 42.09990771239089], [-95.75389704481186, 42.112603969802365], [-95.75427007831843, 42.12173221361778], [-95.74563160366188, 42.125799356688546], [-95.74526927178529, 42.13729306375633], [-95.73050944052581, 42.148390955706745], [-95.73330274022368, 42.15385698890856], [-95.7230970099252, 42.16816720091711], [-95.70672861758872, 42.17159827154042], [-95.7083355563083, 42.1753075208958], [-95.695128550154, 42.18744163089459], [-95.69581162280785, 42.19298603562681], [-95.68503330455064, 42.19508390078828], [-95.6778355641164, 42.2053738767148], [-95.65498226787987, 42.21202418421025], [-95.63711749877405, 42.21121791659378], [-95.63006808007471, 42.225665142289806], [-95.6159297338715, 42.23216457345181], [-95.61107194215734, 42.243111755652876], [-95.60087921766754, 42.246031153388195], [-95.59215276740194, 42.24189810301413], [-95.58493592159826, 42.25453581614894], [-95.55588069526769, 42.26714368739085], [-95.55196892926071, 42.272277367828394], [-95.55426766597049, 42.28343426553954], [-95.53398244023052, 42.28312686423092], [-95.52842726210679, 42.288639171792575], [-95.53158267898388, 42.29579044552124], [-95.48615936304913, 42.29193700762859], [-95.47127602511617, 42.281622580154874], [-95.45620326303253, 42.27918742534055], [-95.44677588340186, 42.28928199705647], [-95.43783283045664, 42.29104514256039], [-95.4374172751961, 42.29674384250817], [-95.40421659961214, 42.29770243697728], [-95.39880565588874, 42.27792981007615], [-95.39297025100707, 42.27329114546538], [-95.36111530292267, 42.28523148879314], [-95.33390515599858, 42.2803990783806], [-95.3230555276775, 42.27277081727033], [-95.31842222944442, 42.281990477821026], [-95.28107753741992, 42.27670495113085], [-95.2694392017541, 42.29292136670196], [-95.25438910236844, 42.286127383711616], [-95.24808815098065, 42.291941076404775], [-95.24854726644764, 42.29780785658795], [-95.22370125089105, 42.30808555936746], [-95.21458495874161, 42.320542590149685], [-95.2075647002547, 42.32196468969554], [-95.2132998675237, 42.33005881181899], [-95.21016915341858, 42.33362315373129], [-95.21398476016431, 42.345715622204864], [-95.22355046507735, 42.35192084669974], [-95.22258821040626, 42.357429265305704], [-95.24091701954346, 42.38466895766815], [-95.2357309968992, 42.39102693838014], [-95.2457452108707, 42.40954470786216], [-95.23546291087233, 42.412261885056374], [-95.24021408693532, 42.431911952389946], [-95.23454026382043, 42.43408138037491], [-95.24498998463491, 42.44459911571246], [-95.27034842348407, 42.45194789822697], [-95.26798057937947, 42.46068674343705], [-95.2788704818697, 42.4845582241959], [-95.27264346272813, 42.487098977591195], [-95.27028101480346, 42.49761040702395], [-95.26445478711074, 42.50104237442886], [-95.2662599642506, 42.51357273189534], [-95.27896812694445, 42.52295598246081], [-95.2985185882742, 42.52801202044942], [-95.30848119223597, 42.54052417030309], [-95.3057599967127, 42.545164344419234], [-95.31240867876043, 42.568102563852285], [-95.29949367807407, 42.576154782815664], [-95.30381411734821, 42.58107143112973], [-95.2963691138354, 42.59142961519992], [-95.2994502508183, 42.59443980324904], [-95.29613821177308, 42.60382701844927], [-95.28506045987885, 42.61046734472978], [-95.28011453804544, 42.6250187894072], [-95.28810403380814, 42.63307247108002], [-95.28522482462638, 42.64796048111361], [-95.31427624120181, 42.681039867123744], [-95.30998739208296, 42.68358780354035], [-95.31237420052152, 42.704000024006376], [-95.30077495504528, 42.713540928124914], [-95.31240233395958, 42.727574433546756], [-95.31520720485663, 42.744329056102245], [-95.32902081996609, 42.76049555864363], [-95.29783095846693, 42.77795862441724], [-95.29993344652478, 42.78364164934402], [-95.3170543072691, 42.790758444975246], [-95.31606334962804, 42.81335775895504], [-95.32762921011506, 42.842156532053174], [-95.36055672508911, 42.84141773797606], [-95.37743356477472, 42.85903723963452]]]}, "properties": {"huc8": "10230005", "name": "Maple", "states": "IA", "areasqkm": 1916.4, "episode_count": 1, "event_count": 2, "huc8_name": "Maple", "area_sqkm": 1916.4}}, {"type": "Feature", "geometry": {"type": "Polygon", "coordinates": [[[-95.27018828081837, 42.609162031402484], [-95.26754643977235, 42.620622284992876], [-95.28001872553386, 42.62663610004064], [-95.28506045987885, 42.61046734472978], [-95.29458123555298, 42.607274876352086], [-95.2994502508183, 42.59443980324904], [-95.2963691138354, 42.59142961519992], [-95.30381411734821, 42.58107143112973], [-95.29949367807407, 42.576154782815664], [-95.31240867876043, 42.568102563852285], [-95.3057599967127, 42.545164344419234], [-95.30848119223597, 42.54052417030309], [-95.2985185882742, 42.52801202044942], [-95.27896812694445, 42.52295598246081], [-95.2662599642506, 42.51357273189534], [-95.26445478711074, 42.50104237442886], [-95.27028101480346, 42.49761040702395], [-95.27264346272813, 42.487098977591195], [-95.2788704818697, 42.4845582241959], [-95.26798057937947, 42.46068674343705], [-95.27034842348407, 42.45194789822697], [-95.24498998463491, 42.44459911571246], [-95.23454026382043, 42.43408138037491], [-95.24021408693532, 42.431911952389946], [-95.23546291087233, 42.412261885056374], [-95.2457452108707, 42.40954470786216], [-95.2357309968992, 42.39102693838014], [-95.24091701954346, 42.38466895766815], [-95.22258821040626, 42.357429265305704], [-95.22355046507735, 42.35192084669974], [-95.21398476016431, 42.345715622204864], [-95.21016915341858, 42.33362315373129], [-95.2132998675237, 42.33005881181899], [-95.2079337452414, 42.3215001002892], [-95.21458495874161, 42.320542590149685], [-95.22370125089105, 42.30808555936746], [-95.24854726644764, 42.29780785658795], [-95.24808815098065, 42.291941076404775], [-95.25438910236844, 42.286127383711616], [-95.2694392017541, 42.29292136670196], [-95.28107753741992, 42.27670495113085], [-95.31988951337499, 42.2813893181868], [-95.32008360786685, 42.27513790849404], [-95.32724814477154, 42.27109888271934], [-95.32693073225242, 42.26168188229796], [-95.34411120430067, 42.25866061076973], [-95.34851706886676, 42.25292338494385], [-95.35311664793733, 42.233786351431185], [-95.37793549843971, 42.225139606954876], [-95.38413568400544, 42.21764821580764], [-95.38044717719433, 42.21366469506544], [-95.38591459710132, 42.20428246752887], [-95.41682036369696, 42.194547448446194], [-95.42041218213907, 42.190210204079975], [-95.41838926235751, 42.1803606786023], [-95.4286513116344, 42.174782616441384], [-95.43045439929291, 42.1671762076961], [-95.41579653130975, 42.15568252779861], [-95.41863760071949, 42.14754513811948], [-95.40893636967445, 42.138442344598275], [-95.41472026156447, 42.13142263652788], [-95.40935631230684, 42.122164098319594], [-95.41128398821041, 42.115775925477415], [-95.42337866354899, 42.110674461546516], [-95.42408451388518, 42.10249621905063], [-95.43603599147926, 42.10119776321827], [-95.43780167598426, 42.09430920646404], [-95.45750394990208, 42.09196325507574], [-95.47164302194403, 42.08288135205494], [-95.48980723007678, 42.08114458356108], [-95.48875001539531, 42.07606008370485], [-95.50662769598672, 42.06723939603003], [-95.5268240558872, 42.049640403769345], [-95.53371775163205, 42.03722379279403], [-95.54762414384574, 42.03438081506452], [-95.55638333411021, 42.02669711777557], [-95.59817841210459, 42.042556421668266], [-95.61170434623587, 42.03751710450947], [-95.62845069394835, 42.01621883850022], [-95.66697954607871, 42.011040564058675], [-95.67083286230341, 42.00280192655474], [-95.67806132961194, 42.00103219360515], [-95.67693054021376, 41.990522093922124], [-95.68435493547562, 41.98570046052578], [-95.69181585713527, 41.96665426302479], [-95.69983631962246, 41.9643570646819], [-95.7036224355757, 41.95367061871666], [-95.69886349537371, 41.949484764581406], [-95.70751698896353, 41.94760819381744], [-95.7084557553849, 41.934504703875106], [-95.71610583080235, 41.934752758025795], [-95.71782549012377, 41.93077120103654], [-95.72345541885893, 41.93603678463114], [-95.73384336881952, 41.926418362893344], [-95.73160023602922, 41.920960471616915], [-95.73822252916716, 41.916685220450084], [-95.74799042957932, 41.91800893427967], [-95.74450383799294, 41.89496211039287], [-95.74918879923631, 41.89235117440677], [-95.74577218102068, 41.88839621996928], [-95.75164468542526, 41.88404318140526], [-95.75463105373895, 41.8676162171093], [-95.78043003269164, 41.84902323103887], [-95.80303541007945, 41.853176116909744], [-95.81666275951474, 41.8468101316366], [-95.8148240401805, 41.83801995193989], [-95.82342537848322, 41.830159997438535], [-95.82411187012504, 41.81969228856064], [-95.84660183466008, 41.799307327620944], [-95.86491538770879, 41.808530489427554], [-95.88870851397202, 41.787761685710265], [-95.90853961797964, 41.786131480078275], [-95.91228391735643, 41.77179715624285], [-95.93144228023434, 41.768936281883356], [-95.96589483632016, 41.72873475686483], [-95.955630427169, 41.70904138818018], [-95.95527445536462, 41.68961782659258], [-95.97749928753345, 41.68918306560619], [-95.99635074638441, 41.66756941292176], [-95.9984235954278, 41.658140774146595], [-96.04005087711025, 41.65274294239442], [-96.036276357509, 41.6198886239471], [-96.02156350274899, 41.607705364681145], [-96.02183910408152, 41.61421740991128], [-96.012151220205, 41.61359264261818], [-95.99841076119732, 41.59087718470569], [-96.00032004589208, 41.58029775156483], [-96.00374723548198, 41.58029396303449], [-96.00236268549077, 41.57174415752874], [-95.9708339722799, 41.55888964830538], [-95.96705013984412, 41.54983027035753], [-95.97001144246642, 41.54218354052837], [-95.95891435253907, 41.53670105053168], [-95.95496012137197, 41.52633743937878], [-95.97282609152533, 41.51850391691957], [-95.97452640113555, 41.510541988591065], [-95.9533909505219, 41.511923530752526], [-95.93667236703989, 41.50658305605426], [-95.93730653271473, 41.49194872641365], [-95.95197487235914, 41.47365458207365], [-95.91906091116608, 41.46077002526568], [-95.91819179741691, 41.45299763860125], [-95.90900124962776, 41.461658789473184], [-95.90893175865233, 41.430479676525536], [-95.89135764035498, 41.426886355342326], [-95.88678790152153, 41.432480989826125], [-95.86709761921445, 41.435089784968746], [-95.86619612030094, 41.4670330138725], [-95.8719075522835, 41.47885719358679], [-95.86511343029635, 41.49049823427821], [-95.86655926874613, 41.49639038534916], [-95.85834491568467, 41.5041867805026], [-95.84404731524955, 41.504460700142886], [-95.83588919133497, 41.5147062210157], [-95.8214940796741, 41.51311817683137], [-95.82034137228132, 41.51942294188181], [-95.80655778336022, 41.521375989525986], [-95.79900409896939, 41.527965371150586], [-95.79951860994667, 41.5341578241493], [-95.78849432487985, 41.53974444494813], [-95.77988323895798, 41.56662186736035], [-95.76982869781675, 41.569408845116676], [-95.76022971211907, 41.55346593532811], [-95.74471371947759, 41.55247938149728], [-95.74330850104832, 41.5584033977228], [-95.73044587304135, 41.563658167070415], [-95.73129500736029, 41.57821961387847], [-95.72613348985868, 41.57949107785991], [-95.72421392484382, 41.59003994915125], [-95.71865461806303, 41.59024466118416], [-95.71358969460728, 41.59964174709091], [-95.6965836816754, 41.595311334105155], [-95.68412648581405, 41.621293606959696], [-95.67468671122909, 41.62563137560716], [-95.6605797988743, 41.6181383902182], [-95.64994279728938, 41.6199508263641], [-95.64822138535484, 41.62621593726579], [-95.63531359903851, 41.63304661273812], [-95.62953578514971, 41.644673988986824], [-95.63530538394525, 41.6496744682444], [-95.63199238819428, 41.66053051600978], [-95.61494681884717, 41.67268082771748], [-95.62030960568481, 41.6803704645338], [-95.61070419074463, 41.697030942155564], [-95.59612379796316, 41.70919949789515], [-95.59614739221409, 41.71482955600339], [-95.5771012064573, 41.727813913475885], [-95.5644838248111, 41.72008997379902], [-95.55577968061232, 41.727732842792804], [-95.54578402224135, 41.728826996751714], [-95.54071483538127, 41.7371831150896], [-95.54415648694894, 41.74174480085295], [-95.52818212983205, 41.753506737334], [-95.52034862292517, 41.769462974420954], [-95.50646891786194, 41.77692965550365], [-95.48491602013574, 41.77859187095583], [-95.48426163518049, 41.80131708397631], [-95.47888169860576, 41.81144133170122], [-95.4544750400715, 41.82437561563342], [-95.45843150175543, 41.82836561771131], [-95.45608095111838, 41.835879002390506], [-95.42336404795932, 41.84988491586492], [-95.43903562970631, 41.887382880272504], [-95.4276160472869, 41.88846851559138], [-95.41512448817097, 41.877365929379145], [-95.40399490348484, 41.87423312193487], [-95.38494123925331, 41.897526805997416], [-95.3739516031053, 41.89841230884787], [-95.36852852673567, 41.89303428990592], [-95.35463000825544, 41.9048293864797], [-95.34552898836415, 41.90611661605247], [-95.33277460285731, 41.92166009532407], [-95.32430268932916, 41.92031650107468], [-95.32151333503201, 41.92521965298938], [-95.3084596596186, 41.92706994042036], [-95.29134837850849, 41.92552004705277], [-95.28896203000737, 41.93791161645118], [-95.29634625799963, 41.94358298810112], [-95.29713671795747, 41.95386100737026], [-95.28285365316201, 41.9599077274495], [-95.26557764438495, 41.95617546343868], [-95.25262327503128, 41.9590690547815], [-95.25579116052451, 41.969778863458664], [-95.24851743968526, 41.986834966290736], [-95.24016273025052, 41.98575454449606], [-95.23734578869102, 41.99177135018611], [-95.21795239509376, 41.98794454645384], [-95.21364017540446, 41.9951191311191], [-95.19955775292095, 41.99468940322711], [-95.20183580502301, 42.00183710004808], [-95.1960143339097, 42.00924012852546], [-95.18622580189042, 42.010013242845645], [-95.17337415488947, 42.02160921315601], [-95.14965233330025, 42.01392398416113], [-95.14270250183331, 42.0200844666318], [-95.12654570227213, 42.017396983218944], [-95.1278038907439, 42.02120526060951], [-95.11309178428053, 42.02978373477794], [-95.08685297579169, 42.023086873938944], [-95.0663453756964, 42.024544617561325], [-95.05971215545134, 42.02755189633706], [-95.05880482736997, 42.037461750846184], [-95.04652289461715, 42.04303883611998], [-95.0518298754144, 42.0477804959746], [-95.05019416185964, 42.06073424449507], [-95.03966039376886, 42.06070756018737], [-95.04092354004268, 42.064802632543035], [-95.02528489233065, 42.07089144282473], [-95.02838174444112, 42.0800655210486], [-95.04255503241394, 42.09233817428698], [-95.03704602410255, 42.11212301284728], [-95.02771757593412, 42.11590506171196], [-95.02724380804655, 42.122661934824464], [-95.0402126285982, 42.13421260565769], [-95.03942615895684, 42.1438197766773], [-95.05552835442349, 42.14749253452065], [-95.06482362331688, 42.15747225859542], [-95.04580275028817, 42.16643813540907], [-95.04938478607687, 42.169648140863245], [-95.04213026313353, 42.172350975108515], [-95.03615908059162, 42.187511640871755], [-95.01765629742827, 42.186889773280726], [-95.00906935372967, 42.195909856732186], [-94.99387260976377, 42.19627517844626], [-94.99440526221822, 42.20098384467107], [-95.00871868647704, 42.206080981447165], [-95.01038736460949, 42.21261392923856], [-95.01941763318901, 42.21174041802366], [-95.03024441106422, 42.22192862169548], [-95.03044548007594, 42.2282013006085], [-95.04542705148015, 42.22928247929188], [-95.05072538778943, 42.236071663558526], [-95.05945439016877, 42.23756112529733], [-95.06502699201575, 42.252837703495594], [-95.07217410789212, 42.25678440757199], [-95.0721279515545, 42.274544921657096], [-95.05795694620085, 42.27948945365886], [-95.05650814600556, 42.29354033626752], [-95.06153968716703, 42.29902558654198], [-95.05855264601522, 42.30903035184955], [-95.08077347169787, 42.31163403650962], [-95.09860451265803, 42.349816451078254], [-95.11913803543749, 42.36666567205589], [-95.11495872418942, 42.372532871756455], [-95.11968256272168, 42.390301610559874], [-95.10995843811163, 42.40399100154841], [-95.1197594180858, 42.42293841102421], [-95.115296170936, 42.43653075715496], [-95.12419169132461, 42.446759466621465], [-95.11922965730825, 42.45931754912867], [-95.1232209960831, 42.46430446184827], [-95.12066376016718, 42.47262924439047], [-95.14268850338625, 42.505171724038235], [-95.13453428534652, 42.523880100190986], [-95.14157231520468, 42.53358432449243], [-95.13912133291888, 42.54049215392784], [-95.146758981941, 42.53978673645864], [-95.14969107674017, 42.54598403531041], [-95.1461652781832, 42.55198293415717], [-95.15315655073084, 42.5663620035986], [-95.14594014061005, 42.56854174801494], [-95.14865628221155, 42.58624621106764], [-95.1515822172628, 42.59088029600394], [-95.17147865484274, 42.586073085203004], [-95.18980320237225, 42.59723224395362], [-95.22526263514426, 42.59863588964076], [-95.23906328397092, 42.60631528707557], [-95.24997177080773, 42.60076919723265], [-95.27018828081837, 42.609162031402484]]]}, "properties": {"huc8": "10230007", "name": "Boyer", "states": "IA", "areasqkm": 3081.96, "episode_count": 1, "event_count": 1, "huc8_name": "Boyer", "area_sqkm": 3081.96}}, {"type": "Feature", "geometry": {"type": "Polygon", "coordinates": [[[-95.04400182846781, 42.04153811900824], [-95.05880482736997, 42.037461750846184], [-95.05971215545134, 42.02755189633706], [-95.07065578887365, 42.02343953339441], [-95.11309178428053, 42.02978373477794], [-95.1278038907439, 42.02120526060951], [-95.12654570227213, 42.017396983218944], [-95.14270250183331, 42.0200844666318], [-95.14965233330025, 42.01392398416113], [-95.17337415488947, 42.02160921315601], [-95.18622580189042, 42.010013242845645], [-95.1960143339097, 42.00924012852546], [-95.20183580502301, 42.00183710004808], [-95.19955775292095, 41.99468940322711], [-95.21364017540446, 41.9951191311191], [-95.21795239509376, 41.98794454645384], [-95.23734578869102, 41.99177135018611], [-95.24016273025052, 41.98575454449606], [-95.24851743968526, 41.986834966290736], [-95.25579116052451, 41.969778863458664], [-95.25262327503128, 41.9590690547815], [-95.26557764438495, 41.95617546343868], [-95.28285365316201, 41.9599077274495], [-95.29713671795747, 41.95386100737026], [-95.29634625799963, 41.94358298810112], [-95.28896203000737, 41.93791161645118], [-95.29134837850849, 41.92552004705277], [-95.3084596596186, 41.92706994042036], [-95.32151333503201, 41.92521965298938], [-95.32430268932916, 41.92031650107468], [-95.33277460285731, 41.92166009532407], [-95.34552898836415, 41.90611661605247], [-95.35463000825544, 41.9048293864797], [-95.36852852673567, 41.89303428990592], [-95.3739516031053, 41.89841230884787], [-95.38494123925331, 41.897526805997416], [-95.40397992946737, 41.87452601684822], [-95.39958617239469, 41.864904656825324], [-95.3883623202993, 41.86448108133904], [-95.38419064832442, 41.85927788185645], [-95.38630049627939, 41.85378684739505], [-95.37876597744514, 41.84708061419761], [-95.37667427366227, 41.83472377526841], [-95.38451337617505, 41.82421462114546], [-95.38003776730864, 41.811239868271336], [-95.38429884680711, 41.80813473968187], [-95.374216545927, 41.80368279255177], [-95.37413933932159, 41.79693609853102], [-95.36353677914467, 41.78917698169737], [-95.3972300710675, 41.76937011085057], [-95.38686000297096, 41.76175311719996], [-95.38793393979142, 41.74952089568343], [-95.39260959269184, 41.742274905077146], [-95.41078297891185, 41.73308769277309], [-95.396495419845, 41.72049052064158], [-95.39702115617008, 41.71415577532968], [-95.38984560592, 41.70598432451706], [-95.38361813851911, 41.7037117649858], [-95.38211052382556, 41.6887164390792], [-95.39029440782922, 41.66917336650647], [-95.40359377786271, 41.656600027594706], [-95.40489396347233, 41.644920358498], [-95.41823934701131, 41.637348486106426], [-95.42301203862365, 41.61467213021521], [-95.44824019840043, 41.58957414008653], [-95.44451416806157, 41.57612795171171], [-95.45163936145178, 41.568684380578944], [-95.45301416202722, 41.54615057448841], [-95.46068231514143, 41.53858046490627], [-95.46436069434603, 41.52293605505165], [-95.48061745933033, 41.506511179525575], [-95.4959957321539, 41.499018286301826], [-95.49718488419778, 41.461000236995226], [-95.51062013699442, 41.45309323914692], [-95.5130108683758, 41.444749022627654], [-95.5069526642357, 41.43579513223378], [-95.51206576793338, 41.43486855365986], [-95.52112920860142, 41.41918565587814], [-95.51773524769386, 41.414427352463946], [-95.53027839525994, 41.40533026251377], [-95.54292476913363, 41.40334984991934], [-95.54285107404266, 41.39415797667341], [-95.55266808714802, 41.38980839805761], [-95.55288525576628, 41.38049027067227], [-95.56717364667306, 41.37738281296602], [-95.57029618521078, 41.36546686429623], [-95.5774837639025, 41.36159087332202], [-95.58704211610498, 41.36371879489078], [-95.60169517181315, 41.35233602082403], [-95.60504300962074, 41.33208596831805], [-95.61745915606689, 41.32145243434364], [-95.61819329524968, 41.304263958934825], [-95.63450375253854, 41.29671991608615], [-95.63709426564586, 41.27455009480737], [-95.64694046052323, 41.26588820622857], [-95.64961486909155, 41.255174673476475], [-95.6520820336289, 41.2332705262124], [-95.64394944252963, 41.21429832523588], [-95.64821535226939, 41.21068291529098], [-95.63455129048505, 41.18252903817223], [-95.65704038095933, 41.15551765072886], [-95.65385391201781, 41.145468064282696], [-95.65987054571984, 41.12819999043603], [-95.6716819759611, 41.12193360506399], [-95.67179092902866, 41.116728476993245], [-95.66131649556071, 41.10970758640571], [-95.65979507465956, 41.08604662129001], [-95.66338212933572, 41.07901581276532], [-95.67112825441998, 41.076608713973194], [-95.67828810930541, 41.06168658736215], [-95.6587796783512, 41.00367258371529], [-95.67035040501209, 40.99808591807618], [-95.67198518881054, 40.99277189119011], [-95.66375864561066, 40.97714328812785], [-95.66916313493874, 40.973343750938334], [-95.66668936778406, 40.96604848504572], [-95.67132687282762, 40.95824205685606], [-95.66836921736535, 40.944755599367504], [-95.6722436170498, 40.9314110564614], [-95.66183317327447, 40.91754929803511], [-95.66223596976303, 40.909525000530515], [-95.67220169896369, 40.90034120980514], [-95.66769500838843, 40.89558408125095], [-95.67040096489123, 40.880879609418145], [-95.6628562959926, 40.87783696364921], [-95.65621268313801, 40.85585586244027], [-95.66001539636444, 40.83888136391833], [-95.67084454130044, 40.83789770540878], [-95.66842470091056, 40.82417378581726], [-95.681836372931, 40.811336874511404], [-95.67902277939254, 40.8028284017954], [-95.65543960558091, 40.80288369186101], [-95.65555067418096, 40.783655494802986], [-95.6465079738162, 40.77210845218002], [-95.65140046385653, 40.76886760406795], [-95.65474977669781, 40.74878430406081], [-95.67027542533026, 40.73988484764279], [-95.67324290207353, 40.72434836546543], [-95.65859111119326, 40.703421636279195], [-95.66318689757672, 40.691687560869134], [-95.64927710344304, 40.6857880561517], [-95.64364482022353, 40.68782552448566], [-95.63668159577401, 40.680899658901296], [-95.62811015520057, 40.66632787939825], [-95.62720127303376, 40.65314545407673], [-95.6209655851497, 40.65375281323599], [-95.59965049663204, 40.685399841355256], [-95.58574251619692, 40.68622608985613], [-95.57607640029634, 40.696469034276134], [-95.56249272874678, 40.698555186379], [-95.55825486710515, 40.71659491534635], [-95.53831125539637, 40.73599285400533], [-95.52507435600434, 40.7394305462543], [-95.51826321633244, 40.75941203487051], [-95.50836532790203, 40.761911409143195], [-95.49867940235283, 40.75767778807045], [-95.49303902890587, 40.767297160876986], [-95.471956675912, 40.766149429930735], [-95.4612343640195, 40.77492634186741], [-95.42748951508756, 40.788006725523324], [-95.4227324397881, 40.79890786512846], [-95.41582348975143, 40.80074723010228], [-95.41754553948984, 40.8062368934957], [-95.41196456803934, 40.8127224073181], [-95.3955029144067, 40.823759932901], [-95.39233853952959, 40.83324847667827], [-95.37606924933527, 40.84246769132756], [-95.37075659388036, 40.85870660932817], [-95.36042356781455, 40.860922570240604], [-95.34922215653324, 40.87657507770295], [-95.34816588238789, 40.88763954186218], [-95.3300846956554, 40.90521331993936], [-95.32977196605385, 40.91079494923809], [-95.31709928501706, 40.91852920911619], [-95.31870265562834, 40.929279164136936], [-95.31004775887004, 40.94232082608059], [-95.31624648736839, 40.950334245924125], [-95.3139587936484, 40.964998496031846], [-95.30523786532686, 40.97206343400868], [-95.30983639875843, 40.97640337690461], [-95.30801302803914, 40.98541570497478], [-95.30043692978366, 40.998453998137286], [-95.28723085697895, 41.00270162984423], [-95.28096269050577, 41.01552606304706], [-95.28325503210903, 41.023600037241934], [-95.27195364192988, 41.035238472176516], [-95.27374244547704, 41.04147875036939], [-95.26566229622743, 41.061172292395426], [-95.24924537600101, 41.08196977068403], [-95.2429646519785, 41.102770730582165], [-95.23460248293364, 41.10663902948276], [-95.23614788705626, 41.11590127808009], [-95.2249953602961, 41.124701929027175], [-95.22637007193832, 41.13244630891602], [-95.21923701739107, 41.138606491922836], [-95.22095968247545, 41.14815007581445], [-95.20581041087905, 41.165826871016364], [-95.21113338887488, 41.17535921190358], [-95.21790991915385, 41.17751931549326], [-95.21223758185245, 41.1863663058801], [-95.1957608751506, 41.19548974981958], [-95.18744573111425, 41.22064601002009], [-95.18780690596074, 41.24007904721577], [-95.1803587502596, 41.250911679739076], [-95.19138194656833, 41.28945084304304], [-95.18260153180866, 41.30846213212758], [-95.18638014952421, 41.328784627588306], [-95.17840779900702, 41.340843773235974], [-95.18289437809969, 41.348064310369864], [-95.17492556514809, 41.35405448146698], [-95.16831571547345, 41.38008910060199], [-95.17677573620557, 41.39372920032858], [-95.17695117628224, 41.40845345129517], [-95.18277344060795, 41.41243971003635], [-95.17222346870606, 41.43060872150467], [-95.17403502568108, 41.44233860487299], [-95.1628547571483, 41.452020036143296], [-95.1718275721772, 41.46732877845434], [-95.16741675969054, 41.48319218418885], [-95.17202302132851, 41.48632766767178], [-95.16977402074275, 41.49296044304183], [-95.17953026102252, 41.512849066375736], [-95.16918494869856, 41.53305864489952], [-95.17355068282596, 41.5473546941316], [-95.16769490056039, 41.56941898944302], [-95.17077858875868, 41.57564069044615], [-95.19158538353913, 41.57977357153957], [-95.18414108430552, 41.596107377801395], [-95.17739065188218, 41.597263446145355], [-95.17349988219833, 41.60941795891527], [-95.16654733063271, 41.61295679957499], [-95.1754761228228, 41.623923125404346], [-95.17300946763021, 41.63388228318781], [-95.16451873529518, 41.641973565469016], [-95.16866302482356, 41.64663827981164], [-95.1508408187942, 41.6599518869888], [-95.12407231510483, 41.69085694136793], [-95.10878221282469, 41.69352204039343], [-95.1055559907369, 41.689056477980614], [-95.08596489770854, 41.68855734988974], [-95.07009203225248, 41.69554780785248], [-95.04765781357068, 41.69397612605374], [-95.03949374280893, 41.7072565621521], [-95.01926791547217, 41.70369576797748], [-95.00848534459041, 41.71330673034196], [-94.99757066566634, 41.705918533318965], [-94.98490135241357, 41.70440643787235], [-94.97863422529119, 41.71637578719593], [-94.96592994242103, 41.7158711472982], [-94.96566347156504, 41.72165789083612], [-94.97317933867903, 41.72734394089754], [-94.96400913503611, 41.74290017446026], [-94.97196767934571, 41.747046496008075], [-94.97517098091903, 41.762315989304085], [-94.96073888561791, 41.76941555575434], [-94.95966937389854, 41.77595091375944], [-94.94432488311955, 41.779358551807846], [-94.94113406633203, 41.78408621831627], [-94.94562831703723, 41.790378303878136], [-94.92692636300237, 41.80311335068091], [-94.92044305990012, 41.80184405701596], [-94.91561483713186, 41.81265215781043], [-94.9116314502439, 41.81246846850998], [-94.92162996795241, 41.81990445022583], [-94.91864559479697, 41.82416251686717], [-94.92959361469282, 41.8331029542191], [-94.93271534025521, 41.84334738687562], [-94.95008283256246, 41.85191689285144], [-94.95831007465164, 41.86489478916624], [-94.9793494522423, 41.88123696127804], [-94.97663099747896, 41.88384441901471], [-94.98257155285958, 41.893886906670446], [-94.99513551439078, 41.901058945840354], [-94.9911230849697, 41.90759769053918], [-94.99605110787107, 41.91226447323287], [-94.95820719778868, 41.92393231805609], [-94.9541116391695, 41.932426231444396], [-94.96322018963784, 41.94012155088455], [-94.96743101558269, 41.95424723566207], [-94.98309119770873, 41.964660120533836], [-94.97734897507148, 41.96816973839504], [-94.9821484957681, 41.97563543232075], [-94.98066090452221, 41.98468368041181], [-95.00612215825059, 41.99622178789151], [-95.00529123278244, 42.004279972260704], [-95.01958887723498, 42.02018375750701], [-95.02274650666264, 42.032019919345636], [-95.04400182846781, 42.04153811900824]]]}, "properties": {"huc8": "10240002", "name": "West Nishnabotna", "states": "IA", "areasqkm": 4277.46, "episode_count": 0, "event_count": 0, "huc8_name": "West Nishnabotna", "area_sqkm": 4277.46}}, {"type": "Feature", "geometry": {"type": "Polygon", "coordinates": [[[-94.9227300304763, 41.91193927620156], [-94.9549863557111, 41.92958720571376], [-94.95820719778868, 41.92393231805609], [-94.99605110787107, 41.91226447323287], [-94.9911230849697, 41.90759769053918], [-94.99513551439078, 41.901058945840354], [-94.98257155285958, 41.893886906670446], [-94.97663099747896, 41.88384441901471], [-94.9793494522423, 41.88123696127804], [-94.95831007465164, 41.86489478916624], [-94.95008283256246, 41.85191689285144], [-94.93271534025521, 41.84334738687562], [-94.92959361469282, 41.8331029542191], [-94.91864559479697, 41.82416251686717], [-94.92162996795241, 41.81990445022583], [-94.9115701545988, 41.81264575834438], [-94.91561483713186, 41.81265215781043], [-94.92044305990012, 41.80184405701596], [-94.92692636300237, 41.80311335068091], [-94.94562831703723, 41.790378303878136], [-94.94113406633203, 41.78408621831627], [-94.94432488311955, 41.779358551807846], [-94.95966937389854, 41.77595091375944], [-94.96073888561791, 41.76941555575434], [-94.97517098091903, 41.762315989304085], [-94.97196767934571, 41.747046496008075], [-94.96400913503611, 41.74290017446026], [-94.97317933867903, 41.72734394089754], [-94.96566347156504, 41.72165789083612], [-94.96558009892352, 41.71615300672923], [-94.97863422529119, 41.71637578719593], [-94.98490135241357, 41.70440643787235], [-94.99757066566634, 41.705918533318965], [-95.00848534459041, 41.71330673034196], [-95.01926791547217, 41.70369576797748], [-95.03949374280893, 41.7072565621521], [-95.04765781357068, 41.69397612605374], [-95.07009203225248, 41.69554780785248], [-95.08596489770854, 41.68855734988974], [-95.1055559907369, 41.689056477980614], [-95.10878221282469, 41.69352204039343], [-95.12407231510483, 41.69085694136793], [-95.1508408187942, 41.6599518869888], [-95.16866302482356, 41.64663827981164], [-95.16451873529518, 41.641973565469016], [-95.17510284407615, 41.62982796470098], [-95.17468494331439, 41.61958092508395], [-95.16654733063271, 41.61295679957499], [-95.17349988219833, 41.60941795891527], [-95.17739065188218, 41.597263446145355], [-95.18414108430552, 41.596107377801395], [-95.19158538353913, 41.57977357153957], [-95.17077858875868, 41.57564069044615], [-95.16769490056039, 41.56941898944302], [-95.17355068282596, 41.5473546941316], [-95.16918494869856, 41.53305864489952], [-95.17953026102252, 41.512849066375736], [-95.16977402074275, 41.49296044304183], [-95.17202302132851, 41.48632766767178], [-95.16741675969054, 41.48319218418885], [-95.1718275721772, 41.46732877845434], [-95.1628547571483, 41.452020036143296], [-95.17403502568108, 41.44233860487299], [-95.17222346870606, 41.43060872150467], [-95.18277344060795, 41.41243971003635], [-95.17695117628224, 41.40845345129517], [-95.17677573620557, 41.39372920032858], [-95.16831571547345, 41.38008910060199], [-95.17492556514809, 41.35405448146698], [-95.18289437809969, 41.348064310369864], [-95.17840779900702, 41.340843773235974], [-95.18638014952421, 41.328784627588306], [-95.18260153180866, 41.30846213212758], [-95.19138194656833, 41.28945084304304], [-95.1803587502596, 41.250911679739076], [-95.18780690596074, 41.24007904721577], [-95.18744573111425, 41.22064601002009], [-95.1957608751506, 41.19548974981958], [-95.21223758185245, 41.1863663058801], [-95.21790991915385, 41.17751931549326], [-95.21113338887488, 41.17535921190358], [-95.20581041087905, 41.165826871016364], [-95.22095968247545, 41.14815007581445], [-95.21923701739107, 41.138606491922836], [-95.22637007193832, 41.13244630891602], [-95.2249953602961, 41.124701929027175], [-95.23614788705626, 41.11590127808009], [-95.23460248293364, 41.10663902948276], [-95.2429646519785, 41.102770730582165], [-95.24924537600101, 41.08196977068403], [-95.26566229622743, 41.061172292395426], [-95.27374244547704, 41.04147875036939], [-95.27195364192988, 41.035238472176516], [-95.28325503210903, 41.023600037241934], [-95.28096269050577, 41.01552606304706], [-95.28723085697895, 41.00270162984423], [-95.30043692978366, 40.998453998137286], [-95.30801302803914, 40.98541570497478], [-95.30983639875843, 40.97640337690461], [-95.30523786532686, 40.97206343400868], [-95.3139587936484, 40.964998496031846], [-95.31624648736839, 40.950334245924125], [-95.31004775887004, 40.94232082608059], [-95.31870265562834, 40.929279164136936], [-95.31709928501706, 40.91852920911619], [-95.32977196605385, 40.91079494923809], [-95.3300846956554, 40.90521331993936], [-95.34816588238789, 40.88763954186218], [-95.34922215653324, 40.87657507770295], [-95.36042356781455, 40.860922570240604], [-95.37075659388036, 40.85870660932817], [-95.37606924933527, 40.84246769132756], [-95.39233853952959, 40.83324847667827], [-95.3955029144067, 40.823759932901], [-95.41196456803934, 40.8127224073181], [-95.41754553948984, 40.8062368934957], [-95.41582348975143, 40.80074723010228], [-95.4227324397881, 40.79890786512846], [-95.42748951508756, 40.788006725523324], [-95.4612343640195, 40.77492634186741], [-95.471956675912, 40.766149429930735], [-95.49303902890587, 40.767297160876986], [-95.49867940235283, 40.75767778807045], [-95.50836532790203, 40.761911409143195], [-95.51826321633244, 40.75941203487051], [-95.52507435600434, 40.7394305462543], [-95.53831125539637, 40.73599285400533], [-95.55825486710515, 40.71659491534635], [-95.56249272874678, 40.698555186379], [-95.57607640029634, 40.696469034276134], [-95.58574251619692, 40.68622608985613], [-95.59965049663204, 40.685399841355256], [-95.62380107332656, 40.651775510327234], [-95.61022981559591, 40.651202822318986], [-95.60385426990358, 40.6450711617306], [-95.60627498435422, 40.63440182721549], [-95.58837979469959, 40.63083617613051], [-95.57973694973917, 40.621292039275], [-95.57399598384501, 40.60162459712438], [-95.56438917292286, 40.59191265065518], [-95.53593710152522, 40.59855371396214], [-95.52632242495447, 40.594677579590716], [-95.51649406702536, 40.59847554007116], [-95.51439685387486, 40.603981442857524], [-95.49968285016959, 40.59734447516534], [-95.44245860979079, 40.634239240981984], [-95.43647771286739, 40.63424391209674], [-95.43243766025131, 40.62686238836632], [-95.41830974977675, 40.624726825020026], [-95.41782612467556, 40.63359265587693], [-95.38854521010462, 40.6576724586824], [-95.38894576799149, 40.66615950894011], [-95.37761481335801, 40.67251530090879], [-95.35013690649549, 40.6744868813508], [-95.33002178394109, 40.696424103429194], [-95.32975683752615, 40.709279102751935], [-95.30836262270331, 40.72632587506536], [-95.30895126175953, 40.735682333865114], [-95.30056210283199, 40.74412000394221], [-95.29789564884548, 40.76237009934941], [-95.28484453632558, 40.767465910510865], [-95.2856575161493, 40.78015572289234], [-95.2733852115397, 40.78173909900182], [-95.25862769164544, 40.798613771290135], [-95.2388330628316, 40.800244787310604], [-95.22897131632003, 40.826765956553686], [-95.22981558536338, 40.84375104794094], [-95.2382975573278, 40.84924094735434], [-95.23277404212288, 40.855682478716275], [-95.2345652001544, 40.859866784288094], [-95.23045662764171, 40.86522353740778], [-95.22040155469784, 40.86492336115008], [-95.19683056743136, 40.885926917658345], [-95.19640998160524, 40.932260287069695], [-95.20116080822358, 40.93858889999512], [-95.19266771421763, 40.97125114336683], [-95.1881778113584, 40.97652803717554], [-95.17600124200528, 40.97581874931944], [-95.1723170812435, 40.9858373270299], [-95.17543041654113, 41.00074335731443], [-95.1714167734961, 41.00575116984569], [-95.17693252546033, 41.01166220069923], [-95.17425720959355, 41.02086070116418], [-95.16607430295691, 41.028659039538475], [-95.16576769088245, 41.03879614486448], [-95.1408580422644, 41.05053833818563], [-95.12917388982416, 41.06892549701273], [-95.12813079216738, 41.07679780768329], [-95.1357156391154, 41.08515788038901], [-95.13635361544367, 41.093771823274416], [-95.12406063341287, 41.10552807147646], [-95.12642132692778, 41.112794467920374], [-95.10987846559345, 41.11362087893723], [-95.10088179849713, 41.124230212390465], [-95.09481463725531, 41.147062207600264], [-95.09915935080505, 41.15295090287769], [-95.08917346251111, 41.15474614505026], [-95.0916057589407, 41.1634530182887], [-95.08311884085235, 41.1782058407085], [-95.08504449644485, 41.19451298321814], [-95.05924417001923, 41.20054421036392], [-95.0633665181968, 41.238439994594586], [-95.05229233351258, 41.25148990559266], [-95.0566770544318, 41.26157531176959], [-95.05016488845948, 41.26486605962746], [-95.05090496281136, 41.27993710414282], [-95.0444266956646, 41.28750100785491], [-95.04833330893511, 41.2960293661649], [-95.0168697963459, 41.29375389799622], [-94.99961995189983, 41.30470641173942], [-94.9533324728314, 41.29986244835522], [-94.93965354392911, 41.309283369359385], [-94.92538397362583, 41.31006603732249], [-94.91760276663479, 41.30447339414552], [-94.91999405317505, 41.29912863944841], [-94.90510649944845, 41.297642591767364], [-94.90440625998953, 41.30498494515703], [-94.88528386835056, 41.30775707840078], [-94.87329356467158, 41.32402097604311], [-94.85751104458028, 41.323378771177744], [-94.8444147234454, 41.335452334725346], [-94.84635748924912, 41.34158887620908], [-94.82205354408441, 41.33939685379825], [-94.8097482353713, 41.344419636605906], [-94.80956427926573, 41.36152449559273], [-94.78729358001682, 41.3806516790977], [-94.783867000383, 41.402693006700105], [-94.7554538889192, 41.4066629195528], [-94.75216410114359, 41.41677939242624], [-94.74025946530168, 41.42260558051361], [-94.7282914021125, 41.44193388725787], [-94.71228231253349, 41.4461956042845], [-94.70877785974433, 41.45708014275005], [-94.69050183651154, 41.461393783092376], [-94.68001111299422, 41.45831268137855], [-94.66195052193623, 41.47618781471783], [-94.63524702034083, 41.4875818158896], [-94.65808113125784, 41.530812297484275], [-94.65358101904542, 41.538856593726386], [-94.66440994569078, 41.5477744800733], [-94.66700842056646, 41.56776851065578], [-94.6870432418193, 41.572716565820265], [-94.69601743216892, 41.59043404076966], [-94.67628270661146, 41.61098362197406], [-94.6654377935473, 41.611612187797206], [-94.65482133643292, 41.62060057932031], [-94.65266137236655, 41.633978836618105], [-94.67231316186371, 41.64163496082957], [-94.68017268398123, 41.65237117334175], [-94.67720841063029, 41.658401019197115], [-94.68082137182094, 41.667866678028474], [-94.6955787039673, 41.68287721140543], [-94.71339683434019, 41.692520387664594], [-94.71599368775681, 41.71157754875786], [-94.73379208573617, 41.72920749142159], [-94.73425389704732, 41.743203267312765], [-94.74712401430882, 41.74690613654412], [-94.74426871468667, 41.75207465776788], [-94.74859558679657, 41.766065890848914], [-94.75479010219621, 41.772445992678456], [-94.77198965715606, 41.77521390698541], [-94.76890322819781, 41.78191641711144], [-94.78776486406264, 41.79460548515825], [-94.79951383444221, 41.81102075066248], [-94.79624608503546, 41.823237392606224], [-94.81219285129669, 41.82256863095928], [-94.83205575566541, 41.847980864757666], [-94.82900067611395, 41.85942040396356], [-94.83597341192569, 41.87139061925326], [-94.85708788597917, 41.88390398125167], [-94.85943090334425, 41.892790698310165], [-94.8941181532812, 41.90256374858387], [-94.89672484325015, 41.91364381572209], [-94.91302379222189, 41.91936425982538], [-94.9227300304763, 41.91193927620156]]]}, "properties": {"huc8": "10240003", "name": "East Nishnabotna", "states": "IA", "areasqkm": 2975.19, "episode_count": 0, "event_count": 0, "huc8_name": "East Nishnabotna", "area_sqkm": 2975.19}}, {"type": "Feature", "geometry": {"type": "Polygon", "coordinates": [[[-94.63123868184753, 41.478770741678005], [-94.64235072423278, 41.48607607159391], [-94.66195052193623, 41.47618781471783], [-94.68227863684115, 41.45738570125879], [-94.69050183651154, 41.461393783092376], [-94.70877785974433, 41.45708014275005], [-94.71228231253349, 41.4461956042845], [-94.7282914021125, 41.44193388725787], [-94.74025946530168, 41.42260558051361], [-94.75216410114359, 41.41677939242624], [-94.7554538889192, 41.4066629195528], [-94.783867000383, 41.402693006700105], [-94.78729358001682, 41.3806516790977], [-94.80956427926573, 41.36152449559273], [-94.8097482353713, 41.344419636605906], [-94.82205354408441, 41.33939685379825], [-94.84635748924912, 41.34158887620908], [-94.8444147234454, 41.335452334725346], [-94.85751104458028, 41.323378771177744], [-94.87329356467158, 41.32402097604311], [-94.88528386835056, 41.30775707840078], [-94.90440625998953, 41.30498494515703], [-94.90510649944845, 41.297642591767364], [-94.91999405317505, 41.29912863944841], [-94.91760276663479, 41.30447339414552], [-94.92538397362583, 41.31006603732249], [-94.93965354392911, 41.309283369359385], [-94.9533324728314, 41.29986244835522], [-94.99961995189983, 41.30470641173942], [-95.0168697963459, 41.29375389799622], [-95.04863355285254, 41.295704794904175], [-95.0444266956646, 41.28750100785491], [-95.05090496281136, 41.27993710414282], [-95.05016488845948, 41.26486605962746], [-95.0566770544318, 41.26157531176959], [-95.05229233351258, 41.25148990559266], [-95.0633665181968, 41.238439994594586], [-95.05918000785006, 41.22318513225286], [-95.06258680568301, 41.207480981504794], [-95.05881184500896, 41.20439486336609], [-95.06336218921545, 41.18727086484625], [-95.05706712628438, 41.17959323026806], [-95.05935677922999, 41.159147130402566], [-95.06430831643225, 41.15254645402403], [-95.05786260962128, 41.141421085977676], [-95.0656595425197, 41.137208781699215], [-95.06329764436397, 41.13137822692034], [-95.04664682349879, 41.12812883828173], [-95.05558400775027, 41.118884374168324], [-95.05068446324003, 41.10965669294762], [-95.06535936867085, 41.09031013165958], [-95.06503881743815, 41.08000958322299], [-95.04798412839428, 41.07578978873349], [-95.05480138738993, 41.06810411375739], [-95.0449823845162, 41.063830159974444], [-95.04154452922893, 41.0508805191865], [-95.04845749742988, 41.03444593095094], [-95.05763626920397, 41.03109341969884], [-95.05519195690914, 41.01239430751063], [-95.06779184296688, 40.98854674161679], [-95.06203910734587, 40.967575717458196], [-95.06560905899735, 40.95915168124319], [-95.05025785959981, 40.956402930220996], [-95.04026863406459, 40.93799141851072], [-95.04599105064645, 40.92082585665431], [-95.06151843931562, 40.90596550986921], [-95.05335733479092, 40.893709673277186], [-95.05557922871296, 40.88368636429631], [-95.07111500674857, 40.881010789589396], [-95.07774259545512, 40.87520641562907], [-95.07285236018616, 40.87015598363988], [-95.07966058392667, 40.856478063051185], [-95.07510941955832, 40.849918150419064], [-95.08758498506894, 40.81096928879572], [-95.08145951957192, 40.80232849754427], [-95.0813464243726, 40.77935518005297], [-95.07390093217627, 40.77135427031635], [-95.08674049863328, 40.755049973949795], [-95.0913958334386, 40.74200467489949], [-95.08688697433023, 40.73188331937891], [-95.09531776208638, 40.7209335166762], [-95.08124393827677, 40.6895116796541], [-95.08371183224612, 40.6787115101932], [-95.07998375554506, 40.67200889563017], [-95.08486383805469, 40.65999333690211], [-95.07644259130518, 40.649187927225135], [-95.06126461045062, 40.640652367627474], [-95.0621932573503, 40.62505060138761], [-95.04946368061668, 40.62214896363618], [-95.03626201135349, 40.632130278359845], [-95.01907603981905, 40.63538528905976], [-95.02198004609593, 40.64572528456102], [-95.00374904822179, 40.65670864465706], [-94.99798152363627, 40.66791494081645], [-94.99882226679215, 40.69605438345446], [-94.99056869777694, 40.75018371370724], [-94.96650631588035, 40.78106421228414], [-94.96984837662237, 40.78921639998549], [-94.96726075339531, 40.802453400520605], [-94.95672849088095, 40.80621507369351], [-94.95509452544773, 40.821699356148436], [-94.93779194719953, 40.839997402166645], [-94.94180325731979, 40.84684424258368], [-94.93747030720868, 40.89838424735649], [-94.94619527435576, 40.905581321342765], [-94.92223344088893, 40.9419346014357], [-94.92178402902364, 40.954914949031966], [-94.90380536881116, 40.970421751646164], [-94.89157169445372, 40.993137741702135], [-94.87604176175569, 40.99344079268201], [-94.87023252839151, 41.00225459850316], [-94.86160891456467, 40.99845996642184], [-94.85344665660315, 41.00340056195914], [-94.84454194734751, 40.99839439255227], [-94.8388436667007, 41.010177801010826], [-94.81827524347416, 41.00989865123935], [-94.81402373642334, 41.01422060928078], [-94.81330389662325, 41.02984799058379], [-94.79451599537526, 41.03185264788093], [-94.76975648758054, 41.06402248733434], [-94.74807727774224, 41.069956749208096], [-94.72534573556604, 41.091120567478924], [-94.71919548824528, 41.090341916525446], [-94.71279919955472, 41.10251569313075], [-94.69772272203906, 41.098588922659566], [-94.66774828111929, 41.10797159993531], [-94.66382490259065, 41.11965379243109], [-94.64756688984639, 41.12027616159577], [-94.61992821149747, 41.13280120922881], [-94.62267714969168, 41.140647108162426], [-94.58759429966992, 41.147812083077525], [-94.58830324470225, 41.15622485076735], [-94.58353086390699, 41.16189180555064], [-94.571014322643, 41.164075819320566], [-94.56979958568151, 41.17154614079952], [-94.55183252900756, 41.180882187747486], [-94.55474577355878, 41.18789900522765], [-94.54905303282233, 41.19316595730324], [-94.55236940174721, 41.20156086855622], [-94.53996084696354, 41.214801183308346], [-94.53201860438139, 41.21540871683797], [-94.52338106576934, 41.23459409232738], [-94.50204205601398, 41.23934737275987], [-94.4882110719785, 41.25634246770141], [-94.46989997851702, 41.262839282522364], [-94.47833952664381, 41.27494089370335], [-94.45867425702751, 41.283830088489815], [-94.46413866218839, 41.291681107513355], [-94.46282888796144, 41.30218614683548], [-94.43920110291448, 41.31571704221993], [-94.44327837183447, 41.32481617208847], [-94.43572270755676, 41.339067572788835], [-94.4410426016362, 41.351036883072844], [-94.43400062907227, 41.35851052785397], [-94.43828363105693, 41.3674040447617], [-94.44752086698635, 41.3693372089197], [-94.47701085545653, 41.362260665719624], [-94.49145016153443, 41.37059927443923], [-94.4899087710845, 41.374744176460034], [-94.50470464275318, 41.3954206556402], [-94.50439859122744, 41.411478896694256], [-94.51949075153134, 41.420505594962414], [-94.54498693535122, 41.46004234431381], [-94.55431355005814, 41.459760015534464], [-94.55574411984306, 41.44515735415797], [-94.5743580407767, 41.43923594124399], [-94.5792786660517, 41.4415753007642], [-94.57863409968255, 41.446995921230474], [-94.61233288300672, 41.45856271832056], [-94.60786372673897, 41.469379430349804], [-94.61801957897961, 41.47976904778682], [-94.63123868184753, 41.478770741678005]]]}, "properties": {"huc8": "10240009", "name": "West Nodaway", "states": "IA", "areasqkm": 2059.1, "episode_count": 0, "event_count": 0, "huc8_name": "West Nodaway", "area_sqkm": 2059.1}}, {"type": "Feature", "geometry": {"type": "Polygon", "coordinates": [[[-90.3768888494405, 42.75193015649289], [-90.38392258714825, 42.75748292575188], [-90.39614312094969, 42.745537109025], [-90.40059177406938, 42.73520526775005], [-90.40723700838306, 42.73188311240519], [-90.41523893054111, 42.7121517664857], [-90.41361440550321, 42.70340433563934], [-90.43173225427907, 42.690376008764986], [-90.43409241778798, 42.6644530500869], [-90.43933226209417, 42.65896244777263], [-90.43380711734532, 42.648889560418816], [-90.43465600462756, 42.62270910930834], [-90.44260401619044, 42.610268514982145], [-90.46220381748718, 42.60822425311616], [-90.48283457031971, 42.61244184684685], [-90.53377563337693, 42.599150720777], [-90.581684431396, 42.60689559830156], [-90.59610029503826, 42.60166636130789], [-90.59669312293865, 42.594385683243146], [-90.6144910726587, 42.571828270203014], [-90.60865508836366, 42.55354090682748], [-90.61297711046934, 42.54619987833368], [-90.64836509573523, 42.53928380373518], [-90.66346771871724, 42.54711527236219], [-90.66282641413085, 42.530795876965904], [-90.7293951906065, 42.52712342959186], [-90.74011473838287, 42.51607031187423], [-90.75495252005283, 42.51400327389531], [-90.76929502277738, 42.50301832588434], [-90.77407553332597, 42.5104022241909], [-90.78855017912714, 42.51144026878394], [-90.79791588761692, 42.51865583152367], [-90.81844838811357, 42.51683129496429], [-90.8345525697553, 42.500968158105884], [-90.83865753553214, 42.48836515122172], [-90.83017133070611, 42.48581083972152], [-90.82809979769463, 42.478086804836934], [-90.84989675331049, 42.46490050615443], [-90.85109752596087, 42.45813622825673], [-90.84375248158297, 42.44854138211671], [-90.82191131538042, 42.4513019711825], [-90.804079059898, 42.43087165907819], [-90.82976045836315, 42.42357354982129], [-90.8296172938563, 42.40926755608283], [-90.81334966195202, 42.3822911621807], [-90.79494809376837, 42.36836140623245], [-90.7835465683845, 42.371082231676795], [-90.78284961855614, 42.38020400808423], [-90.74846723077549, 42.400205802815115], [-90.74957328057074, 42.407304093679755], [-90.72824343452959, 42.41462449503066], [-90.69149273641871, 42.400358750380725], [-90.6795902161093, 42.38886812726604], [-90.6620741747934, 42.39569719201785], [-90.66329069850399, 42.38846461859096], [-90.65690119928036, 42.38603962321901], [-90.65858927563303, 42.38187109064514], [-90.64910720117797, 42.372434549711656], [-90.65591217571209, 42.37064398339576], [-90.66606744404781, 42.352559413689306], [-90.67409484152898, 42.34734012794491], [-90.66096130858178, 42.33667237593683], [-90.66529207039683, 42.32586700631467], [-90.64968474693876, 42.320526821254155], [-90.64331054243114, 42.32481666199399], [-90.62762305511372, 42.318229339084034], [-90.6171418869761, 42.31987949275903], [-90.59225399645254, 42.30873839888766], [-90.59705204570872, 42.30210451200162], [-90.59200999964834, 42.295694081881855], [-90.59707017999938, 42.29099676774151], [-90.59019356032977, 42.286520648738495], [-90.58883318939273, 42.27902943055656], [-90.57535224199255, 42.27439185456026], [-90.57935242378305, 42.25965838113376], [-90.57169370567426, 42.25913183772019], [-90.55651356976132, 42.24780829843658], [-90.55683491330814, 42.24247551006441], [-90.54948845767693, 42.241396587079116], [-90.54434759873192, 42.227608645948486], [-90.52097872791278, 42.20543254339716], [-90.51833664701658, 42.18500315901373], [-90.52791432377742, 42.17797612825437], [-90.51224271957255, 42.16099621586983], [-90.47154746155692, 42.163336985430824], [-90.45480955800814, 42.174375082069616], [-90.43921281760241, 42.17557177695801], [-90.42990229890873, 42.17387662816372], [-90.41935823612481, 42.16330359709998], [-90.40472609409476, 42.16070021388543], [-90.38916079652061, 42.17353874856968], [-90.37024500931213, 42.16648718771055], [-90.35099129745336, 42.17852315478568], [-90.33515959999012, 42.16516118683627], [-90.3227834618118, 42.1769543061667], [-90.32375396391551, 42.18135034293533], [-90.30769070592486, 42.18786793761815], [-90.30583835735113, 42.18433617357709], [-90.31365584370323, 42.18266113762107], [-90.33790268296531, 42.15690569275704], [-90.33013944677151, 42.13545245434251], [-90.31966360923678, 42.13017578169389], [-90.30177342499493, 42.129498841121766], [-90.30042287533892, 42.109752586895624], [-90.3095328864679, 42.09640281232843], [-90.30750324638969, 42.09126246592851], [-90.31379879081777, 42.088536556546295], [-90.31143409261331, 42.085450330552895], [-90.33599716490653, 42.065804990456094], [-90.33592590245335, 42.04845846524785], [-90.32977111774208, 42.036517051612606], [-90.34029135091649, 42.02555130104967], [-90.3277952220707, 42.012967721412984], [-90.32624544045771, 42.00008628077369], [-90.33171050498203, 41.992114858728485], [-90.3270361501472, 41.98303468156728], [-90.35233595505944, 41.97631309313397], [-90.34520311610787, 41.96177939652635], [-90.35022491144682, 41.9566200578267], [-90.32134836541617, 41.93190302622062], [-90.30768274685144, 41.92724713058185], [-90.29108831772825, 41.935175188030456], [-90.28449706138336, 41.92930176774428], [-90.26721865140956, 41.92874756469827], [-90.25458456738728, 41.934064479425906], [-90.23839650196264, 41.930730906293576], [-90.23692682941173, 41.92441935963226], [-90.22445896605635, 41.92012971794879], [-90.22269773090694, 41.88836312496343], [-90.2106259913542, 41.874274149336955], [-90.18976068480772, 41.8959961542013], [-90.12133329041599, 41.90161055580196], [-90.10593124098345, 41.93492163105986], [-90.10814502042356, 41.95154140583122], [-90.119577076849, 41.972868009414334], [-90.08541177593989, 41.98208992491917], [-90.0653450905456, 41.98151149251039], [-90.0554862734402, 42.00038217844972], [-90.0431868513871, 42.00976669308425], [-90.04566804581256, 42.01747589938778], [-90.03641469320864, 42.048600526928745], [-90.0192776690774, 42.057915155807315], [-90.0176674793548, 42.065344191490986], [-90.00760779176534, 42.06165099738361], [-89.99905812994764, 42.071454563071384], [-89.98215019597681, 42.07625762625413], [-89.9723064265507, 42.08461425954351], [-89.93736155416332, 42.081488116074425], [-89.91562713117271, 42.08313785549578], [-89.91201240658916, 42.08718420720214], [-89.88862636806661, 42.0781306186402], [-89.86863246148171, 42.08157252045638], [-89.86857333526804, 42.09837382083617], [-89.83949010575512, 42.1048469780101], [-89.79843655738337, 42.08558615335886], [-89.75946202319281, 42.08626514235919], [-89.74323605335475, 42.08053659951353], [-89.7354326121621, 42.08496260274691], [-89.72540144698121, 42.09766113656487], [-89.72131003498538, 42.11764091508402], [-89.70506055443971, 42.12448454351504], [-89.70533494574155, 42.14371941288989], [-89.73295300505977, 42.13949341161607], [-89.75032931433154, 42.15407464683894], [-89.7772531582931, 42.16353658526352], [-89.78545342038103, 42.17274320930826], [-89.7891646168396, 42.18764958856159], [-89.80356236236088, 42.198637257803405], [-89.80639754870381, 42.208704901500276], [-89.84818465055679, 42.226750893718254], [-89.86248449498346, 42.238860592498774], [-89.85443262290237, 42.25630776888614], [-89.86356012422995, 42.2658920481627], [-89.86395202505243, 42.27327399477886], [-89.859903677393, 42.27525811518689], [-89.8702663954739, 42.279571076506244], [-89.88321801328787, 42.29707830498821], [-89.91077140109213, 42.29926987652587], [-89.92344877762291, 42.310690961816654], [-89.94934369574962, 42.31173553270092], [-89.95770030062961, 42.326286607551616], [-89.9764084458534, 42.32771309534042], [-89.98199370226779, 42.34133940400838], [-90.00892389282686, 42.34043320329775], [-90.01206443360284, 42.35267200543803], [-90.00154635728346, 42.357157077751445], [-89.99645027935534, 42.371960429986345], [-90.00217730519294, 42.38673740707322], [-89.99127031045781, 42.400128338489516], [-89.95347264025634, 42.41040984659601], [-89.93855979176797, 42.40935398047214], [-89.92784829918476, 42.41856948673272], [-89.91086436774088, 42.42291743842458], [-89.88072303511271, 42.42085330162601], [-89.87958920581559, 42.42796368913648], [-89.86739948692335, 42.428798512584876], [-89.87799520103947, 42.43267335149441], [-89.88050267927181, 42.44519357701843], [-89.90531946903894, 42.44790347102899], [-89.91433276484949, 42.43761591571986], [-89.92556323663024, 42.43568400942152], [-89.94399708397698, 42.455890671788325], [-89.95809704337147, 42.4607499699029], [-89.96214360518007, 42.47135822732172], [-89.9737654423874, 42.48165075872391], [-89.96981204485688, 42.48933382809595], [-89.98163796761865, 42.4939510125135], [-89.98320753911736, 42.50298976060975], [-89.99979200053419, 42.50762685327298], [-90.00248038060012, 42.522391074212756], [-90.01826390231297, 42.51825534514776], [-90.03575161345977, 42.52462240253922], [-90.03838756964237, 42.51656337639376], [-90.04537597746256, 42.513409037526664], [-90.06581069184895, 42.52701776248394], [-90.08341439077029, 42.51622881276456], [-90.09413944701598, 42.521949308906805], [-90.11133488499686, 42.522198038056295], [-90.1179171465108, 42.52664102822708], [-90.11979603580961, 42.53617148510459], [-90.14299190727469, 42.548378576021335], [-90.16237045800851, 42.568390749243335], [-90.17338072037376, 42.568148574472396], [-90.17881583237157, 42.57837342448912], [-90.19611441760833, 42.583168856393776], [-90.20358744226981, 42.59341891920753], [-90.22571868346074, 42.59426256167492], [-90.23158932565775, 42.60521107256947], [-90.27682127977575, 42.63102516082352], [-90.26783662405307, 42.64582681430346], [-90.2752427134461, 42.656574218695056], [-90.26530873340255, 42.66380289365552], [-90.26315941976218, 42.67793238531026], [-90.26930868522433, 42.68835861002302], [-90.2890812514148, 42.696166132575264], [-90.29945934865336, 42.70916400020657], [-90.31866900713062, 42.70738316071577], [-90.3301206441343, 42.722774244076675], [-90.348521081339, 42.73475662595316], [-90.37693429610903, 42.74232289959013], [-90.3768888494405, 42.75193015649289]]]}, "properties": {"huc8": "07060005", "name": "Apple-Plum", "states": "IA,IL,WI", "areasqkm": 3849.79, "episode_count": 6, "event_count": 11, "huc8_name": "Apple-Plum", "area_sqkm": 3849.79}}, {"type": "Feature", "geometry": {"type": "Polygon", "coordinates": [[[-92.9647139719518, 43.95010617435169], [-93.01582670934805, 43.94747247577909], [-93.01658749525713, 43.94126438524284], [-93.05541613046914, 43.927502981767724], [-93.0554098449571, 43.92073184424752], [-93.06420587423304, 43.917779379630225], [-93.0654360963534, 43.912704785765534], [-93.07322212729751, 43.913736281555245], [-93.07919240703256, 43.90581772547593], [-93.06536530012583, 43.89317742976468], [-93.06985323477628, 43.88593907973265], [-93.06538260976303, 43.885870259950515], [-93.0654240840814, 43.87917051092013], [-93.07262227996148, 43.867553286216435], [-93.09589322812643, 43.85542086258845], [-93.08799360880789, 43.84118243710088], [-93.09626784446453, 43.83713134673006], [-93.09706274299819, 43.82915552436531], [-93.10402663938756, 43.83408717084989], [-93.11981167386335, 43.82828932106699], [-93.1202703114266, 43.83322661134205], [-93.1353251206793, 43.83272249755859], [-93.15374039445922, 43.83903384515359], [-93.16119818908336, 43.83353355100076], [-93.20338974391828, 43.82921045709643], [-93.20461933182804, 43.841049375324936], [-93.21035093907359, 43.84365403477518], [-93.21791203726046, 43.836980384262695], [-93.21909262207146, 43.82846696927611], [-93.27935196167316, 43.823353310695964], [-93.2790820071505, 43.826425292397694], [-93.28889602976427, 43.82548267451872], [-93.29305210968079, 43.83468604844981], [-93.30955896923346, 43.83785632592737], [-93.30952198199995, 43.84762446279395], [-93.32232672885822, 43.849045560615515], [-93.32605227051354, 43.84624865131248], [-93.32237910333423, 43.84252283877435], [-93.32965136171622, 43.840412336349694], [-93.33232018276348, 43.83427515224608], [-93.34651601216171, 43.833904713711505], [-93.34325628021887, 43.825114217725954], [-93.34928393175787, 43.824010116307335], [-93.36308033245155, 43.805627782136156], [-93.36260791293519, 43.79958139267323], [-93.36905549273355, 43.79611054326047], [-93.3710244632924, 43.78768874248986], [-93.35958584916538, 43.787911072497835], [-93.34150773017959, 43.77286639325998], [-93.34584232241103, 43.76840756928845], [-93.31514934424833, 43.75897384644333], [-93.30927617149717, 43.74296407474461], [-93.31183539628314, 43.73354309713513], [-93.30103157665165, 43.72522589761865], [-93.29267786794014, 43.726838360911785], [-93.29826818905612, 43.709632129665316], [-93.28569897687207, 43.703001630623156], [-93.2784617905154, 43.705680375999876], [-93.27910321637435, 43.701874576431734], [-93.25676568965481, 43.6880300148362], [-93.23263439978943, 43.6928006014629], [-93.22630530777707, 43.68964295612683], [-93.23149013386535, 43.674623596250555], [-93.21993319364911, 43.66277629115249], [-93.20177707304887, 43.67521000666549], [-93.17858341862592, 43.67232784050336], [-93.17010050253214, 43.675448627887484], [-93.166913316735, 43.667397858984394], [-93.1495673390788, 43.65923958297466], [-93.15456352165239, 43.652653556865516], [-93.14301397367261, 43.64009634318744], [-93.14810363673126, 43.63525595154202], [-93.13530434624005, 43.623603421524315], [-93.15352087854313, 43.626207025946194], [-93.15945117156994, 43.614129494068465], [-93.16689116158516, 43.61771096422333], [-93.18821859924304, 43.61476517784106], [-93.18844496660978, 43.61080428325682], [-93.17808438472264, 43.605357104105785], [-93.17858386059702, 43.59937216879468], [-93.18643379948709, 43.59729264397003], [-93.1819631295581, 43.59212513728274], [-93.18274731658033, 43.581817812067946], [-93.22300182428661, 43.56292654677472], [-93.22607611700538, 43.556955849007565], [-93.22257697505616, 43.55279835401078], [-93.23238193187208, 43.5467948739097], [-93.23079876347325, 43.53902168962933], [-93.21304581395903, 43.51871275574885], [-93.2291548168589, 43.51404902984332], [-93.22913446013624, 43.50666761069044], [-93.21654007086973, 43.509089790174784], [-93.20516698704606, 43.50229613303083], [-93.19880269993918, 43.49198076826198], [-93.20895366803963, 43.48919670468909], [-93.2061330299127, 43.477777591274126], [-93.22699677878049, 43.47093694758372], [-93.22828648733896, 43.453781042790936], [-93.22147803273143, 43.451157104875904], [-93.22508276625238, 43.44703325530871], [-93.20984778729306, 43.44972100250002], [-93.1872264504359, 43.434086359854156], [-93.15939476455664, 43.40132251818611], [-93.13107358937397, 43.38662787755672], [-93.13779666450365, 43.38243879269771], [-93.13628849285462, 43.37847382452336], [-93.12037545473905, 43.37349570187586], [-93.09963011909706, 43.37746098121002], [-93.09591004548687, 43.36715055209976], [-93.08488132364084, 43.36724814857386], [-93.07738102792398, 43.36197705724305], [-93.06318781711481, 43.34451879423485], [-93.06907476103927, 43.339659708576654], [-93.06997291642327, 43.32874510490672], [-93.03184088788316, 43.314846081098366], [-93.02258368689654, 43.295507359078776], [-93.02672042698327, 43.289931462524024], [-93.02266647114155, 43.281291075948154], [-93.02867869860711, 43.27204805830816], [-93.01094991736733, 43.26548411910976], [-93.00802913864578, 43.25744288761664], [-92.99161908693803, 43.25238863704841], [-92.9810037194801, 43.23958620256271], [-92.9730587585959, 43.237399155782796], [-92.97549548910973, 43.22551884515477], [-92.96611626097494, 43.218461844712074], [-92.93841802162774, 43.21034498434043], [-92.89812098587926, 43.187316907325155], [-92.89223152667199, 43.17572373694435], [-92.87844591474489, 43.168626812583106], [-92.88180783274623, 43.15712254445817], [-92.86969704702135, 43.15001181272085], [-92.87365004929316, 43.13609982182327], [-92.8445819393248, 43.09883903110407], [-92.80850091190202, 43.08984258884032], [-92.80101522548662, 43.07949424384432], [-92.76475835644025, 43.06120236205145], [-92.74927011185962, 43.063285204251784], [-92.74041588882126, 43.05931991756354], [-92.73773707311813, 43.05203742141362], [-92.71114216526416, 43.036791575501255], [-92.71418440609355, 43.03266432565542], [-92.70707005357221, 43.028404051342335], [-92.7080578212957, 43.02144464889073], [-92.69392721318036, 43.01464593662168], [-92.66425854620688, 42.98581431015174], [-92.629274130879, 42.98790787173304], [-92.62722859960343, 42.99772231507086], [-92.62197172323945, 43.00012027930458], [-92.60306066386434, 42.98537541671435], [-92.6071736201556, 42.978570588449955], [-92.59296389471825, 42.97424654202869], [-92.60116411458536, 42.96759933522244], [-92.5929984457207, 42.93970059270492], [-92.5995693785806, 42.92533561644862], [-92.58701214093931, 42.90936549194006], [-92.58703737371731, 42.89975879036669], [-92.57860192639978, 42.89350935988409], [-92.58160186915573, 42.86929435756409], [-92.57132616279155, 42.86601995679255], [-92.56662970311255, 42.84561626330541], [-92.55346459528141, 42.83654491381631], [-92.54499306263892, 42.823602272801395], [-92.54212374301014, 42.81239704066674], [-92.54886720450688, 42.798270704055504], [-92.54694881897997, 42.780738486573185], [-92.5341405345561, 42.77651025069852], [-92.52833146648192, 42.76203306121169], [-92.51337250297847, 42.75709547985975], [-92.50887505247424, 42.746835442340334], [-92.51117146524236, 42.7268882597925], [-92.47970412313508, 42.69916538661489], [-92.48727782648201, 42.684542617253626], [-92.48335395028668, 42.66932793887836], [-92.49948954781053, 42.66958543064842], [-92.48950539416342, 42.653872504073945], [-92.48921834470089, 42.63924595819591], [-92.48269044293974, 42.634856241301115], [-92.4886139213468, 42.63029366513486], [-92.48362590445917, 42.62184993080948], [-92.4952386623939, 42.61789937689425], [-92.49559215035653, 42.6128889766307], [-92.47829762819978, 42.60540868468041], [-92.47043747456664, 42.61259237466487], [-92.45765279427518, 42.61153180850062], [-92.45446703949429, 42.63551973008726], [-92.4482388318816, 42.62821743558259], [-92.43489358668316, 42.62832818586822], [-92.4078339740445, 42.61564416229857], [-92.39789099467842, 42.62140886081588], [-92.37776583973893, 42.62339533243151], [-92.37323144601864, 42.61520656466062], [-92.3651652601818, 42.6157852309207], [-92.35037954396742, 42.60530163530509], [-92.29757838077384, 42.60168803376481], [-92.2981222882205, 42.620036039970095], [-92.30816813816134, 42.64632396934203], [-92.30033520617623, 42.6579870666443], [-92.28334315755545, 42.65543541811454], [-92.28740097974617, 42.67662649089281], [-92.29802819777932, 42.689089065049835], [-92.28787506204411, 42.70382099508777], [-92.29780926666649, 42.71499051638502], [-92.3015850295361, 42.73096818641021], [-92.3148407369552, 42.74230650715658], [-92.3150164959338, 42.755409986153644], [-92.32943835493224, 42.7817851490226], [-92.33810221418211, 42.784559698276766], [-92.34143597988079, 42.7941429907489], [-92.3651319587359, 42.81464866315503], [-92.37615800899226, 42.830449150318685], [-92.37663593158804, 42.84087350504272], [-92.38465483639654, 42.84619208773519], [-92.38206523687586, 42.84870851952164], [-92.39753147632531, 42.855394806988244], [-92.38978744341736, 42.892556595326084], [-92.40144224520232, 42.906366590596946], [-92.40513963545328, 42.92532060055325], [-92.39951524483185, 42.93959410709144], [-92.40720485600326, 42.94925008872686], [-92.40781868651499, 42.96547679610313], [-92.41642004188571, 42.972591022581625], [-92.43923314210657, 43.010794786598986], [-92.43840704508308, 43.020991333929786], [-92.45939063639628, 43.02623539292245], [-92.47329580690118, 43.03904728245035], [-92.47284183878078, 43.0510962603457], [-92.49156123989509, 43.068013818304884], [-92.49580295171604, 43.08574456371878], [-92.50495173143776, 43.090394758435885], [-92.50600006267936, 43.098290317014964], [-92.52026216259274, 43.1117742983308], [-92.52334741565627, 43.12529623228313], [-92.54004759984461, 43.14689321071283], [-92.54318264113445, 43.16240891257787], [-92.58434071387939, 43.18739862647613], [-92.58104030801711, 43.195722897479], [-92.5662724233611, 43.20553585438162], [-92.56423375880755, 43.214603853647944], [-92.5723384311661, 43.22111009198867], [-92.56730555420981, 43.23141581012126], [-92.57274246104156, 43.26377139515883], [-92.5900742659775, 43.27378407561051], [-92.5760270197239, 43.293588456896984], [-92.59427547725389, 43.31280256597001], [-92.59746666863887, 43.327587503466255], [-92.59448517638053, 43.347496700203266], [-92.6004988258792, 43.35789581838052], [-92.60059494471629, 43.374599480294144], [-92.6120999443428, 43.38340508798579], [-92.61392759733107, 43.39505799518329], [-92.62397858743195, 43.40064493385474], [-92.62740230233834, 43.41672322978127], [-92.64266172355825, 43.42785734992561], [-92.66346948043437, 43.434324629218644], [-92.65921816652134, 43.43957220590071], [-92.66160568103571, 43.44412494279945], [-92.64805299597356, 43.45195314432632], [-92.65579723190076, 43.46166835355142], [-92.65221407860786, 43.47053421613149], [-92.68866101949025, 43.50009618923182], [-92.71212754616393, 43.53195162511394], [-92.69554060899019, 43.53865795914012], [-92.67669585246956, 43.539340749552565], [-92.66579856672601, 43.55316831753856], [-92.66038702023306, 43.553693379647974], [-92.66633538736339, 43.56204871889273], [-92.65476922144919, 43.573783247651114], [-92.65619411477981, 43.594025654863934], [-92.64760272442055, 43.607251308692724], [-92.63652524741077, 43.61299667038782], [-92.64239808598866, 43.619480142038576], [-92.66820320762127, 43.627044859059126], [-92.66291881496183, 43.63537168587545], [-92.66431055147531, 43.64341641912343], [-92.67540582500918, 43.64905349196376], [-92.6789186384187, 43.65579394284988], [-92.67603277272069, 43.663331189159386], [-92.68936933660021, 43.67785118290705], [-92.6843430191421, 43.695754866479106], [-92.68783050006063, 43.7072540249705], [-92.69732428136045, 43.70783780597734], [-92.69939008312043, 43.71420905895117], [-92.74788495999717, 43.719760178067474], [-92.74982377321362, 43.737509233125984], [-92.7607733229404, 43.73165058857916], [-92.7775415832576, 43.73693374464115], [-92.77996739564745, 43.744560256780446], [-92.79947132244885, 43.760816665148546], [-92.79918742966623, 43.76644809399934], [-92.7897216308875, 43.76880359240824], [-92.79577773566481, 43.77831812423295], [-92.78658401143282, 43.794566806523726], [-92.80158777212286, 43.805155325121355], [-92.79903128899514, 43.82152427753524], [-92.80931409474498, 43.825399414774836], [-92.8005116326333, 43.83175966942438], [-92.80558008287485, 43.84634549685767], [-92.7987347937474, 43.85089404583756], [-92.79947330503069, 43.869407012684604], [-92.79554494893704, 43.87379386361712], [-92.81903124842843, 43.88226093566], [-92.81900613422803, 43.90966357678054], [-92.84568987378552, 43.91912503207264], [-92.88595711690762, 43.92414637159876], [-92.92174429282453, 43.94153141166025], [-92.94501476847564, 43.938717845672464], [-92.9647139719518, 43.95010617435169]]]}, "properties": {"huc8": "07080201", "name": "Upper Cedar", "states": "IA,MN", "areasqkm": 4362.98, "episode_count": 8, "event_count": 20, "huc8_name": "Upper Cedar", "area_sqkm": 4362.98}}, {"type": "Feature", "geometry": {"type": "Polygon", "coordinates": [[[-93.36043817430021, 43.78841413537287], [-93.38170117220952, 43.785607779332175], [-93.38384521453578, 43.78025886159751], [-93.39970512269218, 43.78204670228332], [-93.421841945116, 43.77297399850793], [-93.4164269454991, 43.76343945060513], [-93.4277685110327, 43.75942261204117], [-93.42799591146205, 43.75553924565794], [-93.44061840811547, 43.75632985182737], [-93.45629935749426, 43.74860497478377], [-93.47893463530629, 43.74892438879455], [-93.48873705438155, 43.74375373858341], [-93.4852759318301, 43.73561254205426], [-93.4906527099283, 43.72851122972443], [-93.52369723226475, 43.70693517051979], [-93.52342918756037, 43.69899745226915], [-93.51406782781488, 43.691930960318025], [-93.52193153428499, 43.68459869097258], [-93.52838640660681, 43.685781532659675], [-93.52787453398152, 43.67731084502722], [-93.54302033538598, 43.665433513613785], [-93.53673873191278, 43.660656649915325], [-93.52427253313563, 43.661323634013186], [-93.52843095046849, 43.65815628018911], [-93.52485871979113, 43.65001941359289], [-93.52776604085138, 43.642822122177606], [-93.51789953596375, 43.641471595227166], [-93.507484335609, 43.62649729804322], [-93.4831006964039, 43.62667536236579], [-93.48060572811019, 43.61283481959538], [-93.46706741699091, 43.60720153445949], [-93.48702536760824, 43.58957206864225], [-93.46716239856084, 43.57465461577031], [-93.47754861387463, 43.56762016703721], [-93.46321866330953, 43.556452527656774], [-93.47531243853619, 43.53712640256026], [-93.47269551855278, 43.53335230815059], [-93.46733905136315, 43.535013795219825], [-93.46319844043585, 43.544715641831836], [-93.45539003605127, 43.54241937294797], [-93.45094696057117, 43.53427000843435], [-93.45590002131617, 43.53070830475299], [-93.45352305841314, 43.519777831183305], [-93.44260025063406, 43.51517546246714], [-93.44735781731197, 43.505998150536904], [-93.44118781334315, 43.49212547513143], [-93.4551257238469, 43.47430949845683], [-93.49847081072805, 43.46832526248475], [-93.52494971373952, 43.45328836252427], [-93.50017784871976, 43.43929099742572], [-93.49587308325069, 43.42902064803501], [-93.50229732391963, 43.42146076219918], [-93.53159660095332, 43.417436311964885], [-93.532479309806, 43.40958035543852], [-93.52208854003372, 43.40427515963549], [-93.50772179806785, 43.40731772650414], [-93.48792669045194, 43.396127100750824], [-93.46242731851112, 43.39737907503735], [-93.44693217486909, 43.39013533111382], [-93.4370134976264, 43.39240525095181], [-93.43112779607196, 43.38633292435475], [-93.42108450004147, 43.389995992229515], [-93.41816946335126, 43.386289015603076], [-93.39381113507758, 43.386598131676834], [-93.39282887312847, 43.37814533381275], [-93.38378628954472, 43.37919240729619], [-93.36938613474184, 43.37258773750411], [-93.34625957638576, 43.37542520525571], [-93.32012788211307, 43.37150584890844], [-93.31999507787643, 43.366774783833165], [-93.31265634596005, 43.365647097392056], [-93.30794460234479, 43.35866835451895], [-93.31542527975414, 43.350122449072124], [-93.30754429957945, 43.34794551845678], [-93.30674902375335, 43.34301374387108], [-93.28579768106054, 43.33717087561888], [-93.27907922416975, 43.3283894326538], [-93.2409567321447, 43.31873445159545], [-93.22091206445803, 43.299174024897994], [-93.21411964118505, 43.29879925515474], [-93.19896734855435, 43.28094927271427], [-93.1938688586497, 43.267345734347515], [-93.17313294723337, 43.253203813518084], [-93.16148971125769, 43.22739216476461], [-93.1471898371866, 43.22104050746614], [-93.13828632538524, 43.20795952677128], [-93.12221379767917, 43.201691137434665], [-93.1279428294548, 43.19290540323575], [-93.11370656329234, 43.18282294013394], [-93.10709420013156, 43.17029572133964], [-93.06951779217108, 43.155001697936285], [-93.06012046298329, 43.145007114324876], [-93.06303044665007, 43.13650167293613], [-93.04606197790719, 43.12117800262463], [-93.0156709549525, 43.11335720881375], [-93.00768569474637, 43.10299807785077], [-93.00470624705363, 43.08585536770515], [-92.9932982412233, 43.073610345857766], [-92.99535969244234, 43.06479619232316], [-92.95575165194036, 43.055182068780695], [-92.94121473761864, 43.043286044900974], [-92.94431160410215, 43.038779055234464], [-92.96184367944757, 43.04519067047117], [-92.9640215442426, 43.04088487732637], [-92.97304994971624, 43.041101335854314], [-92.99446065042117, 43.05309741069429], [-93.00812061588779, 43.051786559141014], [-93.02151965400206, 43.05717948953458], [-93.03196268775758, 43.06277589773125], [-93.0356194867341, 43.07121825196856], [-93.0653773752799, 43.07212832971822], [-93.10403905320646, 43.053875580306496], [-93.1633079463085, 43.066619592441924], [-93.17557812191087, 43.055510353130394], [-93.15247705235267, 43.043492372717964], [-93.14467655314257, 43.022632043959874], [-93.16933452615737, 42.996807970320745], [-93.16646362908693, 42.96873368552581], [-93.14579829560752, 42.96383884619758], [-93.1258571614523, 42.94996706492168], [-93.11736819340847, 42.937581671075534], [-93.10934459041106, 42.93891912397564], [-93.09966468716752, 42.926919503165486], [-93.08036554570819, 42.91848585698963], [-93.07003825628377, 42.91947905605904], [-93.04890252000584, 42.90462951655885], [-93.0138967598085, 42.89567561316356], [-92.98975111845813, 42.87485401758233], [-92.93951345603129, 42.87719732574528], [-92.90531225215523, 42.85826061843795], [-92.88621510587069, 42.86111672010986], [-92.87784058588899, 42.850729215917546], [-92.88912275661265, 42.84154494793324], [-92.88564858243844, 42.820586970375274], [-92.87000927446466, 42.81885475625894], [-92.84944078925436, 42.80812894798153], [-92.85111887364614, 42.80062569034042], [-92.84699534238733, 42.795902539772314], [-92.83513685839145, 42.793023630303644], [-92.82527233698397, 42.7753707793421], [-92.80032683570462, 42.75695225241528], [-92.75613299269527, 42.76190608931778], [-92.74217625979138, 42.75887331349556], [-92.73767073343272, 42.764545821822026], [-92.70906391914255, 42.76699543698273], [-92.67989879292014, 42.75335510416152], [-92.66317993724861, 42.73365758027803], [-92.63787226039955, 42.71973381832254], [-92.63227133287504, 42.70783574392889], [-92.61278077659831, 42.70455483629514], [-92.6011481182851, 42.69582989914445], [-92.59334696959306, 42.67506558167178], [-92.60052053636298, 42.67127368081933], [-92.60364678584114, 42.6503331224297], [-92.61108619464635, 42.64727713149226], [-92.6059807634595, 42.639554480741225], [-92.5582724424624, 42.641739380078405], [-92.54743245036937, 42.64919198884953], [-92.51902456799887, 42.65130648623635], [-92.50445769396408, 42.64279230572378], [-92.50560596188275, 42.63562349719386], [-92.4993726078218, 42.63221678970311], [-92.48294959881437, 42.633956730661275], [-92.48921834470089, 42.63924595819591], [-92.48950539416342, 42.653872504073945], [-92.49948954781053, 42.66958543064842], [-92.48335395028668, 42.66932793887836], [-92.48727782648201, 42.684542617253626], [-92.47970412313508, 42.69916538661489], [-92.51117146524236, 42.7268882597925], [-92.50887505247424, 42.746835442340334], [-92.51337250297847, 42.75709547985975], [-92.52833146648192, 42.76203306121169], [-92.5341405345561, 42.77651025069852], [-92.54694881897997, 42.780738486573185], [-92.54886720450688, 42.798270704055504], [-92.54212374301014, 42.81239704066674], [-92.54499306263892, 42.823602272801395], [-92.55346459528141, 42.83654491381631], [-92.56662970311255, 42.84561626330541], [-92.57132616279155, 42.86601995679255], [-92.58160186915573, 42.86929435756409], [-92.57860192639978, 42.89350935988409], [-92.58703737371731, 42.89975879036669], [-92.58701214093931, 42.90936549194006], [-92.5995693785806, 42.92533561644862], [-92.5929984457207, 42.93970059270492], [-92.60116411458536, 42.96759933522244], [-92.59296389471825, 42.97424654202869], [-92.6071736201556, 42.978570588449955], [-92.60306066386434, 42.98537541671435], [-92.62197172323945, 43.00012027930458], [-92.62722859960343, 42.99772231507086], [-92.629274130879, 42.98790787173304], [-92.66425854620688, 42.98581431015174], [-92.69392721318036, 43.01464593662168], [-92.7080578212957, 43.02144464889073], [-92.70707005357221, 43.028404051342335], [-92.71418440609355, 43.03266432565542], [-92.71114216526416, 43.036791575501255], [-92.73773707311813, 43.05203742141362], [-92.74041588882126, 43.05931991756354], [-92.74927011185962, 43.063285204251784], [-92.76475835644025, 43.06120236205145], [-92.80101522548662, 43.07949424384432], [-92.80850091190202, 43.08984258884032], [-92.8445819393248, 43.09883903110407], [-92.87365004929316, 43.13609982182327], [-92.86969704702135, 43.15001181272085], [-92.88180783274623, 43.15712254445817], [-92.87844591474489, 43.168626812583106], [-92.89223152667199, 43.17572373694435], [-92.89812098587926, 43.187316907325155], [-92.93841802162774, 43.21034498434043], [-92.96611626097494, 43.218461844712074], [-92.97549548910973, 43.22551884515477], [-92.9730587585959, 43.237399155782796], [-92.9810037194801, 43.23958620256271], [-92.99161908693803, 43.25238863704841], [-93.00802913864578, 43.25744288761664], [-93.01094991736733, 43.26548411910976], [-93.02867869860711, 43.27204805830816], [-93.02266647114155, 43.281291075948154], [-93.02672042698327, 43.289931462524024], [-93.02258368689654, 43.295507359078776], [-93.03184088788316, 43.314846081098366], [-93.06997291642327, 43.32874510490672], [-93.06907476103927, 43.339659708576654], [-93.06318781711481, 43.34451879423485], [-93.07738102792398, 43.36197705724305], [-93.08488132364084, 43.36724814857386], [-93.09591004548687, 43.36715055209976], [-93.09963011909706, 43.37746098121002], [-93.12037545473905, 43.37349570187586], [-93.13628849285462, 43.37847382452336], [-93.13779666450365, 43.38243879269771], [-93.13107358937397, 43.38662787755672], [-93.15939476455664, 43.40132251818611], [-93.1872264504359, 43.434086359854156], [-93.20984778729306, 43.44972100250002], [-93.22472924684875, 43.446628993053295], [-93.22147803273143, 43.451157104875904], [-93.22828648733896, 43.453781042790936], [-93.22699677878049, 43.47093694758372], [-93.2061330299127, 43.477777591274126], [-93.20895366803963, 43.48919670468909], [-93.19880269993918, 43.49198076826198], [-93.20516698704606, 43.50229613303083], [-93.21654007086973, 43.509089790174784], [-93.22913446013624, 43.50666761069044], [-93.2291548168589, 43.51404902984332], [-93.21304581395903, 43.51871275574885], [-93.23079876347325, 43.53902168962933], [-93.23230753519688, 43.546986292677], [-93.22257697505616, 43.55279835401078], [-93.22607611700538, 43.556955849007565], [-93.22300182428661, 43.56292654677472], [-93.18274731658033, 43.581817812067946], [-93.1819631295581, 43.59212513728274], [-93.18643379948709, 43.59729264397003], [-93.17858386059702, 43.59937216879468], [-93.17808438472264, 43.605357104105785], [-93.18844496660978, 43.61080428325682], [-93.18821859924304, 43.61476517784106], [-93.16689116158516, 43.61771096422333], [-93.15945117156994, 43.614129494068465], [-93.15352087854313, 43.626207025946194], [-93.13530434624005, 43.623603421524315], [-93.14810363673126, 43.63525595154202], [-93.14301397367261, 43.64009634318744], [-93.15456352165239, 43.652653556865516], [-93.1495673390788, 43.65923958297466], [-93.166913316735, 43.667397858984394], [-93.1695558494838, 43.675283130759375], [-93.20177707304887, 43.67521000666549], [-93.21993319364911, 43.66277629115249], [-93.23149013386535, 43.674623596250555], [-93.22630530777707, 43.68964295612683], [-93.23263439978943, 43.6928006014629], [-93.25676568965481, 43.6880300148362], [-93.27910321637435, 43.701874576431734], [-93.2784617905154, 43.705680375999876], [-93.28569897687207, 43.703001630623156], [-93.29826818905612, 43.709632129665316], [-93.29267786794014, 43.726838360911785], [-93.30103157665165, 43.72522589761865], [-93.31183539628314, 43.73354309713513], [-93.30927617149717, 43.74296407474461], [-93.31514934424833, 43.75897384644333], [-93.34584232241103, 43.76840756928845], [-93.34150773017959, 43.77286639325998], [-93.36043817430021, 43.78841413537287]]]}, "properties": {"huc8": "07080202", "name": "Shell Rock", "states": "IA,MN", "areasqkm": 2797.79, "episode_count": 1, "event_count": 2, "huc8_name": "Shell Rock", "area_sqkm": 2797.79}}, {"type": "Feature", "geometry": {"type": "Polygon", "coordinates": [[[-95.65543960558091, 40.80288369186101], [-95.6876335113782, 40.80296579932547], [-95.68998751244425, 40.79499669542393], [-95.68673282813498, 40.77871672785152], [-95.67989276450754, 40.776607369508106], [-95.68149163815251, 40.765388501874476], [-95.70774487897471, 40.73776098459624], [-95.73536570240903, 40.733602447381685], [-95.75531726241142, 40.73629116007156], [-95.78868925660156, 40.72922624249137], [-95.79108334588548, 40.700380830434746], [-95.78065977143567, 40.6946454543566], [-95.73047113905702, 40.63039789379037], [-95.73072920078364, 40.614627082346004], [-95.73563130369581, 40.606467767013356], [-95.74322499276118, 40.606351876182764], [-95.74490659585392, 40.58493200502957], [-95.7218077226766, 40.569873714126025], [-95.71503969674842, 40.55917808813657], [-95.71671259965763, 40.53218418762904], [-95.70926684694987, 40.5306837643063], [-95.69365174228481, 40.50995518699064], [-95.6900823475888, 40.50075852198577], [-95.69418198635597, 40.49951527694081], [-95.69039890850502, 40.49015244920028], [-95.69421467155759, 40.48293401662927], [-95.67611067660002, 40.491210077521245], [-95.67574520241658, 40.49996189354196], [-95.6829942878575, 40.507501477460494], [-95.67775358296528, 40.51063938281581], [-95.58355214146323, 40.51214920027272], [-95.5864165751552, 40.491355783303824], [-95.57559277339851, 40.49255486501905], [-95.5570310284132, 40.46340480761195], [-95.54786363020891, 40.46571742427836], [-95.53453911812724, 40.46129304193365], [-95.53486411871557, 40.467086536953744], [-95.52641424175964, 40.47618048424438], [-95.52748815522392, 40.4862450294083], [-95.51664458244616, 40.49588139789781], [-95.5050191097569, 40.49323040380498], [-95.48502870390666, 40.50556341177631], [-95.48784749060576, 40.51006961385192], [-95.48089830502752, 40.52494918242712], [-95.46652897950688, 40.5373079145656], [-95.46555079411252, 40.54839155003064], [-95.4468174798911, 40.56569428591002], [-95.43675117441292, 40.58200434932992], [-95.43939225189095, 40.58699936464914], [-95.42007253901161, 40.60730187048451], [-95.41830974977675, 40.624726825020026], [-95.43243766025131, 40.62686238836632], [-95.43647771286739, 40.63424391209674], [-95.44245860979079, 40.634239240981984], [-95.49968285016959, 40.59734447516534], [-95.51439685387486, 40.603981442857524], [-95.51649406702536, 40.59847554007116], [-95.52632242495447, 40.594677579590716], [-95.53593710152522, 40.59855371396214], [-95.56438917292286, 40.59191265065518], [-95.57399598384501, 40.60162459712438], [-95.57973694973917, 40.621292039275], [-95.58837979469959, 40.63083617613051], [-95.60627498435422, 40.63440182721549], [-95.60448195064036, 40.646751625282434], [-95.62840748588151, 40.653974605522016], [-95.62811015520057, 40.66632787939825], [-95.6422956755326, 40.686786149196486], [-95.66332023541266, 40.69196381653726], [-95.65859111119326, 40.703421636279195], [-95.67029224448734, 40.7164394981923], [-95.67270237768223, 40.73385101813426], [-95.66764457068018, 40.743279036903715], [-95.65474977669781, 40.74878430406081], [-95.65403242433274, 40.761379481306044], [-95.64649828099428, 40.77248111113536], [-95.65555067418096, 40.783655494802986], [-95.65543960558091, 40.80288369186101]]]}, "properties": {"huc8": "10240004", "name": "Nishnabotna", "states": "IA,MO,NE", "areasqkm": 453.33, "episode_count": 1, "event_count": 1, "huc8_name": "Nishnabotna", "area_sqkm": 453.33}}, {"type": "Feature", "geometry": {"type": "Polygon", "coordinates": [[[-94.65775714396915, 40.98638949773759], [-94.66723963793744, 40.991610945102394], [-94.67980731669729, 40.98415562244041], [-94.69005649670945, 40.98463630303897], [-94.69366878146869, 40.97862087275196], [-94.7071287127828, 40.9771253652758], [-94.71895473795252, 40.96496892842733], [-94.72906764263773, 40.96563285969364], [-94.73742865016092, 40.954421137839766], [-94.76147165629513, 40.95332370934545], [-94.77318122476973, 40.93990868002209], [-94.78423609477701, 40.943421014582924], [-94.7984798573805, 40.93404305896827], [-94.80595818030554, 40.93450022804147], [-94.83221584263555, 40.91209096798701], [-94.84075260734069, 40.89866203165815], [-94.83378217301271, 40.878565287554146], [-94.8398478331697, 40.868383440815386], [-94.85306999569946, 40.861116298964916], [-94.85356199759067, 40.83793623916308], [-94.85763919374713, 40.83469752053108], [-94.85291790463366, 40.82746664041028], [-94.86390100104641, 40.815463299534905], [-94.86858461391856, 40.79623064917996], [-94.89037587691043, 40.79449768497711], [-94.89438221395727, 40.77981036368763], [-94.8870786124567, 40.77374894739798], [-94.90019894645745, 40.752012609717625], [-94.89670263420138, 40.74022431860405], [-94.90047380308663, 40.72806548834225], [-94.89011038521811, 40.72255771525417], [-94.88183172895197, 40.699719483053784], [-94.8835676226272, 40.69232471007381], [-94.87193719932242, 40.68435138253259], [-94.88275708442445, 40.6563111394593], [-94.87782809942739, 40.63620466274243], [-94.88587708611979, 40.62571375314992], [-94.89992369995944, 40.62047639304468], [-94.90403152597214, 40.61234823855446], [-94.89460844028852, 40.59918656299968], [-94.90459199386105, 40.576996489228684], [-94.8935241270282, 40.57183804206543], [-94.88636356696527, 40.56102947818002], [-94.88440428563507, 40.53785278204278], [-94.88877044466558, 40.53198479103322], [-94.87675183597032, 40.4946946263477], [-94.88520984717115, 40.48582921710365], [-94.87968555402522, 40.47558679637812], [-94.89181749866829, 40.461489129514185], [-94.89562043108364, 40.43866443215934], [-94.90856070317558, 40.431531677668396], [-94.91108363871902, 40.41964052308541], [-94.92464237393462, 40.41767258305144], [-94.93172394333799, 40.39394652890113], [-94.95600381455135, 40.39642580174878], [-94.96268226227603, 40.391543234135256], [-94.96158325257765, 40.37726844496007], [-94.95259277307701, 40.36168690908606], [-94.95689043556712, 40.33339906748281], [-94.94786772990395, 40.32555336271185], [-94.95000756362312, 40.31827445494169], [-94.94263846326024, 40.31262289918477], [-94.94575455009758, 40.30890951707487], [-94.94285255425034, 40.30009712271048], [-94.93139007458117, 40.29145666883406], [-94.937831541344, 40.27853651478128], [-94.92868094073722, 40.267483765853825], [-94.931986978138, 40.25638814830496], [-94.91961025605472, 40.23631517576389], [-94.92446056749752, 40.22440275824571], [-94.91852046576611, 40.21048622526056], [-94.92203384960585, 40.19619342589926], [-94.90832382641831, 40.17918491524152], [-94.91117910897248, 40.17159067973707], [-94.89892280066314, 40.16526140312583], [-94.89551996889217, 40.1498421841276], [-94.87410780662827, 40.12570661108694], [-94.87779037377872, 40.11809973230921], [-94.87489181758069, 40.11282325576356], [-94.8809084027737, 40.105078614511044], [-94.88016926895793, 40.09234497405556], [-94.87140056733125, 40.087215221511826], [-94.87428291073502, 40.08264374322046], [-94.8682124634559, 40.06490282663839], [-94.87077966258664, 40.05544682142977], [-94.88076992387941, 40.04815575729475], [-94.87712274765619, 40.0332410882749], [-94.88308750454888, 40.009632303220734], [-94.87697579225886, 39.998638628644706], [-94.88262202721306, 39.989852680249754], [-94.8710751418398, 39.96656031138256], [-94.85716385740106, 39.96613109871358], [-94.84040810432755, 39.94606275744532], [-94.82399720371185, 39.949571089194464], [-94.80536836984616, 39.94384992376114], [-94.80033448318349, 39.933927729984894], [-94.80590917630846, 39.92698460979049], [-94.81214706506498, 39.89485274670214], [-94.80591492732292, 39.864140129704495], [-94.81877056553866, 39.83710115582437], [-94.81027580066629, 39.80921503796722], [-94.81999556395563, 39.80044370365852], [-94.80055959111223, 39.78396550109151], [-94.79880125213128, 39.771284728414045], [-94.80374421221921, 39.76092023250635], [-94.78981237432679, 39.75000944082321], [-94.78806119851193, 39.741932636979826], [-94.77793875731165, 39.7436265064705], [-94.77578546503288, 39.750101413494235], [-94.75894732117649, 39.76186922930557], [-94.73092426180231, 39.75238087387535], [-94.74631879503086, 39.77291820073329], [-94.74466717141411, 39.83013350561756], [-94.73268258461358, 39.8475299656456], [-94.73495973929866, 39.86099959615299], [-94.72392065628415, 39.86557724395029], [-94.72532020005579, 39.896225556608854], [-94.71784602734738, 39.90534178327283], [-94.7187938191424, 39.92286018715877], [-94.71472422093662, 39.92992829970929], [-94.72586103526415, 39.94999267155163], [-94.73054034700272, 39.976349383960866], [-94.7418754051404, 39.99249141308298], [-94.75449484662356, 39.999288496553156], [-94.7613474399526, 40.01304142457919], [-94.7588277868532, 40.02787236728479], [-94.76335711946518, 40.03361814428755], [-94.76098817133112, 40.04568172883078], [-94.76703583913127, 40.05225767129157], [-94.76576102014863, 40.07456835835303], [-94.77645473417407, 40.08252931878429], [-94.77928364578476, 40.09161171617955], [-94.77186259135743, 40.112799066786614], [-94.77433333298623, 40.12403759912801], [-94.78091166077753, 40.12991481331112], [-94.78670941906229, 40.15739176304284], [-94.80055188087215, 40.179069162487465], [-94.79397119679984, 40.19871162523164], [-94.80085880106876, 40.21888398490907], [-94.79458534801013, 40.229582036539206], [-94.78322707021898, 40.233721089341124], [-94.78542644337686, 40.2693423874449], [-94.77812011099783, 40.27680456529067], [-94.78452862845434, 40.29049943380646], [-94.7664534918753, 40.30472214097276], [-94.76280354884102, 40.33316758958838], [-94.75447382784256, 40.34624720187192], [-94.76305469084501, 40.37098545744863], [-94.75482649115173, 40.400388749097445], [-94.7597461660092, 40.40608588790509], [-94.74602334811706, 40.42193609906807], [-94.74356677381861, 40.46811611599639], [-94.7347961722551, 40.472829139887736], [-94.72190335546469, 40.49440364294952], [-94.70991981969306, 40.49580020078106], [-94.71042126916613, 40.50684885749326], [-94.71790726999187, 40.511336369131996], [-94.70548550188867, 40.543706344898666], [-94.70888948979142, 40.553870882927136], [-94.70016365936337, 40.571976115224444], [-94.70369668666342, 40.581039317416085], [-94.69963627732467, 40.58808692212304], [-94.7083662858171, 40.595631202206064], [-94.70838192009633, 40.61892906100513], [-94.69969362128083, 40.62552655035078], [-94.69609165457094, 40.645500930664255], [-94.6766612809267, 40.676016991125465], [-94.64981278765114, 40.68941876788436], [-94.65323081262852, 40.70282802492894], [-94.60466226850862, 40.72167941169709], [-94.60139466283229, 40.724880995974054], [-94.60477782060025, 40.7298325831755], [-94.58858362686871, 40.73322813893171], [-94.58531425869782, 40.74683825817156], [-94.5775195347567, 40.754187451131976], [-94.56879931879918, 40.75488992269777], [-94.56205054825911, 40.766682978994766], [-94.49658594948967, 40.80151798655844], [-94.49347529925643, 40.81296049684619], [-94.5003494296944, 40.818346049396006], [-94.49967410500989, 40.83022274436653], [-94.49541038266783, 40.835979181655915], [-94.48896067925216, 40.83389291437677], [-94.48243898934119, 40.83916924222901], [-94.4785649615593, 40.8474787886513], [-94.48613372596881, 40.85462380510967], [-94.46875679596118, 40.865545253763415], [-94.48785540739794, 40.88663817492964], [-94.50470241942284, 40.886165195244324], [-94.50185092147098, 40.89521027611511], [-94.50595594204503, 40.8979698393448], [-94.53140580962717, 40.883060406096014], [-94.55834268904184, 40.88160516952722], [-94.56736625169778, 40.89974006762765], [-94.55912207007728, 40.9106103889619], [-94.56083596311291, 40.92106478302428], [-94.58831034947782, 40.92273601215771], [-94.57842829385432, 40.93717115149154], [-94.58450721134825, 40.94832836719537], [-94.60469188326859, 40.95909270630864], [-94.60557968287398, 40.96556858540036], [-94.5920250852986, 40.97579520640948], [-94.6021677700338, 40.98143967987461], [-94.63408442249674, 40.97865756876275], [-94.6392165731734, 40.986355285189674], [-94.65775714396915, 40.98638949773759]]]}, "properties": {"huc8": "10240013", "name": "One Hundred and Two", "states": "IA,MO", "areasqkm": 2011.47, "episode_count": 0, "event_count": 0, "huc8_name": "One Hundred and Two", "area_sqkm": 2011.47}}, {"type": "Feature", "geometry": {"type": "Polygon", "coordinates": [[[-96.33505485140066, 42.78271181095386], [-96.35026664574082, 42.783290836170046], [-96.35080657904066, 42.769566837952055], [-96.36746481100693, 42.76620452425184], [-96.36259364697145, 42.761516354811526], [-96.36747611630479, 42.7592571800813], [-96.36604979734778, 42.75226638152647], [-96.37606913620796, 42.748897862774], [-96.37464607544051, 42.74305060856897], [-96.38059793252573, 42.74230311018094], [-96.3765057380973, 42.73051682832963], [-96.38193986015166, 42.72348075833036], [-96.39443956249565, 42.721773703970285], [-96.41330111122389, 42.703566563698026], [-96.41397712491622, 42.68126155717974], [-96.42367517862009, 42.67441424702494], [-96.42220203587723, 42.667168207930544], [-96.42914710357825, 42.65821213283297], [-96.42578573534583, 42.653123587828304], [-96.43614477662227, 42.63817295893822], [-96.43461653930473, 42.614932668913745], [-96.44697958543611, 42.60715500346119], [-96.4437582169458, 42.598918344969164], [-96.44984646254564, 42.59214524252244], [-96.44605572386196, 42.58409732536255], [-96.44927465612123, 42.57898300208046], [-96.46110406704122, 42.5788402797862], [-96.45751315499922, 42.57039359229567], [-96.46190050259234, 42.56283499151527], [-96.45310922001437, 42.541244301427334], [-96.46102194215963, 42.53821787638045], [-96.4553284845676, 42.52680349099564], [-96.46149355588719, 42.52227595266485], [-96.4600335950228, 42.51523003882195], [-96.45149406620152, 42.50914103749419], [-96.44512012490028, 42.489008560915195], [-96.45772949896406, 42.476426559375035], [-96.45712665574653, 42.46779983130939], [-96.46319041596671, 42.46220211919277], [-96.46566469246613, 42.449713127642774], [-96.51375864045178, 42.448371062650246], [-96.53809991241314, 42.45585815075965], [-96.56355763037256, 42.44633097264814], [-96.57465804496476, 42.44671160730589], [-96.57611773363962, 42.435345148536996], [-96.57165992938214, 42.42678779970601], [-96.59943250791235, 42.42501283085165], [-96.59665159598224, 42.416726234769364], [-96.60133157067749, 42.410291371779614], [-96.63003521077887, 42.41046821903577], [-96.63375549279822, 42.39759897737593], [-96.64218967259286, 42.39529430375226], [-96.6436866126059, 42.39041938800474], [-96.65556781769025, 42.389022253605724], [-96.65417688337232, 42.382412723628434], [-96.65872301987, 42.38043742545277], [-96.64970197159856, 42.36864023465541], [-96.64972777929835, 42.36022229896621], [-96.6584108966313, 42.35519404957136], [-96.65332888182894, 42.3428862249424], [-96.65906123826944, 42.32372466988], [-96.65430159648322, 42.30891252610532], [-96.66536004807357, 42.3019195880299], [-96.6742622411481, 42.2850202975988], [-96.68064592917015, 42.284369443835864], [-96.68485443656327, 42.28950563594588], [-96.70491083624756, 42.27370134140847], [-96.69738765325388, 42.25796219689354], [-96.68869121390529, 42.25146120702863], [-96.67645959129996, 42.25078412984362], [-96.67188388944963, 42.23112478643353], [-96.6574307106888, 42.21853616507077], [-96.66027572819421, 42.205223942885965], [-96.666988643378, 42.202926809027346], [-96.67031043992384, 42.19084536177291], [-96.66398131736877, 42.17639716435982], [-96.65309711918059, 42.1750824058337], [-96.65424632583871, 42.16816540455836], [-96.64877729884569, 42.16044880801439], [-96.62138204327752, 42.160827656413], [-96.60072682033665, 42.14024039027129], [-96.5919596611173, 42.1419226130103], [-96.58493054164843, 42.13505690198673], [-96.5709274404045, 42.138306786885224], [-96.56826630085123, 42.13297208117532], [-96.55981331572443, 42.13159271061352], [-96.55699410322387, 42.1182834388469], [-96.54943650038176, 42.115562993017015], [-96.54480551531054, 42.10474710364395], [-96.54675410938383, 42.095603272645185], [-96.52873439706117, 42.088487610511656], [-96.5309333614856, 42.080584301559526], [-96.52392438853359, 42.0700769557335], [-96.50197309516541, 42.06833226925788], [-96.48947554518486, 42.057729406272955], [-96.46549593495688, 42.05651824225223], [-96.46290342848795, 42.04665888639272], [-96.47123878102492, 42.03258810567744], [-96.46492173003062, 42.028665672381166], [-96.46675954835464, 42.00773075960778], [-96.45892046111321, 42.00041020588486], [-96.46216679827685, 41.995026236407], [-96.45597861150839, 41.99046007330307], [-96.45563507867575, 41.97184077185649], [-96.43350523795833, 41.96540505028526], [-96.42600485330824, 41.94177898803377], [-96.41102354960199, 41.94318553935929], [-96.39327059649452, 41.92512229057272], [-96.3841300731886, 41.92604038125121], [-96.37881447125956, 41.93604651299904], [-96.34712326898348, 41.93669099034202], [-96.3459478351123, 41.931300107443654], [-96.33574140053464, 41.925513182335486], [-96.32850470555645, 41.89815300653605], [-96.31110610369258, 41.890627891114505], [-96.31349428206194, 41.867264863468776], [-96.33545248796622, 41.84897311763182], [-96.33093397556183, 41.83559810099845], [-96.33479146985093, 41.83019928936415], [-96.33387307901684, 41.812328950499804], [-96.34160436842419, 41.80594365198868], [-96.34771926883515, 41.790825527850316], [-96.35213039842711, 41.76581764938992], [-96.32974664260641, 41.761864968205245], [-96.32668838391717, 41.73852488898751], [-96.29666384664897, 41.7287159020626], [-96.29007425218737, 41.72226351997358], [-96.29940655323004, 41.71488964837082], [-96.29528447275041, 41.70414295971996], [-96.30495473168108, 41.6974713809282], [-96.30823623519315, 41.685928402617435], [-96.30528037995474, 41.68238079277513], [-96.33760911299468, 41.67385175199837], [-96.33851131618735, 41.65424867646501], [-96.34607848339229, 41.6378549814069], [-96.33834683376053, 41.62042842812205], [-96.31775988906945, 41.614927040342884], [-96.29968653115463, 41.59156529531498], [-96.26065528632017, 41.598726083059255], [-96.25710663372408, 41.603425966743586], [-96.25087773620525, 41.59945290102965], [-96.24573689522653, 41.60545884664923], [-96.23490142255767, 41.58843531149654], [-96.21446739538248, 41.589810124866], [-96.21252055482064, 41.56371023007961], [-96.20227731267254, 41.55750517790906], [-96.19980833533495, 41.54576645817805], [-96.1862259519695, 41.537649852800556], [-96.186887358157, 41.53015390976427], [-96.17995047680319, 41.5199667910772], [-96.17041140334506, 41.52147771256848], [-96.15191122170278, 41.51022351874839], [-96.13517819780259, 41.517719190696404], [-96.12224988498205, 41.51400034223607], [-96.1102503672832, 41.52347050873029], [-96.11410025913004, 41.54050488943273], [-96.10854674917779, 41.54762970442218], [-96.10373784288308, 41.549801846334546], [-96.0943824254932, 41.545009160219976], [-96.09220282874628, 41.5528278603192], [-96.0820650640839, 41.553767369562586], [-96.0763653793703, 41.56090992818901], [-96.03922377397366, 41.57015493274783], [-96.03936830032646, 41.57993008367158], [-96.02493854962823, 41.5883528961001], [-96.02607264392834, 41.60648499437901], [-96.0453752133588, 41.61744795117831], [-96.04436128130435, 41.6217101457606], [-96.03531469752262, 41.62154230675928], [-96.03646336159832, 41.63794093343028], [-96.0415309018465, 41.641698546005706], [-96.04005087711025, 41.65274294239442], [-95.9984235954278, 41.658140774146595], [-95.99635074638441, 41.66756941292176], [-95.97749928753345, 41.68918306560619], [-95.95527445536462, 41.68961782659258], [-95.955630427169, 41.70904138818018], [-95.96591126920164, 41.72867714726096], [-95.94636871574136, 41.75538598065723], [-95.93175752871193, 41.76453918537233], [-95.93123831325748, 41.769070157866274], [-95.91228391735643, 41.77179715624285], [-95.90853961797964, 41.786131480078275], [-95.88870851397202, 41.787761685710265], [-95.86792284936367, 41.80741173581194], [-95.84660183466008, 41.799307327620944], [-95.82411187012504, 41.81969228856064], [-95.82512596387622, 41.82580057917625], [-95.81489353205423, 41.83786098687865], [-95.81815132183945, 41.84282773263212], [-95.81336507285282, 41.84922136028926], [-95.80303541007945, 41.853176116909744], [-95.78043003269164, 41.84902323103887], [-95.75441151626329, 41.867848580484505], [-95.75164468542526, 41.88404318140526], [-95.74577218102068, 41.88839621996928], [-95.74918879923631, 41.89235117440677], [-95.74450383799294, 41.89496211039287], [-95.7481364651018, 41.91775473755791], [-95.73160023602922, 41.920960471616915], [-95.73384336881952, 41.926418362893344], [-95.72345541885893, 41.93603678463114], [-95.71782549012377, 41.93077120103654], [-95.71610583080235, 41.934752758025795], [-95.7084557553849, 41.934504703875106], [-95.70751698896353, 41.94760819381744], [-95.69886349537371, 41.949484764581406], [-95.7036224355757, 41.95367061871666], [-95.69974742413858, 41.96451999336734], [-95.69181585713527, 41.96665426302479], [-95.68435493547562, 41.98570046052578], [-95.67693054021376, 41.990522093922124], [-95.67718288865517, 42.00259643329167], [-95.67231212077672, 42.00150939044565], [-95.66150017229023, 42.01295488716383], [-95.62786752742885, 42.016489536678215], [-95.61170434623587, 42.03751710450947], [-95.59836886302965, 42.04252351405381], [-95.55638333411021, 42.02669711777557], [-95.54762414384574, 42.03438081506452], [-95.53371775163205, 42.03722379279403], [-95.5268240558872, 42.049640403769345], [-95.50662769598672, 42.06723939603003], [-95.48875001539531, 42.07606008370485], [-95.48980723007678, 42.08114458356108], [-95.47164302194403, 42.08288135205494], [-95.45750394990208, 42.09196325507574], [-95.43780167598426, 42.09430920646404], [-95.43603599147926, 42.10119776321827], [-95.42372930295386, 42.1027467686541], [-95.42337866354899, 42.110674461546516], [-95.41128398821041, 42.115775925477415], [-95.409330390521, 42.12249346317918], [-95.41472026156447, 42.13142263652788], [-95.40893636967445, 42.138442344598275], [-95.41863760071949, 42.14754513811948], [-95.41579653130975, 42.15568252779861], [-95.43045439929291, 42.1671762076961], [-95.4286513116344, 42.174782616441384], [-95.41838926235751, 42.1803606786023], [-95.42038252695492, 42.190283193447854], [-95.41350850341647, 42.196561247561846], [-95.38591459710132, 42.20428246752887], [-95.38044717719433, 42.21366469506544], [-95.38413568400544, 42.21764821580764], [-95.37793549843971, 42.225139606954876], [-95.35311664793733, 42.233786351431185], [-95.35376106249124, 42.24232232985706], [-95.34439225661035, 42.25845471522845], [-95.32693073225242, 42.26168188229796], [-95.32387252476714, 42.27285602495061], [-95.33390515599858, 42.2803990783806], [-95.36111530292267, 42.28523148879314], [-95.39297025100707, 42.27329114546538], [-95.39880565588874, 42.27792981007615], [-95.40421659961214, 42.29770243697728], [-95.4374172751961, 42.29674384250817], [-95.43783283045664, 42.29104514256039], [-95.44677588340186, 42.28928199705647], [-95.45620326303253, 42.27918742534055], [-95.47127602511617, 42.281622580154874], [-95.48615936304913, 42.29193700762859], [-95.53158267898388, 42.29579044552124], [-95.52842726210679, 42.288639171792575], [-95.53398244023052, 42.28312686423092], [-95.55426766597049, 42.28343426553954], [-95.55196892926071, 42.272277367828394], [-95.55588069526769, 42.26714368739085], [-95.58493592159826, 42.25453581614894], [-95.59215276740194, 42.24189810301413], [-95.60087921766754, 42.246031153388195], [-95.61107194215734, 42.243111755652876], [-95.6159297338715, 42.23216457345181], [-95.63006808007471, 42.225665142289806], [-95.63711749877405, 42.21121791659378], [-95.65498226787987, 42.21202418421025], [-95.67959668967136, 42.20473228862496], [-95.68503330455064, 42.19508390078828], [-95.69581162280785, 42.19298603562681], [-95.695128550154, 42.18744163089459], [-95.7083355563083, 42.1753075208958], [-95.70672861758872, 42.17159827154042], [-95.7230970099252, 42.16816720091711], [-95.73330274022368, 42.15385698890856], [-95.73050944052581, 42.148390955706745], [-95.74526927178529, 42.13729306375633], [-95.74563160366188, 42.125799356688546], [-95.75427007831843, 42.12173221361778], [-95.75389704481186, 42.112603969802365], [-95.76413228925901, 42.09990771239089], [-95.76330761157368, 42.089763013674464], [-95.77138888012412, 42.08493602729289], [-95.78918755029302, 42.08817858783913], [-95.79187767039568, 42.083438284929], [-95.8067375137907, 42.086693992720484], [-95.81458189031252, 42.08085320878829], [-95.81322331870099, 42.07746976794354], [-95.82033896659297, 42.07825281860709], [-95.82694769517013, 42.072371635942446], [-95.83488940774626, 42.05896594901507], [-95.8314494027905, 42.053979889028604], [-95.8383664232917, 42.04228209518209], [-95.83590507265089, 42.03739650944063], [-95.84992172857412, 42.02276716642541], [-95.8486244229633, 42.0083173381304], [-95.8593067445543, 41.99774394538317], [-95.85857742662964, 41.99215799963404], [-95.86747306200259, 41.99010604584665], [-95.86422798158203, 41.9835536656653], [-95.8734753523045, 41.97657455413455], [-95.88264830838544, 41.97860320902281], [-95.88913415731318, 41.96823251476233], [-95.90503097634631, 41.972377228455315], [-95.90772978675102, 41.96558962487292], [-95.91446984003956, 41.96468946886935], [-95.90888036603491, 41.941628534455326], [-95.9171659716681, 41.93226852558724], [-95.91308742264884, 41.92533481304769], [-95.9201712477219, 41.92365719259856], [-95.92378622742697, 41.91437260771294], [-95.9319572071316, 41.916837492229874], [-95.94325905095998, 41.912030487137514], [-95.95225343723381, 41.89498697054278], [-95.95164870306263, 41.87480182830342], [-95.955787419443, 41.868806878155745], [-95.99078631651157, 41.85801242782508], [-95.99262935135243, 41.84566596756226], [-96.00054562184307, 41.837095897998424], [-95.98909569433337, 41.829230329158335], [-95.98833902360663, 41.82107366521636], [-95.99499921846304, 41.81860547922083], [-96.00060727142439, 41.827454113256515], [-96.005879478437, 41.827199409557174], [-96.02729150595361, 41.80654618867052], [-96.0244312835637, 41.794143460996054], [-96.0283971640834, 41.78496893848732], [-96.0388911844178, 41.78027399834169], [-96.03818662316407, 41.776882961844294], [-96.05033052707851, 41.77681820792347], [-96.05219106379606, 41.79832044314985], [-96.05779923713168, 41.804077452855466], [-96.06751803473207, 41.80338805648797], [-96.06169027361516, 41.808506602037745], [-96.07256097641282, 41.82044753688883], [-96.07911311741529, 41.8106090599802], [-96.1022831479429, 41.8208204203155], [-96.10740103337285, 41.83335920801023], [-96.10461460848185, 41.85004677992189], [-96.14332427530923, 41.88120184873684], [-96.11782327292616, 41.90560282780027], [-96.1092464774953, 41.905535385990895], [-96.10893184077041, 41.91639461241523], [-96.11716216587766, 41.916503775661496], [-96.11605389544701, 41.9215409389486], [-96.10803113057774, 41.93784656161958], [-96.09900432769858, 41.940435334386805], [-96.09937252287904, 41.960668504069126], [-96.08798160659866, 41.97609133618499], [-96.08960277822561, 41.9828467726614], [-96.10038668759714, 41.99103427015629], [-96.09058224282093, 41.997716537643804], [-96.09200473225984, 42.00867297972691], [-96.10591977165646, 42.01258571901336], [-96.11234308436572, 42.02676617976558], [-96.1068961532337, 42.02877123560032], [-96.10172470844991, 42.061112352793565], [-96.12819096947037, 42.09764057074076], [-96.12650620251121, 42.11958749633041], [-96.14327300845595, 42.12936463534504], [-96.1389347951156, 42.14106295611112], [-96.15096133503651, 42.15116875023191], [-96.14696621704925, 42.16347173046874], [-96.15486538002362, 42.17327662508871], [-96.15496873568864, 42.18539636843501], [-96.17169299292996, 42.18629082287922], [-96.17936326516994, 42.20041922841548], [-96.19398804550625, 42.200640940563], [-96.19339729271415, 42.2286998050727], [-96.22597221175268, 42.22829693997347], [-96.26918209679367, 42.286565601169386], [-96.2945792961507, 42.286614900475875], [-96.3095323963503, 42.299159850206586], [-96.31000806866629, 42.31704354269776], [-96.32564491076462, 42.33743536325222], [-96.3110151816094, 42.3418364244333], [-96.31173560621276, 42.355312812948945], [-96.3216696141041, 42.36656694392278], [-96.33209782475909, 42.370518541872286], [-96.36011397788535, 42.407766473701436], [-96.34730417261372, 42.410530078149556], [-96.3497632469236, 42.42164643154633], [-96.3410792142074, 42.43268703357749], [-96.34748002232216, 42.442169092039485], [-96.34343727476022, 42.448162381912155], [-96.34762387763342, 42.46152260217829], [-96.34198536100416, 42.46440076653997], [-96.34384410917599, 42.46993574546105], [-96.33790634036937, 42.47089075431979], [-96.33706347718943, 42.4791966329047], [-96.32607427852095, 42.48511980301317], [-96.31181968852336, 42.48436087044948], [-96.30555371843107, 42.49116044375019], [-96.3100331595105, 42.502671948200735], [-96.30359419455571, 42.505381840578245], [-96.33127541082828, 42.51637544582599], [-96.35116903218982, 42.498719694695815], [-96.36354277815455, 42.50086561189016], [-96.385506500613, 42.49170510202734], [-96.38956796547221, 42.48235829276166], [-96.4103955337936, 42.51271354804166], [-96.39631024209106, 42.52874469451974], [-96.3875430622105, 42.55423444232314], [-96.37975363204134, 42.55679208090749], [-96.36828822476265, 42.57797420017727], [-96.34502716974391, 42.595095158282696], [-96.3491170402307, 42.60390698473], [-96.34742087365059, 42.619182933949766], [-96.33716259190798, 42.63275692738442], [-96.33761445976727, 42.639579074747346], [-96.33216684501733, 42.641982068512974], [-96.3328455770117, 42.67278382745768], [-96.3245265450668, 42.67842913377672], [-96.32644422451791, 42.6845914811046], [-96.33569164195275, 42.68939677842584], [-96.33485858298582, 42.70677181128672], [-96.32689955807754, 42.70807959095631], [-96.32894402934109, 42.71830808533858], [-96.32072167408705, 42.732043566928034], [-96.32520741415324, 42.73833144069359], [-96.31419620676031, 42.74094969449038], [-96.31829692440417, 42.750922626143215], [-96.3117522645714, 42.762047432260964], [-96.33152970771555, 42.774512215108565], [-96.33505485140066, 42.78271181095386]]]}, "properties": {"huc8": "10230001", "name": "Blackbird-Soldier", "states": "IA,NE,SD", "areasqkm": 4166.71, "episode_count": 5, "event_count": 5, "huc8_name": "Blackbird-Soldier", "area_sqkm": 4166.71}}, {"type": "Feature", "geometry": {"type": "Polygon", "coordinates": [[[-95.43089178181823, 41.88900834274223], [-95.44030407873527, 41.88569297399566], [-95.42336404795932, 41.84988491586492], [-95.45608095111838, 41.835879002390506], [-95.45843150175543, 41.82836561771131], [-95.4544750400715, 41.82437561563342], [-95.48097937977853, 41.80885113869068], [-95.48463638536757, 41.77887679926558], [-95.50646891786194, 41.77692965550365], [-95.52034862292517, 41.769462974420954], [-95.52818212983205, 41.753506737334], [-95.54415648694894, 41.74174480085295], [-95.54071483538127, 41.7371831150896], [-95.54557990255091, 41.7289744913983], [-95.55577968061232, 41.727732842792804], [-95.5644838248111, 41.72008997379902], [-95.5771012064573, 41.727813913475885], [-95.59614739221409, 41.71482955600339], [-95.59612379796316, 41.70919949789515], [-95.61070419074463, 41.697030942155564], [-95.62030960568481, 41.6803704645338], [-95.61494681884717, 41.67268082771748], [-95.63199238819428, 41.66053051600978], [-95.63530538394525, 41.6496744682444], [-95.62961240246031, 41.6442147254499], [-95.63982852446999, 41.62833924283441], [-95.64822138535484, 41.62621593726579], [-95.65093913853394, 41.619533636878685], [-95.6605797988743, 41.6181383902182], [-95.67468671122909, 41.62563137560716], [-95.68436801314952, 41.62114499436174], [-95.6965836816754, 41.595311334105155], [-95.71358969460728, 41.59964174709091], [-95.71865461806303, 41.59024466118416], [-95.72421392484382, 41.59003994915125], [-95.72613348985868, 41.57949107785991], [-95.73129500736029, 41.57821961387847], [-95.73044587304135, 41.563658167070415], [-95.74330850104832, 41.5584033977228], [-95.74471371947759, 41.55247938149728], [-95.76022971211907, 41.55346593532811], [-95.76982869781675, 41.569408845116676], [-95.77988323895798, 41.56662186736035], [-95.78849432487985, 41.53974444494813], [-95.79951860994667, 41.5341578241493], [-95.79900409896939, 41.527965371150586], [-95.80655778336022, 41.521375989525986], [-95.82034137228132, 41.51942294188181], [-95.8214940796741, 41.51311817683137], [-95.83588919133497, 41.5147062210157], [-95.84198758699921, 41.50546459513638], [-95.85626361349445, 41.50529652052138], [-95.86651249257098, 41.496466956044394], [-95.86511343029635, 41.49049823427821], [-95.87196206115665, 41.47836973290955], [-95.86619612030094, 41.4670330138725], [-95.8681665533171, 41.43434110171404], [-95.88678790152153, 41.432480989826125], [-95.89135764035498, 41.426886355342326], [-95.90893175865233, 41.430479676525536], [-95.90900124962776, 41.461658789473184], [-95.91819179741691, 41.45299763860125], [-95.91906091116608, 41.46077002526568], [-95.94968109345142, 41.470024828632944], [-95.95195276751495, 41.47588906990928], [-95.93730653271473, 41.49194872641365], [-95.93667236703989, 41.50658305605426], [-95.9533909505219, 41.511923530752526], [-95.97452640113555, 41.510541988591065], [-95.97282609152533, 41.51850391691957], [-95.95481055547042, 41.52681308810971], [-95.95940274230453, 41.53739617193754], [-95.97001144246642, 41.54218354052837], [-95.9699991400386, 41.5581177554598], [-96.00236268549077, 41.57174415752874], [-96.00374723548198, 41.58029396303449], [-96.00032004589208, 41.58029775156483], [-95.99841076119732, 41.59087718470569], [-96.01235799172215, 41.61373733829674], [-96.02183910408152, 41.61421740991128], [-96.02156350274899, 41.607705364681145], [-96.03300372396204, 41.61829791399464], [-96.04436128130435, 41.6217101457606], [-96.0453752133588, 41.61744795117831], [-96.02607264392834, 41.60648499437901], [-96.02257615290752, 41.59670362888166], [-96.02942893937434, 41.58243113997043], [-96.0397720544191, 41.579404712614135], [-96.03922377397366, 41.57015493274783], [-96.0763653793703, 41.56090992818901], [-96.0820650640839, 41.553767369562586], [-96.09220282874628, 41.5528278603192], [-96.0943824254932, 41.545009160219976], [-96.10373784288308, 41.549801846334546], [-96.10854674917779, 41.54762970442218], [-96.11410025913004, 41.54050488943273], [-96.11087975841228, 41.52264882621717], [-96.12224988498205, 41.51400034223607], [-96.13517819780259, 41.517719190696404], [-96.1515563907588, 41.51023228123571], [-96.17041140334506, 41.52147771256848], [-96.18253013736356, 41.52253825676198], [-96.1862259519695, 41.537649852800556], [-96.19980833533495, 41.54576645817805], [-96.20227731267254, 41.55750517790906], [-96.21252055482064, 41.56371023007961], [-96.21477977913264, 41.59011452378818], [-96.22031040809628, 41.586441801473235], [-96.23490142255767, 41.58843531149654], [-96.24598890320644, 41.60555215802848], [-96.25043007515646, 41.59958188700677], [-96.25710663372408, 41.603425966743586], [-96.26065528632017, 41.598726083059255], [-96.28202146921457, 41.59458868244376], [-96.27395480996559, 41.57697994868323], [-96.26117214279867, 41.57269762295885], [-96.2716887566608, 41.54438186469044], [-96.28108024500258, 41.53510872137259], [-96.2953186949695, 41.53226191283796], [-96.313175981109, 41.510640085384864], [-96.3058372429044, 41.47887667543526], [-96.30644592427295, 41.46693807268509], [-96.31339567848477, 41.45981343791521], [-96.30033081096126, 41.44228934316502], [-96.28184802968603, 41.432421972397904], [-96.28171517065215, 41.42312689434857], [-96.2643069127973, 41.416192609086345], [-96.26106653415894, 41.40659962785717], [-96.26770902411943, 41.385859056760225], [-96.2676361842246, 41.35265220067724], [-96.25107648666521, 41.33606199137206], [-96.26795789697898, 41.33003920867333], [-96.2709493632319, 41.313806536125554], [-96.24368725954841, 41.269414451538026], [-96.24653060888234, 41.25784316136404], [-96.25466047628966, 41.25628020823654], [-96.2658340838146, 41.23531981240851], [-96.25862513689721, 41.22636141314509], [-96.26109673192552, 41.217053818282636], [-96.2502865621033, 41.20925219534819], [-96.25180156274513, 41.201175258156724], [-96.26727662904055, 41.18461046832563], [-96.2631142564255, 41.176626008145206], [-96.26686607110793, 41.16888673046588], [-96.26089284759368, 41.160522052673294], [-96.24772972503933, 41.15856711001352], [-96.24603802488281, 41.15116096329776], [-96.23982051171357, 41.14814940952001], [-96.25148859958159, 41.128439638665846], [-96.23061552440453, 41.128628319307325], [-96.21783476525931, 41.12502328086792], [-96.21724816448045, 41.11850876119148], [-96.2047133344156, 41.11671481107479], [-96.19223733412038, 41.12190259137316], [-96.18232731304376, 41.11358568683182], [-96.17302102990666, 41.11596197652241], [-96.17537920005394, 41.124602118230214], [-96.15604121364511, 41.135484349055545], [-96.13635549208472, 41.12747521382525], [-96.13609600383344, 41.13184497998895], [-96.12441086773794, 41.13629956412297], [-96.107942577352, 41.13596419898217], [-96.08709477088556, 41.11161716006679], [-96.05591038910963, 41.12633766154816], [-96.05222339326482, 41.11909495319325], [-96.03760159443696, 41.11116330480976], [-96.01901397258158, 41.11747907419286], [-96.01080116462238, 41.12674262053184], [-96.00331037847111, 41.12610223075894], [-95.99614276842983, 41.11509989609723], [-95.98569794523029, 41.114219265018974], [-95.97646080272564, 41.10121421820942], [-95.96781222202213, 41.09961216292361], [-95.9590340656271, 41.08423049892343], [-95.94700354886442, 41.0842594970795], [-95.92147534818952, 41.068050814921655], [-95.90234812181768, 41.06606830892032], [-95.87393034809757, 41.052070270649715], [-95.86521309568215, 41.06317582091058], [-95.85457894624828, 41.066699897120394], [-95.83565575063366, 41.06157694750008], [-95.82186380738042, 41.06594781739983], [-95.81757673512921, 41.0796930733972], [-95.80039016172354, 41.0756894126168], [-95.8038516202449, 41.097988749117505], [-95.79984786226125, 41.10006646153848], [-95.80128716636567, 41.1076880341603], [-95.7926803654077, 41.11184305640567], [-95.7957810461379, 41.12488021035663], [-95.79276746515932, 41.13122577478196], [-95.76854730406457, 41.13941736815663], [-95.76217134784214, 41.16109257934242], [-95.7519490795593, 41.16359962953946], [-95.7481335446788, 41.17546564281699], [-95.74100127166585, 41.1791387276179], [-95.73583170256435, 41.18749509790689], [-95.73805027631312, 41.197710429349826], [-95.72897380288696, 41.2050665705592], [-95.7287361113577, 41.21800584890325], [-95.71755447199583, 41.2263147363125], [-95.71313414545197, 41.23665634363107], [-95.717889367527, 41.251299524198146], [-95.71457550220681, 41.256825241266945], [-95.72181188097805, 41.26408914795951], [-95.7271245633824, 41.28064380674223], [-95.70905504486713, 41.28964020401997], [-95.70698445778164, 41.3064888421552], [-95.69442417035995, 41.309073952972], [-95.69145364742957, 41.32765910648162], [-95.67805902992481, 41.33359079217643], [-95.671835224057, 41.34328644496923], [-95.66540218618648, 41.34232048265416], [-95.64454964380188, 41.36779435735924], [-95.6291390145601, 41.37110734015987], [-95.61628576137142, 41.382852986078206], [-95.61529967619245, 41.39378665510232], [-95.60706919298174, 41.395414402672934], [-95.60065974756552, 41.411831532797706], [-95.57979898200281, 41.42795748799389], [-95.57947530732784, 41.43657196807898], [-95.56340411721322, 41.45593306945294], [-95.56678473903712, 41.46550856640244], [-95.54421844375408, 41.49261816922757], [-95.54971948311058, 41.498086645611004], [-95.5400893779748, 41.519036266988486], [-95.54081067933387, 41.55689453924689], [-95.52606887187224, 41.56399657285552], [-95.49488850197238, 41.60257932447085], [-95.49389001824586, 41.6137827838109], [-95.48423752529658, 41.61842411626335], [-95.48341988411488, 41.62839282290378], [-95.48939762166341, 41.63351585244594], [-95.4898007074095, 41.64105695288489], [-95.47882791377474, 41.642695394341395], [-95.4763720805864, 41.65404808059144], [-95.46682691655064, 41.66135449819792], [-95.46468990354145, 41.66880642515498], [-95.46820680967541, 41.67201930354677], [-95.45070070821814, 41.68154446324693], [-95.45131498878582, 41.68868004027804], [-95.438913807374, 41.69919525015482], [-95.42106015581813, 41.697228208680045], [-95.39663654068457, 41.711966341547935], [-95.396495419845, 41.72049052064158], [-95.41078868770548, 41.732730137859825], [-95.39260959269184, 41.742274905077146], [-95.38793393979142, 41.74952089568343], [-95.38686000297096, 41.76175311719996], [-95.3972300710675, 41.76937011085057], [-95.36353677914467, 41.78917698169737], [-95.37413933932159, 41.79693609853102], [-95.374216545927, 41.80368279255177], [-95.38429884680711, 41.80813473968187], [-95.38003776730864, 41.811239868271336], [-95.38451337617505, 41.82421462114546], [-95.37667427366227, 41.83472377526841], [-95.37876597744514, 41.84708061419761], [-95.38630049627939, 41.85378684739505], [-95.38419064832442, 41.85927788185645], [-95.3883623202993, 41.86448108133904], [-95.39927236930639, 41.864696766669], [-95.40399490348484, 41.87423312193487], [-95.43089178181823, 41.88900834274223]]]}, "properties": {"huc8": "10230006", "name": "Big Papillion-Mosquito", "states": "IA,NE", "areasqkm": 2884.79, "episode_count": 4, "event_count": 8, "huc8_name": "Big Papillion-Mosquito", "area_sqkm": 2884.79}}, {"type": "Feature", "geometry": {"type": "Polygon", "coordinates": [[[-96.33375528113702, 44.2719773192209], [-96.35665215195303, 44.27492961977577], [-96.38540387258338, 44.249291299714564], [-96.43065569024893, 44.23591659875492], [-96.46445054120623, 44.242008340375754], [-96.468433206747, 44.23871182971717], [-96.4804340144266, 44.24456444090611], [-96.5093051508026, 44.2330914591254], [-96.52434273216477, 44.23310084740274], [-96.52638171562026, 44.2391983702898], [-96.55468810543165, 44.24691374537608], [-96.56332371446247, 44.25643662395312], [-96.57262978020727, 44.25712113065925], [-96.58477432641716, 44.25104785303169], [-96.5960997483268, 44.25160139997732], [-96.60286538204137, 44.2380202718239], [-96.63642060110843, 44.2354698449917], [-96.66395968144514, 44.227167243135106], [-96.67279628223258, 44.22936063446503], [-96.69379562819923, 44.22256328808312], [-96.6981180680215, 44.21265931848171], [-96.70699212765795, 44.20785801405535], [-96.72370762902021, 44.206787632777605], [-96.72553141296454, 44.210902261008926], [-96.73437653696739, 44.21135069571131], [-96.7503012909109, 44.196610583417886], [-96.74962605695623, 44.176834951802626], [-96.79425683243495, 44.16134024218206], [-96.79800980953738, 44.15363350924119], [-96.79463615414852, 44.14647066907634], [-96.80455350547786, 44.14367383878388], [-96.81008377242044, 44.130238175318325], [-96.8180176301277, 44.12786227336706], [-96.81907960498185, 44.12239226507553], [-96.82930597676895, 44.12115418578083], [-96.83130484685373, 44.10409333755405], [-96.82635199721283, 44.09931390874964], [-96.8313888572991, 44.09232541198085], [-96.82339297990463, 44.083018682197036], [-96.83256941516063, 44.07421313745751], [-96.83348804045502, 44.06059463660516], [-96.83908682459929, 44.05731590313731], [-96.82629351688783, 44.048825220570095], [-96.83707898034481, 44.05113507952649], [-96.8475088717477, 44.04577736536838], [-96.86470299998491, 44.057724878314815], [-96.8908484357865, 44.0608512595497], [-96.90199587718384, 44.05405275249314], [-96.90091590009138, 44.049234907792666], [-96.91330815674088, 44.045984217971125], [-96.91694275924503, 44.051508735454775], [-96.92699732014918, 44.04774699535551], [-96.94641020269654, 44.05928773612995], [-96.95442106758323, 44.052942880044405], [-96.96410706409935, 44.054661638757494], [-96.97833511247356, 44.04791054685774], [-96.99542004060652, 44.02948644983297], [-97.005030815794, 44.02838277873364], [-97.01251778590195, 44.02204075369279], [-97.0135869427868, 44.0094040611798], [-97.0253537060972, 43.99976768621582], [-97.04526652265973, 44.009032870110346], [-97.069454540237, 44.00032200581857], [-97.07558619063475, 44.00365834634479], [-97.06948303210287, 44.01039471535086], [-97.09262039988675, 44.01796444524732], [-97.10012823246886, 44.01517530481597], [-97.10614863190855, 44.023696057056675], [-97.09666264169718, 44.034229362556374], [-97.10184833735468, 44.040272976837564], [-97.0974912971226, 44.04773565797011], [-97.10238656834706, 44.05382269330547], [-97.09869468656541, 44.05686875944342], [-97.10424727843944, 44.05882876853341], [-97.10037375101916, 44.06580042725343], [-97.11252940759249, 44.07432606812917], [-97.11290462041192, 44.082543612014156], [-97.12186102501722, 44.08149981545777], [-97.13647948840044, 44.09787219898661], [-97.13419627278215, 44.10582086654999], [-97.14114835183395, 44.10430804123706], [-97.14692776921554, 44.113853070378525], [-97.15233120032819, 44.109706134680565], [-97.16309297161787, 44.11649710172203], [-97.1711920232177, 44.11585423430767], [-97.18357795932084, 44.10767954486182], [-97.18747595684947, 44.1161299351409], [-97.19877461525184, 44.11241233176493], [-97.19616089416917, 44.12670067067058], [-97.19925345233257, 44.12864935454442], [-97.21012438689557, 44.11731305562009], [-97.21792839492515, 44.11724376463294], [-97.22247154991442, 44.10689860233917], [-97.24041112263227, 44.10865199099427], [-97.24940266394158, 44.10183241290523], [-97.24365039544452, 44.09047358500974], [-97.26023676218804, 44.08097036690625], [-97.24835424466507, 44.07718216368154], [-97.24845387232165, 44.065478403134506], [-97.25728653758982, 44.060493457514944], [-97.25935746962838, 44.04925443182563], [-97.27061091941577, 44.04841102569909], [-97.27659058025735, 44.05967538119502], [-97.28110738855764, 44.04555858536521], [-97.29240566158276, 44.04933465791373], [-97.30521398732914, 44.04522649573085], [-97.2938528313358, 44.03586373800615], [-97.2962907467275, 44.01192582289167], [-97.28810485139591, 44.00837392329009], [-97.28187959025735, 43.995619390901716], [-97.28879757375252, 43.985419962498725], [-97.28696291210842, 43.97975427231787], [-97.27687115645993, 43.97312927540346], [-97.26141584681254, 43.97684249772615], [-97.25441963083588, 43.9726296704575], [-97.25253662725308, 43.96091732618023], [-97.25707662466411, 43.95530018339722], [-97.24147337326923, 43.93693873329695], [-97.22462629387067, 43.929576874211385], [-97.20916683939656, 43.91460853759511], [-97.18978444656827, 43.91595932989991], [-97.17891723552212, 43.911673517369074], [-97.16884988979486, 43.91746136830537], [-97.17225009579026, 43.90837180715971], [-97.1558591117227, 43.909336778675026], [-97.15891918411052, 43.89863413717977], [-97.1716353004879, 43.88792073564642], [-97.18015510230556, 43.88922306658536], [-97.1726121015784, 43.88184296778143], [-97.16777228784802, 43.847598664705366], [-97.17156418625676, 43.84042864149422], [-97.18158280466808, 43.83844905228478], [-97.1755641353836, 43.836774220956066], [-97.1712802566432, 43.824887055880744], [-97.1611123867407, 43.82149745966299], [-97.16125072909108, 43.81699185435459], [-97.1476014688477, 43.811794478618985], [-97.14742187945271, 43.804253983997626], [-97.16035066568541, 43.80157737625423], [-97.15626983225037, 43.79297669338108], [-97.15906323255957, 43.782351924998416], [-97.14548844894144, 43.7738784683334], [-97.13556376646108, 43.77416314075368], [-97.13355932053331, 43.77058364366232], [-97.141254907298, 43.76782591467979], [-97.1384290508576, 43.76346988740081], [-97.14605144289294, 43.759746234859335], [-97.13436854180586, 43.75775979222369], [-97.13810584330658, 43.753740649734176], [-97.13440868302435, 43.74316589114815], [-97.1183294916155, 43.741327386673184], [-97.11697455818089, 43.736155550619486], [-97.12749448053819, 43.73136139791585], [-97.10682957286022, 43.71324373064953], [-97.09564273135452, 43.7128883381265], [-97.09285242753812, 43.70810303890939], [-97.10594825639623, 43.70030531939792], [-97.10555900740046, 43.695816760398976], [-97.08795521595268, 43.68567941119359], [-97.09288094276019, 43.66655460178991], [-97.08372876740671, 43.66965994583628], [-97.08751333466442, 43.66381132789411], [-97.07403707557168, 43.64578020670795], [-97.0787347866039, 43.64214706402174], [-97.07468438180248, 43.63974159959857], [-97.07797715108653, 43.63077896676853], [-97.0967311912382, 43.62753939219983], [-97.08990606839058, 43.62004535872278], [-97.09519574314388, 43.615275556144134], [-97.08352681624937, 43.59779300556607], [-97.07523324615288, 43.599717461538695], [-97.07185568578747, 43.58658187727157], [-97.06288092231271, 43.58193140425135], [-97.05281569211795, 43.585424237957646], [-97.05216129189135, 43.577030203281744], [-97.0403041957926, 43.57578399048845], [-97.03786397801882, 43.551060903974644], [-97.00928294537731, 43.543420692222675], [-96.99827122145308, 43.53515850443943], [-97.00271239430141, 43.52904467612278], [-96.99757634942799, 43.52629961363795], [-97.00273891706017, 43.52244778239265], [-97.00081261378236, 43.51933382719342], [-97.00655498643825, 43.52088044759792], [-97.02787133978384, 43.50780264837939], [-97.02191590920044, 43.49726785499336], [-97.01609679526644, 43.49812094723887], [-97.00722210680928, 43.48519591663526], [-97.0049832374233, 43.48883275458298], [-96.99823730106796, 43.48732103216225], [-96.98681165142713, 43.47744752245753], [-96.97800273851338, 43.47701327250057], [-96.9754200973429, 43.468381893367095], [-96.96213019555249, 43.47263367319774], [-96.93220311022125, 43.45509208513593], [-96.93874546497702, 43.44160691956155], [-96.9256732088103, 43.43847135757801], [-96.92736711343254, 43.43423710237845], [-96.9184913218442, 43.425350735119224], [-96.90328879542282, 43.419246861734194], [-96.8940528422876, 43.40767587103448], [-96.88337261107628, 43.40639145089922], [-96.86329349838837, 43.394059189708905], [-96.86258968543126, 43.3885266266735], [-96.83986767168527, 43.37825933959474], [-96.82597877326342, 43.37804023312449], [-96.81994666158904, 43.37107945342486], [-96.82611851518902, 43.37052796110945], [-96.82610355464627, 43.366341925757084], [-96.81369615599436, 43.351397192196444], [-96.71757245902317, 43.30819702726363], [-96.74634747027389, 43.286677868007764], [-96.74992514833512, 43.26817297779535], [-96.7557438436542, 43.26184507826896], [-96.74827761474785, 43.253263379752795], [-96.73168984483587, 43.250207688651074], [-96.7219353913052, 43.236761625033104], [-96.70660784365076, 43.228832836265354], [-96.69941927950718, 43.20506670359696], [-96.66017333642151, 43.213672575372755], [-96.64151022284457, 43.20796027450519], [-96.63823723895466, 43.192423129523924], [-96.647640678483, 43.188224220474666], [-96.63350087251744, 43.17769493972257], [-96.63195228296884, 43.17119290656006], [-96.64732521710468, 43.15652306775652], [-96.68395839132188, 43.16268714029306], [-96.68875796771405, 43.170548247915306], [-96.69769005492459, 43.1710548277196], [-96.7263665721926, 43.16700051685419], [-96.72961028717393, 43.162844880906306], [-96.74443188030415, 43.16600598216581], [-96.76632371777694, 43.160944890485226], [-96.76620844146811, 43.15362162391002], [-96.75745138290581, 43.14925346725651], [-96.75817536932928, 43.13903216380889], [-96.74836384493031, 43.12399912545639], [-96.74929996491484, 43.11582255872195], [-96.74010668984047, 43.10495672022403], [-96.74555550743457, 43.092953356835814], [-96.76396366026925, 43.0818343761937], [-96.76540486970036, 43.06660780052001], [-96.77403505650014, 43.05583166618568], [-96.7847543581381, 43.05382066437832], [-96.79877513104032, 43.04010289046895], [-96.80346592594314, 43.01517878665104], [-96.7971086995944, 42.99902318418518], [-96.80453865722451, 42.99040575155219], [-96.79781775422119, 42.98715121830073], [-96.79576487921817, 42.97639949260695], [-96.80373798521852, 42.97111542028255], [-96.8054380882162, 42.96335203412025], [-96.80056638968314, 42.954451718434385], [-96.80686743539403, 42.946277058539394], [-96.80290655399888, 42.9286920166183], [-96.82470025232351, 42.917998075688885], [-96.82714469756901, 42.90696045676828], [-96.82088146733831, 42.88881167397344], [-96.81262318126956, 42.880143102521025], [-96.81765283057902, 42.8726420949841], [-96.81345472388028, 42.86532279193826], [-96.81638515410123, 42.84179987490046], [-96.80708485913381, 42.838187386486965], [-96.80530053279001, 42.83190210649087], [-96.80961421134333, 42.82472043038434], [-96.83207598854139, 42.81620080731037], [-96.84252799107671, 42.802745444682266], [-96.82220521575785, 42.79968152791334], [-96.80715834581564, 42.789914531205724], [-96.81061174824553, 42.77926443191219], [-96.79905663969416, 42.776398134461864], [-96.79281325863799, 42.76709012261403], [-96.79868276805942, 42.761948058266505], [-96.77822322783183, 42.751449385371735], [-96.76617378626108, 42.73499674416712], [-96.74534201562078, 42.721221959969796], [-96.72726955422463, 42.72117371164476], [-96.70886458591767, 42.69725487230788], [-96.64261015690937, 42.6652030704115], [-96.65143933401929, 42.65545094359088], [-96.65082507770612, 42.64731672664254], [-96.63494410046302, 42.64537191720993], [-96.63461928402934, 42.63432681756844], [-96.62564305989392, 42.63420838394388], [-96.6257307669067, 42.619683891965266], [-96.59777096509822, 42.61589735919519], [-96.56871592651557, 42.59981742620622], [-96.55000509892231, 42.59837621690439], [-96.53521807476088, 42.582511306333956], [-96.5314094236704, 42.56074487919309], [-96.52711660579463, 42.55634322452179], [-96.52614579646708, 42.5675866889689], [-96.50079697318473, 42.53939681891452], [-96.49564912444849, 42.512132607884595], [-96.50349881720014, 42.494359065187474], [-96.47890632238644, 42.491983404167044], [-96.47262992105706, 42.48751618484089], [-96.4455081611704, 42.49063264560733], [-96.45149406620152, 42.50914103749419], [-96.4600335950228, 42.51523003882195], [-96.46149355588719, 42.52227595266485], [-96.4553284845676, 42.52680349099564], [-96.46102194215963, 42.53821787638045], [-96.45310922001437, 42.541244301427334], [-96.46190050259234, 42.56283499151527], [-96.45751315499922, 42.57039359229567], [-96.4612974096432, 42.57779093528437], [-96.44866421854631, 42.579210799454316], [-96.44605572386196, 42.58409732536255], [-96.44984646254564, 42.59214524252244], [-96.4437582169458, 42.598918344969164], [-96.44697958543611, 42.60715500346119], [-96.43461653930473, 42.614932668913745], [-96.43614477662227, 42.63817295893822], [-96.42578573534583, 42.653123587828304], [-96.42914710357825, 42.65821213283297], [-96.42220203587723, 42.667168207930544], [-96.42367517862009, 42.67441424702494], [-96.41397712491622, 42.68126155717974], [-96.41354460946312, 42.70305899763059], [-96.39373845885741, 42.71835707244057], [-96.39517785728495, 42.721287575730955], [-96.3822201102658, 42.72328664795803], [-96.37657386902339, 42.73034328082997], [-96.38066218452644, 42.742058210111765], [-96.36582901121389, 42.75248729088921], [-96.36747611630479, 42.7592571800813], [-96.3625463605532, 42.76171786745001], [-96.36731914648867, 42.76638034286225], [-96.34831937488596, 42.771655158424956], [-96.3503139869563, 42.783089330418335], [-96.34566215827554, 42.78599460930937], [-96.35273599408264, 42.796669353490636], [-96.35083006369713, 42.80537296855415], [-96.3460915215403, 42.81058635710949], [-96.33470502586945, 42.81149065704793], [-96.32765262476336, 42.82904475656327], [-96.30754313015423, 42.83289734828818], [-96.31123215978482, 42.83547214935652], [-96.30934525661537, 42.84564441070765], [-96.31677655812513, 42.85595228728383], [-96.33841611722512, 42.870645976857276], [-96.33153134983588, 42.87668183955267], [-96.33322927531734, 42.88736976730094], [-96.32259015999655, 42.894391950826424], [-96.32272002225065, 42.9019696842451], [-96.31567449235818, 42.901739712966524], [-96.30850134510148, 42.9109440835776], [-96.29346817536567, 42.912644565155176], [-96.29240467876542, 42.9169503939996], [-96.27051323205977, 42.92351649644002], [-96.27776081641586, 42.94133380784545], [-96.27604550314376, 42.94860412068617], [-96.28436199465305, 42.953265260083604], [-96.28423344124431, 42.958400982929625], [-96.2794619039671, 42.96089644579233], [-96.28122211234215, 42.96536492662982], [-96.26852390837153, 42.96980240958982], [-96.26638194115355, 42.97676762722369], [-96.25724231346797, 42.978504861626895], [-96.25513158246905, 42.983332875922535], [-96.2663219642353, 42.997595532268804], [-96.2574332270254, 43.007352688627726], [-96.24228374162998, 43.010385179012935], [-96.24174801244565, 43.01721821721203], [-96.22115327846275, 43.02625161157879], [-96.21630722593274, 43.03920972319943], [-96.22361622540984, 43.04425689252771], [-96.22520893481531, 43.058747380734694], [-96.20354939718344, 43.067864925541464], [-96.19825841178812, 43.07464177371211], [-96.18848639439703, 43.07710321426478], [-96.17949666948121, 43.07328625771433], [-96.16855465931462, 43.08364728504554], [-96.16234595861832, 43.08375805870874], [-96.16468593608448, 43.09371655807841], [-96.17217501364007, 43.09483832506696], [-96.1709499810871, 43.100575574214226], [-96.18459532826914, 43.11769193267456], [-96.17271766883522, 43.128831807219925], [-96.17866828444869, 43.13350714478464], [-96.15430887819669, 43.15319235293834], [-96.16742061711679, 43.166816607162296], [-96.17389055957582, 43.16788069068781], [-96.17464759322195, 43.17118296527131], [-96.16512040178007, 43.17456097037987], [-96.18320964280738, 43.18964611241351], [-96.21096813485565, 43.17184720673239], [-96.20952882985291, 43.1603261798166], [-96.21399685334508, 43.15616979299417], [-96.22809922291947, 43.159803204520735], [-96.24954349276827, 43.156043767485066], [-96.25443632596502, 43.160492834233004], [-96.272628725028, 43.161623578962576], [-96.28671441827748, 43.14471088056877], [-96.29633940032117, 43.14074592656964], [-96.32030347688126, 43.14208912713758], [-96.32867147150073, 43.13335528025892], [-96.34978376264804, 43.13666207111434], [-96.37667044869622, 43.11134297927948], [-96.39424149206035, 43.11015220441323], [-96.39361832984942, 43.10400508406255], [-96.40387143010948, 43.10175626337765], [-96.41108533123564, 43.094322896786856], [-96.42563701655561, 43.09784703438962], [-96.43519526724843, 43.07450449387861], [-96.45413274517773, 43.08231164026907], [-96.45028812823824, 43.09830620439633], [-96.44251147390906, 43.10154235855631], [-96.43493472706996, 43.11637839635888], [-96.42833128417992, 43.117675310664474], [-96.43227906454496, 43.129646978920086], [-96.42677788415294, 43.13311806595738], [-96.42775322907437, 43.141311196821675], [-96.41446925436821, 43.146018365911644], [-96.42452201235359, 43.15347328593622], [-96.42447326976627, 43.162078011305155], [-96.40680284039237, 43.17005231492752], [-96.4109404078275, 43.177297988265835], [-96.40259655812625, 43.20831990201527], [-96.40484108869514, 43.21733083203131], [-96.42320037138171, 43.23252586312973], [-96.43995152687759, 43.23058630337453], [-96.46136460182983, 43.25781131236892], [-96.44616125973816, 43.27152123610447], [-96.45677158135913, 43.27909062414057], [-96.4570201308252, 43.29123956730272], [-96.45256901901656, 43.30022886868531], [-96.42270283227508, 43.30273416504713], [-96.41666335890696, 43.31899626968324], [-96.42396503891113, 43.32873187821692], [-96.41199002186335, 43.34407056670192], [-96.38545465254975, 43.34814031576117], [-96.37863079363173, 43.34270363145661], [-96.36353029786032, 43.34368312279454], [-96.37788396664386, 43.3615285092965], [-96.37499559464622, 43.36613770121226], [-96.38302817181332, 43.38268751095656], [-96.37839482686783, 43.389759906980395], [-96.38388305984166, 43.39962108053589], [-96.38121191844601, 43.408549312673], [-96.39184675239615, 43.417059346100366], [-96.38286123698576, 43.43436245482289], [-96.38438686559572, 43.4471594727809], [-96.39834352214281, 43.4630606412094], [-96.41297847230643, 43.46950610153086], [-96.41219518449782, 43.49214837195011], [-96.39610560946262, 43.50486947204655], [-96.39922430770247, 43.511421234409916], [-96.39410549970275, 43.51454461348591], [-96.40030887608434, 43.520626478117684], [-96.39560000617968, 43.527550669393634], [-96.39770084133743, 43.53638807041935], [-96.40521998820051, 43.541737227540516], [-96.40120040369818, 43.55107200004981], [-96.37421599891341, 43.562724652975355], [-96.36735653976068, 43.57717644900195], [-96.37067188550444, 43.583480047504715], [-96.34922701198778, 43.58899535545613], [-96.3304913253157, 43.607662627194635], [-96.32102148950807, 43.60908185398953], [-96.31094142273807, 43.61842745793335], [-96.28159475328495, 43.61879738121416], [-96.25944132190985, 43.627129744212205], [-96.2723874141865, 43.643406729903326], [-96.26293089949621, 43.653472993441994], [-96.25002475619857, 43.654156164373134], [-96.24211096595641, 43.66511312997866], [-96.23118205232835, 43.669528432618776], [-96.23562003795406, 43.6747057412108], [-96.23080304861843, 43.68171195007259], [-96.23442570802088, 43.699183627128726], [-96.21096905473051, 43.70614041703743], [-96.23326833837176, 43.721076438539946], [-96.2276659160506, 43.74058751555019], [-96.23092115731534, 43.75161899010722], [-96.22337840542153, 43.77254417247857], [-96.22862059792385, 43.7946475434369], [-96.26198411471265, 43.81940779011847], [-96.27446256291701, 43.821751515693556], [-96.280036241844, 43.838427426273064], [-96.29895490276307, 43.85152654122561], [-96.29506425435179, 43.872039988312196], [-96.2865386601972, 43.88570039395417], [-96.2940115294501, 43.898598194065244], [-96.28482441951354, 43.91452809882796], [-96.26589940840374, 43.92481013227148], [-96.26011438822974, 43.934615058707664], [-96.23885214849854, 43.94236030286385], [-96.23864003380208, 43.965747228378525], [-96.24823508128557, 43.97401845406638], [-96.23629090519812, 43.99615852136152], [-96.2433537546093, 44.01434214748601], [-96.23642045843178, 44.01737038809456], [-96.23373636243142, 44.02518001914645], [-96.21187689305494, 44.031478114704846], [-96.2106609478594, 44.037453779754486], [-96.22687480211924, 44.04499166408358], [-96.2277169906644, 44.05286793289636], [-96.20533891309462, 44.06956882649271], [-96.20093897830773, 44.08163018576917], [-96.1805733506549, 44.102546111290685], [-96.17700793729222, 44.123721175859124], [-96.1652756207797, 44.131686100976275], [-96.1487662791819, 44.13308066577513], [-96.15633877339644, 44.13914490234708], [-96.14967333148046, 44.14327412735983], [-96.16420372672818, 44.15231436973521], [-96.16463205423543, 44.16007645068348], [-96.1896008326604, 44.17089597858788], [-96.20047727569273, 44.191054866047736], [-96.23881117005023, 44.21769290791105], [-96.23953542776489, 44.22696769573623], [-96.26590540286163, 44.238563299608714], [-96.26298346980498, 44.24638473168586], [-96.26657865962436, 44.25177731567698], [-96.2822539289556, 44.25095011429118], [-96.2980569962124, 44.25923608736068], [-96.30919724390095, 44.25528086300023], [-96.31864226285053, 44.25797305325369], [-96.33375528113702, 44.2719773192209]]]}, "properties": {"huc8": "10170203", "name": "Lower Big Sioux", "states": "IA,MN,NE,SD", "areasqkm": 8854.54, "episode_count": 6, "event_count": 27, "huc8_name": "Lower Big Sioux", "area_sqkm": 8854.54}}, {"type": "Feature", "geometry": {"type": "Polygon", "coordinates": [[[-89.8925626598775, 42.080834762381656], [-89.91201240658916, 42.08718420720214], [-89.91562713117271, 42.08313785549578], [-89.93736155416332, 42.081488116074425], [-89.9723064265507, 42.08461425954351], [-89.98215019597681, 42.07625762625413], [-89.99905812994764, 42.071454563071384], [-90.00760779176534, 42.06165099738361], [-90.0176674793548, 42.065344191490986], [-90.02204693075659, 42.055536572668984], [-90.03361545025685, 42.05224857038615], [-90.04566804581256, 42.01747589938778], [-90.0431868513871, 42.00976669308425], [-90.0554862734402, 42.00038217844972], [-90.0653450905456, 41.98151149251039], [-90.08541177593989, 41.98208992491917], [-90.119577076849, 41.972868009414334], [-90.10814502042356, 41.95154140583122], [-90.10593124098345, 41.93492163105986], [-90.12133329041599, 41.90161055580196], [-90.18976068480772, 41.8959961542013], [-90.2106259913542, 41.874274149336955], [-90.22269773090694, 41.88836312496343], [-90.22445896605635, 41.92012971794879], [-90.23692682941173, 41.92441935963226], [-90.23888205664505, 41.93101422403031], [-90.25458456738728, 41.934064479425906], [-90.26721865140956, 41.92874756469827], [-90.28449706138336, 41.92930176774428], [-90.29108831772825, 41.935175188030456], [-90.30768274685144, 41.92724713058185], [-90.3048326314068, 41.921073895492206], [-90.31238180805154, 41.91293033856278], [-90.30792181909128, 41.89950848223664], [-90.31448899070506, 41.89211672680789], [-90.31100239193216, 41.88356130518389], [-90.31871219723115, 41.8807749735591], [-90.31359021728015, 41.87462124039919], [-90.31495073913413, 41.86649168706739], [-90.34332978827898, 41.85482720276942], [-90.34775071130416, 41.84641571591952], [-90.33936760971658, 41.84217238426101], [-90.377261919778, 41.82258190186876], [-90.3757239644857, 41.818150778179685], [-90.38520766219646, 41.808394785499665], [-90.3834171123244, 41.797459729635925], [-90.37579601206643, 41.7910880544042], [-90.37916037438367, 41.78642624795093], [-90.37583318075963, 41.771511585467586], [-90.35817387612221, 41.76036006455272], [-90.33530498243739, 41.7541930774547], [-90.33808885790961, 41.74609718751486], [-90.32061524132965, 41.73235052079914], [-90.3210902417058, 41.72459834436321], [-90.32314139733339, 41.72024269631838], [-90.34612995829214, 41.7243362503374], [-90.35793971676868, 41.720320372971806], [-90.35987742685397, 41.70809356739136], [-90.37196128467991, 41.701550189847], [-90.37101038830725, 41.692658015094985], [-90.38807136286316, 41.690102084446636], [-90.37417967876561, 41.681178612875804], [-90.38481186538061, 41.67922283086681], [-90.38886033790584, 41.653386968378484], [-90.39932110350675, 41.644273884902006], [-90.41006559121034, 41.64370169330524], [-90.41231190763003, 41.63686817782294], [-90.43337049389642, 41.639292196476504], [-90.43583052401377, 41.63357120274653], [-90.45114785153521, 41.63651400932465], [-90.46742001723675, 41.63052586786976], [-90.48133709940232, 41.63649359539499], [-90.49692132537784, 41.62900638189298], [-90.49820546797478, 41.63349514684627], [-90.50562634004412, 41.63453580061356], [-90.5087744203803, 41.646313697136335], [-90.52350229587019, 41.6551891384873], [-90.54010790812035, 41.65616787455007], [-90.53973409757108, 41.6622291158718], [-90.55505032465628, 41.67138478831258], [-90.56780149868595, 41.666706873115125], [-90.56850631056967, 41.65281922929603], [-90.58963932225734, 41.66141290569328], [-90.57451677015075, 41.64505408482766], [-90.5781548509317, 41.633421188342524], [-90.58515795698658, 41.62807834924005], [-90.58556544537588, 41.61869342668153], [-90.62028497896749, 41.62091612497245], [-90.67550579839629, 41.58769216355456], [-90.70076063723867, 41.58924524827331], [-90.7041945111926, 41.57591562608185], [-90.71410854145034, 41.58068140395556], [-90.74224960352022, 41.57279951327005], [-90.75475864115661, 41.574240942913015], [-90.76402295141038, 41.559859177559275], [-90.75070350582692, 41.54788930441466], [-90.76172717375115, 41.537852894542226], [-90.7751545977301, 41.5344676100072], [-90.78055252755998, 41.52407134795533], [-90.79337226999527, 41.52866350710536], [-90.81483821439524, 41.52008727217235], [-90.84273078269459, 41.524024198944055], [-90.84310375781067, 41.53291583080556], [-90.86992137778651, 41.53815017283899], [-90.87893076233233, 41.549833861679495], [-90.89362569121084, 41.55720319242156], [-90.92790641754911, 41.5628662669884], [-90.92786215575843, 41.55531608995695], [-90.95228263666998, 41.552296425599096], [-90.95812476903481, 41.54363276724285], [-90.96232352791046, 41.52901590985961], [-90.95685044143065, 41.52426470393923], [-90.96907339888674, 41.50940382472169], [-90.96323646058087, 41.503552672964794], [-90.97064684212431, 41.489174556844425], [-90.98238320644552, 41.486914652748105], [-90.99247567176309, 41.490758828623036], [-90.99728269518897, 41.49860663918059], [-91.02167098227736, 41.50878699227062], [-91.03965355914448, 41.4972755662077], [-91.03552758716305, 41.48748942222328], [-91.03953539115875, 41.48416911013163], [-91.06087230694119, 41.48408053807068], [-91.07216556646871, 41.47931604283145], [-91.07579958057636, 41.46541449943397], [-91.08296445434928, 41.466655102802484], [-91.09507483044241, 41.45668842325514], [-91.10762366434423, 41.45938606773545], [-91.11637545518568, 41.451758016184314], [-91.111894964874, 41.44700892696008], [-91.15292644253753, 41.440225709727414], [-91.16039738670081, 41.43136593673973], [-91.15716919101432, 41.41720151724159], [-91.17846182164988, 41.40995164874328], [-91.18012830968965, 41.39496086180612], [-91.19741908587164, 41.37462862719074], [-91.19701963381088, 41.35953714607474], [-91.20505884773131, 41.35152682561725], [-91.19312146560236, 41.34266057452362], [-91.19472859206984, 41.333934905257934], [-91.20141368912425, 41.33366782955626], [-91.20289051585807, 41.32135097229898], [-91.19045086589084, 41.314392641703456], [-91.194103418531, 41.30574199147778], [-91.18239701751612, 41.29819401560317], [-91.18952876681124, 41.29288686114643], [-91.19048480424226, 41.280247311267274], [-91.17763418132074, 41.27544027696201], [-91.17931047716678, 41.26763812336248], [-91.16821979851561, 41.258289333878814], [-91.16810791963518, 41.25076627031371], [-91.15061966500765, 41.24003403378177], [-91.15283073602716, 41.228115541598285], [-91.13736504005846, 41.22915324141851], [-91.13001884044711, 41.212755745183564], [-91.09467822514279, 41.17547663310648], [-91.08061892259974, 41.15304731429484], [-91.06186878922124, 41.141876630277096], [-91.04244404891215, 41.1561438710869], [-91.01298632433371, 41.16408206067773], [-91.00736241520927, 41.16184362124252], [-90.98932157451112, 41.178376236276286], [-90.98766635403997, 41.185623983584236], [-91.00637465018075, 41.205577862537524], [-90.9992794003339, 41.20814187631132], [-91.01157867506328, 41.219386025198915], [-90.98718427583769, 41.22611405176751], [-90.98505612111553, 41.231406646766075], [-90.99034821054033, 41.23568220736026], [-90.9861571699896, 41.246387770016725], [-90.97037850456918, 41.24878614264466], [-90.98170449421406, 41.25576066233091], [-90.98003174940835, 41.26251714793925], [-90.96612479035771, 41.26737764020449], [-90.9592020969955, 41.27635267114734], [-90.93990347925397, 41.279110102065246], [-90.93633861296532, 41.274058786844954], [-90.92827899021995, 41.276294528046265], [-90.91788724487728, 41.27201834152557], [-90.854074763798, 41.296945697396914], [-90.849458532657, 41.29348844890814], [-90.82813597734268, 41.295093364935575], [-90.76696249414157, 41.317690447576204], [-90.75582530252161, 41.314351216390904], [-90.73593475070341, 41.32039492062903], [-90.70226419603873, 41.312854009954854], [-90.68815970733858, 41.32102145771591], [-90.69323957516738, 41.324971905471024], [-90.69512502037114, 41.33915188253697], [-90.69040254368485, 41.3438583856551], [-90.69965098250418, 41.34902643599001], [-90.70246593339702, 41.362017567186435], [-90.7076305285268, 41.364974972393036], [-90.71119405542738, 41.388492733567], [-90.66877082418237, 41.38669327231767], [-90.65935382548311, 41.391054396183456], [-90.63887923577958, 41.38698420408351], [-90.62028165789589, 41.39337838323723], [-90.56724107840775, 41.39300326445436], [-90.56076860898784, 41.404931527145635], [-90.57261313046925, 41.41756744513702], [-90.56278268395712, 41.439591038177625], [-90.5539721621607, 41.445820618069824], [-90.55995059949686, 41.446278859442735], [-90.56128607272748, 41.45505331989744], [-90.58625377946234, 41.456397254899635], [-90.6034844457754, 41.465409328237456], [-90.61009820940973, 41.47092752705954], [-90.60698002231125, 41.47576971940211], [-90.61825406597654, 41.481795362615294], [-90.59992858240251, 41.48161502931655], [-90.59412425114483, 41.490946049098326], [-90.57657449246307, 41.48753958497304], [-90.57716845403735, 41.49105128198611], [-90.56566177366294, 41.49638318802349], [-90.53733278134068, 41.491648643220756], [-90.51584229047559, 41.49731537734975], [-90.513977408607, 41.4884131847273], [-90.5002718536397, 41.49236837128348], [-90.41590002231824, 41.49107504513907], [-90.40607121702814, 41.502563275490644], [-90.42287028506803, 41.51093603035159], [-90.42482615280015, 41.520451049330276], [-90.38761567806225, 41.52471838656459], [-90.37570598201036, 41.53064666657215], [-90.37061678697395, 41.536292240579876], [-90.38396698188957, 41.54745815928017], [-90.3825782834784, 41.55769159298704], [-90.35188519122966, 41.56569092692852], [-90.35073655051015, 41.573291830865905], [-90.32879762335016, 41.568715268223215], [-90.31684176377414, 41.57630997527339], [-90.32423938834222, 41.5800990724822], [-90.32269750561551, 41.5855553710541], [-90.3083429744493, 41.58223500605338], [-90.2984848409618, 41.589123695383044], [-90.29059199224555, 41.6040670591488], [-90.30113072352829, 41.61033091224048], [-90.29854322606538, 41.614988092389204], [-90.30944250606885, 41.620432380840256], [-90.29242847477474, 41.62663102744436], [-90.27856723188724, 41.6256828078127], [-90.27861944556481, 41.629861570658214], [-90.29170430778993, 41.632989800988156], [-90.28298551835707, 41.640192577668735], [-90.2673645360151, 41.639665552874376], [-90.26309261205449, 41.650676024032485], [-90.24937322752338, 41.64761013983342], [-90.25300389630493, 41.6448491331777], [-90.24703630702415, 41.640933167403425], [-90.20971615966815, 41.641747905100004], [-90.18864057817491, 41.65407325511793], [-90.19945876456272, 41.6604093484346], [-90.19028662325375, 41.683257690964375], [-90.19224758892511, 41.69674613477653], [-90.20943647279769, 41.71449693570334], [-90.19705059598336, 41.73174843118095], [-90.20076045035889, 41.742391020799154], [-90.16237463068302, 41.7420253483303], [-90.14261270593539, 41.752636647041], [-90.14331911143042, 41.76094327108051], [-90.15011425210713, 41.763235009937304], [-90.14814729916439, 41.769865253481676], [-90.15401853784273, 41.77146724750015], [-90.13707200955234, 41.786847424469144], [-90.10889217709314, 41.788556352029566], [-90.10846481168154, 41.79195095518308], [-90.08947986317936, 41.79116700632554], [-90.07364582380819, 41.7841121404013], [-90.02414564319533, 41.78837986693707], [-90.02899910323316, 41.80576266944278], [-90.0250234436533, 41.81249856241486], [-90.0458405510932, 41.81812536059179], [-90.04578783166414, 41.832124467121744], [-90.05606078559026, 41.83786889438216], [-90.02271385439656, 41.833520021542334], [-90.023801729477, 41.83999311761635], [-90.00825179668747, 41.83934768878121], [-89.99944300324965, 41.84482905270565], [-90.0068867329514, 41.86155152589752], [-90.00284148358139, 41.861609789588016], [-89.99847791708878, 41.87557071966917], [-89.98900456078356, 41.88067535226449], [-89.98676080456245, 41.88931156012563], [-89.97202018557194, 41.89874858728038], [-89.98465732835776, 41.91054858023957], [-89.98313091372195, 41.919547243209124], [-89.97837762032984, 41.91955159463442], [-89.98389009883319, 41.92393337074794], [-89.98090161049541, 41.92606173381197], [-89.9922453023413, 41.93434469496382], [-89.99212171302283, 41.9426158536089], [-89.98566119478944, 41.947787839745246], [-89.98811345268297, 41.98248740417385], [-89.98450552295623, 41.98591708659197], [-89.95093379375255, 41.98380764954266], [-89.95129419335298, 41.989421245991934], [-89.94224233196897, 41.99541482289572], [-89.9142787159138, 41.99837854600905], [-89.92116398007138, 42.01845124763183], [-89.90269917228838, 42.02485296773582], [-89.89534061994358, 42.03321922674267], [-89.89194589726466, 42.03988085162156], [-89.89612257465231, 42.04296500383688], [-89.89336958505618, 42.046914855791435], [-89.89955949928495, 42.049634765133476], [-89.89984971441052, 42.05844939887217], [-89.88839691947844, 42.07555662160311], [-89.8925626598775, 42.080834762381656]]]}, "properties": {"huc8": "07080101", "name": "Copperas-Duck", "states": "IA,IL", "areasqkm": 2568.51, "episode_count": 10, "event_count": 24, "huc8_name": "Copperas-Duck", "area_sqkm": 2568.51}}, {"type": "Feature", "geometry": {"type": "Polygon", "coordinates": [[[-90.27403939676682, 41.36545594774332], [-90.28793368777532, 41.34623669353673], [-90.29756204568787, 41.34325187061684], [-90.36339375626953, 41.34834144935632], [-90.3743982658237, 41.341013622263326], [-90.4037030162924, 41.33473048484487], [-90.43161912853702, 41.33397788570793], [-90.45613565731875, 41.3229025642577], [-90.49917996847985, 41.32284879852403], [-90.50867356023515, 41.31411504720971], [-90.52726195823494, 41.31047728410678], [-90.53565501046094, 41.31674790230419], [-90.5515763984171, 41.30922227781251], [-90.56579777230874, 41.30850198353728], [-90.62991888936682, 41.313714765472376], [-90.63847776161111, 41.32009335659913], [-90.65509998101595, 41.316675922706224], [-90.68815970733858, 41.32102145771591], [-90.7031805584769, 41.312759626716996], [-90.73593475070341, 41.32039492062903], [-90.75582530252161, 41.314351216390904], [-90.76696249414157, 41.317690447576204], [-90.82813597734268, 41.295093364935575], [-90.849458532657, 41.29348844890814], [-90.854074763798, 41.296945697396914], [-90.91788724487728, 41.27201834152557], [-90.92827899021995, 41.276294528046265], [-90.93633861296532, 41.274058786844954], [-90.93990347925397, 41.279110102065246], [-90.95844377696189, 41.276621040959135], [-90.96612479035771, 41.26737764020449], [-90.98003174940835, 41.26251714793925], [-90.98170449421406, 41.25576066233091], [-90.97037850456918, 41.24878614264466], [-90.9861571699896, 41.246387770016725], [-90.99034821054033, 41.23568220736026], [-90.98505612111553, 41.231406646766075], [-90.98718427583769, 41.22611405176751], [-91.01157867506328, 41.219386025198915], [-90.9992794003339, 41.20814187631132], [-91.00634505608201, 41.20592356947066], [-91.00453176266358, 41.201142083934926], [-90.99299578643112, 41.19249145174788], [-90.98750717975815, 41.18091888188673], [-91.00736241520927, 41.16184362124252], [-91.03917479482728, 41.14884562258924], [-91.04404856128215, 41.13951119889251], [-91.04303606563386, 41.11941384006615], [-91.05141404862097, 41.10146741136303], [-91.0678309993901, 41.094079599035645], [-91.08781197203156, 41.09335490060899], [-91.09210432458, 41.086588298320926], [-91.08013812359843, 41.062790418332476], [-91.11568610779958, 41.06438547340086], [-91.12772198480955, 41.03770596019529], [-91.12273617957413, 41.033721080572896], [-91.13188812675554, 41.0196061035372], [-91.15612921769811, 41.02078102317286], [-91.17109301503609, 41.02651960966633], [-91.1798697404149, 41.023430088155756], [-91.19529157074996, 41.02988358263483], [-91.20708284908449, 41.04242160804799], [-91.2811219876151, 41.05188840042442], [-91.2838067447755, 41.06125971019792], [-91.29862514439488, 41.04558467923589], [-91.31261392110326, 41.04032078718807], [-91.31907251784025, 41.02364168271187], [-91.32721778147324, 41.01850507318564], [-91.3213462328761, 41.011062488268806], [-91.3228162396003, 40.99887906705556], [-91.33347188751559, 40.9939715397693], [-91.3420744313574, 40.998242764042864], [-91.3525549203687, 40.987060259590514], [-91.34912874407843, 40.97802379759631], [-91.35282438081794, 40.973958325546526], [-91.39080490399381, 40.96346964174977], [-91.40049683478071, 40.94646608002137], [-91.40781491981858, 40.94212725363609], [-91.40649386005671, 40.93706826010765], [-91.37037393737877, 40.910565972843976], [-91.33433972206379, 40.90066430427269], [-91.32291693715038, 40.88615673999154], [-91.29129441916263, 40.87565889116675], [-91.28898251943899, 40.849131601665384], [-91.26233786468119, 40.827750106502585], [-91.24773511103567, 40.826399295139176], [-91.2488670368027, 40.797251624550654], [-91.2302213523389, 40.7830030018737], [-91.2327221515971, 40.769570593349734], [-91.21148817016982, 40.75126806052289], [-91.18157836393307, 40.74340021167318], [-91.1810400808384, 40.721061978203096], [-91.15626847633007, 40.72341090801585], [-91.15063033968816, 40.70764333473185], [-91.13145204499075, 40.69974890630054], [-91.11610274373339, 40.701354813019215], [-91.1151991580335, 40.697501026941836], [-91.15037310620824, 40.70088026294696], [-91.16433930555861, 40.71710520459847], [-91.1735304956432, 40.71707944324356], [-91.18224103315185, 40.70777882357775], [-91.19714778207941, 40.715262891937726], [-91.22882277605285, 40.71544369594471], [-91.24486423193154, 40.72390653711273], [-91.24758066907876, 40.7299825435851], [-91.25679707846663, 40.727619588526544], [-91.2653703255521, 40.73262518100516], [-91.28015804321295, 40.720491054265814], [-91.31005204089732, 40.73722079427547], [-91.34361559543188, 40.7430843929047], [-91.35476858033284, 40.751337955254805], [-91.38238187858003, 40.75952207282683], [-91.39223234404827, 40.757357395710905], [-91.40493231231011, 40.7668146009075], [-91.41660030585504, 40.758352184274806], [-91.43354237760332, 40.76082220419887], [-91.43810861390547, 40.76839349312831], [-91.46592207656091, 40.76277234847294], [-91.47091538811884, 40.76647093653095], [-91.47012216404485, 40.77481186883091], [-91.493324386599, 40.79068677116942], [-91.49730449463617, 40.78940874882792], [-91.50113707235424, 40.80346583681341], [-91.5292116069908, 40.80790280163028], [-91.5370315205908, 40.7989071789768], [-91.54961568074116, 40.8004389178056], [-91.55690805330067, 40.82474810681384], [-91.58358528366563, 40.82113185573422], [-91.58543728998123, 40.83097896013996], [-91.59318723739703, 40.834420031229484], [-91.61474089060637, 40.8029768110801], [-91.62480684574159, 40.803547707603286], [-91.6315999364628, 40.796401402895036], [-91.64567426512562, 40.803251146930215], [-91.65619271065259, 40.79959881357392], [-91.65219007466473, 40.796527558806524], [-91.66152816355277, 40.785524743859824], [-91.64455838057462, 40.77570414770894], [-91.64273619203824, 40.759006442141995], [-91.64743407195373, 40.754858321098894], [-91.62238728742273, 40.74380796045237], [-91.6192421320011, 40.7267812033616], [-91.60430370668, 40.7274023484229], [-91.59340050822526, 40.722064541355266], [-91.59364190530502, 40.702557789556856], [-91.5752640005426, 40.68405610326709], [-91.57518752965743, 40.6770621031218], [-91.58164994333605, 40.67126407472145], [-91.56672557036093, 40.6604928267832], [-91.57228990141908, 40.652557367787686], [-91.56559775977622, 40.64869135569175], [-91.55499814876836, 40.62948987003072], [-91.55551942316144, 40.61839066714535], [-91.54846858153068, 40.61377000148545], [-91.54680528430681, 40.60609096694646], [-91.52495670610485, 40.58978982637115], [-91.5247910181389, 40.583245045108036], [-91.5181349851772, 40.57860971277507], [-91.51842497123236, 40.56572357924671], [-91.50116890325802, 40.56000938895186], [-91.48496442291817, 40.54769938316088], [-91.47432771238739, 40.54676568037667], [-91.47466522830427, 40.53932649322254], [-91.46429270690868, 40.52812011962193], [-91.44213412549206, 40.51523793034999], [-91.44466070100903, 40.50203466561371], [-91.43853804903549, 40.49339828645103], [-91.44811540779271, 40.491140832355924], [-91.44723797654233, 40.47069639750406], [-91.457074815466, 40.45735650729059], [-91.4221087599059, 40.43384402178094], [-91.42773364190579, 40.42778674358025], [-91.42275727976065, 40.419710292667546], [-91.43391382378677, 40.41694647431204], [-91.43526750137661, 40.409554850209865], [-91.43117338814675, 40.40182356069423], [-91.41619364301748, 40.3955945274345], [-91.41413869829606, 40.38990306706065], [-91.42185441450962, 40.388678636445846], [-91.42353938987793, 40.38351107965808], [-91.41386526280165, 40.37626998969478], [-91.40924583994645, 40.355764797125616], [-91.40165351811694, 40.351989080933635], [-91.38688991752653, 40.32654027886901], [-91.32793974399236, 40.31659545520397], [-91.32783665782192, 40.32519658598123], [-91.3172235118977, 40.33064051791145], [-91.314387434426, 40.34086438499031], [-91.30425616098984, 40.334235633434744], [-91.29469858313516, 40.33693390682956], [-91.29316379530256, 40.35326653679196], [-91.28343458712634, 40.36331495732998], [-91.2868695740929, 40.37512660299929], [-91.28058775053249, 40.386349712637845], [-91.2500943367034, 40.40848113189526], [-91.24028799827857, 40.410332840524624], [-91.23509100900134, 40.42111445843016], [-91.21938643393058, 40.4327672291561], [-91.20857459593688, 40.435308265628464], [-91.21657381057264, 40.44697528074184], [-91.22274161187237, 40.44820543023339], [-91.2214635993789, 40.45144196318224], [-91.23395459075958, 40.45602436881567], [-91.23696370261963, 40.46684058687272], [-91.22012788989137, 40.470809751445856], [-91.21939704752567, 40.477111572028306], [-91.21316138748938, 40.48011663110393], [-91.22151581664974, 40.49042752128659], [-91.20891270923339, 40.49322390360171], [-91.21203551636737, 40.49806019501764], [-91.22656501779137, 40.50027495462299], [-91.21619830759737, 40.51231873136257], [-91.21573148638187, 40.54315525971822], [-91.16104549153388, 40.54347927281997], [-91.10629130916595, 40.55333705206697], [-91.09988798127684, 40.56526135092692], [-91.09954406396525, 40.58282371328163], [-91.07637725389793, 40.596203380569456], [-91.0806248919048, 40.61134430358402], [-91.07637934248096, 40.625579921985654], [-91.00573265209495, 40.65229297442386], [-90.93303820979799, 40.64424855560617], [-90.90669378548287, 40.65516601357689], [-90.90061998209784, 40.66953019914557], [-90.88086976778827, 40.66096650192858], [-90.83589998698594, 40.65496488163744], [-90.80929336060906, 40.661817272794764], [-90.79957285351468, 40.66125260838968], [-90.79516327082165, 40.6559944652339], [-90.78066401926652, 40.65672974823303], [-90.78262763496798, 40.6620256815284], [-90.75368322481087, 40.66164221765041], [-90.74206985242849, 40.66922699953052], [-90.73618773964363, 40.689080594895024], [-90.70048219363657, 40.704343620306155], [-90.68134790560829, 40.70610657804783], [-90.6807297164708, 40.7114567822094], [-90.69282970175101, 40.715214735464606], [-90.69209888992803, 40.72323573344716], [-90.70562348556956, 40.72253764284209], [-90.69786266135232, 40.73362115914117], [-90.7083215216265, 40.73669738485136], [-90.70933748297517, 40.74254173981296], [-90.71915574204384, 40.74373353456257], [-90.71182094295177, 40.76518572677517], [-90.68672064667759, 40.77711461691313], [-90.67675892306481, 40.80775871214551], [-90.68348343190566, 40.81768747563631], [-90.6618443489128, 40.83660340259713], [-90.66187409213185, 40.846886784498246], [-90.5908260515449, 40.84757656326967], [-90.58609952166006, 40.855453557530055], [-90.59529792341975, 40.87812442547596], [-90.57697926524524, 40.87456397320706], [-90.52326047658222, 40.88916958987589], [-90.46535475536426, 40.88936113277316], [-90.40919819503999, 40.89626168641723], [-90.36073477806283, 40.91050162797404], [-90.36148642271556, 40.91452926393418], [-90.36852904116822, 40.91475734071212], [-90.36773698580241, 40.92731714378473], [-90.35177283175055, 40.93244925520829], [-90.34930737491055, 40.943257426444006], [-90.3379045281049, 40.95121819543658], [-90.340353952712, 40.96240327627058], [-90.31806628249073, 40.98892425009026], [-90.3149276506347, 41.00650526970182], [-90.29597086611332, 41.010863085880985], [-90.30888788172085, 41.02240394660846], [-90.28145507747213, 41.04306456113405], [-90.27116376647315, 41.04277765416524], [-90.26719317339148, 41.05471506701829], [-90.25585201569301, 41.06316682817339], [-90.2618820414793, 41.07499197501319], [-90.2489081346665, 41.08547124794172], [-90.25710592279414, 41.097183861145304], [-90.253026223033, 41.107579925591814], [-90.24560791655212, 41.11085290788899], [-90.2541087360695, 41.130589468874724], [-90.22971070226028, 41.158307720713786], [-90.2070518418754, 41.16756745370092], [-90.17346786324453, 41.16232695463548], [-90.13875521074799, 41.16635295346896], [-90.1079265465532, 41.15879636638783], [-90.09727614749414, 41.1623961010008], [-90.09287949964288, 41.16981124868903], [-90.06734322491019, 41.177992733387306], [-90.05279268314561, 41.17656517245357], [-90.04134769367501, 41.16496536328141], [-90.02364156165845, 41.157758952072236], [-90.00081729627696, 41.155584873934544], [-89.99088149804325, 41.15900680784319], [-89.9933845682425, 41.17541480712583], [-89.98637240716957, 41.18320391409008], [-89.98738914645928, 41.2053016542825], [-89.9621985479395, 41.204087389406034], [-89.9692279045636, 41.21486850042948], [-89.96656238572332, 41.22853003639671], [-89.97891688438479, 41.234990077348755], [-89.97446384928314, 41.24036644737855], [-89.98173371185825, 41.247515399063495], [-89.97861671592585, 41.25367798479432], [-89.9834342927597, 41.26516809243807], [-89.99614397540303, 41.270358107005244], [-90.00723795446456, 41.286293798577184], [-90.06574171830312, 41.29685061420064], [-90.08583096398745, 41.29535513255285], [-90.09665287568878, 41.30122070684167], [-90.10631970844493, 41.300507268553126], [-90.10272831849919, 41.29340796638115], [-90.10691769087842, 41.28914870725714], [-90.12325679095011, 41.29985790510684], [-90.14043801309161, 41.301010329200516], [-90.14665606075846, 41.29565988729481], [-90.19527609002225, 41.301442847914565], [-90.20299891909625, 41.3188673744971], [-90.22998809034192, 41.3351049920184], [-90.22872387686952, 41.3419042733007], [-90.24190962169769, 41.35919430170378], [-90.27403939676682, 41.36545594774332]]]}, "properties": {"huc8": "07080104", "name": "Flint-Henderson", "states": "IA,IL,MO", "areasqkm": 6257.38, "episode_count": 8, "event_count": 14, "huc8_name": "Flint-Henderson", "area_sqkm": 6257.38}}, {"type": "Feature", "geometry": {"type": "Polygon", "coordinates": [[[-92.65807225847695, 40.803825795269], [-92.69294767402488, 40.81882436608122], [-92.70795885120589, 40.820389558972714], [-92.72697294195423, 40.8123501971628], [-92.72769138397574, 40.79858387084952], [-92.74635450923077, 40.78134605639217], [-92.72703807071063, 40.76354468810709], [-92.72113068382525, 40.726732129373346], [-92.69922959639997, 40.69896610376046], [-92.68371356333432, 40.69255351835609], [-92.67625086390873, 40.68107953706645], [-92.66652500105863, 40.68052568289921], [-92.65673995989253, 40.686201872381574], [-92.65407570228692, 40.69371959340352], [-92.6449740302187, 40.69063173431736], [-92.64012452097147, 40.69605017912278], [-92.61107471597364, 40.699968607365335], [-92.5907642592523, 40.72018012408694], [-92.53853709886404, 40.7054315404115], [-92.51749644566567, 40.70696930893479], [-92.49205861910161, 40.690866615301005], [-92.47378706947892, 40.670853204536755], [-92.44585995377038, 40.67294253570411], [-92.43194811596943, 40.65661112869868], [-92.41780312852133, 40.6605945572651], [-92.38264935021968, 40.63795468367126], [-92.37277711857212, 40.634555409679045], [-92.36201614049483, 40.63811601407153], [-92.33654992896442, 40.618981572617216], [-92.30359130712871, 40.58244747992587], [-92.2758149386063, 40.56697534252895], [-92.27482611356572, 40.56008611046236], [-92.26069298118443, 40.55977227356472], [-92.25908764146605, 40.54741047141254], [-92.2403983078626, 40.540021971585425], [-92.22573927745948, 40.52517616231023], [-92.198759868206, 40.52820100517653], [-92.18593438643434, 40.52237120988066], [-92.1667237577766, 40.49030025670089], [-92.15280215708513, 40.477286728574796], [-92.13980818190889, 40.473747402537185], [-92.12422893529501, 40.47873903987936], [-92.12405716663291, 40.47328129503145], [-92.11105196071897, 40.4642193697115], [-92.10891280073629, 40.455258705536764], [-92.09221204342278, 40.43849582328995], [-92.04121133672226, 40.42999775548644], [-92.03033192745286, 40.42114656349294], [-92.01747981153135, 40.428319761332425], [-91.99595538411144, 40.41949208406985], [-91.98964867182777, 40.42244078586383], [-91.97446415393286, 40.41385813245261], [-91.96330512965824, 40.399816231579706], [-91.97645345965482, 40.40026867208369], [-91.98197208353302, 40.39455417853594], [-91.97290965885958, 40.3626049163958], [-91.94798285331791, 40.34787757618607], [-91.93053327026506, 40.34435792990057], [-91.91918587197029, 40.33195389623353], [-91.89916856876381, 40.32881046327136], [-91.8852570956789, 40.31198417786361], [-91.86969227421183, 40.304274014793535], [-91.87778283493559, 40.2900744072106], [-91.86332281819881, 40.286903580411696], [-91.85667806089054, 40.277929101014884], [-91.80861133365464, 40.25409209725192], [-91.79377528932646, 40.234751382376935], [-91.77333528206641, 40.22915112051629], [-91.77392876753359, 40.21880447704423], [-91.7553917154388, 40.20570882855429], [-91.75895376640736, 40.201017887908705], [-91.74802690003983, 40.18542283536545], [-91.73788928449777, 40.1819421185985], [-91.73797794641969, 40.174737489224476], [-91.71540346748439, 40.16829715704496], [-91.6972641013625, 40.137174019552525], [-91.6736286420081, 40.119817021222914], [-91.67875755246152, 40.113968810276724], [-91.67669379077556, 40.10237621390804], [-91.65948826471404, 40.08633236633628], [-91.64226064368975, 40.08274679584195], [-91.6443885316123, 40.07488878374966], [-91.63892177825524, 40.06139494209938], [-91.6233235026287, 40.05758754662632], [-91.60722251809105, 40.04458147420961], [-91.60164209910447, 40.04581398020505], [-91.59620625228474, 40.037973239946915], [-91.59495732364692, 40.019645409608145], [-91.59841573148958, 40.015126976119966], [-91.57417081372391, 40.00432563290417], [-91.56898550164705, 39.992750476347396], [-91.56166814424454, 39.99334384474519], [-91.54436956439767, 39.97975460449482], [-91.5335535681025, 39.9769132434609], [-91.52514196027599, 39.95348071339099], [-91.52909438582937, 39.944949779659076], [-91.51214663942346, 39.90302804411969], [-91.49829352539095, 39.903112033333585], [-91.48800967130715, 39.89197553950352], [-91.4625143759211, 39.89523628433644], [-91.45446646451208, 39.887783432660875], [-91.44208206362975, 39.886921045431066], [-91.41977472299872, 39.908327521972936], [-91.39576447393134, 39.903827192378415], [-91.38207071923361, 39.895768019079036], [-91.35293757123868, 39.89982575571177], [-91.34910502226671, 39.910476512215375], [-91.33657308298044, 39.91410008839725], [-91.33017702695354, 39.927335510923434], [-91.3308675780821, 39.938462567946914], [-91.32523332755213, 39.942854030518966], [-91.33485376052724, 39.95821683112297], [-91.3322281170041, 39.96660574044872], [-91.30098371249582, 39.98473926819813], [-91.29125980976967, 40.00268095482144], [-91.26711840128092, 39.993270752671904], [-91.24432894831162, 40.023812149003064], [-91.20789172270902, 40.00205928362476], [-91.20854254674248, 40.01243383113033], [-91.20322184867084, 40.02096531416669], [-91.18090616179248, 40.03335801729565], [-91.13305732721696, 40.03010718226142], [-91.11608281550714, 40.03809569667773], [-91.09454660758061, 40.03492359751693], [-91.0930266590182, 40.04247670031805], [-91.05382446478515, 40.04447977569243], [-91.04257703640512, 40.05327304354587], [-91.03873304199811, 40.0464736715049], [-91.028563443737, 40.04397489678939], [-91.00957772088702, 40.06114637262902], [-90.99874266683311, 40.06438076026038], [-90.99088942573607, 40.07922434631174], [-90.97050889503265, 40.08658331671785], [-90.98084529696732, 40.09427124464692], [-90.98373582671827, 40.1055983639706], [-91.01606521642671, 40.11171713696615], [-91.02144111148098, 40.12660795908661], [-91.03052307451185, 40.13093487055151], [-91.02810109972488, 40.14041105608282], [-91.0326987060951, 40.14973319346683], [-91.06288745629556, 40.17430971200774], [-91.05760973272878, 40.182730925745815], [-91.07665687968293, 40.200256899066204], [-91.07822680871114, 40.20779298337618], [-91.05116560785103, 40.22905345829139], [-91.05874109255717, 40.232122799757434], [-91.06691116586165, 40.24948590350173], [-91.07305992287738, 40.25111862467392], [-91.10569717421683, 40.28862458294365], [-91.12854858848286, 40.295556186078606], [-91.12707620661304, 40.31525087460775], [-91.09430025988532, 40.32845238409338], [-91.10490589769039, 40.34148264756585], [-91.096310250215, 40.35182363812991], [-91.10768177725826, 40.34909135964706], [-91.10591616821173, 40.35496119610279], [-91.11902972981355, 40.35562572774961], [-91.1294545574132, 40.37302855870034], [-91.1332373091757, 40.392225727477445], [-91.14231882484556, 40.3955381961757], [-91.14323697582947, 40.40644429773654], [-91.18282543934647, 40.40585766657979], [-91.20448294319256, 40.426048563156044], [-91.20857459593688, 40.435308265628464], [-91.21938643393058, 40.4327672291561], [-91.23509100900134, 40.42111445843016], [-91.24028799827857, 40.410332840524624], [-91.2500943367034, 40.40848113189526], [-91.28058775053249, 40.386349712637845], [-91.2868695740929, 40.37512660299929], [-91.28343458712634, 40.36331495732998], [-91.29316379530256, 40.35326653679196], [-91.29658247874504, 40.33571335218705], [-91.30425616098984, 40.334235633434744], [-91.314387434426, 40.34086438499031], [-91.3172235118977, 40.33064051791145], [-91.32783665782192, 40.32519658598123], [-91.32793974399236, 40.31659545520397], [-91.38543100319946, 40.32566882888912], [-91.40186973272436, 40.34650145958734], [-91.40165351811694, 40.351989080933635], [-91.40924583994645, 40.355764797125616], [-91.41423654010185, 40.376802587465455], [-91.43913621382698, 40.38382915315281], [-91.45541051662059, 40.3662916005052], [-91.45584099469463, 40.37435535605035], [-91.48339144141465, 40.37737785457244], [-91.50271958677955, 40.39956033675557], [-91.52604355081763, 40.409652112829114], [-91.53238903259236, 40.418336416245566], [-91.52787444582576, 40.42669161758163], [-91.53573194493724, 40.434829107375016], [-91.55019092591651, 40.439914264208035], [-91.57350889190344, 40.43990607695103], [-91.58397985428113, 40.448389238052194], [-91.60099334478943, 40.44037477341906], [-91.60703829518584, 40.44187771399095], [-91.62780684419307, 40.455067357220585], [-91.62997880526007, 40.46364467249486], [-91.64805691166946, 40.4783055224238], [-91.66908421680101, 40.48517955103996], [-91.68267946044807, 40.49763463760396], [-91.7211308706144, 40.51652496757868], [-91.72829072460152, 40.524215621447205], [-91.72789110635243, 40.530989557966045], [-91.74152046891228, 40.533455530948935], [-91.75083734947479, 40.5515063936356], [-91.7605952381631, 40.55127246914282], [-91.77610866521611, 40.559463166136524], [-91.7686110168344, 40.57064518616584], [-91.77405913913248, 40.57759606625098], [-91.80549306301286, 40.596415404000645], [-91.82145669155028, 40.59639254267974], [-91.83237336024271, 40.58839119096119], [-91.8494117646271, 40.59819437154344], [-91.86195842280932, 40.595524018147024], [-91.88181771684887, 40.603015845522975], [-91.88701105986438, 40.612690612659954], [-91.91334891659645, 40.6194173462857], [-91.91954316429815, 40.62722544237756], [-91.94135199923532, 40.626016095778205], [-91.95636246674727, 40.64030266591387], [-91.97522276861389, 40.64175117439718], [-91.99702083544575, 40.65116182003919], [-92.00312169159557, 40.66149763864886], [-92.00924724243254, 40.65934577055211], [-92.03728657838131, 40.66908108310868], [-92.04154377895439, 40.683767135463036], [-92.06524077380409, 40.69004486676526], [-92.07525595885438, 40.68737178391561], [-92.10359294348774, 40.69888024524125], [-92.12986230637433, 40.72160558604575], [-92.14960363993902, 40.72975761884136], [-92.17794344977392, 40.75169803431745], [-92.19051668551214, 40.748278900422754], [-92.2019352555302, 40.756134525160874], [-92.22300221050178, 40.754495043173435], [-92.22951054695604, 40.7485019590987], [-92.25945797373858, 40.74647624856245], [-92.26838508787571, 40.74035028649694], [-92.2794357483776, 40.747406636722395], [-92.31220127015646, 40.74481560518969], [-92.32267248136749, 40.75186349448626], [-92.32530253112711, 40.76200835869265], [-92.3621473115943, 40.76889285620841], [-92.37445406210348, 40.77751735704352], [-92.3970350960454, 40.776429514659284], [-92.41143327635127, 40.78124279411521], [-92.41314744427137, 40.78612520206031], [-92.4304929539053, 40.787004860406114], [-92.43942667155811, 40.79545650444297], [-92.46111923754806, 40.794323940141474], [-92.4746609964014, 40.80325135296624], [-92.48294999856468, 40.798574035506405], [-92.50462715395592, 40.79880527278954], [-92.5122744517825, 40.805651430834736], [-92.53301925023193, 40.803340127239], [-92.54522781488055, 40.810645412546315], [-92.55453878542679, 40.80545756037255], [-92.55336857436069, 40.79843100294507], [-92.58584994643878, 40.78738725443707], [-92.6134048712605, 40.789739435430356], [-92.6198967945962, 40.78627466076727], [-92.64838274954805, 40.80583832977676], [-92.65807225847695, 40.803825795269]]]}, "properties": {"huc8": "07110001", "name": "Bear-Wyaconda", "states": "IA,IL,MO", "areasqkm": 4471, "episode_count": 0, "event_count": 0, "huc8_name": "Bear-Wyaconda", "area_sqkm": 4471}}, {"type": "Feature", "geometry": {"type": "Polygon", "coordinates": [[[-94.89595344374601, 43.733549873623765], [-94.9154813214295, 43.72776885031108], [-94.9153929649348, 43.71881311685503], [-94.94110185993246, 43.709374388567625], [-94.93829285858175, 43.69458047870255], [-94.95248946771765, 43.67473306609642], [-94.95128352436447, 43.664867305204204], [-94.95786138682847, 43.661385740225185], [-94.95689354104304, 43.65582817796004], [-94.97132789830205, 43.65224260854192], [-94.9693528407588, 43.6461101203277], [-94.97942202713409, 43.64139560011634], [-94.97423467138998, 43.62951536112262], [-94.96915194422363, 43.62939436045931], [-94.95666243326652, 43.61563708958977], [-94.9414049200683, 43.61480146550244], [-94.9176452838972, 43.59042689092061], [-94.88531891971463, 43.58172145431635], [-94.87934675980568, 43.585155027111256], [-94.85952508271863, 43.581619943253365], [-94.85654051103552, 43.57354483430634], [-94.83929306868451, 43.55914872495682], [-94.81638055191117, 43.55322586365749], [-94.79486081549369, 43.530624145205394], [-94.76344300020298, 43.530041138097715], [-94.76085647920878, 43.51766910965773], [-94.73827521709478, 43.48872081501505], [-94.74716550389854, 43.47273980994553], [-94.75616630144853, 43.47144406952292], [-94.75038167294, 43.46074790930885], [-94.75429599734892, 43.44415985599753], [-94.73238825161074, 43.4449840122868], [-94.7252579539931, 43.439495684534116], [-94.69931921784345, 43.441042020793276], [-94.67897197061964, 43.423503518739075], [-94.65664866872262, 43.4236576450692], [-94.65750909127144, 43.41961420488145], [-94.63865917842107, 43.416898441653245], [-94.63991738575747, 43.413385460309485], [-94.63157052400506, 43.41142506591581], [-94.63143535360594, 43.405294756781046], [-94.6254036443768, 43.40628120820099], [-94.62647664515276, 43.4010613233655], [-94.6118170838453, 43.39231790503229], [-94.58831111753739, 43.3926061956343], [-94.5795050531814, 43.397275520704234], [-94.56811044841848, 43.379195030064665], [-94.55062026870131, 43.37705307707965], [-94.55240680040912, 43.37203343013237], [-94.55906387002665, 43.371449695452974], [-94.55625694019098, 43.366277633052036], [-94.56658362415088, 43.35985423356657], [-94.56393301015781, 43.35733896595846], [-94.57043535664576, 43.3485445497252], [-94.57836339326998, 43.34382544196226], [-94.59449195788348, 43.347182426547334], [-94.60259687727873, 43.330280311884636], [-94.59116281491525, 43.316460000537575], [-94.58543360886647, 43.298482952492684], [-94.57019114873745, 43.29916763552258], [-94.56371005189754, 43.28550784752008], [-94.54616352086258, 43.27314297842868], [-94.53266396216632, 43.27193096791535], [-94.4945068355955, 43.23194272344434], [-94.48578554974448, 43.23145596996525], [-94.48574756897426, 43.22144300050656], [-94.47702317135906, 43.22076263663567], [-94.47477293828476, 43.21620305404456], [-94.48219336029811, 43.206651141459226], [-94.48334292897731, 43.19239861633214], [-94.47365448724699, 43.18927448404869], [-94.47582968763889, 43.184647940696415], [-94.46381207337865, 43.17468160147069], [-94.48439402433506, 43.16442425455819], [-94.48263151986616, 43.15574151896761], [-94.46904648647062, 43.15104936404565], [-94.45300772463946, 43.13416459792168], [-94.44403821091922, 43.13247700060305], [-94.44776296475203, 43.12406736179445], [-94.44245883251256, 43.11635073263034], [-94.42309990547612, 43.10341848284702], [-94.4230901300092, 43.09814494475871], [-94.44252356690856, 43.08624195553697], [-94.4361857351868, 43.074638025568824], [-94.44029243650876, 43.0640848480309], [-94.43440118516249, 43.05443275945244], [-94.44351319863627, 43.04287491032924], [-94.43970123545733, 43.038634377585524], [-94.44826547693208, 43.00751994101198], [-94.44138341526849, 43.000501901608125], [-94.4430113431247, 42.968527616539426], [-94.44804270911467, 42.96568751622229], [-94.43925596123226, 42.95138028740036], [-94.43929943609875, 42.929443404478896], [-94.43129593380412, 42.925319463902156], [-94.44027440193112, 42.91284695139219], [-94.43083719293462, 42.88554024782022], [-94.44004630890068, 42.8706194742605], [-94.43999712254563, 42.86040148263969], [-94.4262333450698, 42.84950009236873], [-94.3968370652568, 42.84360086517188], [-94.39039490229962, 42.846476015229364], [-94.37837115434264, 42.83652151369927], [-94.37701613466973, 42.82667377914148], [-94.36562598914388, 42.82670299326412], [-94.36705952247091, 42.82168952266515], [-94.3526651662932, 42.817077812308376], [-94.34670336575611, 42.82106231517499], [-94.3340298079636, 42.80109295102971], [-94.32497867152003, 42.80061583460668], [-94.32225908218449, 42.79123671456056], [-94.30720688163937, 42.789887042703036], [-94.30041459311369, 42.782437563907784], [-94.29281169272339, 42.78370312791149], [-94.28847400938906, 42.793530385752575], [-94.27613036866444, 42.793625738782694], [-94.26128157993733, 42.776463669422064], [-94.24714797683882, 42.784381153695676], [-94.24259147917265, 42.79382308241109], [-94.23082917599761, 42.795343974523185], [-94.2142667906789, 42.79116772513006], [-94.20171319301113, 42.79393775505599], [-94.19330782937416, 42.78534090742136], [-94.1832407306836, 42.78565982190556], [-94.19783119627435, 42.75871753345171], [-94.19793350270712, 42.74775527839772], [-94.21664326759337, 42.7474827137655], [-94.19878811405434, 42.73287465427102], [-94.20606385161143, 42.728882393174075], [-94.19782937089768, 42.716308417754206], [-94.20889264374617, 42.70783413856157], [-94.20686871156329, 42.69354705940833], [-94.21139506536177, 42.69160861300175], [-94.20104667091807, 42.676787302274256], [-94.17451074375072, 42.682717460145156], [-94.15860217475367, 42.69626068871844], [-94.15765761779197, 42.723654418080955], [-94.13063635692774, 42.7315584799041], [-94.11996885125072, 42.74330743121616], [-94.10614925875136, 42.74657258693411], [-94.10639614543585, 42.75227431356484], [-94.07682426834099, 42.760264934386626], [-94.07622772231363, 42.77606038138246], [-94.05504632107655, 42.7732160230884], [-94.04457260087094, 42.77697896934011], [-94.03675153383409, 42.78629367452234], [-94.00679569971882, 42.78031855257096], [-94.01798868210781, 42.793990242665394], [-94.01839851959159, 42.80155361648949], [-94.0373074517561, 42.8042094923639], [-94.0440843710056, 42.81547523129903], [-94.0425438537181, 42.822246780690335], [-94.0580798356713, 42.826561862478194], [-94.07195567348724, 42.823182273182795], [-94.08138147567624, 42.82964649471282], [-94.07892564608116, 42.8475751775463], [-94.08380385290847, 42.85156051555766], [-94.07876438860619, 42.861750965037785], [-94.08771979428488, 42.87208782803561], [-94.09002986503862, 42.88407426581843], [-94.08047154966708, 42.90112671524699], [-94.09113156339463, 42.91348426013712], [-94.114253478359, 42.920873940724896], [-94.12036989961773, 42.93959863488587], [-94.12780582834955, 42.94244190039144], [-94.13167239202974, 42.95912951126286], [-94.14268211360921, 42.97034215257322], [-94.14635606861103, 42.98043670589302], [-94.13654660135406, 42.982840299660644], [-94.13874875210279, 42.994547816898724], [-94.14869869970053, 43.001781925437605], [-94.14855277107758, 43.03774398532402], [-94.10465120752232, 43.036524470395555], [-94.09700159114398, 43.04523957859663], [-94.09771478880086, 43.061186294400045], [-94.07561110612619, 43.06516151801152], [-94.07599937775493, 43.08857151985254], [-94.05105681486488, 43.08657674372432], [-94.03868464544347, 43.09713952531722], [-94.02958451937586, 43.09713600222804], [-94.03043226130612, 43.10642060036374], [-94.02242244026179, 43.11512639405054], [-93.9900320756068, 43.1194210416385], [-93.97273054209928, 43.11189292993198], [-93.95391674421829, 43.11969240310456], [-93.9545345812162, 43.13691976520296], [-93.93988228458443, 43.14375263500704], [-93.93861083787738, 43.14871706189732], [-93.90597761907523, 43.148057355320695], [-93.89795166339009, 43.15393159427391], [-93.8646006529467, 43.1594057088749], [-93.86860341290208, 43.17115195818881], [-93.86163007072749, 43.17525733965889], [-93.86201200114864, 43.18361251100342], [-93.85612490271396, 43.19008948636732], [-93.85834383219557, 43.200005307125345], [-93.86714985972063, 43.20501620819134], [-93.8622802389908, 43.20896011157356], [-93.86489248863305, 43.215416015490014], [-93.85435496378776, 43.218711565265494], [-93.84123115420518, 43.21524938133448], [-93.84023328312969, 43.21084122447049], [-93.82424372741653, 43.209948091992096], [-93.81683701728764, 43.21508308846747], [-93.81969618775037, 43.23155186679305], [-93.81108127949697, 43.240897831863904], [-93.78893091407193, 43.242660920101365], [-93.79134096821507, 43.25437324281097], [-93.77404519919673, 43.257617605178574], [-93.76710155352882, 43.264982930363885], [-93.77107370339088, 43.27336817217935], [-93.76395252367338, 43.28315383931546], [-93.7515215172958, 43.28508521157975], [-93.76749561749452, 43.30141352335577], [-93.7660865587674, 43.30459793677189], [-93.7749219710837, 43.303869357599936], [-93.77038516987844, 43.31853729990077], [-93.79092489282998, 43.33152367249655], [-93.79430603926998, 43.339735468199066], [-93.78310651984069, 43.35325260301645], [-93.78225087902415, 43.367457062804604], [-93.76640173358314, 43.375203412713645], [-93.7638600259452, 43.3897346121477], [-93.75247341439167, 43.40066964977011], [-93.75440548215867, 43.40526482296666], [-93.7422712162689, 43.41443401903833], [-93.74077476943094, 43.42463448204971], [-93.6986530666942, 43.43122084974142], [-93.69680048905006, 43.4436677554481], [-93.71943819500832, 43.46462608623795], [-93.70079992344226, 43.4758844465936], [-93.72304360585902, 43.48873147221102], [-93.7348408256508, 43.475179649475976], [-93.73869670476903, 43.47839424329576], [-93.75342483088887, 43.47253913963177], [-93.75841307415197, 43.4630377796588], [-93.774141093455, 43.45690797457703], [-93.77529208955717, 43.44982318763122], [-93.7917172967421, 43.45162959931393], [-93.79275363547467, 43.44625359423825], [-93.80237867590888, 43.441604645184064], [-93.80087737727008, 43.437318827151046], [-93.81031902035082, 43.435161390431944], [-93.81290145850204, 43.42661941640552], [-93.82675620567176, 43.42060151336769], [-93.83426796119669, 43.40892144421338], [-93.84125182174492, 43.40874583989038], [-93.85238933675836, 43.395181858901914], [-93.86190103675318, 43.39401507179698], [-93.86848283114317, 43.38512624142575], [-93.87815374225072, 43.38229112686816], [-93.87845065970663, 43.375050156233044], [-93.90197581941891, 43.368671227837446], [-93.8986561985927, 43.363910741724126], [-93.90437946587912, 43.35801531207269], [-93.93164399591221, 43.36935583505493], [-93.93178602494852, 43.35392834606015], [-93.94369427111955, 43.35458131034589], [-93.94059659255902, 43.35114473199636], [-93.9446401297401, 43.343429210882746], [-93.9770409642597, 43.33990144558044], [-93.97349254881883, 43.335049637674956], [-93.98215013153981, 43.32700430962931], [-93.97051391679638, 43.321004483870766], [-93.97776285940516, 43.309866889936494], [-93.99844085194354, 43.3036604532977], [-94.01139609356137, 43.30756768062052], [-94.01443772802797, 43.302619279941204], [-94.02847719936278, 43.3025923301069], [-94.03044970838556, 43.31430503362341], [-94.0433606585683, 43.31249642436679], [-94.05469875211335, 43.31831880581755], [-94.057691807486, 43.327031403514056], [-94.07285194240913, 43.32937223724749], [-94.07312049466162, 43.32467986862695], [-94.08178712521415, 43.32121237504696], [-94.07352938891432, 43.314405400784196], [-94.07284576110165, 43.30594322982052], [-94.0512884463592, 43.2995932646541], [-94.0558466373497, 43.29576493524568], [-94.05468237313077, 43.287890925947686], [-94.06145670433392, 43.28521549059326], [-94.05862175514622, 43.27595834042301], [-94.06731888709588, 43.27032000406908], [-94.06330581807431, 43.265995593272336], [-94.06585252573511, 43.26042683065867], [-94.11044346632087, 43.25337029092877], [-94.12291171864676, 43.24306680469631], [-94.1377951967169, 43.243175607915404], [-94.14167884365887, 43.23594305439319], [-94.1650174816771, 43.23087827867452], [-94.16814450550304, 43.23898601722395], [-94.18509077777355, 43.25205262940124], [-94.18275195464255, 43.25888994751224], [-94.17067506594661, 43.2655540512584], [-94.18148435631817, 43.26919527748119], [-94.18774089050673, 43.28129316211414], [-94.18759177735608, 43.287764362244204], [-94.18280933183637, 43.28982312536385], [-94.18679329634107, 43.294791470253585], [-94.17536303744451, 43.3030748992594], [-94.18667996937639, 43.309890111974006], [-94.1855666818549, 43.315057628710576], [-94.18086759819693, 43.321308039033866], [-94.17306861354642, 43.32029600526194], [-94.1681478472359, 43.32981290376292], [-94.19763661309896, 43.344603998935185], [-94.21061611461936, 43.34635424624773], [-94.21147368052556, 43.341948968747666], [-94.21873130624986, 43.34136006882739], [-94.23634751600817, 43.35317515411087], [-94.24439257436784, 43.35236190099467], [-94.23671859388236, 43.362120158383256], [-94.24119890812425, 43.367404161025846], [-94.26575392163106, 43.37532828142765], [-94.26601493432338, 43.37939258290347], [-94.27796285099568, 43.38502493808864], [-94.32041459207285, 43.39176990307697], [-94.32537303552303, 43.394186306192836], [-94.3247883813934, 43.39926312074545], [-94.33988457064135, 43.39979139119135], [-94.32999089800458, 43.40545081296422], [-94.34602088329542, 43.42333479885471], [-94.34456366408929, 43.42944580482003], [-94.36403410259521, 43.44604199322697], [-94.36475377710529, 43.452090846658876], [-94.35948959474312, 43.45545956612996], [-94.36506676811658, 43.45941124002944], [-94.3643362203983, 43.46696327192393], [-94.37990895242974, 43.46420136833858], [-94.38609056532695, 43.45785733853352], [-94.39375468320893, 43.458474147516725], [-94.39581065021318, 43.463110810360725], [-94.41344862884573, 43.461581327906366], [-94.4157999556272, 43.45122404784466], [-94.42154614522472, 43.45086548528102], [-94.42166176918158, 43.43794492475184], [-94.42882908637208, 43.440706014145746], [-94.43378806431983, 43.43675802586641], [-94.4272533686002, 43.43048477749326], [-94.44212284732494, 43.43153615509682], [-94.45682985045919, 43.439609728834554], [-94.46153440395891, 43.43312106519592], [-94.47319367576075, 43.430899399467954], [-94.48523153265761, 43.45312218547096], [-94.48329476131178, 43.459102608972096], [-94.49348132335872, 43.462233419612275], [-94.49574119086448, 43.47151162696084], [-94.51003447130137, 43.485292465238196], [-94.5089606997709, 43.490366202020375], [-94.53044276533694, 43.49830138670091], [-94.52751577476522, 43.50331499111685], [-94.53133468910782, 43.511598002066265], [-94.52621529181324, 43.51757467327464], [-94.5405810869548, 43.51993107056126], [-94.54358807968912, 43.527442516076675], [-94.54062964987908, 43.53341444108489], [-94.51909334852775, 43.53120121939633], [-94.52047712327287, 43.54847855350451], [-94.50625625872598, 43.55481323623229], [-94.50623919343055, 43.55938752858542], [-94.51845264311766, 43.560464744860965], [-94.51619568345848, 43.56452082976614], [-94.52028934842905, 43.56706318815095], [-94.53885130721338, 43.56519481917971], [-94.54485424430229, 43.575738987899015], [-94.55241122012032, 43.57800589083187], [-94.55605313041933, 43.59281008638154], [-94.54241031738471, 43.6042400599744], [-94.54533977922178, 43.607550745479074], [-94.53981113283996, 43.61056494463236], [-94.54009369701427, 43.618571505095524], [-94.56285860801, 43.62266973337086], [-94.57082946103563, 43.630302921609385], [-94.58190006503514, 43.625981212778555], [-94.60225353488894, 43.62798468767592], [-94.63329839572484, 43.640814594489534], [-94.64404844130509, 43.63806376425284], [-94.64430240401907, 43.64496873812149], [-94.6513745033827, 43.64446177961252], [-94.66072562952047, 43.6516637045478], [-94.66931137037491, 43.64181890596205], [-94.692677423179, 43.64099876170723], [-94.70099963605833, 43.665055304809364], [-94.71172714560308, 43.668397078646834], [-94.71930558666482, 43.668307134652025], [-94.71919290828379, 43.66321076932648], [-94.72981638752873, 43.66290752023107], [-94.74673328758442, 43.65104852466416], [-94.77479469693637, 43.67031754528811], [-94.7900952798609, 43.671651185494035], [-94.80128466270055, 43.69131959147277], [-94.84373850763212, 43.710724863452825], [-94.85964884092039, 43.72926293060928], [-94.86795179212339, 43.731104751862674], [-94.88037006667845, 43.72060978937723], [-94.89595344374601, 43.733549873623765]]]}, "properties": {"huc8": "07100003", "name": "East Fork Des Moines", "states": "IA,MN", "areasqkm": 3385.6, "episode_count": 6, "event_count": 7, "huc8_name": "East Fork Des Moines", "area_sqkm": 3385.6}}, {"type": "Feature", "geometry": {"type": "Polygon", "coordinates": [[[-94.02709768083548, 44.16095535647818], [-94.03663015526955, 44.16414895910268], [-94.03876670384972, 44.15606148691084], [-94.05249625641153, 44.15223163745175], [-94.07608805315158, 44.15596613233276], [-94.0853291392603, 44.145037882375426], [-94.11645316233397, 44.140587849458825], [-94.12871829389601, 44.13190660264474], [-94.14269432890045, 44.136438823964525], [-94.14526978354866, 44.129973883230456], [-94.15654216353403, 44.12701294025384], [-94.15858104098828, 44.109051950307695], [-94.15313618226966, 44.10333783620654], [-94.14203383989285, 44.10417517228341], [-94.14156511155402, 44.0918970123412], [-94.14501416164634, 44.09132279620791], [-94.13660159711405, 44.0835904371804], [-94.15001367966457, 44.07223635370675], [-94.14163572722018, 44.06611490984584], [-94.1267196690513, 44.07001771245982], [-94.13830581888732, 44.052213067454495], [-94.13281514788584, 44.04626463527861], [-94.14218305365479, 44.03912734187367], [-94.13539476263213, 44.032963297647235], [-94.14451200699577, 44.01625462989507], [-94.13827272405395, 44.013572485462014], [-94.13816930550686, 44.00747517918754], [-94.14297355493515, 44.00740816306709], [-94.14835441587631, 43.990012028452284], [-94.13849469776065, 43.987213987522274], [-94.13882295474188, 43.97232559412501], [-94.18744909524456, 43.958320124997954], [-94.246378219455, 43.959538231258776], [-94.2530947665275, 43.95210858936355], [-94.26668786140439, 43.958057073946335], [-94.27225214485183, 43.970153877892095], [-94.27840415646382, 43.97094278606045], [-94.28438603704245, 43.968422053470704], [-94.28381238727508, 43.95940005372135], [-94.31468475810169, 43.966338426791765], [-94.31818904110926, 43.96372529723072], [-94.30610895530923, 43.95424366025928], [-94.31105494271968, 43.94923798813075], [-94.32145991934816, 43.94561153599862], [-94.33340722247111, 43.94909364512135], [-94.33251972020807, 43.93475372794505], [-94.33639732597976, 43.93008699321746], [-94.32964429293366, 43.92698241179035], [-94.33451802165926, 43.92048491333039], [-94.32724757338259, 43.91373271326531], [-94.3372949019504, 43.89680676726325], [-94.35996289640508, 43.89808286549581], [-94.36623117516766, 43.88118020543616], [-94.36356174146935, 43.87457765143338], [-94.380852784451, 43.843000993884644], [-94.37825727940564, 43.832055054003], [-94.38786746439999, 43.82471581644778], [-94.38402583166385, 43.804275224321835], [-94.39099504158811, 43.802399155655515], [-94.38942809047509, 43.797234473748674], [-94.40884006302906, 43.79573419946262], [-94.40311432807053, 43.78659629421171], [-94.40539506433863, 43.782890081872395], [-94.42506686470708, 43.78935483914315], [-94.44324138909253, 43.788912332295446], [-94.45855082581251, 43.78146402392468], [-94.4730540425313, 43.782556134705246], [-94.47192703234553, 43.769456410926544], [-94.47645715457664, 43.76986250652879], [-94.47938320551057, 43.77728894638961], [-94.50630964829826, 43.76605436867841], [-94.52665500277176, 43.77081089723155], [-94.55156812337839, 43.76879846308428], [-94.55895816436885, 43.76084578168726], [-94.58241416727898, 43.76099981337842], [-94.58688207129522, 43.77458808902035], [-94.5983897973086, 43.78452801081696], [-94.61013068285062, 43.78212422562155], [-94.60817209501982, 43.77591035584159], [-94.61351277431834, 43.77278580206437], [-94.60829950936476, 43.77023883743263], [-94.61221416345539, 43.765443016385746], [-94.6215856517057, 43.76616801163594], [-94.62701506479135, 43.7706170828387], [-94.62513764513636, 43.77776668808724], [-94.64588408480779, 43.786495395125485], [-94.6517487020042, 43.79534263296239], [-94.67150473290525, 43.79323292760351], [-94.71033723177129, 43.80307430364785], [-94.71128058858376, 43.81537624404131], [-94.74730672265446, 43.83151835146722], [-94.75203481920116, 43.84353624423003], [-94.78561407449025, 43.83658380328515], [-94.79104306806266, 43.83104357907775], [-94.84444141418912, 43.85446543947238], [-94.86120817252315, 43.87290895168411], [-94.8755856439668, 43.863949480595224], [-94.88430458701157, 43.8426591581707], [-94.91534890167176, 43.843287072776405], [-94.92016905667046, 43.82898578251598], [-94.9305590880276, 43.82954608639204], [-94.93465394326589, 43.83529987618463], [-94.9475440561273, 43.83892202408183], [-94.9701918510645, 43.828052196956214], [-94.96837730359792, 43.82307769212674], [-94.9811558672606, 43.819935056218036], [-94.99609960162506, 43.82083954076963], [-95.03227297855398, 43.83487236003407], [-95.05424249514603, 43.83104627229565], [-95.05131685384386, 43.82556184793419], [-95.0573429809418, 43.82292314306254], [-95.05627781976335, 43.81256463880595], [-95.04342428091041, 43.803673078755416], [-95.05238079780511, 43.793550732562416], [-95.04116353215737, 43.791700187658606], [-95.04735095895113, 43.78506972474651], [-95.04721605086006, 43.77523363545013], [-95.05749748578079, 43.76418819063506], [-95.04879454532447, 43.75888007468326], [-95.03508665294082, 43.7662457800233], [-95.01662718384553, 43.75108314871174], [-95.01801733123929, 43.73984666370014], [-95.00825432395048, 43.730815865596774], [-95.02314330420174, 43.7174436923876], [-95.01170968021613, 43.705514242744115], [-95.0163632731881, 43.69752165476159], [-94.9901003575103, 43.68846149558407], [-94.97844931517479, 43.689039742709184], [-94.97812758086084, 43.679117541988994], [-94.98909276486681, 43.66832453552685], [-94.97890040778798, 43.65520236876232], [-94.98491753286847, 43.64955061364242], [-94.98126130342382, 43.63945097019529], [-94.9693528407588, 43.6461101203277], [-94.97132789830205, 43.65224260854192], [-94.96157404754095, 43.65244114140405], [-94.95128352436447, 43.664867305204204], [-94.95248946771765, 43.67473306609642], [-94.93829285858175, 43.69458047870255], [-94.94110185993246, 43.709374388567625], [-94.91648862032388, 43.718151538600004], [-94.91279956643876, 43.721953471543806], [-94.9154813214295, 43.72776885031108], [-94.89661844139802, 43.733800882920015], [-94.88037006667845, 43.72060978937723], [-94.86795179212339, 43.731104751862674], [-94.85964884092039, 43.72926293060928], [-94.84373850763212, 43.710724863452825], [-94.80128466270055, 43.69131959147277], [-94.7900952798609, 43.671651185494035], [-94.77479469693637, 43.67031754528811], [-94.74673328758442, 43.65104852466416], [-94.72981638752873, 43.66290752023107], [-94.71919290828379, 43.66321076932648], [-94.71930558666482, 43.668307134652025], [-94.71172714560308, 43.668397078646834], [-94.70099963605833, 43.665055304809364], [-94.692677423179, 43.64099876170723], [-94.66931137037491, 43.64181890596205], [-94.66072562952047, 43.6516637045478], [-94.6513745033827, 43.64446177961252], [-94.64430240401907, 43.64496873812149], [-94.64404844130509, 43.63806376425284], [-94.63329839572484, 43.640814594489534], [-94.60225353488894, 43.62798468767592], [-94.58190006503514, 43.625981212778555], [-94.57082946103563, 43.630302921609385], [-94.56285860801, 43.62266973337086], [-94.54009369701427, 43.618571505095524], [-94.53981113283996, 43.61056494463236], [-94.54533977922178, 43.607550745479074], [-94.54241031738471, 43.6042400599744], [-94.55605313041933, 43.59281008638154], [-94.55241122012032, 43.57800589083187], [-94.54485424430229, 43.575738987899015], [-94.53885130721338, 43.56519481917971], [-94.52028934842905, 43.56706318815095], [-94.51619568345848, 43.56452082976614], [-94.51845264311766, 43.560464744860965], [-94.50623919343055, 43.55938752858542], [-94.50625625872598, 43.55481323623229], [-94.52047712327287, 43.54847855350451], [-94.51909334852775, 43.53120121939633], [-94.54062964987908, 43.53341444108489], [-94.54358807968912, 43.527442516076675], [-94.5405810869548, 43.51993107056126], [-94.52621529181324, 43.51757467327464], [-94.53133468910782, 43.511598002066265], [-94.52751577476522, 43.50331499111685], [-94.53044276533694, 43.49830138670091], [-94.5089606997709, 43.490366202020375], [-94.51003447130137, 43.485292465238196], [-94.49574119086448, 43.47151162696084], [-94.49348132335872, 43.462233419612275], [-94.48329476131178, 43.459102608972096], [-94.48523153265761, 43.45312218547096], [-94.47319367576075, 43.430899399467954], [-94.46153440395891, 43.43312106519592], [-94.45682985045919, 43.439609728834554], [-94.44212284732494, 43.43153615509682], [-94.4272533686002, 43.43048477749326], [-94.43378806431983, 43.43675802586641], [-94.42882908637208, 43.440706014145746], [-94.42166176918158, 43.43794492475184], [-94.42154614522472, 43.45086548528102], [-94.4157999556272, 43.45122404784466], [-94.41344862884573, 43.461581327906366], [-94.39581065021318, 43.463110810360725], [-94.39375468320893, 43.458474147516725], [-94.38609056532695, 43.45785733853352], [-94.37990895242974, 43.46420136833858], [-94.3643362203983, 43.46696327192393], [-94.36506676811658, 43.45941124002944], [-94.35948959474312, 43.45545956612996], [-94.36475377710529, 43.452090846658876], [-94.36403410259521, 43.44604199322697], [-94.34456366408929, 43.42944580482003], [-94.34602088329542, 43.42333479885471], [-94.32999089800458, 43.40545081296422], [-94.33988457064135, 43.39979139119135], [-94.3247883813934, 43.39926312074545], [-94.32537303552303, 43.394186306192836], [-94.32041459207285, 43.39176990307697], [-94.27796285099568, 43.38502493808864], [-94.26601493432338, 43.37939258290347], [-94.26575392163106, 43.37532828142765], [-94.24119890812425, 43.367404161025846], [-94.23671859388236, 43.362120158383256], [-94.24439257436784, 43.35236190099467], [-94.23634751600817, 43.35317515411087], [-94.21873130624986, 43.34136006882739], [-94.21147368052556, 43.341948968747666], [-94.21061611461936, 43.34635424624773], [-94.19763661309896, 43.344603998935185], [-94.1681478472359, 43.32981290376292], [-94.17306861354642, 43.32029600526194], [-94.18086759819693, 43.321308039033866], [-94.1855666818549, 43.315057628710576], [-94.18667996937639, 43.309890111974006], [-94.17536303744451, 43.3030748992594], [-94.18679329634107, 43.294791470253585], [-94.18280933183637, 43.28982312536385], [-94.18759177735608, 43.287764362244204], [-94.18774089050673, 43.28129316211414], [-94.18148435631817, 43.26919527748119], [-94.17067506594661, 43.2655540512584], [-94.18275195464255, 43.25888994751224], [-94.18509077777355, 43.25205262940124], [-94.16814450550304, 43.23898601722395], [-94.16551734742033, 43.23111465528161], [-94.14167884365887, 43.23594305439319], [-94.1377951967169, 43.243175607915404], [-94.12291171864676, 43.24306680469631], [-94.11044346632087, 43.25337029092877], [-94.06686913836236, 43.25989737022649], [-94.06326874729749, 43.26568379645068], [-94.06731888709588, 43.27032000406908], [-94.05862175514622, 43.27595834042301], [-94.06145670433392, 43.28521549059326], [-94.05468237313077, 43.287890925947686], [-94.0558466373497, 43.29576493524568], [-94.0512884463592, 43.2995932646541], [-94.07284576110165, 43.30594322982052], [-94.07352938891432, 43.314405400784196], [-94.08178712521415, 43.32121237504696], [-94.07312049466162, 43.32467986862695], [-94.07285194240913, 43.32937223724749], [-94.057691807486, 43.327031403514056], [-94.05469875211335, 43.31831880581755], [-94.0433606585683, 43.31249642436679], [-94.03044970838556, 43.31430503362341], [-94.02847719936278, 43.3025923301069], [-94.01443772802797, 43.302619279941204], [-94.01139609356137, 43.30756768062052], [-93.99844085194354, 43.3036604532977], [-93.97776285940516, 43.309866889936494], [-93.97051391679638, 43.321004483870766], [-93.98215013153981, 43.32700430962931], [-93.97349254881883, 43.335049637674956], [-93.97691301631545, 43.3400290519316], [-93.9446401297401, 43.343429210882746], [-93.94059659255902, 43.35114473199636], [-93.94369427111955, 43.35458131034589], [-93.93178602494852, 43.35392834606015], [-93.93141943236253, 43.36945038946885], [-93.9223380298804, 43.362269680459924], [-93.90437946587912, 43.35801531207269], [-93.8986561985927, 43.363910741724126], [-93.90330752691185, 43.36577354921188], [-93.90102835550896, 43.36939288496531], [-93.87845065970663, 43.375050156233044], [-93.87815374225072, 43.38229112686816], [-93.86848283114317, 43.38512624142575], [-93.86190103675318, 43.39401507179698], [-93.85238933675836, 43.395181858901914], [-93.84125182174492, 43.40874583989038], [-93.83426796119669, 43.40892144421338], [-93.82675620567176, 43.42060151336769], [-93.81290145850204, 43.42661941640552], [-93.81031902035082, 43.435161390431944], [-93.80087737727008, 43.437318827151046], [-93.80237867590888, 43.441604645184064], [-93.79275363547467, 43.44625359423825], [-93.7917172967421, 43.45162959931393], [-93.77529208955717, 43.44982318763122], [-93.774141093455, 43.45690797457703], [-93.75841307415197, 43.4630377796588], [-93.74649229199113, 43.47703384203133], [-93.7348408256508, 43.475179649475976], [-93.72262822487164, 43.48877634490316], [-93.70554631597636, 43.47671457383418], [-93.70050072606215, 43.47595922313907], [-93.6971034144386, 43.48529701918013], [-93.68429996115434, 43.47798891371402], [-93.67899318068139, 43.4805652375611], [-93.65958392283622, 43.475154579366084], [-93.64990988199821, 43.49510547388658], [-93.65277191179847, 43.5070949444514], [-93.64940115796799, 43.51777588254319], [-93.65358324770521, 43.52136313830735], [-93.6373861092962, 43.52951667496115], [-93.65926404354332, 43.545260358901984], [-93.66375055346573, 43.55708831952379], [-93.60761418187914, 43.54892983371704], [-93.60302417795118, 43.55931111465194], [-93.58030408210833, 43.56419217769912], [-93.57733537377483, 43.57032033921905], [-93.58343105473028, 43.572469042941165], [-93.57805432064954, 43.57595348171787], [-93.59416617929368, 43.57997756944522], [-93.59505581954711, 43.58865543612593], [-93.58657469199908, 43.59873139572594], [-93.59082416616239, 43.60573199153882], [-93.58476028736462, 43.610317310860815], [-93.59514281778911, 43.61964626186968], [-93.59222538798697, 43.63111529634621], [-93.58252446955566, 43.6390320040697], [-93.57408840509554, 43.639139639195456], [-93.57727787710506, 43.64219814588971], [-93.57395962620967, 43.64753400056196], [-93.56071930064316, 43.64844413739024], [-93.55658282106786, 43.65901602169385], [-93.54399572791809, 43.66284083021794], [-93.54030426115813, 43.66952308231016], [-93.54509984453884, 43.672307277145116], [-93.53799216021186, 43.67760110152429], [-93.54065326023927, 43.68298210210323], [-93.53499592659973, 43.68468586721289], [-93.5479729766177, 43.69661216708763], [-93.56259136454246, 43.6966745621772], [-93.57466580802419, 43.70402822354775], [-93.58021057197884, 43.70177507620292], [-93.58826791480001, 43.714445845311076], [-93.58503478287103, 43.71899957817089], [-93.59479435320557, 43.72116626057345], [-93.5812849543637, 43.73564348110175], [-93.58824664269409, 43.740300969947874], [-93.58834239142529, 43.74840024745633], [-93.60059139822796, 43.75245788741849], [-93.60362345036542, 43.74512830493072], [-93.61467970737154, 43.741781826412236], [-93.62895019844798, 43.75059570624402], [-93.63147750699022, 43.759893456298016], [-93.64582745585018, 43.76258616302488], [-93.67387836928636, 43.76253872075021], [-93.69648756900568, 43.74506018515035], [-93.71442613381379, 43.74035642182657], [-93.71317234978184, 43.73216918977046], [-93.72861723448037, 43.72324902692221], [-93.7347639118962, 43.70829590444813], [-93.74611925039974, 43.702628074677484], [-93.75366813778696, 43.70442721054538], [-93.75772969337598, 43.69630054074231], [-93.76724074029558, 43.695765348083654], [-93.7766619646699, 43.68359808840215], [-93.81775826027277, 43.689162399154746], [-93.81977830724206, 43.684173677377665], [-93.83315192213547, 43.68462967455426], [-93.82716807963625, 43.67389144273242], [-93.84990220896046, 43.67820340216158], [-93.84859529676599, 43.68349961609503], [-93.86991829944131, 43.68592394895677], [-93.87063677380218, 43.694742519172], [-93.88448456980821, 43.691815909165385], [-93.89215783164146, 43.698274238703085], [-93.90782113720972, 43.69007015051763], [-93.92706535387596, 43.6963955334929], [-93.93502939857005, 43.70852411274803], [-93.95657307329323, 43.696148500198795], [-93.9620563134307, 43.69717450902892], [-93.96836639709164, 43.6893787607276], [-93.97522596224557, 43.69229830969425], [-93.9916843882314, 43.68591507600295], [-94.01375690924718, 43.688815829270666], [-94.02985357827819, 43.70163419384193], [-94.03819364517379, 43.701606387637874], [-94.04073864423891, 43.709206566193956], [-94.05276687119593, 43.712503072973966], [-94.05938068693254, 43.70481864301266], [-94.0743796119914, 43.705274205939695], [-94.08895198102077, 43.716618904618514], [-94.10363340732225, 43.71169511395869], [-94.10795995693694, 43.71700796490374], [-94.10460612467146, 43.72306759781597], [-94.11123577680821, 43.72986429049667], [-94.12433713659352, 43.72599597751215], [-94.12272551854963, 43.73468330455245], [-94.12983409131043, 43.740371976121246], [-94.15018453474002, 43.746115122230364], [-94.15880155313603, 43.76426022335009], [-94.1472142678295, 43.76854608514023], [-94.14246580018711, 43.776407458314246], [-94.14769807079712, 43.7818103978733], [-94.1486073275614, 43.7949512882507], [-94.1677801488238, 43.801665486459044], [-94.16718607226515, 43.80831801607984], [-94.15830375082302, 43.81083828031018], [-94.16280510810044, 43.81479473069417], [-94.15349964782014, 43.81932000553338], [-94.15259279494755, 43.827762277156936], [-94.16439973271412, 43.85451412571676], [-94.15882279559756, 43.855523707743075], [-94.15878439621243, 43.864801226535015], [-94.17210769556846, 43.8799488822577], [-94.16383092306945, 43.88703719110224], [-94.17504280062214, 43.90276412051662], [-94.16883202122425, 43.90855664075496], [-94.16103056979998, 43.903871775257386], [-94.14784947195679, 43.906339511006244], [-94.14445056582362, 43.91389421861674], [-94.13308291680741, 43.91013881831803], [-94.12723154347326, 43.91995419095751], [-94.10341744783636, 43.92104424108252], [-94.11184545351007, 43.94232225811189], [-94.10390874095683, 43.947430399771164], [-94.11123648378233, 43.96201457234462], [-94.1087666853846, 43.98029558760966], [-94.09941706482324, 43.98850438996314], [-94.10537759963408, 43.99464051931527], [-94.09589887589505, 44.0010017018524], [-94.07298478706997, 43.999656497024105], [-94.07214521352059, 44.006544079806204], [-94.08150354055368, 44.00935258898541], [-94.0806847207823, 44.015153756526864], [-94.06358380712888, 44.013560964520856], [-94.05075789596252, 44.02652425890323], [-94.06449101393767, 44.045811681473374], [-94.05883205255085, 44.05351096738093], [-94.06728778203085, 44.05810129052594], [-94.06105884139289, 44.06537721108975], [-94.05519824325908, 44.064645384840695], [-94.05326028164549, 44.07645486538755], [-94.07419422846284, 44.083811312569274], [-94.07665061321678, 44.09158371906655], [-94.08528165072113, 44.09451074381039], [-94.07919590333606, 44.10756051984038], [-94.08480370656576, 44.113704968423534], [-94.06714840482127, 44.11738084903534], [-94.05942058201262, 44.124861170778026], [-94.04666737868872, 44.12694398046799], [-94.04347957485066, 44.118695279106], [-94.03390108152122, 44.12418563586369], [-94.03383854081115, 44.14103096765708], [-94.02396053569124, 44.152241187506334], [-94.02709768083548, 44.16095535647818]]]}, "properties": {"huc8": "07020009", "name": "Blue Earth", "states": "IA,MN", "areasqkm": 4054.26, "episode_count": 0, "event_count": 0, "huc8_name": "Blue Earth", "area_sqkm": 4054.26}}, {"type": "Feature", "geometry": {"type": "Polygon", "coordinates": [[[-93.40696473728656, 43.10472841722635], [-93.4178123524831, 43.11295993247897], [-93.451535834986, 43.104706535589216], [-93.4563553665539, 43.09943199666232], [-93.45339428401884, 43.09452740375607], [-93.46373567250163, 43.09421956199464], [-93.46498271198243, 43.07904176190276], [-93.4455562424164, 43.07056325667581], [-93.44479399225342, 43.06222484566857], [-93.43800256072052, 43.05716901445345], [-93.45770951486095, 43.02542383667438], [-93.45448440309085, 43.02140535445849], [-93.45798751200036, 43.01615625563442], [-93.46799419808976, 43.014746373664536], [-93.46771617130597, 43.00891492505992], [-93.47702856837688, 43.004044592305505], [-93.49429289546195, 43.00977533243799], [-93.50320246729822, 43.00471519470383], [-93.5361247639588, 43.00074879911114], [-93.53719155378289, 42.99576894037441], [-93.52194144629586, 42.98528935003537], [-93.50888356407197, 42.985047942645416], [-93.50759006102975, 42.969828839979506], [-93.49593792544454, 42.96968692620372], [-93.49979657406877, 42.9469590809751], [-93.52280020785969, 42.94031604178541], [-93.5181128014021, 42.93474057707081], [-93.52309177405145, 42.92993601107781], [-93.52100105751707, 42.91731524300969], [-93.50532402479296, 42.920892390926625], [-93.50109229774638, 42.90876231050011], [-93.4811320177975, 42.90037767083881], [-93.47299617659354, 42.89101137032612], [-93.47296989637991, 42.878110151583144], [-93.44837283722622, 42.86668223254027], [-93.44907117225672, 42.84331717277759], [-93.44527653218975, 42.83837843559226], [-93.44983243876447, 42.82774585171153], [-93.44756760088026, 42.81947129527577], [-93.44309917673948, 42.81910871531304], [-93.44611097995212, 42.81259947111254], [-93.43337049587431, 42.81084709438031], [-93.43345652663076, 42.802312017340626], [-93.45262825554178, 42.795654498348604], [-93.45381512047493, 42.7827404181863], [-93.46546740428217, 42.77205732380788], [-93.43912382528174, 42.76774385298557], [-93.44869197181575, 42.75455415039512], [-93.44089428433249, 42.750624526675765], [-93.44292533117245, 42.74572738684499], [-93.42602163814806, 42.75005892934457], [-93.41911053484962, 42.74350102504685], [-93.42210234695393, 42.73849350290053], [-93.42921204889704, 42.74160593521305], [-93.44445064986361, 42.726823400920644], [-93.42823407640343, 42.72847992511782], [-93.4207974056632, 42.72190035154889], [-93.42353566738025, 42.71826614557965], [-93.41284069661172, 42.71498131166726], [-93.37447147241242, 42.72528940541589], [-93.38022508748409, 42.717110001268615], [-93.37531426013389, 42.708119526278885], [-93.38211828065718, 42.70335779909129], [-93.38029901613704, 42.69324943088864], [-93.38935881144164, 42.69161064862718], [-93.39503154130684, 42.69990455641769], [-93.4026816122327, 42.695975014085], [-93.40148948137535, 42.69143296066071], [-93.4108492645775, 42.68103847899117], [-93.42460856754488, 42.67562715784564], [-93.41683288159957, 42.66163093342677], [-93.43205501824362, 42.65838015768457], [-93.41237165476086, 42.650463690384235], [-93.38595704237765, 42.62574416499586], [-93.33417357877283, 42.60278938019843], [-93.31664177651527, 42.60498843892118], [-93.31438457341265, 42.61024386906446], [-93.29620376980336, 42.612200904925835], [-93.28598075142723, 42.60811094275497], [-93.28079195029382, 42.609365437181005], [-93.28483072460725, 42.61677605130444], [-93.26771297562706, 42.61979279859609], [-93.27246257604506, 42.630273473852014], [-93.2445895452048, 42.64004978802278], [-93.2247862081226, 42.64366554606751], [-93.20341360856212, 42.636714497235786], [-93.19249539117415, 42.642218460568756], [-93.17664499258333, 42.63006812317642], [-93.15403331800539, 42.634711388739156], [-93.14403379867534, 42.64358108530174], [-93.06560510718757, 42.67086617674307], [-93.05489984891241, 42.679841006944876], [-93.01943210133413, 42.68276363839331], [-93.00614876533014, 42.67997732378024], [-92.9923154330985, 42.66897613384983], [-92.94417359772169, 42.65834766537978], [-92.92092218611754, 42.664574382151244], [-92.90047510552293, 42.65876837612556], [-92.88583261759575, 42.66493769720962], [-92.87097929327474, 42.66480316127893], [-92.83702751921376, 42.6447137271461], [-92.82453178921996, 42.646518071235015], [-92.81234434935355, 42.63484961402391], [-92.78398461308902, 42.63870259974652], [-92.7729598644915, 42.63590807668378], [-92.76804321336328, 42.62778211934599], [-92.75381251765394, 42.61969375597847], [-92.73160992058502, 42.618202511902844], [-92.72817682726706, 42.61153778639143], [-92.70280960379276, 42.60517734119136], [-92.69690259689473, 42.596242180644786], [-92.68655879553708, 42.59259016234881], [-92.65174491368779, 42.590469742193214], [-92.63289090631638, 42.59802789618011], [-92.6218586729559, 42.5935958100386], [-92.61479148198697, 42.583646812128684], [-92.59032903537862, 42.58615325482878], [-92.57670835054441, 42.581345485014005], [-92.57697748310856, 42.58644785894775], [-92.56555595853153, 42.593991978261414], [-92.53253050114037, 42.604117279557315], [-92.52476332583406, 42.60245551529885], [-92.51404710990906, 42.61053815898454], [-92.51403596630796, 42.61570630654627], [-92.49559215035653, 42.6128889766307], [-92.4952386623939, 42.61789937689425], [-92.48362590445917, 42.62184993080948], [-92.4886139213468, 42.63029366513486], [-92.48547562905397, 42.6328672770194], [-92.50437551698022, 42.63493781266351], [-92.50445769396408, 42.64279230572378], [-92.51902456799887, 42.65130648623635], [-92.54743245036937, 42.64919198884953], [-92.5582724424624, 42.641739380078405], [-92.6059807634595, 42.639554480741225], [-92.61108619464635, 42.64727713149226], [-92.60364678584114, 42.6503331224297], [-92.60052053636298, 42.67127368081933], [-92.59334696959306, 42.67506558167178], [-92.6011481182851, 42.69582989914445], [-92.61278077659831, 42.70455483629514], [-92.63227133287504, 42.70783574392889], [-92.63787226039955, 42.71973381832254], [-92.66317993724861, 42.73365758027803], [-92.67989879292014, 42.75335510416152], [-92.70906391914255, 42.76699543698273], [-92.73767073343272, 42.764545821822026], [-92.74217625979138, 42.75887331349556], [-92.75613299269527, 42.76190608931778], [-92.80032683570462, 42.75695225241528], [-92.82527233698397, 42.7753707793421], [-92.83513685839145, 42.793023630303644], [-92.84699534238733, 42.795902539772314], [-92.85111887364614, 42.80062569034042], [-92.84944078925436, 42.80812894798153], [-92.87000927446466, 42.81885475625894], [-92.88564858243844, 42.820586970375274], [-92.88912275661265, 42.84154494793324], [-92.87784058588899, 42.850729215917546], [-92.88621510587069, 42.86111672010986], [-92.90531225215523, 42.85826061843795], [-92.93951345603129, 42.87719732574528], [-92.98975111845813, 42.87485401758233], [-93.0138967598085, 42.89567561316356], [-93.04890252000584, 42.90462951655885], [-93.07003825628377, 42.91947905605904], [-93.08036554570819, 42.91848585698963], [-93.09966468716752, 42.926919503165486], [-93.10934459041106, 42.93891912397564], [-93.11736819340847, 42.937581671075534], [-93.1258571614523, 42.94996706492168], [-93.14579829560752, 42.96383884619758], [-93.16646362908693, 42.96873368552581], [-93.16933452615737, 42.996807970320745], [-93.14505415727731, 43.0216451761353], [-93.14516988633706, 43.03181528901809], [-93.15329724205485, 43.04413457160027], [-93.17557812191087, 43.055510353130394], [-93.17276159088145, 43.06141588138354], [-93.18896854428327, 43.071634779009216], [-93.19482186516497, 43.09008882985424], [-93.21213965997576, 43.085055273146445], [-93.21556239661678, 43.07710153646066], [-93.2304881853368, 43.08016756186751], [-93.23268036029431, 43.0855148329852], [-93.25426059016135, 43.082839752313824], [-93.27395676900994, 43.07324682127147], [-93.27940521290488, 43.06525245007028], [-93.29904898044654, 43.069534674551555], [-93.31688175246028, 43.060545136475255], [-93.32017755984661, 43.07350348579622], [-93.34266429403989, 43.07765288654002], [-93.34009924367929, 43.083665645751914], [-93.34670593128415, 43.09681999913166], [-93.36070211370372, 43.088933080545445], [-93.36424982037384, 43.09572177811769], [-93.38251731230638, 43.09412661970187], [-93.39257231518165, 43.11020364197078], [-93.40696473728656, 43.10472841722635]]]}, "properties": {"huc8": "07080204", "name": "West Fork Cedar", "states": "IA", "areasqkm": 2230.3, "episode_count": 2, "event_count": 3, "huc8_name": "West Fork Cedar", "area_sqkm": 2230.3}}, {"type": "Feature", "geometry": {"type": "Polygon", "coordinates": [[[-93.7564828245751, 43.264751992256635], [-93.76710155352882, 43.264982930363885], [-93.77418690753447, 43.25752585267915], [-93.79134096821507, 43.25437324281097], [-93.78922252967102, 43.24253025486001], [-93.81108127949697, 43.240897831863904], [-93.81969618775037, 43.23155186679305], [-93.81683701728764, 43.21508308846747], [-93.8247971803614, 43.209686795109974], [-93.84023328312969, 43.21084122447049], [-93.84123115420518, 43.21524938133448], [-93.85157639017233, 43.21832442006874], [-93.86489248863305, 43.215416015490014], [-93.8622802389908, 43.20896011157356], [-93.86714985972063, 43.20501620819134], [-93.85834383219557, 43.200005307125345], [-93.85612490271396, 43.19008948636732], [-93.86201200114864, 43.18361251100342], [-93.86163007072749, 43.17525733965889], [-93.86860341290208, 43.17115195818881], [-93.86425883140467, 43.160141900771606], [-93.87132170237541, 43.15753973949276], [-93.87127970074597, 43.15252247509162], [-93.84281525954687, 43.135667292377306], [-93.83837955384536, 43.12388491090182], [-93.82380498663849, 43.12059516968683], [-93.80316183795335, 43.10361673778868], [-93.8000309567616, 43.09465409330305], [-93.78969011535281, 43.089150763550954], [-93.7908509381259, 43.08386777849311], [-93.78319062371085, 43.080460501480964], [-93.77572865192063, 43.05725091091239], [-93.75443329130493, 43.03279802858783], [-93.75092226913608, 42.99254752339327], [-93.73911285022271, 42.98699514139532], [-93.73904712678159, 42.97419387564077], [-93.74555293447833, 42.96883372369853], [-93.73677535929328, 42.96523743090292], [-93.73957443605671, 42.957271612880874], [-93.73443572947514, 42.94495607134783], [-93.74100507231695, 42.932945443023954], [-93.73166417709197, 42.927816185805476], [-93.72075872745913, 42.91098782128436], [-93.72870027025364, 42.89916498050949], [-93.7084526839241, 42.89867020369057], [-93.70355388411721, 42.89621294538292], [-93.70316720430316, 42.88936237349824], [-93.69050105491681, 42.89174859638953], [-93.68129803581657, 42.885351065160755], [-93.6904759694625, 42.87947712294124], [-93.6924572667037, 42.86544092568377], [-93.6980143824935, 42.86008187948964], [-93.69028944776848, 42.84845077720857], [-93.7028472980608, 42.84081726054892], [-93.69702932858048, 42.831331729459734], [-93.70143227631685, 42.82745936753799], [-93.69650685583484, 42.822857402110714], [-93.69538278942824, 42.81440101450584], [-93.6993609157819, 42.81310989953437], [-93.69474077517279, 42.80388304527392], [-93.68074806384342, 42.797290837799466], [-93.68342530929142, 42.79184239553096], [-93.67937871514347, 42.780361714300106], [-93.69321583557064, 42.77858469380741], [-93.69515595493752, 42.772461357996434], [-93.6896043278541, 42.76792732028751], [-93.68722978950403, 42.747955596258485], [-93.67360263051158, 42.736263654249704], [-93.65147003016959, 42.728435848936044], [-93.65433979266783, 42.721964745022554], [-93.64946474431704, 42.71465851667835], [-93.65973613966617, 42.709731940252254], [-93.65836628611301, 42.70392838992398], [-93.6730101565474, 42.69760295144366], [-93.67446730119336, 42.69255493986825], [-93.66308121245932, 42.67436518165582], [-93.66832482070654, 42.65810051943789], [-93.64716690951582, 42.66421268203378], [-93.64018558401332, 42.6493050242538], [-93.64587946291523, 42.64088820963495], [-93.64193928319582, 42.639044673491306], [-93.64187990904712, 42.628338848918], [-93.63604522191936, 42.62499315058314], [-93.6368910468448, 42.608261550461705], [-93.65078513932562, 42.604344856814066], [-93.65597051428455, 42.58947547300768], [-93.66911782559158, 42.58135762716233], [-93.64946984405292, 42.56993333176613], [-93.66591025971562, 42.541706747279655], [-93.66048843829243, 42.537234673976094], [-93.66328314744698, 42.53257279857298], [-93.65964598923583, 42.5269887924275], [-93.67080326718553, 42.52070828275539], [-93.66439434818207, 42.51704012486483], [-93.66263241594, 42.50552733882867], [-93.66681265874101, 42.50256755370594], [-93.66129155730926, 42.49843918387674], [-93.66504567257715, 42.49505771632211], [-93.65703308292511, 42.48813424201784], [-93.66074068881747, 42.47516715013862], [-93.65437264944765, 42.47288759586223], [-93.63335738713079, 42.4866671122079], [-93.63289035301457, 42.49134391600668], [-93.61889253566116, 42.49407957141686], [-93.61622656137503, 42.49703193015686], [-93.62165044083852, 42.50043386474025], [-93.61532445160717, 42.51142648338786], [-93.58166936682997, 42.50806379223938], [-93.57050560484055, 42.50117166582301], [-93.56416854746655, 42.50549208200909], [-93.55304358461257, 42.503306217718276], [-93.54621102012113, 42.48802258417008], [-93.55045009718334, 42.47689365246532], [-93.54750777416636, 42.47169653494059], [-93.55451875754795, 42.45756252007569], [-93.5526507854748, 42.4372520228549], [-93.56484133620702, 42.41810612659521], [-93.5638934150546, 42.40275578480482], [-93.56823054143346, 42.39597901642665], [-93.56399271123284, 42.38476244335406], [-93.55897715918512, 42.38023007595773], [-93.54350553703048, 42.387513600024306], [-93.52917565114409, 42.38140931275409], [-93.52957887253577, 42.37565489956574], [-93.50641387437037, 42.36160539026498], [-93.49891044173653, 42.368379393166364], [-93.48383408190017, 42.36722159980986], [-93.49065806568402, 42.355933593299], [-93.48152253521444, 42.34855207961498], [-93.50001439127065, 42.333165123792504], [-93.49917940541742, 42.3292825543637], [-93.48887722929511, 42.32387968267277], [-93.49057833571099, 42.31220584733542], [-93.46900176108883, 42.31323974330775], [-93.45957754801955, 42.30379571675692], [-93.46541251542169, 42.300622701830044], [-93.45693827525692, 42.28729592116055], [-93.46456914199867, 42.26841417217456], [-93.44925971785509, 42.27164918635812], [-93.4371187442451, 42.25844136284115], [-93.42904396063265, 42.262762114397205], [-93.42194518669498, 42.2597476109093], [-93.42444888840987, 42.25349303595088], [-93.42008577017658, 42.244935134140356], [-93.4237264120544, 42.24063286388507], [-93.40833185906295, 42.229746249077024], [-93.40087042536359, 42.21804145364685], [-93.4015611786131, 42.208666993873805], [-93.3966846291775, 42.20627949816857], [-93.40153191060283, 42.170628310969995], [-93.36252999755902, 42.15638902038994], [-93.36172892131115, 42.1464927128299], [-93.34591020989366, 42.14790459920392], [-93.33597533692472, 42.139750714539986], [-93.3066097660197, 42.137979342755585], [-93.31039574093745, 42.13436612666708], [-93.30028804288762, 42.13169666242838], [-93.30414548866769, 42.128828182480916], [-93.2997545235589, 42.12023962195223], [-93.3100622818124, 42.10085127344541], [-93.27477112595098, 42.08515092200713], [-93.269507266084, 42.05910544875385], [-93.25530521495409, 42.05568496163184], [-93.25025490708803, 42.04752999477914], [-93.24183611812914, 42.05072219411056], [-93.22239139210161, 42.04469202315532], [-93.2042013951337, 42.05199635385944], [-93.20296071213185, 42.05999826570292], [-93.19110795579424, 42.071142540717155], [-93.18104173924928, 42.074147001556085], [-93.15310611469837, 42.068825947208694], [-93.15691402647535, 42.07224515767069], [-93.15269074988066, 42.07566805663323], [-93.1540862799796, 42.081349612264724], [-93.14709976850295, 42.08541223838043], [-93.06885230763221, 42.056312663105835], [-93.05621003636442, 42.058598332607666], [-93.0544021867366, 42.06475447448039], [-93.04594331584804, 42.069047558348615], [-93.03935138935996, 42.06847093951839], [-93.04937550186756, 42.07793957149723], [-93.04497944061617, 42.082360434172614], [-93.04560677550157, 42.093988910095874], [-93.03692353330283, 42.10085649695686], [-93.04320412886625, 42.104564602284526], [-93.03902950862062, 42.10686089975964], [-93.03769237081178, 42.118539106131834], [-93.03218726747693, 42.12105232036416], [-93.04659377247054, 42.13192228027594], [-93.02187029700018, 42.142348894188196], [-93.0227641629287, 42.14848332719472], [-93.01400416148554, 42.15442543805951], [-93.01515856669424, 42.160666246170464], [-92.99082891084781, 42.16639311333813], [-92.99641431638253, 42.181231929012], [-92.9679893992593, 42.1813801370966], [-92.96508918297462, 42.18826213228], [-92.97565056707386, 42.204694306083184], [-92.96762903469316, 42.209496317398646], [-92.96981970048101, 42.22903750756224], [-92.9428632333016, 42.22797982887003], [-92.93066229714636, 42.23453441561315], [-92.93753532804642, 42.243787816585666], [-92.93324012424523, 42.2479225505594], [-92.9438716685648, 42.27092282559391], [-92.94345494639269, 42.28486260453975], [-92.92882526844147, 42.298451271320836], [-92.93566145673678, 42.308620734029326], [-92.92701945170116, 42.311210523788034], [-92.9263164355497, 42.319402443849064], [-92.93966751171263, 42.33652425150739], [-92.96578894273318, 42.34468802628885], [-92.97859346770758, 42.37894324878125], [-92.93828837586763, 42.4054203459722], [-92.9491266476869, 42.41487006967722], [-92.97902265759751, 42.41734567928509], [-92.98463597109316, 42.42393037109983], [-93.00591140617756, 42.42590424142798], [-93.0141042805206, 42.43002107606375], [-93.01546671578615, 42.43752683862685], [-93.034197968374, 42.43604304177054], [-93.04265608108444, 42.44234518978753], [-93.07065896070405, 42.445891302233896], [-93.07222835074307, 42.45960187711126], [-93.08516552095233, 42.46696232816244], [-93.08397149644637, 42.483819281084855], [-93.09201037799012, 42.492841599844354], [-93.12639225193445, 42.49997157163], [-93.14583075084043, 42.4966459138583], [-93.15292992902, 42.51482224815985], [-93.16448045346849, 42.522416056105534], [-93.16425089977741, 42.53026621031751], [-93.14592937507885, 42.53351014879407], [-93.14537150601605, 42.54151450416201], [-93.15030423339458, 42.54409839170529], [-93.1434790844958, 42.552470733562565], [-93.14462192299689, 42.557508893221865], [-93.16207121319898, 42.55238161080055], [-93.17219923203884, 42.558781419493215], [-93.18592022814758, 42.544882502621796], [-93.1917041380039, 42.55692309715879], [-93.22443249468284, 42.56051134984601], [-93.23257080805047, 42.55695668591807], [-93.23266060903617, 42.56551307900636], [-93.24337759032576, 42.575936742686906], [-93.24148348087108, 42.58048854115197], [-93.24751129051359, 42.58815463459665], [-93.28026823248317, 42.59684792267456], [-93.28198257557476, 42.60477526091152], [-93.28988325670197, 42.61060870870497], [-93.3158349582361, 42.61000398506118], [-93.31664177651527, 42.60498843892118], [-93.33417357877283, 42.60278938019843], [-93.38595704237765, 42.62574416499586], [-93.41237165476086, 42.650463690384235], [-93.43169920005116, 42.657344135383475], [-93.41683288159957, 42.66163093342677], [-93.42460856754488, 42.67562715784564], [-93.4108492645775, 42.68103847899117], [-93.40148948137535, 42.69143296066071], [-93.4026816122327, 42.695975014085], [-93.39503154130684, 42.69990455641769], [-93.38935881144164, 42.69161064862718], [-93.38029901613704, 42.69324943088864], [-93.38211828065718, 42.70335779909129], [-93.37531426013389, 42.708119526278885], [-93.38022508748409, 42.717110001268615], [-93.37447147241242, 42.72528940541589], [-93.41284069661172, 42.71498131166726], [-93.42353566738025, 42.71826614557965], [-93.4207974056632, 42.72190035154889], [-93.42823407640343, 42.72847992511782], [-93.44445064986361, 42.726823400920644], [-93.42921204889704, 42.74160593521305], [-93.42210234695393, 42.73849350290053], [-93.41911053484962, 42.74350102504685], [-93.42602163814806, 42.75005892934457], [-93.44292533117245, 42.74572738684499], [-93.44089428433249, 42.750624526675765], [-93.44869197181575, 42.75455415039512], [-93.43912382528174, 42.76774385298557], [-93.46546740428217, 42.77205732380788], [-93.45381512047493, 42.7827404181863], [-93.45262825554178, 42.795654498348604], [-93.43345652663076, 42.802312017340626], [-93.43337049587431, 42.81084709438031], [-93.44611097995212, 42.81259947111254], [-93.44309917673948, 42.81910871531304], [-93.44756760088026, 42.81947129527577], [-93.44983243876447, 42.82774585171153], [-93.44527653218975, 42.83837843559226], [-93.44907117225672, 42.84331717277759], [-93.44837283722622, 42.86668223254027], [-93.47296989637991, 42.878110151583144], [-93.47299617659354, 42.89101137032612], [-93.4811320177975, 42.90037767083881], [-93.50109229774638, 42.90876231050011], [-93.50532402479296, 42.920892390926625], [-93.52100105751707, 42.91731524300969], [-93.52309177405145, 42.92993601107781], [-93.5181128014021, 42.93474057707081], [-93.52280020785969, 42.94031604178541], [-93.49979657406877, 42.9469590809751], [-93.49593792544454, 42.96968692620372], [-93.50759006102975, 42.969828839979506], [-93.50888356407197, 42.985047942645416], [-93.52194144629586, 42.98528935003537], [-93.53719155378289, 42.99576894037441], [-93.5361247639588, 43.00074879911114], [-93.50320246729822, 43.00471519470383], [-93.49429289546195, 43.00977533243799], [-93.47819631716078, 43.00392535441501], [-93.47062248535475, 43.0068730417424], [-93.46799419808976, 43.014746373664536], [-93.45575038175275, 43.01871275935536], [-93.45770951486095, 43.02542383667438], [-93.44870431376943, 43.03566648970828], [-93.44599609441043, 43.049200593693655], [-93.4380223434197, 43.05583946342895], [-93.44617370751178, 43.0710111577665], [-93.45783007236535, 43.073087982010165], [-93.47913064141306, 43.09007763680418], [-93.50200342300644, 43.095636787716955], [-93.5106550858297, 43.104489188587586], [-93.52999471256226, 43.11075412291087], [-93.53297442256306, 43.11644065494837], [-93.53158626224271, 43.120671957454825], [-93.50542043468418, 43.126112640425454], [-93.48836795280097, 43.146430658850214], [-93.49327175891892, 43.157777140823434], [-93.4910272085871, 43.1692149808137], [-93.50556203073252, 43.179818983870085], [-93.51115757555186, 43.1758017840377], [-93.52922579510323, 43.180303563397004], [-93.53300806986034, 43.19471679020856], [-93.54670276150091, 43.19483321762858], [-93.56125989689967, 43.206622315757976], [-93.58806002398201, 43.1961557425808], [-93.5967014558925, 43.18350215780092], [-93.62080523754724, 43.18547343303823], [-93.63759289069482, 43.195027872980795], [-93.63797568349862, 43.206620151079775], [-93.65853344551938, 43.208487985084346], [-93.65835269639938, 43.21277459108025], [-93.66343201895081, 43.21075465636651], [-93.67780205773379, 43.22502768679552], [-93.68865043829494, 43.22615532381551], [-93.6830943654492, 43.234507066823866], [-93.69509939161735, 43.2439911216715], [-93.6904572611484, 43.24781101752098], [-93.69482165139613, 43.25139335938553], [-93.70692350337549, 43.255339752850475], [-93.7046352266489, 43.247062582739844], [-93.7200947682596, 43.247073425779334], [-93.72531768471256, 43.2546570711699], [-93.74006357232219, 43.2555100151328], [-93.7564828245751, 43.264751992256635]]]}, "properties": {"huc8": "07080207", "name": "Upper Iowa", "states": "IA", "areasqkm": 3770.97, "episode_count": 1, "event_count": 2, "huc8_name": "Upper Iowa", "area_sqkm": 3770.97}}]}